{
    "kuid": "3231c0t5-a4af-48rf-bcue-953f25nb",
    "id": "kony.AssignDatatotheSegmentV9.last",
    "content": {
        "title": "Congratulations",
        "body": "<p><strong>Well Done! You have successfully:</strong></p>\n<ul>\n<li>Created a form with a segment</li>\n<li>Added widgets to the segment</li>\n<li>Assigned data to the segment</li>\n</ul>\n<br/>\n<p>To learn more on what you can do with Quantum Visualizer, visit <a href='#'onClick='javascript:openURL(\"https://basecamp.kony.com/s/\")'>Base Camp</a>.</p>"
    },
    "pointer": {
        "direction": "left",
        "element": "",
        "type": "none"
    },
    "navigationType": "manual",
    "navigationBar": {
        "left": {
            "text": "Previous",
            "enable": true,
            "hide": false
        },
        "right": {
            "text": "Done",
            "enable": true,
            "hide": false
        }
    },
    "navigationCondition": "",
    "position": "CENTER",
    "meta": {
        "Creator": "Rashmi Menon",
        "CreatedOn": "Mon, 25 Nov 2019 11:25:37 GMT"
    },
    "context": []
}