{
    "kuid": "cf8b16t8-00af-44rb-b5uf-267286na",
    "id": "VoltMX.ConnectAppServWebV9.invokeService",
    "content": {
        "title": "Invoke Service",
        "body": "<ol>\n<li>From the top-right corner of the <strong>Action Editor</strong>, select the <strong>Design View</strong>.</li>\n<li>From the left menu of the <strong>Action Editor</strong>, under the <strong>Network</strong> section, select <strong>Invoke Service</strong>.</li>\n<li>From the right pane of the <strong>Action Editor</strong>, for <strong>Select Service</strong>, from the drop-down list, select <strong>AccountStorage$Accounts</strong>.</li>\n<li>For <strong>Select Method</strong>, from the drop-down list, select <strong>get</strong>.</li>\n</ol>"
    },
    "pointer": {
        "direction": "left",
        "element": {
            "module": "actioneditor",
            "itemType": "ae-action-type",
            "info": {
                "actionType": "Invoke Service"
            }
        },
        "type": "default"
    },
    "navigationType": "manual",
    "navigationBar": {
        "left": {
            "text": "Previous",
            "enable": true,
            "hide": false
        },
        "right": {
            "text": "Next",
            "enable": true,
            "hide": false
        }
    },
    "navigationCondition": "",
    "position": "BOTTOM_RIGHT",
    "meta": {
        "Creator": "Prem Garudadri",
        "CreatedOn": "Thu, 19 Dec 2019 05:52:52 GMT"
    },
    "context": []
}