{
  "kuid": "8c10cbtf-aaaf-4br1-b4ub-250efdn5",
  "id": "VoltMX.CreateUIRWV9.addNavigation2",
  "content": {
    "title": "Add Navigation from Account Screen",
    "body": "<ol>\n<li>From the <strong>Project</strong> explorer, expand to <strong>Responsive Web / Desktop</strong> &gt; <strong>Forms</strong> &gt; <strong>frmAccount</strong> &gt;  <strong>flxAccountList</strong> &gt; <strong> flxMenu</strong> and select <strong>flxRecipientTab</strong>.</li>\n<li>From the <strong>Properties</strong> panel, navigate to the <strong>Action</strong> tab.</li>\n<li>For the <strong>onClick </strong>event, click <strong>Edit</strong>.<br /> The <strong>Action Editor </strong>window appears.</li>\n</ol>"
  },
  "pointer": {
    "direction": "left",
    "element": {
      "module": "projectexplorer",
      "path": "project-body\\project\\Responsive Web / Desktop\\Forms\\frmAccount\\flxAccountList\\flxMenu"
    },
    "type": "default"
  },
  "navigationType": "manual",
  "navigationBar": {
    "left": {
      "text": "Previous",
      "enable": true,
      "hide": false
    },
    "right": {
      "text": "Next",
      "enable": true,
      "hide": false
    }
  },
  "navigationCondition": "",
  "position": "BOTTOM_LEFT",
  "meta": {
    "Creator": "Prem Garudadri",
    "CreatedOn": "Wed, 18 Dec 2019 16:26:22 GMT"
  },
  "context": [],
  "localization": {
    "en-us": {
      "content": {
        "title": "Add Navigation from Account Screen",
        "body": "<ol>\n<li>From the <strong>Project</strong> explorer, expand to <strong>Responsive Web / Desktop</strong> &gt; <strong>Forms</strong> &gt; <strong>frmAccount</strong> &gt;  <strong>flxAccountList</strong> &gt; <strong> flxMenu</strong> and select <strong>flxRecipientTab</strong>.</li>\n<li>From the <strong>Properties</strong> panel, navigate to the <strong>Action</strong> tab.</li>\n<li>For the <strong>onClick </strong>event, click <strong>Edit</strong>.<br /> The <strong>Action Editor </strong>window appears.</li>\n</ol>"
      },
      "navigationBar": {
        "left": {
          "text": "Previous"
        },
        "right": {
          "text": "Next"
        }
      }
    },
    "zh-cn": {
      "content": {
        "title": "从帐户屏幕上添加导航",
        "body": "***<ol> \n <li>从<strong> project </strong>探索器，扩展到<strong>响应web / desktop </strong>＆gt; <strong>表格</strong>＆gt; <strong> frmaccount </strong>＆gt; <strong> flxAccountlist </strong>＆gt; <strong> flxmenu </strong>并选择<strong> flxrecipienttab </strong>。</li> \n <li>从<strong>属性</strong>面板，导航到<strong> action </strong> tab。</li> \n <li>对于<strong> onClick </strong>事件，单击<strong> edit </strong>。 \n </ol>"
      },
      "navigationBar": {
        "left": {
          "text": "以前的"
        },
        "right": {
          "text": "下一个"
        }
      }
    },
    "zh-tw": {
      "content": {
        "title": "從帳戶屏幕上添加導航",
        "body": "***<ol> \n <li>從<strong> project </strong>探索器，擴展到<strong>響應web / desktop </strong>＆gt; <strong>表格</strong>＆gt; <strong> frmaccount </strong>＆gt; <strong> flxAccountlist </strong>＆gt; <strong> flxmenu </strong>並選擇<strong> flxrecipienttab </strong>。</li> \n <li>從<strong>屬性</strong>面板，導航到<strong> action </strong> tab。</li> \n <li>對於<strong> onClick </strong>事件，單擊<strong> edit </strong>。 \n </ol>"
      },
      "navigationBar": {
        "left": {
          "text": "以前的"
        },
        "right": {
          "text": "下一個"
        }
      }
    }
  }
}