{
  "Card.CreateUIRWV9.Intro": {
    "content": {
      "title": "響應式Web應用程序簡介",
      "body": "<p> <strong>讓我開始！</strong> </p> \n <p>在這次遠足中，我們將：</p> \n <ul> \n <li>使用用戶交互的UI元素創建桌面Web表單</li> \n <li>添加導航以訪問應用程序的不同形式</li> \n </ul> <br/> \n <p>在開始之前，完成遠足：</p> \n <ol> <b> \n <li> <a class=\"tour-link\" tour=\"705a94tb-faa0-47r7-a1ud-31b3dbnf\">啟動響應式Web應用</a> </li> </b> \n </ol> <br/> \n <p> <strong>您準備就緒時，單擊“開始”！</strong> </p>"
    },
    "navigationBar": {
      "left": {
        "text": "以前的"
      },
      "right": {
        "text": "開始"
      }
    }
  },
  "Card.VoltMX.CreateUIRWV9.createProject": {
    "content": {
      "title": "創建一個新項目",
      "body": "***<ol> \n <li>從主菜單中，導航至<strong> project </strong>＆nbsp;＆gt; <strong>新項目</strong>。</li> \n <li>來自<strong>您現在想從什麼開始？ </strong>窗口，選擇<strong> Web App </strong>。</li> \n <li>單擊<strong> Next </strong>。<br /> <strong>您想先構建哪個設備大小？ </strong>窗口出現。</li> \n <li>選擇<strong>桌面</strong>，然後單擊<strong>下一個</strong>。<br /> <strong>您從Web應用程序開始。 選擇的設備大小是桌面</strong>。 出現窗口。</li> \n <li>在＆nbsp; <strong> project＆nbsp; name </strong>，enter＆nbsp; <strong> colectientsWebapp2 </strong>，然後單擊＆nbsp; <strong> create </strong>。 form1 </strong>＆nbsp; form。<br />應用程序在<strong>情節板</strong>視圖中打開。</li> \n </ol>"
    },
    "navigationBar": {
      "left": {
        "text": "以前的"
      },
      "right": {
        "text": "下一個"
      }
    }
  },
  "Card.VoltMX.CreateUIRWV9.rename": {
    "content": {
      "title": "重命名表格",
      "body": "<ol> \n <li>在<strong>故事板</strong>視圖中，在新表單上方，單擊<strong> form1 </strong>。</li> \n <li>將表單從<strong> form1 </strong>重命名為<strong> frmlogin </strong>。</li> \n <li>按Enter鍵或單擊空白區域以保存新名稱。</li> \n </ol>"
    },
    "navigationBar": {
      "left": {
        "text": "以前的"
      },
      "right": {
        "text": "下一個"
      }
    }
  },
  "Card.VoltMX.CreateUIRWV9.uiLogin": {
    "content": {
      "title": "登錄屏幕UI",
      "body": "<ol> \n <li>從虹膜畫布的左角，導航到<strong>默認庫</strong>。</li> \n <li>單擊搜索圖標。</li> \n <li>在出現的搜索欄中，輸入<strong> userLogin </strong>。</li> \n <li>從結果中，在<strong> contectientsweb </strong>集合下，選擇<strong> userLogin </strong>。</li> \n <li>將<strong> userLogin </strong>收集到<strong> frmlogin </strong>在畫布上。</li> \n </ol>"
    },
    "navigationBar": {
      "left": {
        "text": "以前的"
      },
      "right": {
        "text": "下一個"
      }
    }
  },
  "Card.VoltMX.CreateUIRWV9.createForm": {
    "content": {
      "title": "創建帳戶表格",
      "body": "***<ol> \n <li>從<b>故事板</b>視圖，選擇<strong> frmlogin，</strong>，然後單擊<strong>+＆nbsp; </strong> iCON。 \n <li>在新表單上方，單擊＆nbsp; <strong> form1 </strong>。</li> \n <li>從<strong> form1 </strong>重命名<strong> frmaccount </strong>的表單。</li> \n <li>按Enter鍵或單擊空白區域以保存新名稱。</li> \n </ol>"
    },
    "navigationBar": {
      "left": {
        "text": "以前的"
      },
      "right": {
        "text": "下一個"
      }
    }
  },
  "Card.VoltMX.CreateUIRWV9.uiAccount": {
    "content": {
      "title": "帳戶表的UI",
      "body": "<ol> \n <li>從虹膜畫布的左角，導航到<strong>默認庫</strong>。</li> \n <li>在出現的搜索欄中，輸入<strong> accountList </strong>。</li> \n <li>從結果中，在<strong> contoctientsWeb </strong>集合下，選擇<strong> accountList </strong>。</li> \n <li>將<strong>帳戶清單</strong>收集到<strong> frmaccount </strong>在畫布上。</li> \n </ol>"
    },
    "navigationBar": {
      "left": {
        "text": "以前的"
      },
      "right": {
        "text": "下一個"
      }
    }
  },
  "Card.VoltMX.CreateUIRWV9.createPayees": {
    "content": {
      "title": "創建收件人列表表格",
      "body": "<ol> \n <li>從<b>情節板</b>視圖，選擇<strong> frmaccount，</strong>，然後單擊<strong>+ </strong>圖標。<br /> iRis創建新表單。</li> \n <li>在新表單上方，單擊<strong> form1 </strong>。</li> \n <li>從<strong> form1 </strong>重命名<strong> frmrecipient </strong>。</li> \n <li>按Enter鍵或單擊空白區域以保存新名稱。</li> </ol>"
    },
    "navigationBar": {
      "left": {
        "text": "以前的"
      },
      "right": {
        "text": "下一個"
      }
    }
  },
  "Card.VoltMX.CreateUIRWV9.uiPayees": {
    "content": {
      "title": "收件人列表的UI表格",
      "body": "***<ol> \n <li>從虹膜的左下角，導航到<strong>默認庫</strong>。</li> \n <li>在出現的搜索欄中，輸入<strong> conterientList </strong>。</li> \n <li>從結果中，在<strong> contoctientsWeb </strong>集合下，選擇<strong> conterientList </strong>。</li> \n <li>將<strong> conterientList </strong>收集到<strong> frmrecipients </strong>在畫布上。 <b>設計</b>視圖中的表單。</li> \n </ol>"
    },
    "navigationBar": {
      "left": {
        "text": "以前的"
      },
      "right": {
        "text": "下一個"
      }
    }
  },
  "Card.VoltMX.CreateUIRWV9.addNavigation": {
    "content": {
      "title": "從登錄屏幕上添加導航",
      "body": "***<ol> \n <li>從<strong> project </strong>探索器，展開<strong>響應web / desktop </strong>＆gt; <strong>表格</strong>> <strong> frmlogin </strong>> <b> flxuserlogin </b>，然後選擇<strong> btnSignin </strong>。</li>。 \n <li>來自<strong>屬性</strong> \n  面板，導航到<strong>操作</strong> tab。</li> \n <li>對於<strong> onClick </strong>事件，單擊<strong> edit </strong>。 \n </ol>"
    },
    "navigationBar": {
      "left": {
        "text": "以前的"
      },
      "right": {
        "text": "下一個"
      }
    }
  },
  "Card.VoltMX.CreateUIRWV9.addNavigation1": {
    "content": {
      "title": "從登錄屏幕上添加導航",
      "body": "<ol> \n <li>從<strong>操作編輯器</strong>左菜單，在<strong>常規</strong>章節下，選擇<strong>導航至form </strong>。</li> \n <li>從<strong>操作編輯器的右窗格</strong>，選擇<strong> frmaccount </strong>。</li> \n <li>單擊<strong>保存</strong>。</li> \n </ol>"
    },
    "navigationBar": {
      "left": {
        "text": "以前的"
      },
      "right": {
        "text": "下一個"
      }
    }
  },
  "Card.VoltMX.CreateUIRWV9.addNavigation2": {
    "content": {
      "title": "從帳戶屏幕上添加導航",
      "body": "***<ol> \n <li>從<strong> project </strong>探索器，擴展到<strong>響應web / desktop </strong>＆gt; <strong>表格</strong>＆gt; <strong> frmaccount </strong>＆gt; <strong> flxAccountlist </strong>＆gt; <strong> flxmenu </strong>並選擇<strong> flxrecipienttab </strong>。</li> \n <li>從<strong>屬性</strong>面板，導航到<strong> action </strong> tab。</li> \n <li>對於<strong> onClick </strong>事件，單擊<strong> edit </strong>。 \n </ol>"
    },
    "navigationBar": {
      "left": {
        "text": "以前的"
      },
      "right": {
        "text": "下一個"
      }
    }
  },
  "Card.VoltMX.CreateUIRWV9.addNavigation3": {
    "content": {
      "title": "從帳戶屏幕上添加導航",
      "body": "***<ol> \n <li>來自<strong>操作編輯器</strong>左菜單，在<strong>常規</strong> e節下，選擇<strong>導航至form </strong> <strong>。<br /> </strong> {10} </li> {11} \n <li>在<strong>操作編輯器</strong>的右窗格中，選擇<strong> </strong> <strong> {17} frmrecipients </strong>。</li> \n <li>單擊<strong>保存</strong>。</li> \n </ol>"
    },
    "navigationBar": {
      "left": {
        "text": "以前的"
      },
      "right": {
        "text": "下一個"
      }
    }
  },
  "Card.VoltMX.CreateUIRWV9.addNavigation4": {
    "content": {
      "title": "從收件人列表屏幕上添加導航",
      "body": "***<ol> \n <li>從<strong> project </strong>探索器，擴展到<strong>響應web / desktop </strong>＆gt; <strong>表格</strong>＆gt; <strong> frmrecipient </strong>＆gt; <strong> flxRecipientList </strong>＆gt; <strong> flxmenu </strong>，然後選擇<strong> flxaccounttab </strong>。</li> \n <li>從<b>屬性</b>面板，導航到<strong> action </strong> tab。</li> \n <li>對於<strong> onClick </strong>事件，單擊<strong> edit </strong>。 \n </ol>"
    },
    "navigationBar": {
      "left": {
        "text": "以前的"
      },
      "right": {
        "text": "下一個"
      }
    }
  },
  "Card.VoltMX.CreateUIRWV9.addNav4": {
    "content": {
      "title": "將導航添加到帳戶屏幕",
      "body": "***<ol> <li>從<strong>操作編輯器</strong>左菜單下，在<strong>常規</strong> e節下，選擇<strong>導航至form </strong> <strong>。<br /> {9} </strong> {10} {10} </li> \n <li>在<strong>操作編輯器的右窗格中，選擇<strong> frmaccount </strong>。 \n </ol>"
    },
    "navigationBar": {
      "left": {
        "text": "以前的"
      },
      "right": {
        "text": "下一個"
      }
    }
  },
  "Card.VoltMX.CreateUIRWV9.addNavigation5": {
    "content": {
      "title": "添加收件人列表屏幕中的導航",
      "body": "***<ol> \n <li>從<strong> project </strong>探索器，擴展到<strong>響應web / desktop </strong>＆gt; <strong>表格</strong>＆gt; <strong> frmrecipient </strong>＆gt; \n <strong> flxRecipientList </strong>＆gt; <strong> flxtoolbar </strong>，然後選擇<strong> flxback </strong>。</li> \n <li>從<strong>屬性面板</strong>，導航到<strong> action </strong> tab。</li> \n <li>對於<strong> onClick </strong>事件，單擊<strong> edit </strong>。 \n </ol>"
    },
    "navigationBar": {
      "left": {
        "text": "以前的"
      },
      "right": {
        "text": "下一個"
      }
    }
  },
  "Card.VoltMX.CreateUIRWV9.addNavigation6": {
    "content": {
      "title": "從收款人屏幕上添加導航",
      "body": "***<ol> \n <li>從<strong>操作編輯器</strong>左菜單，在<strong>常規</strong>章節下，選擇<strong>導航至form </strong>。</li> \n <li>在<strong>操作編輯器的右窗格中，選擇<strong> frmaccount </strong> </li> {14} <li> {15}單擊<strong> {16}保存</strong>。</li> {18}。{18} \n </ol>"
    },
    "navigationBar": {
      "left": {
        "text": "以前的"
      },
      "right": {
        "text": "下一個"
      }
    }
  },
  "Card.VoltMX.CreateUIRWV9.Settings1": {
    "content": {
      "title": "實時預覽的設置",
      "body": "<ol> \n <li>從主菜單中，選擇<strong>構建</strong>。</li> \n <li>單擊<strong>實時預覽設置</strong>。</li> \n </ol>"
    },
    "navigationBar": {
      "left": {
        "text": "以前的"
      },
      "right": {
        "text": "下一個"
      }
    }
  },
  "Card.VoltMX.CreateUIRWV9.publish1": {
    "content": {
      "title": "運行應用程序",
      "body": "***<ol> \n <li>來自<strong> live預覽設置</strong>窗口，在<strong>平台和頻道下</strong>，選中<strong>響應式web </strong>的盒子{7} <br />。 所有其他平台和頻道的複選框。</li> \n <li>單擊<strong>保存＆amp; 運行</strong>。<br />可能需要一些時間才能讓Iris運行該應用程序。<br />構建完成後，示例應用程序在<strong> volt mx mx Iris Preview </strong> window中打開。</li>。{17} \n </ol>"
    },
    "navigationBar": {
      "left": {
        "text": "以前的"
      },
      "right": {
        "text": "下一個"
      }
    }
  },
  "Card.VoltMX.CreateUIRWV9.launch": {
    "content": {
      "title": "啟動該應用程序",
      "body": "<ol> \n <li>單擊表單上的<strong>登錄</strong>按鈕以查看<strong>帳戶</strong>列表。<br />您不需要此應用程序的登錄憑據。 您將在以後的徒步旅行中添加身份驗證。</li> \n <li>單擊“收件人”選項卡。 <br /> <b>收件人列表</b>出現。</li> </ol>"
    },
    "navigationBar": {
      "left": {
        "text": "以前的"
      },
      "right": {
        "text": "下一個"
      }
    }
  },
  "Card.VoltMX.CreateUIRWV9.done": {
    "content": {
      "title": "探索應用程序",
      "body": "***<p>您已經成功：</p> \n <ul> \n <li> <strong>用用戶交互的UI元素創建了表單</strong> </li> \n <li> <strong>在表單</strong> </li>之間添加導航 \n <li> <strong>使用Live Preview </strong> </li>啟動您的Web應用程序 \n </ul> \n <p>要學習如何為此應用添加登錄和註銷操作＆nbsp;，請查看下一個遠足：<a class=\"tour-link\" tour=\"5e1da5td-37a0-44r6-beu6-374c3cn1\"> <strong> 3.ADD身份驗證到App </strong> </a> {20}。</p>。{21}"
    },
    "navigationBar": {
      "left": {
        "text": "以前的"
      },
      "right": {
        "text": "完畢"
      }
    }
  }
}