{
  "Tour.CreateUIfromCollections-Web": {
    "description": " यात्रा का विवरण"
  },
  "Hike.VoltMX.CreateUIRWV9": {
    "description": ""
  },
  "Card.CreateUIRWV9.Intro": {
    "content": {
      "title": " उत्तरदायी वेब ऐप का परिचय",
      "body": "<p><strong> चलिए शुरू करते हैं!</strong></p>\n<p> इस वृद्धि में, हम करेंगे:</p>\n<ul>\n<li> उपयोगकर्ता सहभागिता के लिए UI तत्वों के साथ डेस्कटॉप वेब प्रपत्र बनाएं</li>\n<li> ऐप के विभिन्न रूपों तक पहुंचने के लिए नेविगेशन जोड़ें</li>\n</ul><br/>\n<p> आरंभ करने से पहले, वृद्धि पूरी करें:</p>\n<ol><b>\n<li><a class=\"tour-link\" tour=\"705a94tb-faa0-47r7-a1ud-31b3dbnf\"> अपना उत्तरदायी वेब ऐप लॉन्च करें</a></li></b>\n</ol><br/>\n<p><strong> जब आप तैयार हों, तो स्टार्ट पर क्लिक करें!</strong></p>"
    },
    "navigationBar": {
      "left": {
        "text": " पिछला"
      },
      "right": {
        "text": " प्रारंभ"
      }
    }
  },
  "Card.VoltMX.CreateUIRWV9.addNav4": {
    "content": {
      "title": " अकाउंट स्क्रीन में नेविगेशन जोड़ना",
      "body": "<ol><li> से<strong> एक्शन एडिटर</strong> बाएँ मेनू, के अंतर्गत<strong> सामान्य</strong> अनुभाग, चुनें<strong> फॉर्म पर नेविगेट करें</strong><strong>.<br /></strong></li>\n<li> दाएँ फलक में<strong> एक्शन एडिटर</strong> , चुनें<strong> frmखाता</strong>.</li><li> क्लिक करें<strong> सहेजें</strong>.</li>\n</ol>"
    },
    "navigationBar": {
      "left": {
        "text": " पिछला"
      },
      "right": {
        "text": " अगला"
      }
    }
  },
  "Card.VoltMX.CreateUIRWV9.addNavigation": {
    "content": {
      "title": " लॉगिन स्क्रीन से नेविगेशन जोड़ें",
      "body": "<ol>\n<li> से<strong> परियोजना</strong> एक्सप्लोरर, विस्तृत करें<strong> उत्तरदायी वेब / डेस्कटॉप</strong> &gt;<strong> प्रपत्र</strong> > <strong> frmLogin</strong> > <b> flxUserLogin</b> और चुनें<strong> btnसाइनइन</strong>.</li>\n<li> से<strong> गुण</strong> पैनल, पर नेविगेट करें<strong> क्रिया</strong> टैब।</li>\n<li> के लिए<strong> ऑनक्लिक</strong> घटना, क्लिक करें<strong> संपादित करें</strong>.<br /> The<strong> एक्शन एडिटर</strong> विंडो प्रकट होती है।</li>\n</ol>"
    },
    "navigationBar": {
      "left": {
        "text": " पिछला"
      },
      "right": {
        "text": " अगला"
      }
    }
  },
  "Card.VoltMX.CreateUIRWV9.addNavigation1": {
    "content": {
      "title": " लॉगिन स्क्रीन से नेविगेशन जोड़ें",
      "body": "<ol>\n<li> से<strong> एक्शन एडिटर</strong> बाएँ मेनू, के अंतर्गत<strong> सामान्य</strong> अनुभाग, चुनें<strong> फॉर्म पर नेविगेट करें</strong>.</li>\n<li> के दाएँ फलक से<strong> एक्शन एडिटर</strong> , चुनें<strong> frmखाता</strong>.</li>\n<li> क्लिक करें<strong> सहेजें</strong>.</li>\n</ol>"
    },
    "navigationBar": {
      "left": {
        "text": " पिछला"
      },
      "right": {
        "text": " अगला"
      }
    }
  },
  "Card.VoltMX.CreateUIRWV9.addNavigation2": {
    "content": {
      "title": " खाता स्क्रीन से नेविगेशन जोड़ें",
      "body": "<ol>\n<li> से<strong> परियोजना</strong> एक्सप्लोरर, नेविगेट करें<strong> उत्तरदायी वेब / डेस्कटॉप</strong> &gt;<strong> प्रपत्र</strong> &gt;<strong> frmखाता</strong> \n > <strong> flxAccountList</strong> > <strong> flxMenu</strong> और चुनें<strong> flxRecipientTab</strong>.</li>\n<li> से<strong> गुण</strong> पैनल, पर नेविगेट करें<strong> क्रिया</strong> टैब।</li>\n<li> के लिए<strong> ऑनक्लिक</strong> घटना, क्लिक करें<strong> संपादित करें</strong>.<br /> The<strong> एक्शन एडिटर</strong> विंडो प्रकट होती है।</li>\n</ol>"
    },
    "navigationBar": {
      "left": {
        "text": " पिछला"
      },
      "right": {
        "text": " अगला"
      }
    }
  },
  "Card.VoltMX.CreateUIRWV9.addNavigation3": {
    "content": {
      "title": " खाता स्क्रीन से नेविगेशन जोड़ें",
      "body": "<ol>\n<li> से<strong> एक्शन एडिटर</strong> बाएँ मेनू, के अंतर्गत<strong> सामान्य</strong> अनुभाग, चुनें<strong> फॉर्म पर नेविगेट करें</strong><strong>.<br /></strong></li>\n<li> दाएँ फलक में<strong> एक्शन एडिटर</strong> , चुनें<strong></strong><strong> frmप्राप्तकर्ता</strong>.</li>\n<li> क्लिक करें<strong> सहेजें</strong>.</li>\n</ol>"
    },
    "navigationBar": {
      "left": {
        "text": " पिछला"
      },
      "right": {
        "text": " अगला"
      }
    }
  },
  "Card.VoltMX.CreateUIRWV9.addNavigation4": {
    "content": {
      "title": " प्राप्तकर्ता सूची स्क्रीन से नेविगेशन जोड़ें",
      "body": "<ol>\n<li> से<strong> परियोजना</strong> एक्सप्लोरर, नेविगेट करें<strong> उत्तरदायी वेब / डेस्कटॉप</strong> &gt;<strong> प्रपत्र</strong> &gt;<strong> frmप्राप्तकर्ता</strong> &gt;<strong> flxMenu</strong> , और चुनें<strong> flxखाताटैब</strong>.</li>\n<li> से<b> गुण</b> पैनल, पर नेविगेट करें<strong> क्रिया</strong> टैब।</li>\n<li> के लिए<strong> ऑनक्लिक</strong> घटना, क्लिक करें<strong> संपादित करें</strong>.<br /> The<strong> एक्शन एडिटर</strong> विंडो प्रकट होती है।</li>\n</ol>"
    },
    "navigationBar": {
      "left": {
        "text": " पिछला"
      },
      "right": {
        "text": " अगला"
      }
    }
  },
  "Card.VoltMX.CreateUIRWV9.addNavigation5": {
    "content": {
      "title": " प्राप्तकर्ता सूची स्क्रीन से नेविगेशन जोड़ें",
      "body": "<ol>\n<li> से<strong> परियोजना</strong> एक्सप्लोरर, नेविगेट करें<strong> उत्तरदायी वेब / डेस्कटॉप</strong> &gt;<strong> प्रपत्र</strong> &gt;<strong> frmप्राप्तकर्ता</strong> &gt;<b> flxटूलबार</b> और चुनें<strong> flxBack</strong>.</li>\n<li> से<strong> गुण पैनल</strong> नेविगेट करें<strong> क्रिया</strong> टैब।</li>\n<li> के लिए<strong> ऑनक्लिक</strong> घटना, क्लिक करें<strong> संपादित करें</strong>.<br /> The<strong> एक्शन एडिटर</strong> विंडो प्रकट होती है।</li>\n</ol>"
    },
    "navigationBar": {
      "left": {
        "text": " पिछला"
      },
      "right": {
        "text": " अगला"
      }
    }
  },
  "Card.VoltMX.CreateUIRWV9.addNavigation6": {
    "content": {
      "title": " प्राप्तकर्ता स्क्रीन से नेविगेशन जोड़ें",
      "body": "<ol>\n<li> से<strong> एक्शन एडिटर</strong> बाएँ मेनू, के अंतर्गत<strong> सामान्य</strong> अनुभाग, चुनें<strong> फॉर्म पर नेविगेट करें</strong>.</li>\n<li> दाएँ फलक में<strong> एक्शन एडिटर</strong> , चुनें<strong> frmखाता</strong></li><li> क्लिक करें<strong> सहेजें</strong>.</li>\n</ol>"
    },
    "navigationBar": {
      "left": {
        "text": " पिछला"
      },
      "right": {
        "text": " अगला"
      }
    }
  },
  "Card.VoltMX.CreateUIRWV9.createForm": {
    "content": {
      "title": " खाता प्रपत्र बनाएँ",
      "body": "<ol>\n<li> से<b> स्टोरीबोर्ड</b> देखें, चुनें<strong> frmLogin,</strong> और फिर क्लिक करें<strong> +&nbsp;</strong> आइकन।<br /> आइरिस एक नया रूप बनाता है।</li>\n<li> नए फॉर्म के ऊपर, क्लिक करें&nbsp;<strong> फॉर्म1</strong>.</li>\n<li> फॉर्म का नाम बदलें<strong> frmखाता</strong>.</li>\n</ol>"
    },
    "navigationBar": {
      "left": {
        "text": " पिछला"
      },
      "right": {
        "text": " अगला"
      }
    }
  },
  "Card.VoltMX.CreateUIRWV9.createPayees": {
    "content": {
      "title": " प्राप्तकर्ता सूची प्रपत्र बनाएं",
      "body": "<ol>\n<li> से<b> स्टोरीबोर्ड</b> देखें, चुनें<strong> frmखाता,</strong> और फिर क्लिक करें<strong>+ </strong> आइकन।<br /> आइरिस एक नया रूप बनाता है।</li>\n<li> नए फॉर्म के ऊपर, क्लिक करें<strong> फॉर्म1</strong>.</li>\n<li> फॉर्म का नाम बदलें<strong> frmप्राप्तकर्ता</strong>.</li>\n</ol>"
    },
    "navigationBar": {
      "left": {
        "text": " पिछला"
      },
      "right": {
        "text": " अगला"
      }
    }
  },
  "Card.VoltMX.CreateUIRWV9.createProject": {
    "content": {
      "title": " एक नया प्रोजेक्ट बनाएं",
      "body": "<ol>\n<li> मुख्य मेनू से नेविगेट करें<strong> परियोजना</strong> &nbsp;&gt;<strong> नई परियोजना</strong>.</li>\n<li> से<strong> आप अभी क्या शुरू करना चाहते हैं?</strong> विंडो, चुनें<strong> वेब ऐप</strong>.</li>\n<li> क्लिक करें<strong> अगला</strong>.<br /> The<strong> आप सबसे पहले किस डिवाइस का आकार बनाना शुरू करना चाहते हैं?</strong> विंडो प्रकट होती है।</li>\n<li> चुनें<strong> डेस्कटॉप</strong> और फिर क्लिक करें<strong> अगला</strong>.<br /> The<strong> आपने एक वेब ऐप के साथ शुरुआत की। चयनित डिवाइस का आकार डेस्कटॉप है</strong> . खिड़की दिखाई देती है।</li>\n<li> के अंतर्गत&nbsp;<strong> प्रोजेक्ट&nbsp;नाम</strong> , दर्ज करें&nbsp;<strong> प्राप्तकर्तावेबएप</strong> और फिर क्लिक करें&nbsp;<strong> बनाएँ</strong>.<br /> के साथ एक नया एप्लिकेशन बनाया गया है&nbsp;<strong> फॉर्म1</strong> &nbsp;form.<br /> आवेदन में खुलता है<strong> स्टोरीबोर्ड</strong> देखें।</li>\n</ol>"
    },
    "navigationBar": {
      "left": {
        "text": " पिछला"
      },
      "right": {
        "text": " अगला"
      }
    }
  },
  "Card.VoltMX.CreateUIRWV9.done": {
    "content": {
      "title": " ऐप का अन्वेषण करें",
      "body": "<p> आपने सफलतापूर्वक:</p>\n<ul>\n<li><strong> उपयोगकर्ता सहभागिता के लिए UI तत्वों के साथ प्रपत्र बनाए गए</strong></li>\n<li><strong> प्रपत्रों के बीच जोड़ा गया नेविगेशन</strong></li>\n<li><strong> लाइव पूर्वावलोकन का उपयोग करके अपना वेब ऐप लॉन्च किया</strong></li>\n</ul>\n<p> इस ऐप के लिए लॉगिन और लॉगआउट संचालन जोड़ने का तरीका जानने के लिए, अगली वृद्धि देखें:<a class=\"tour-link\" tour=\"5e1da5td-37a0-44r6-beu6-374c3cn1\"><strong> 3. ऐप में प्रमाणीकरण जोड़ें</strong></a>.</p>"
    },
    "navigationBar": {
      "left": {
        "text": " पिछला"
      },
      "right": {
        "text": " हो गया"
      }
    }
  },
  "Card.VoltMX.CreateUIRWV9.launch": {
    "content": {
      "title": " ऐप लॉन्च करें",
      "body": "<ol>\n<li> क्लिक करें<strong> लॉगिन</strong> देखने के लिए प्रपत्र पर बटन<strong> लेखा</strong> सूची।<br /> आपको इस ऐप के लिए लॉगिन क्रेडेंशियल की आवश्यकता नहीं है। आप बाद के हाइक में ऐप में प्रमाणीकरण जोड़ रहे होंगे।</li>\n<li> प्राप्तकर्ता टैब पर क्लिक करें।<br /> The<b> प्राप्तकर्ताओं की सूची</b> प्रकट होता है।</li></ol>"
    },
    "navigationBar": {
      "left": {
        "text": " पिछला"
      },
      "right": {
        "text": " अगला"
      }
    }
  },
  "Card.VoltMX.CreateUIRWV9.publish1": {
    "content": {
      "title": " ऐप चलाएँ",
      "body": "<ol>\n<li> से<strong> लाइव पूर्वावलोकन सेटिंग्स</strong> विंडो, अंडर<strong> प्लेटफॉर्म और चैनल</strong> , के आगे वाले बॉक्स को चेक करें<strong> उत्तरदायी वेब</strong>.<br /> सुनिश्चित करें कि आपने अन्य सभी प्लेटफार्मों और चैनलों के लिए चेकबॉक्स को अचयनित किया है।</li>\n<li> क्लिक करें<strong> सहेजें और amp; Daud</strong>.<br /> आइरिस को ऐप चलाने में कुछ समय लग सकता है।<br /> एक बार बिल्ड पूरा हो जाने के बाद, नमूना ऐप में खुलता है<strong> आइरिस पूर्वावलोकन</strong> window.</li>\n</ol>"
    },
    "navigationBar": {
      "left": {
        "text": " पिछला"
      },
      "right": {
        "text": " अगला"
      }
    }
  },
  "Card.VoltMX.CreateUIRWV9.rename": {
    "content": {
      "title": " फॉर्म का नाम बदलें",
      "body": "<ol>\n<li> में<strong> स्टोरीबोर्ड</strong> देखें, नए फॉर्म के ऊपर, क्लिक करें<strong> फॉर्म1</strong>.</li>\n<li> फॉर्म का नाम बदलें<strong> frmLogin</strong>.</li>\n</ol>"
    },
    "navigationBar": {
      "left": {
        "text": " पिछला"
      },
      "right": {
        "text": " अगला"
      }
    }
  },
  "Card.VoltMX.CreateUIRWV9.Settings1": {
    "content": {
      "title": " लाइव पूर्वावलोकन के लिए सेटिंग्स",
      "body": "<ol>\n<li> मुख्य मेनू से, चुनें<strong> बिल्ड</strong>.</li>\n<li> क्लिक करें<strong> लाइव पूर्वावलोकन सेटिंग्स</strong>.</li>\n</ol>"
    },
    "navigationBar": {
      "left": {
        "text": " पिछला"
      },
      "right": {
        "text": " अगला"
      }
    }
  },
  "Card.VoltMX.CreateUIRWV9.uiAccount": {
    "content": {
      "title": " खाता प्रपत्र का UI",
      "body": "<ol>\n<li> आइरिस कैनवास के बाएं कोने से, पर नेविगेट करें<strong> डिफ़ॉल्ट लाइब्रेरी</strong>.</li>\n<li> खोज आइकन पर क्लिक करें।</li>\n<li> दिखाई देने वाले खोज बार में, दर्ज करें<strong> खाता</strong>.</li>\n<li> परिणामों से, के तहत<strong> प्राप्तकर्तावेब</strong> संग्रह, चुनें<strong> खाता सूची</strong>.</li>\n<li> खींचें<strong> खाता सूची</strong> संग्रह पर<strong> frmखाता</strong> कैनवास पर।</li>\n</ol>"
    },
    "navigationBar": {
      "left": {
        "text": " पिछला"
      },
      "right": {
        "text": " अगला"
      }
    }
  },
  "Card.VoltMX.CreateUIRWV9.uiLogin": {
    "content": {
      "title": " लॉगिन स्क्रीन का UI",
      "body": "<ol>\n<li> आइरिस कैनवास के बाएं कोने से, पर नेविगेट करें<strong> डिफ़ॉल्ट लाइब्रेरी</strong>.</li>\n<li> खोज आइकन पर क्लिक करें।</li>\n<li> दिखाई देने वाले खोज बार में, दर्ज करें<strong> लॉगिन</strong>.</li>\n<li> परिणामों से, के तहत<strong> प्राप्तकर्तावेब</strong> संग्रह, चुनें<strong> उपयोगकर्ता लॉगिन</strong>.</li>\n<li> खींचें<strong> उपयोगकर्ता लॉगिन</strong> संग्रह पर<strong> frmLogin</strong> कैनवास पर।</li>\n</ol>"
    },
    "navigationBar": {
      "left": {
        "text": " पिछला"
      },
      "right": {
        "text": " अगला"
      }
    }
  },
  "Card.VoltMX.CreateUIRWV9.uiPayees": {
    "content": {
      "title": " प्राप्तकर्ता सूची प्रपत्र का UI",
      "body": "<ol>\n<li> आइरिस के निचले-बाएँ कोने से, पर नेविगेट करें<strong> डिफ़ॉल्ट लाइब्रेरी</strong>.</li>\n<li> खोज आइकन पर क्लिक करें।</li>\n<li> दिखाई देने वाले खोज बार में, दर्ज करें<strong> प्राप्तकर्ता</strong>.</li>\n<li> परिणामों से, के तहत<strong> प्राप्तकर्तावेब</strong> संग्रह, चुनें<strong> प्राप्तकर्ता सूची</strong>.</li>\n<li> खींचें<strong> प्राप्तकर्ता सूची</strong> संग्रह पर<strong> frmप्राप्तकर्ता</strong> कैनवास पर।</li> <li> आइरिस कैनवास के शीर्ष से, चुनें<b> डिज़ाइन</b> टैब में फॉर्म खोलें<b> डिज़ाइन</b> देखें।</li>\n</ol>"
    },
    "navigationBar": {
      "left": {
        "text": " पिछला"
      },
      "right": {
        "text": " अगला"
      }
    }
  }
}