{
  "Card.CreateUIRWV9.Intro": {
    "content": {
      "title": "响应式Web应用程序简介",
      "body": "<p> <strong>让我开始！</strong> </p> \n <p>在这次远足中，我们将：</p> \n <ul> \n <li>使用用户交互的UI元素创建桌面Web表单</li> \n <li>添加导航以访问应用程序的不同形式</li> \n </ul> <br/> \n <p>在开始之前，完成远足：</p> \n <ol> <b> \n <li> <a class=\"tour-link\" tour=\"705a94tb-faa0-47r7-a1ud-31b3dbnf\">启动响应式Web应用</a> </li> </b> \n </ol> <br/> \n <p> <strong>您准备就绪时，单击“开始”！</strong> </p>"
    },
    "navigationBar": {
      "left": {
        "text": "以前的"
      },
      "right": {
        "text": "开始"
      }
    }
  },
  "Card.VoltMX.CreateUIRWV9.createProject": {
    "content": {
      "title": "创建一个新项目",
      "body": "***<ol> \n <li>从主菜单中，导航至<strong> project </strong>＆nbsp;＆gt; <strong>新项目</strong>。</li> \n <li>来自<strong>您现在想从什么开始？ </strong>窗口，选择<strong> Web App </strong>。</li> \n <li>单击<strong> Next </strong>。<br /> <strong>您想先构建哪个设备大小？ </strong>窗口出现。</li> \n <li>选择<strong>桌面</strong>，然后单击<strong>下一个</strong>。<br /> <strong>您从Web应用程序开始。 选择的设备大小是桌面</strong>。 出现窗口。</li> \n <li>在＆nbsp; <strong> project＆nbsp; name </strong>，enter＆nbsp; <strong> colectientsWebapp2 </strong>，然后单击＆nbsp; <strong> create </strong>。 form1 </strong>＆nbsp; form。<br />应用程序在<strong>情节板</strong>视图中打开。</li> \n </ol>"
    },
    "navigationBar": {
      "left": {
        "text": "以前的"
      },
      "right": {
        "text": "下一个"
      }
    }
  },
  "Card.VoltMX.CreateUIRWV9.rename": {
    "content": {
      "title": "重命名表格",
      "body": "<ol> \n <li>在<strong>故事板</strong>视图中，在新表单上方，单击<strong> form1 </strong>。</li> \n <li>将表单从<strong> form1 </strong>重命名为<strong> frmlogin </strong>。</li> \n <li>按Enter键或单击空白区域以保存新名称。</li> \n </ol>"
    },
    "navigationBar": {
      "left": {
        "text": "以前的"
      },
      "right": {
        "text": "下一个"
      }
    }
  },
  "Card.VoltMX.CreateUIRWV9.uiLogin": {
    "content": {
      "title": "登录屏幕UI",
      "body": "<ol> \n <li>从虹膜画布的左角，导航到<strong>默认库</strong>。</li> \n <li>单击搜索图标。</li> \n <li>在出现的搜索栏中，输入<strong> userLogin </strong>。</li> \n <li>从结果中，在<strong> contectientsweb </strong>集合下，选择<strong> userLogin </strong>。</li> \n <li>将<strong> userLogin </strong>收集到<strong> frmlogin </strong>在画布上。</li> \n </ol>"
    },
    "navigationBar": {
      "left": {
        "text": "以前的"
      },
      "right": {
        "text": "下一个"
      }
    }
  },
  "Card.VoltMX.CreateUIRWV9.createForm": {
    "content": {
      "title": "创建帐户表格",
      "body": "***<ol> \n <li>从<b>故事板</b>视图，选择<strong> frmlogin，</strong>，然后单击<strong>+＆nbsp; </strong> iCON。 \n <li>在新表单上方，单击＆nbsp; <strong> form1 </strong>。</li> \n <li>从<strong> form1 </strong>重命名<strong> frmaccount </strong>的表单。</li> \n <li>按Enter键或单击空白区域以保存新名称。</li> \n </ol>"
    },
    "navigationBar": {
      "left": {
        "text": "以前的"
      },
      "right": {
        "text": "下一个"
      }
    }
  },
  "Card.VoltMX.CreateUIRWV9.uiAccount": {
    "content": {
      "title": "帐户表的UI",
      "body": "<ol> \n <li>从虹膜画布的左角，导航到<strong>默认库</strong>。</li> \n <li>在出现的搜索栏中，输入<strong> accountList </strong>。</li> \n <li>从结果中，在<strong> contoctientsWeb </strong>集合下，选择<strong> accountList </strong>。</li> \n <li>将<strong>帐户清单</strong>收集到<strong> frmaccount </strong>在画布上。</li> \n </ol>"
    },
    "navigationBar": {
      "left": {
        "text": "以前的"
      },
      "right": {
        "text": "下一个"
      }
    }
  },
  "Card.VoltMX.CreateUIRWV9.createPayees": {
    "content": {
      "title": "创建收件人列表表格",
      "body": "<ol> \n <li>从<b>情节板</b>视图，选择<strong> frmaccount，</strong>，然后单击<strong>+ </strong>图标。<br /> iRis创建新表单。</li> \n <li>在新表单上方，单击<strong> form1 </strong>。</li> \n <li>从<strong> form1 </strong>重命名<strong> frmrecipient </strong>。</li> \n <li>按Enter键或单击空白区域以保存新名称。</li> </ol>"
    },
    "navigationBar": {
      "left": {
        "text": "以前的"
      },
      "right": {
        "text": "下一个"
      }
    }
  },
  "Card.VoltMX.CreateUIRWV9.uiPayees": {
    "content": {
      "title": "收件人列表的UI表格",
      "body": "***<ol> \n <li>从虹膜的左下角，导航到<strong>默认库</strong>。</li> \n <li>在出现的搜索栏中，输入<strong> conterientList </strong>。</li> \n <li>从结果中，在<strong> contoctientsWeb </strong>集合下，选择<strong> conterientList </strong>。</li> \n <li>将<strong> conterientList </strong>收集到<strong> frmrecipients </strong>在画布上。 <b>设计</b>视图中的表单。</li> \n </ol>"
    },
    "navigationBar": {
      "left": {
        "text": "以前的"
      },
      "right": {
        "text": "下一个"
      }
    }
  },
  "Card.VoltMX.CreateUIRWV9.addNavigation": {
    "content": {
      "title": "从登录屏幕上添加导航",
      "body": "***<ol> \n <li>从<strong> project </strong>探索器，展开<strong>响应web / desktop </strong>＆gt; <strong>表格</strong>> <strong> frmlogin </strong>> <b> flxuserlogin </b>，然后选择<strong> btnSignin </strong>。</li>。 \n <li>来自<strong>属性</strong> \n  面板，导航到<strong>操作</strong> tab。</li> \n <li>对于<strong> onClick </strong>事件，单击<strong> edit </strong>。 \n </ol>"
    },
    "navigationBar": {
      "left": {
        "text": "以前的"
      },
      "right": {
        "text": "下一个"
      }
    }
  },
  "Card.VoltMX.CreateUIRWV9.addNavigation1": {
    "content": {
      "title": "从登录屏幕上添加导航",
      "body": "<ol> \n <li>从<strong>操作编辑器</strong>左菜单，在<strong>常规</strong>章节下，选择<strong>导航至form </strong>。</li> \n <li>从<strong>操作编辑器的右窗格</strong>，选择<strong> frmaccount </strong>。</li> \n <li>单击<strong>保存</strong>。</li> \n </ol>"
    },
    "navigationBar": {
      "left": {
        "text": "以前的"
      },
      "right": {
        "text": "下一个"
      }
    }
  },
  "Card.VoltMX.CreateUIRWV9.addNavigation2": {
    "content": {
      "title": "从帐户屏幕上添加导航",
      "body": "***<ol> \n <li>从<strong> project </strong>探索器，扩展到<strong>响应web / desktop </strong>＆gt; <strong>表格</strong>＆gt; <strong> frmaccount </strong>＆gt; <strong> flxAccountlist </strong>＆gt; <strong> flxmenu </strong>并选择<strong> flxrecipienttab </strong>。</li> \n <li>从<strong>属性</strong>面板，导航到<strong> action </strong> tab。</li> \n <li>对于<strong> onClick </strong>事件，单击<strong> edit </strong>。 \n </ol>"
    },
    "navigationBar": {
      "left": {
        "text": "以前的"
      },
      "right": {
        "text": "下一个"
      }
    }
  },
  "Card.VoltMX.CreateUIRWV9.addNavigation3": {
    "content": {
      "title": "从帐户屏幕上添加导航",
      "body": "***<ol> \n <li>来自<strong>操作编辑器</strong>左菜单，在<strong>常规</strong> e节下，选择<strong>导航至form </strong> <strong>。<br /> </strong> {10} </li> {11} \n <li>在<strong>操作编辑器</strong>的右窗格中，选择<strong> </strong> <strong> {17} frmrecipients </strong>。</li> \n <li>单击<strong>保存</strong>。</li> \n </ol>"
    },
    "navigationBar": {
      "left": {
        "text": "以前的"
      },
      "right": {
        "text": "下一个"
      }
    }
  },
  "Card.VoltMX.CreateUIRWV9.addNavigation4": {
    "content": {
      "title": "从收件人列表屏幕上添加导航",
      "body": "***<ol> \n <li>从<strong> project </strong>探索器，扩展到<strong>响应web / desktop </strong>＆gt; <strong>表格</strong>＆gt; <strong> frmrecipient </strong>＆gt; <strong> flxRecipientList </strong>＆gt; <strong> flxmenu </strong>，然后选择<strong> flxaccounttab </strong>。</li> \n <li>从<b>属性</b>面板，导航到<strong> action </strong> tab。</li> \n <li>对于<strong> onClick </strong>事件，单击<strong> edit </strong>。 \n </ol>"
    },
    "navigationBar": {
      "left": {
        "text": "以前的"
      },
      "right": {
        "text": "下一个"
      }
    }
  },
  "Card.VoltMX.CreateUIRWV9.addNav4": {
    "content": {
      "title": "将导航添加到帐户屏幕",
      "body": "***<ol> <li>从<strong>操作编辑器</strong>左菜单下，在<strong>常规</strong> e节下，选择<strong>导航至form </strong> <strong>。<br /> {9} </strong> {10} {10} </li> \n <li>在<strong>操作编辑器的右窗格中，选择<strong> frmaccount </strong>。 \n </ol>"
    },
    "navigationBar": {
      "left": {
        "text": "以前的"
      },
      "right": {
        "text": "下一个"
      }
    }
  },
  "Card.VoltMX.CreateUIRWV9.addNavigation5": {
    "content": {
      "title": "添加收件人列表屏幕中的导航",
      "body": "***<ol> \n <li>从<strong> project </strong>探索器，扩展到<strong>响应web / desktop </strong>＆gt; <strong>表格</strong>＆gt; <strong> frmrecipient </strong>＆gt; \n <strong> flxRecipientList </strong>＆gt; <strong> flxtoolbar </strong>，然后选择<strong> flxback </strong>。</li> \n <li>从<strong>属性面板</strong>，导航到<strong> action </strong> tab。</li> \n <li>对于<strong> onClick </strong>事件，单击<strong> edit </strong>。 \n </ol>"
    },
    "navigationBar": {
      "left": {
        "text": "以前的"
      },
      "right": {
        "text": "下一个"
      }
    }
  },
  "Card.VoltMX.CreateUIRWV9.addNavigation6": {
    "content": {
      "title": "从收款人屏幕上添加导航",
      "body": "***<ol> \n <li>从<strong>操作编辑器</strong>左菜单，在<strong>常规</strong>章节下，选择<strong>导航至form </strong>。</li> \n <li>在<strong>操作编辑器的右窗格中，选择<strong> frmaccount </strong> </li> {14} <li> {15}单击<strong> {16}保存</strong>。</li> {18}。{18} \n </ol>"
    },
    "navigationBar": {
      "left": {
        "text": "以前的"
      },
      "right": {
        "text": "下一个"
      }
    }
  },
  "Card.VoltMX.CreateUIRWV9.Settings1": {
    "content": {
      "title": "实时预览的设置",
      "body": "<ol> \n <li>从主菜单中，选择<strong>构建</strong>。</li> \n <li>单击<strong>实时预览设置</strong>。</li> \n </ol>"
    },
    "navigationBar": {
      "left": {
        "text": "以前的"
      },
      "right": {
        "text": "下一个"
      }
    }
  },
  "Card.VoltMX.CreateUIRWV9.publish1": {
    "content": {
      "title": "运行应用程序",
      "body": "***<ol> \n <li>来自<strong> live预览设置</strong>窗口，在<strong>平台和频道下</strong>，选中<strong>响应式web </strong>的盒子{7} <br />。 所有其他平台和频道的复选框。</li> \n <li>单击<strong>保存＆amp; 运行</strong>。<br />可能需要一些时间才能让Iris运行该应用程序。<br />构建完成后，示例应用程序在<strong> volt mx mx Iris Preview </strong> window中打开。</li>。{17} \n </ol>"
    },
    "navigationBar": {
      "left": {
        "text": "以前的"
      },
      "right": {
        "text": "下一个"
      }
    }
  },
  "Card.VoltMX.CreateUIRWV9.launch": {
    "content": {
      "title": "启动该应用程序",
      "body": "<ol> \n <li>单击表单上的<strong>登录</strong>按钮以查看<strong>帐户</strong>列表。<br />您不需要此应用程序的登录凭据。 您将在以后的徒步旅行中添加身份验证。</li> \n <li>单击“收件人”选项卡。 <br /> <b>收件人列表</b>出现。</li> </ol>"
    },
    "navigationBar": {
      "left": {
        "text": "以前的"
      },
      "right": {
        "text": "下一个"
      }
    }
  },
  "Card.VoltMX.CreateUIRWV9.done": {
    "content": {
      "title": "探索应用程序",
      "body": "***<p>您已经成功：</p> \n <ul> \n <li> <strong>用用户交互的UI元素创建了表单</strong> </li> \n <li> <strong>在表单</strong> </li>之间添加导航 \n <li> <strong>使用Live Preview </strong> </li>启动您的Web应用程序 \n </ul> \n <p>要学习如何为此应用添加登录和注销操作＆nbsp;，请查看下一个远足：<a class=\"tour-link\" tour=\"5e1da5td-37a0-44r6-beu6-374c3cn1\"> <strong> 3.ADD身份验证到App </strong> </a> {20}。</p>。{21}"
    },
    "navigationBar": {
      "left": {
        "text": "以前的"
      },
      "right": {
        "text": "完毕"
      }
    }
  }
}