{
  "kuid": "dc42bfta-89a7-46rf-8euc-62f089n9",
  "id": "VoltMX.ConnectAppServWebV9.done",
  "content": {
    "title": "Congratulations",
    "body": "<p>You have successfully:</p>\n<ul>\n<li><strong>Integrated Services with the UI elements of the form</strong></li>\n</ul>\n<p>&nbsp;</p>\n<p>To learn how to create the Recipient details and add the functionality to delete a recipient, check out the next hike: <a class=\"tour-link\" tour=\"082af3t0-74a2-4ere-a6u3-749d59n5\"><strong>6. Create Recipient Details</strong></a>.</p>"
  },
  "pointer": {
    "direction": "left",
    "element": "",
    "type": "none"
  },
  "navigationType": "manual",
  "navigationBar": {
    "left": {
      "text": "Previous",
      "enable": true,
      "hide": false
    },
    "right": {
      "text": "Done",
      "enable": true,
      "hide": false
    }
  },
  "navigationCondition": "",
  "position": "CENTER",
  "meta": {
    "Creator": "Prem Garudadri",
    "CreatedOn": "Thu, 19 Dec 2019 06:05:28 GMT"
  },
  "context": [],
  "localization": {
    "en-us": {
      "content": {
        "title": "Congratulations",
        "body": "<p>You have successfully:</p>\n<ul>\n<li><strong>Integrated Services with the UI elements of the form</strong></li>\n</ul>\n<p>&nbsp;</p>\n<p>To learn how to create the Recipient details and add the functionality to delete a recipient, check out the next hike: <a class=\"tour-link\" tour=\"082af3t0-74a2-4ere-a6u3-749d59n5\"><strong>6. Create Recipient Details</strong></a>.</p>"
      },
      "navigationBar": {
        "left": {
          "text": "Previous"
        },
        "right": {
          "text": "Done"
        }
      }
    },
    "zh-cn": {
      "content": {
        "title": "恭喜",
        "body": "<p>您已经成功：</p> \n <ul> \n <li> <strong>集成服务与表格</strong> </li>的UI元素 \n </ul> \n <p>＆nbsp; </p> \n <p>学习如何创建收件人详细信息并添加功能以删除收件人，请查看下一个徒步旅行：<a class=\"tour-link\" tour=\"082af3t0-74a2-4ere-a6u3-749d59n5\"> <strong> 6。 创建收件人详细信息</strong> </a>。</p>"
      },
      "navigationBar": {
        "left": {
          "text": "以前的"
        },
        "right": {
          "text": "完毕"
        }
      }
    },
    "zh-tw": {
      "content": {
        "title": "恭喜",
        "body": "<p>您已經成功：</p> \n <ul> \n <li> <strong>集成服務與表格</strong> </li>的UI元素 \n </ul> \n <p>＆nbsp; </p> \n <p>學習如何創建收件人詳細信息並添加功能以刪除收件人，請查看下一個徒步旅行：<a class=\"tour-link\" tour=\"082af3t0-74a2-4ere-a6u3-749d59n5\"> <strong> 6。 創建收件人詳細信息</strong> </a>。</p>"
      },
      "navigationBar": {
        "left": {
          "text": "以前的"
        },
        "right": {
          "text": "完畢"
        }
      }
    }
  }
}