{
  "kuid": "f05e98td-74ac-44r0-a0u1-70a173n1",
  "id": "VoltMX.InternationalWithLayoutV9.keyLogin",
  "content": {
    "title": "Key-Value Pair for Login",
    "body": "<ol>\n<li>Click <strong>+</strong>.</li>\n<li>Under the column <strong>Key</strong>, enter: <strong>Login </strong></li>\n<li>Under the column <strong>en_US</strong>, enter: <strong>Login</strong></li>\n<li>Under the column <strong>ar_AE</strong>, enter: <strong>تسجيل الدخول</strong> <span hk-tooltip='Arabic Translation for Login'><img src=\"https://i.ibb.co/Dfkmg6k/Button-Info-icon.png\" alt=\"Button-Info-icon\" width=\"10\" height=\"10\" /></span></li>\n<li>Click <strong>Finish </strong>to return to the <strong>Project Settings</strong> window.</li>\n</ol>"
  },
  "pointer": {
    "direction": "left",
    "element": "",
    "type": "none"
  },
  "navigationType": "manual",
  "navigationBar": {
    "left": {
      "text": "Previous",
      "enable": true,
      "hide": false
    },
    "right": {
      "text": "Next",
      "enable": true,
      "hide": false
    }
  },
  "navigationCondition": "",
  "position": "BOTTOM_RIGHT",
  "meta": {
    "Creator": "Rashmi Menon",
    "CreatedOn": "Thu, 05 Dec 2019 06:27:57 GMT"
  },
  "context": [],
  "localization": {
    "en-us": {
      "content": {
        "title": "Key-Value Pair for Login",
        "body": "<ol>\n<li>Click <strong>+</strong>.</li>\n<li>Under the column <strong>Key</strong>, enter: <strong>Login </strong></li>\n<li>Under the column <strong>en_US</strong>, enter: <strong>Login</strong></li>\n<li>Under the column <strong>ar_AE</strong>, enter: <strong>تسجيل الدخول</strong> <span hk-tooltip='Arabic Translation for Login'><img src=\"https://i.ibb.co/Dfkmg6k/Button-Info-icon.png\" alt=\"Button-Info-icon\" width=\"10\" height=\"10\" /></span></li>\n<li>Click <strong>Finish </strong>to return to the <strong>Project Settings</strong> window.</li>\n</ol>"
      },
      "navigationBar": {
        "left": {
          "text": "Previous"
        },
        "right": {
          "text": "Next"
        }
      }
    },
    "zh-cn": {
      "content": {
        "title": "登录的键值对",
        "body": "***<ol> \n <li>单击<strong>+</strong>。</li> \n <li>列<strong>键</strong>，enter：<strong> login </strong> </li> {10} \n <li>在列<strong> en_us </strong>下，输入：<strong> login </strong> </li> {16} \n <li>在列<strong> ar_ae </strong>下，输入：<strong>码}}}}}} </strong>} <span hk-tooltip='Arabic Translation for Login'> {22} <img src=\"https://i.ibb.co/Dfkmg6k/Button-Info-icon.png\" alt=\"Button-Info-icon\" width=\"10\" height=\"10\" /> {23} </span> </li> {25} {25} \n <li>单击<strong>完成</strong>以返回<strong>项目设置</strong>窗口。</li> \n </ol>"
      },
      "navigationBar": {
        "left": {
          "text": "以前的"
        },
        "right": {
          "text": "下一个"
        }
      }
    },
    "zh-tw": {
      "content": {
        "title": "登錄的鍵值對",
        "body": "***<ol> \n <li>單擊<strong>+</strong>。</li> \n <li>列<strong>鍵</strong>，enter：<strong> login </strong> </li> {10} \n <li>在列<strong> en_us </strong>下，輸入：<strong> login </strong> </li> {16} \n <li>在列<strong> ar_ae </strong>下，輸入：<strong>碼}}}}}} </strong>} <span hk-tooltip='Arabic Translation for Login'> {22} <img src=\"https://i.ibb.co/Dfkmg6k/Button-Info-icon.png\" alt=\"Button-Info-icon\" width=\"10\" height=\"10\" /> {23} </span> </li> {25} {25} \n <li>單擊<strong>完成</strong>以返回<strong>項目設置</strong>窗口。</li> \n </ol>"
      },
      "navigationBar": {
        "left": {
          "text": "以前的"
        },
        "right": {
          "text": "下一個"
        }
      }
    }
  }
}