{
    "kuid": "f05e98td-74ac-44r0-a0u1-70a173n1",
    "id": "VoltMX.InternationalWithLayoutV9.keyLogin",
    "content": {
        "title": "Key-Value Pair for Login",
        "body": "<ol>\n<li>Click <strong>+</strong>.</li>\n<li>Under the column <strong>Key</strong>, enter: <strong>Login </strong></li>\n<li>Under the column <strong>en_US</strong>, enter: <strong>Login</strong></li>\n<li>Under the column <strong>ar_AE</strong>, enter: <strong>تسجيل الدخول</strong> <span hk-tooltip='Arabic Translation for Login'><img src=\"https://i.ibb.co/Dfkmg6k/Button-Info-icon.png\" alt=\"Button-Info-icon\" width=\"10\" height=\"10\" /></span></li>\n<li>Click <strong>Finish </strong>to return to the <strong>Project Settings</strong> window.</li>\n</ol>"
    },
    "pointer": {
        "direction": "left",
        "element": "",
        "type": "none"
    },
    "navigationType": "manual",
    "navigationBar": {
        "left": {
            "text": "Previous",
            "enable": true,
            "hide": false
        },
        "right": {
            "text": "Next",
            "enable": true,
            "hide": false
        }
    },
    "navigationCondition": "",
    "position": "BOTTOM_RIGHT",
    "meta": {
        "Creator": "Rashmi Menon",
        "CreatedOn": "Thu, 05 Dec 2019 06:27:57 GMT"
    },
    "context": []
}