{
  "kuid": "4460e0t9-1ead-44r3-89ud-8c49cfn5",
  "id": "VoltMX.addLoginServiceV9.openApp",
  "content": {
    "title": "Volt MX App",
    "body": "<ol>\n<li>Connect your mobile device to your computer using a USB cable.<br /> For Android mobile devices, ensure that the use of USB is set as <strong>Transfer files</strong>.<br /> For iOS mobile devices, ensure that &nbsp;<strong>trust</strong> has been established between your device and your computer.</li>\n<li>Launch the <strong>Volt MX App</strong> on your mobile device.</li>\n<li>Select the <strong>USB</strong> tab.\n<br/>On a successful connection, <strong>Volt MX Iris</strong> on your computer shows a success prompt.</li>\n</ol>"
  },
  "pointer": {
    "direction": "left",
    "element": "",
    "type": "none"
  },
  "navigationType": "manual",
  "navigationBar": {
    "left": {
      "text": "Previous",
      "enable": true,
      "hide": false
    },
    "right": {
      "text": "Next",
      "enable": true,
      "hide": false
    }
  },
  "navigationCondition": "",
  "position": "CENTER",
  "meta": {
    "Creator": "Rashmi Menon",
    "CreatedOn": "Wed, 18 Dec 2019 09:33:22 GMT"
  },
  "context": [],
  "localization": {
    "en-us": {
      "content": {
        "title": "Volt MX App",
        "body": "<ol>\n<li>Connect your mobile device to your computer using a USB cable.<br /> For Android mobile devices, ensure that the use of USB is set as <strong>Transfer files</strong>.<br /> For iOS mobile devices, ensure that &nbsp;<strong>trust</strong> has been established between your device and your computer.</li>\n<li>Launch the <strong>Volt MX App</strong> on your mobile device.</li>\n<li>Select the <strong>USB</strong> tab.\n<br/>On a successful connection, <strong>Volt MX Iris</strong> on your computer shows a success prompt.</li>\n</ol>"
      },
      "navigationBar": {
        "left": {
          "text": "Previous"
        },
        "right": {
          "text": "Next"
        }
      }
    },
    "zh-cn": {
      "content": {
        "title": "Volt MX应用程序",
        "body": "<ol> \n <li>使用USB电缆将移动设备连接到计算机。<br />对于Android移动设备，请确保将USB的使用设置为<strong>传输文件</strong>。<br />用于iOS移动设备，请确保 那个＆nbsp; <strong>信任</strong>已在您的设备和计算机之间建立。</li> \n <li>在您的移动设备上启动<strong> volt mx app </strong>。</li> \n <li>选择<strong> USB </strong>选项卡。 \n <br/>在成功的连接上，<strong>伏特mx iris </strong>在您的计算机上显示成功提示。</li> \n </ol>"
      },
      "navigationBar": {
        "left": {
          "text": "以前的"
        },
        "right": {
          "text": "下一个"
        }
      }
    },
    "zh-tw": {
      "content": {
        "title": "Volt MX應用程序",
        "body": "<ol> \n <li>使用USB電纜將移動設備連接到計算機。<br />對於Android移動設備，請確保將USB的使用設置為<strong>傳輸文件</strong>。<br />用於iOS移動設備，請確保 那個＆nbsp; <strong>信任</strong>已在您的設備和計算機之間建立。</li> \n <li>在您的移動設備上啟動<strong> volt mx app </strong>。</li> \n <li>選擇<strong> USB </strong>選項卡。 \n <br/>在成功的連接上，<strong>伏特mx iris </strong>在您的計算機上顯示成功提示。</li> \n </ol>"
      },
      "navigationBar": {
        "left": {
          "text": "以前的"
        },
        "right": {
          "text": "下一個"
        }
      }
    }
  }
}