{
    "kuid": "cf8b16t8-00af-44rb-b5uf-267286na",
    "id": "VoltMX.ConnectAppServWebV9.invokeService",
    "content": {
        "title": "Invoke Service",
        "body": "<ol>\n<li>From the top-right corner of the <strong>Action Editor</strong>, select the <strong>Design View</strong>.</li>\n<li>Enter <strong>Invoke Service</strong>, in the search bar and select <strong>Invoke Service</strong> under the <strong>Network Section</strong>.</li>\n<li>In the right pane of the <strong>Action Editor</strong> a from the <strong>Select Service</strong> drop-down, select <strong>AccountStorage2$Accounts</strong>.</li>\n<li>For <strong>Select Method</strong>, from the drop-down, and select <strong>get</strong>.</li>\n</ol>"
    },
    "pointer": {
        "direction": "left",
        "element": "{    \n   \"module\": \"actioneditor\",    \n\"css_selector\": \"input[class *='aeViewTypeSequenceElement']\"\n}",
        "type": "default"
    },
    "navigationType": "manual",
    "navigationBar": {
        "left": {
            "text": "Previous",
            "enable": true,
            "hide": false
        },
        "right": {
            "text": "Next",
            "enable": true,
            "hide": false
        }
    },
    "navigationCondition": "",
    "position": "CENTER",
    "meta": {
        "Creator": "Prem Garudadri",
        "CreatedOn": "Thu, 19 Dec 2019 05:52:52 GMT"
    },
    "context": []
}