{
  "kuid": "cf8b16t8-00af-44rb-b5uf-267286na",
  "id": "VoltMX.ConnectAppServWebV9.invokeService",
  "content": {
    "title": "Invoke Service",
    "body": "<ol>\n<li>From the top-right corner of the <strong>Action Editor</strong>, select the <strong>Design View</strong>.</li>\n<li>Enter <strong>Invoke Service</strong>, in the search bar and select <strong>Invoke Service</strong> under the <strong>Network Section</strong>.</li>\n<li>In the right pane of the <strong>Action Editor</strong> a from the <strong>Select Service</strong> drop-down, select <strong>AccountStorage2$Accounts</strong>.</li>\n<li>For <strong>Select Method</strong>, from the drop-down, and select <strong>get</strong>.</li>\n</ol>"
  },
  "pointer": {
    "direction": "left",
    "element": {
      "module": "actioneditor",
      "css_selector": "input[class *='aeViewTypeSequenceElement']"
    },
    "type": "default"
  },
  "navigationType": "manual",
  "navigationBar": {
    "left": {
      "text": "Previous",
      "enable": true,
      "hide": false
    },
    "right": {
      "text": "Next",
      "enable": true,
      "hide": false
    }
  },
  "navigationCondition": "",
  "position": "CENTER",
  "meta": {
    "Creator": "Prem Garudadri",
    "CreatedOn": "Thu, 19 Dec 2019 05:52:52 GMT"
  },
  "context": [],
  "localization": {
    "en-us": {
      "content": {
        "title": "Invoke Service",
        "body": "<ol>\n<li>From the top-right corner of the <strong>Action Editor</strong>, select the <strong>Design View</strong>.</li>\n<li>Enter <strong>Invoke Service</strong>, in the search bar and select <strong>Invoke Service</strong> under the <strong>Network Section</strong>.</li>\n<li>In the right pane of the <strong>Action Editor</strong> a from the <strong>Select Service</strong> drop-down, select <strong>AccountStorage2$Accounts</strong>.</li>\n<li>For <strong>Select Method</strong>, from the drop-down, and select <strong>get</strong>.</li>\n</ol>"
      },
      "navigationBar": {
        "left": {
          "text": "Previous"
        },
        "right": {
          "text": "Next"
        }
      }
    },
    "zh-cn": {
      "content": {
        "title": "调用服务",
        "body": "***<ol> \n <li>从<strong>动作编辑器的顶端角</strong>，选择<strong>设计视图</strong>。</li> \n <li>在搜索栏中输入<strong> Indoke Service </strong>，然后在<strong>网络部分</strong>下选择<strong> Indoke Service </strong>。</li> \n <li>在<strong>操作编辑器的右窗格中</strong> a从<strong>选择SELECT SERVICE </strong>下拉下拉，选择<strong> AccountStorage2 $ Accounts </strong>。</li>。{22} \n <li>对于<strong>从下拉列表中选择</strong>，然后选择<strong> get </strong>。</li> \n </ol>"
      },
      "navigationBar": {
        "left": {
          "text": "以前的"
        },
        "right": {
          "text": "下一个"
        }
      }
    },
    "zh-tw": {
      "content": {
        "title": "調用服務",
        "body": "***<ol> \n <li>從<strong>動作編輯器的頂端角</strong>，選擇<strong>設計視圖</strong>。</li> \n <li>在搜索欄中輸入<strong> Indoke Service </strong>，然後在<strong>網絡部分</strong>下選擇<strong> Indoke Service </strong>。</li> \n <li>在<strong>操作編輯器的右窗格中</strong> a從<strong>選擇SELECT SERVICE </strong>下拉下拉，選擇<strong> AccountStorage2 $ Accounts </strong>。</li>。{22} \n <li>對於<strong>從下拉列表中選擇</strong>，然後選擇<strong> get </strong>。</li> \n </ol>"
      },
      "navigationBar": {
        "left": {
          "text": "以前的"
        },
        "right": {
          "text": "下一個"
        }
      }
    }
  }
}