{
    "kuid": "bec1a7t6-00a7-4drf-aeu1-ac171en4",
    "id": "VoltMX.CreateUIRWV9.addNavigation4",
    "content": {
        "title": "Add Navigation from Recipient List Screen",
        "body": "<ol>\n<li>From the <strong>Project</strong> explorer, navigate to <strong>Responsive Web / Desktop</strong> &gt; <strong>Forms</strong> &gt; <strong>frmRecipients</strong> &gt; <strong>flxMenu</strong>, and select <strong>flxAccountTab</strong>.</li>\n<li>From the <b>Properties</b> panel, navigate to the <strong>Action</strong> tab.</li>\n<li>For the <strong>onClick </strong>event, click <strong>Edit</strong>.<br /> The <strong>Action Editor </strong>window appears.</li>\n</ol>"
    },
    "pointer": {
        "direction": "left",
        "element": {
            "module": "projectexplorer",
            "path": "project-body\\project\\Responsive Web / Desktop\\Forms\\flxAccountTab"
        },
        "type": "default"
    },
    "navigationType": "manual",
    "navigationBar": {
        "left": {
            "text": "Previous",
            "enable": true,
            "hide": false
        },
        "right": {
            "text": "Next",
            "enable": true,
            "hide": false
        }
    },
    "navigationCondition": "",
    "position": "BOTTOM_LEFT",
    "meta": {
        "Creator": "Prem Garudadri",
        "CreatedOn": "Wed, 18 Dec 2019 16:26:22 GMT"
    },
    "context": []
}