{
  "kuid": "569536t0-4aa1-49r6-9fu8-7fa525nc",
  "id": "VoltMX.CreateEmailIdCompV9.componentUI5",
  "content": {
    "title": "Design the Label Widget",
    "body": "<ol><li>From the upper-right corner of Iris, in the <b>Properties</b> panel, click <b>Look</b>. </li><li>Under the <b>General</b> section, for the <b>Visible</b> property, select <b>Off</b>.</li>\n<li>Under the <b>Appearance</b> section, modify the values of the following properties:<br/>\n<ul><li> Text: <b> Invalid email ID </b></li></ul></li>\n<li>Under the <b>Flex</b> section, modify the values of the following properties:\n<ul><li>Left: <b> 10% </b></li>\n<li>Top: <b>54%</b></li></ul></li>\n\n</ol>"
  },
  "pointer": {
    "direction": "right",
    "element": {
      "module": "propertieswindow",
      "css_selector": ".kcell ul li div[id ='frmKonyLib_Look_A']"
    },
    "type": "default"
  },
  "navigationType": "manual",
  "navigationBar": {
    "left": {
      "text": "Previous",
      "enable": true,
      "hide": false
    },
    "right": {
      "text": "Next",
      "enable": true,
      "hide": false
    }
  },
  "navigationCondition": "",
  "position": "BOTTOM_RIGHT",
  "meta": {
    "Creator": "Rashmi Menon",
    "CreatedOn": "Tue, 26 Nov 2019 06:16:15 GMT"
  },
  "context": [],
  "localization": {
    "en-us": {
      "content": {
        "title": "Design the Label Widget",
        "body": "<ol><li>From the upper-right corner of Iris, in the <b>Properties</b> panel, click <b>Look</b>. </li><li>Under the <b>General</b> section, for the <b>Visible</b> property, select <b>Off</b>.</li>\n<li>Under the <b>Appearance</b> section, modify the values of the following properties:<br/>\n<ul><li> Text: <b> Invalid email ID </b></li></ul></li>\n<li>Under the <b>Flex</b> section, modify the values of the following properties:\n<ul><li>Left: <b> 10% </b></li>\n<li>Top: <b>54%</b></li></ul></li>\n\n</ol>"
      },
      "navigationBar": {
        "left": {
          "text": "Previous"
        },
        "right": {
          "text": "Next"
        }
      }
    },
    "zh-cn": {
      "content": {
        "title": "设计标签小部件",
        "body": "***<ol> <li>从Iris的上右角，在<b>属性</b>面板中，单击<b> LOOW </b>。 </li> <li>在<b>常规</b>部分，对于<b>可见</b>属性，选择<b> off </b>。</li> \n <li>在<b>外观</b>部分下，修改以下属性的值：<br/> \n <ul> <li>文本：<b>无效的电子邮件id </b> </li> </ul> </li> {25} \n <li>在<b> flex </b>部分下，修改以下属性的值： \n <ul> <li>左：<b> 10％</b> </li> \n <li>顶部：<b> 54％</b> </li> </ul> </li> \n\n </ol>"
      },
      "navigationBar": {
        "left": {
          "text": "以前的"
        },
        "right": {
          "text": "下一个"
        }
      }
    },
    "zh-tw": {
      "content": {
        "title": "設計標籤小部件",
        "body": "***<ol> <li>從Iris的上右角，在<b>屬性</b>面板中，單擊<b> LOOW </b>。 </li> <li>在<b>常規</b>部分，對於<b>可見</b>屬性，選擇<b> off </b>。</li> \n <li>在<b>外觀</b>部分下，修改以下屬性的值：<br/> \n <ul> <li>文本：<b>無效的電子郵件id </b> </li> </ul> </li> {25} \n <li>在<b> flex </b>部分下，修改以下屬性的值： \n <ul> <li>左：<b> 10％</b> </li> \n <li>頂部：<b> 54％</b> </li> </ul> </li> \n\n </ol>"
      },
      "navigationBar": {
        "left": {
          "text": "以前的"
        },
        "right": {
          "text": "下一個"
        }
      }
    }
  }
}