{
    "kuid": "0913afbe-a075-450e-8ed3-ad9c1330",
    "id": "Kony.FirstApp.Intro",
    "content": {
        "title": "Build Your First Mobile App",
        "body": "<b>Let’s get started!</b><br/>\nIn this hike, we will: <br/>\n<ul><li> Create forms with UI elements for user interaction</li>\n<li>Add navigation to access the different forms in this app</li></ul>\n<br/>\nBefore you get started, complete the hike:<br/><a class=\"tour-link\" tour=\"9a890157-717d-42ec-9140-c37dbdd7\"><b>1. Import & Launch a Native App</b></a><br/><br/>\n<b>When you are ready, click Start!</b>"
    },
    "position": "CENTER",
    "navigationType": "manual",
    "navigationCondition": "",
    "pointer": {
        "direction": "left",
        "element": "",
        "type": "none"
    },
    "navigationBar": {
        "left": {
            "text": "Previous",
            "hide": true,
            "enable": false
        },
        "right": {
            "text": "Start",
            "enable": true,
            "hide": false
        }
    }
}