{
    "kuid": "d03be5bb-2a1a-41a3-a3da-205789a5",
    "id": "Kony.EmpDirPreview.Viewing",
    "content": {
        "title": "Explore the App",
        "body": "<p>You can view the app on your device. </p>\n<ol>\n<li>Enter the following login credentials in your app.\n<ul>\n<li>Username: <strong>testuser@samples.kony.com</strong></li>\n<li>Password: <strong>test@123</strong></li>\n</ul>\n</li>\n<li>Click <strong>Login</strong>.<br />The Employee List appears.</li>\n<li>To view the details of any particular employee, click the employee name.</li>\n<li>To <strong>Exit</strong> the app on your <strong>mobile</strong> device, swipe two fingers from left to right or shake your <strong>mobile</strong> device and click <strong>Exit App</strong>.</li>\n</ol>"
    },
    "position": "TOP_RIGHT",
    "navigationType": "manual",
    "navigationCondition": "",
    "pointer": {
        "direction": "left",
        "element": "",
        "type": "none"
    },
    "navigationBar": {
        "left": {
            "text": "Previous",
            "hide": false,
            "enable": true
        },
        "right": {
            "text": "Next",
            "enable": true,
            "hide": false
        }
    }
}