{
  "kuid": "20cc11t1-0ca9-4er1-a7uc-6950c8na",
  "id": "VoltMX.IntroFlexLayoutV9.AddFlexContainer",
  "content": {
    "title": "Add a Header to the FlexForm",
    "body": "<ol>\n<li>From the bottom-left of the Iris, navigate to the <b>Default Library</b>.</li><li>Next to the <b>Default Library</b>, you will see the <b>My Libraries</b> tab and a search icon. Click the search icon 🔍.</li><li>In the search bar that appears, enter <b>FlexContainer</b>.</li><li>From the results, under <b>Default</b>, find <b>FlexContainer</b>.</li>\n<li>Drag and drop the <strong>FlexContainer</strong> widget onto the <strong>frmFlexLayout</strong> form on the canvas.</li>\n<li>From the <b>Project</b> explorer, expand <b>Mobile</b> &gt; <b>Forms</b> &gt; <b>frmFlexLayout</b>.</li>\n<li>Right-click on the flex container named as <b>FlexContainerXXXX</b> under <b>frmFlexLayout</b> and rename the flex container from <b>FlexContainerXXXX</b> to <b>flxHeader</b>.</li>\n</ol>"
  },
  "pointer": {
    "direction": "left",
    "element": {
      "module": "konylibrary",
      "path": "default-body\\widgets\\default\\FlexContainer"
    },
    "type": "default"
  },
  "navigationType": "manual",
  "navigationBar": {
    "left": {
      "text": "Previous",
      "enable": true,
      "hide": false
    },
    "right": {
      "text": "Next",
      "enable": true,
      "hide": false
    }
  },
  "navigationCondition": "",
  "position": "BOTTOM_RIGHT",
  "meta": {
    "Creator": "Rashmi Menon",
    "CreatedOn": "Mon, 25 Nov 2019 07:55:11 GMT"
  },
  "context": [],
  "localization": {
    "en-us": {
      "content": {
        "title": "Add a Header to the FlexForm",
        "body": "<ol>\n<li>From the bottom-left of the Iris, navigate to the <b>Default Library</b>.</li><li>Next to the <b>Default Library</b>, you will see the <b>My Libraries</b> tab and a search icon. Click the search icon 🔍.</li><li>In the search bar that appears, enter <b>FlexContainer</b>.</li><li>From the results, under <b>Default</b>, find <b>FlexContainer</b>.</li>\n<li>Drag and drop the <strong>FlexContainer</strong> widget onto the <strong>frmFlexLayout</strong> form on the canvas.</li>\n<li>From the <b>Project</b> explorer, expand <b>Mobile</b> &gt; <b>Forms</b> &gt; <b>frmFlexLayout</b>.</li>\n<li>Right-click on the flex container named as <b>FlexContainerXXXX</b> under <b>frmFlexLayout</b> and rename the flex container from <b>FlexContainerXXXX</b> to <b>flxHeader</b>.</li>\n</ol>"
      },
      "navigationBar": {
        "left": {
          "text": "Previous"
        },
        "right": {
          "text": "Next"
        }
      }
    },
    "zh-cn": {
      "content": {
        "title": "将标题添加到FlexForm",
        "body": "***<ol> \n <li>从虹膜的左下左下，导航到<b>默认库</b>。 库</b>选项卡和搜索图标。 单击出现的搜索栏中的搜索图标。 } flexcontainer </b>。</li> \n <li>将<strong> flexContainer拖动</strong>窗口小部件上<strong> frmflexlayout </strong>形式在画布上。</li> \n <li>来自<b> project </b>资源管理器，展开<b>移动</b>＆gt; <b>表格</b>＆gt; <b> frmflexlayout </b>。</li> \n <li>右键单击在{<b> frmflexlayout </b>下的flex容器上，称为<b> flexcontainerxxxx </b>，并从<b> flexcontainerxxxxxxxxxxx </b>到<b> flxheadheadeflxheadheaderer </b> {45} {45}。 46} \n </ol>"
      },
      "navigationBar": {
        "left": {
          "text": "以前的"
        },
        "right": {
          "text": "下一个"
        }
      }
    },
    "zh-tw": {
      "content": {
        "title": "將標題添加到FlexForm",
        "body": "***<ol> \n <li>從虹膜的左下左下，導航到<b>默認庫</b>。 庫</b>選項卡和搜索圖標。 單擊出現的搜索欄中的搜索圖標。 } flexcontainer </b>。</li> \n <li>將<strong> flexContainer拖動</strong>窗口小部件上<strong> frmflexlayout </strong>形式在畫布上。</li> \n <li>來自<b> project </b>資源管理器，展開<b>移動</b>＆gt; <b>表格</b>＆gt; <b> frmflexlayout </b>。</li> \n <li>右鍵單擊在{<b> frmflexlayout </b>下的flex容器上，稱為<b> flexcontainerxxxx </b>，並從<b> flexcontainerxxxxxxxxxxx </b>到<b> flxheadheadeflxheadheaderer </b> {45} {45}。 46} \n </ol>"
      },
      "navigationBar": {
        "left": {
          "text": "以前的"
        },
        "right": {
          "text": "下一個"
        }
      }
    }
  }
}