{
    "kuid": "20cc11t1-0ca9-4er1-a7uc-6950c8na",
    "id": "VoltMX.IntroFlexLayoutV9.AddFlexContainer",
    "content": {
        "title": "Add a Header to the FlexForm",
        "body": "<ol>\n<li>From the <strong>Default Library</strong> tab on the bottom left of your Iris, search for the <strong>FlexContainer</strong> widget.</li>\n<li>Drag and drop the <strong>FlexContainer</strong> widget onto the <strong>frmFlexLayout</strong> form on the canvas.</li>\n<li>Select the newly added <strong>FlexContainer</strong> widget from the <strong>Project</strong> explorer on the top left of your Iris.</li>\n<li>Right-click on the FlexContainer and rename <strong>flxHeader</strong>.</li>\n</ol>"
    },
    "pointer": {
        "direction": "left",
        "element": {
            "module": "konylibrary",
            "path": "default-body\\widgets\\default\\FlexContainer"
        },
        "type": "default"
    },
    "navigationType": "manual",
    "navigationBar": {
        "left": {
            "text": "Previous",
            "enable": true,
            "hide": false
        },
        "right": {
            "text": "Next",
            "enable": true,
            "hide": false
        }
    },
    "navigationCondition": "",
    "position": "BOTTOM_RIGHT",
    "meta": {
        "Creator": "Rashmi Menon",
        "CreatedOn": "Mon, 25 Nov 2019 07:55:11 GMT"
    },
    "context": []
}