{
    "kuid": "3202cf6b-5c39-4cd9-b48e-a4871662",
    "id": "Kony.ModifyEmployeeDirectory.Logout4",
    "content": {
        "title": "Logout for Employee List Form",
        "body": "<ol>\n<li>On the <strong>Action Editor</strong> canvas, navigate to <strong>Call Identity Service-MicrosoftActiveDirectory$logout</strong> &gt; <strong>Success</strong>.</li>\n<li>Under <strong>Success</strong>, right-click and select delete <strong>Show Alert</strong>.</li>\n<li>From the <strong>Action Editor</strong> canvas, under <strong>Call Identity Service-MicrosoftActiveDirectory$logout</strong>, select <strong>Success</strong>.</li>\n<li>From the <strong>Action Editor</strong> left menu, under <strong>Navigation</strong> select <strong>Navigate to Form</strong>.</li>\n<li>From the lower pane of the <strong>Action Editor</strong> canvas, select <strong>frmLogin</strong>.</li>\n<li>Click <strong>OK</strong>.<br />If you do not see an OK button, click Next and move to the next card.</li>\n</ol>"
    },
    "position": "BOTTOM_RIGHT",
    "navigationType": "manual",
    "navigationCondition": "",
    "pointer": {
        "direction": "left",
        "element": {
            "module": "actioneditor",
            "itemType": "ae-action-type",
            "info": {
                "actionType": "Navigate to Form"
            }
        },
        "type": "default"
    },
    "navigationBar": {
        "left": {
            "text": "Previous",
            "hide": false,
            "enable": true
        },
        "right": {
            "text": "Next",
            "enable": true,
            "hide": false
        }
    }
}