{
  "kuid": "d77f4dte-7fa2-4er2-9bu6-a17ab2n2",
  "id": "VoltMX.IntrotoActionEditorV9.addingelse",
  "content": {
    "title": "Adding Else Condition",
    "body": "<p>Since the user has satisfied the conditions set, he should be notified that his Sign Up process is over.</p>\n<ol><li>From the <b>Action Editor</b> canvas, select <b>Start</b>.</li>\n<li>From the <strong>Action Editor</strong> left menu, under <strong>Conditions</strong> select the <strong>Else </strong>Condition.</li>\n<li>From the <strong>Action Editor</strong> left menu, under <strong>Widget</strong> , select <strong>Set Widget Property</strong>.<br />A new action will be added to your <strong>Action Editor</strong> canvas under <strong>ELSE</strong>.</li>\n<li>In the right pane, expand <strong>Mobile Forms</strong> &gt; <strong>frmRegistration</strong> &gt; <strong>ACMERegister</strong> &gt; <strong>flxACMERegister</strong> and select <strong>flxActivation</strong>.</li>\n<li>In the right pane, ensure that:<br />\n<ul>\n<li><strong>Property</strong> is set to <strong>Visible</strong></li>\n<li><strong>Visibility</strong> is set to <strong>True</strong></li>\n</ul>\n</li>\n<li>Click <strong>Save</strong>.</li>\n</ol>"
  },
  "pointer": {
    "direction": "left",
    "element": {
      "module": "actioneditor",
      "itemType": "ae-action-type",
      "info": {
        "actionType": "Else"
      }
    },
    "type": "default"
  },
  "navigationType": "manual",
  "navigationBar": {
    "left": {
      "text": "Previous",
      "enable": true,
      "hide": false
    },
    "right": {
      "text": "Next",
      "enable": true,
      "hide": false
    }
  },
  "navigationCondition": "",
  "position": "BOTTOM_RIGHT",
  "meta": {
    "Creator": "Rashmi Menon",
    "CreatedOn": "Tue, 26 Nov 2019 05:04:13 GMT"
  },
  "context": [],
  "localization": {
    "en-us": {
      "content": {
        "title": "Adding Else Condition",
        "body": "<p>Since the user has satisfied the conditions set, he should be notified that his Sign Up process is over.</p>\n<ol><li>From the <b>Action Editor</b> canvas, select <b>Start</b>.</li>\n<li>From the <strong>Action Editor</strong> left menu, under <strong>Conditions</strong> select the <strong>Else </strong>Condition.</li>\n<li>From the <strong>Action Editor</strong> left menu, under <strong>Widget</strong> , select <strong>Set Widget Property</strong>.<br />A new action will be added to your <strong>Action Editor</strong> canvas under <strong>ELSE</strong>.</li>\n<li>In the right pane, expand <strong>Mobile Forms</strong> &gt; <strong>frmRegistration</strong> &gt; <strong>ACMERegister</strong> &gt; <strong>flxACMERegister</strong> and select <strong>flxActivation</strong>.</li>\n<li>In the right pane, ensure that:<br />\n<ul>\n<li><strong>Property</strong> is set to <strong>Visible</strong></li>\n<li><strong>Visibility</strong> is set to <strong>True</strong></li>\n</ul>\n</li>\n<li>Click <strong>Save</strong>.</li>\n</ol>"
      },
      "navigationBar": {
        "left": {
          "text": "Previous"
        },
        "right": {
          "text": "Next"
        }
      }
    },
    "zh-cn": {
      "content": {
        "title": "添加其他条件",
        "body": "***<p>由于用户满足了设置的条件，因此应通知他的注册过程已经结束。</p> \n <ol> <li>来自<b>动作编辑器</b>帆布，选择<b> start </b>。</li> \n <li>来自<strong>操作编辑器</strong>左菜单，在<strong>条件</strong>下选择<strong> else </strong>条件。</li> \n <li>来自<strong>操作编辑器</strong>左菜单，在<strong> widget </strong>下，选择<strong>设置widget property </strong>。<br />将添加一个新操作，将其添加到您的<strong> 动作编辑器</strong> <strong> else </strong>下的画布。</li> \n <li>在右窗格中，展开<strong>移动表单</strong>＆gt; <strong> frmregistration </strong>＆gt; <strong> acmeregister </strong>＆gt; <strong> flxacmeregister </strong>，然后选择<strong> flxActivation </strong>。</li> \n <li>在右窗格中，确保：<br /> \n <ul> \n <li> <strong>属性</strong>设置为<strong>可见</strong> </li> \n <li> <strong>可见性</strong>设置为<strong> true </strong> </li> {56} \n </ul> \n </li> \n <li>单击<strong>保存</strong>。</li> \n </ol>"
      },
      "navigationBar": {
        "left": {
          "text": "以前的"
        },
        "right": {
          "text": "下一个"
        }
      }
    },
    "zh-tw": {
      "content": {
        "title": "添加其他條件",
        "body": "***<p>由於用戶滿足了設置的條件，因此應通知他的註冊過程已經結束。</p> \n <ol> <li>來自<b>動作編輯器</b>帆布，選擇<b> start </b>。</li> \n <li>來自<strong>操作編輯器</strong>左菜單，在<strong>條件</strong>下選擇<strong> else </strong>條件。</li> \n <li>來自<strong>操作編輯器</strong>左菜單，在<strong> widget </strong>下，選擇<strong>設置widget property </strong>。<br />將添加一個新操作，將其添加到您的<strong> 動作編輯器</strong> <strong> else </strong>下的畫布。</li> \n <li>在右窗格中，展開<strong>移動表單</strong>＆gt; <strong> frmregistration </strong>＆gt; <strong> acmeregister </strong>＆gt; <strong> flxacmeregister </strong>，然後選擇<strong> flxActivation </strong>。</li> \n <li>在右窗格中，確保：<br /> \n <ul> \n <li> <strong>屬性</strong>設置為<strong>可見</strong> </li> \n <li> <strong>可見性</strong>設置為<strong> true </strong> </li> {56} \n </ul> \n </li> \n <li>單擊<strong>保存</strong>。</li> \n </ol>"
      },
      "navigationBar": {
        "left": {
          "text": "以前的"
        },
        "right": {
          "text": "下一個"
        }
      }
    }
  }
}