{
  "kuid": "bf12b4t8-f3af-48r9-a8u4-ba0100nb",
  "id": "VoltMX.VoltMXOrientationV9.canvas",
  "content": {
    "title": "Canvas",
    "body": "<p>The <b>Canvas</b> is the work area where you design an app. By selecting a device and a platform from its drop-down menus, you can view how your app UI will look on a device without leaving Volt MX Iris.</p>"
  },
  "pointer": {
    "direction": "left",
    "element": {
      "module": "appcanvas",
      "paneId": "ac-area-one"
    },
    "type": "default"
  },
  "navigationType": "manual",
  "navigationBar": {
    "left": {
      "text": "Previous",
      "enable": true,
      "hide": false
    },
    "right": {
      "text": "Next",
      "enable": true,
      "hide": false
    }
  },
  "navigationCondition": "",
  "position": "BOTTOM_RIGHT",
  "meta": {
    "Creator": "Rashmi Menon",
    "CreatedOn": "Mon, 25 Nov 2019 06:58:16 GMT"
  },
  "context": [],
  "localization": {
    "en-us": {
      "content": {
        "title": "Canvas",
        "body": "<p>The <b>Canvas</b> is the work area where you design an app. By selecting a device and a platform from its drop-down menus, you can view how your app UI will look on a device without leaving Volt MX Iris.</p>"
      },
      "navigationBar": {
        "left": {
          "text": "Previous"
        },
        "right": {
          "text": "Next"
        }
      }
    },
    "zh-cn": {
      "content": {
        "title": "帆布",
        "body": "<p> <b> canvas </b>是设计应用程序的工作区域。 通过从其下拉菜单中选择设备和平台，您可以在不离开Volt MX Iris的情况下查看应用程序在设备上的外观。</p>"
      },
      "navigationBar": {
        "left": {
          "text": "以前的"
        },
        "right": {
          "text": "下一个"
        }
      }
    },
    "zh-tw": {
      "content": {
        "title": "帆布",
        "body": "<p> <b> canvas </b>是設計應用程序的工作區域。 通過從其下拉菜單中選擇設備和平台，您可以在不離開Volt MX Iris的情況下查看應用程序在設備上的外觀。</p>"
      },
      "navigationBar": {
        "left": {
          "text": "以前的"
        },
        "right": {
          "text": "下一個"
        }
      }
    }
  }
}