{
  "kuid": "c3e77fte-f6a4-42r2-91u6-1ed100n1",
  "id": "VoltMX.UserRepositoryAuthV9.mapLogout",
  "content": {
    "title": "Map Logout to Home",
    "body": "<ol>\n<li>Navigate to the <strong>Data &amp; Services</strong> panel on the top right of your canvas.</li>\n<li>Expand <strong>Project Services</strong> &gt; <strong>employeeUserStore</strong>.</li>\n<li>Drag and drop the <strong>logout</strong> operation onto the <strong>frmHome</strong> form on your canvas.</li>\n<li>Navigate to the <strong>Project</strong> explorer, expand <strong>Responsive Web / Desktop</strong> &gt; <strong>Forms</strong> &gt; <strong>frmHome</strong> and select <strong>flexlogout</strong>.</li>\n<li>From the <strong>Properties</strong> panel on the top right of your canvas, select <strong>Look</strong>.</li>\n<li>Under <strong>Flex</strong>, modify the values of the following properties\n<ul>\n<li>Top: <strong>40%</strong></li>\n<li>Width: <strong>40%</strong></li>\n<li>Center X: <strong>50%</strong></li>\n</ul>\n</li>\n</ol>"
  },
  "pointer": {
    "direction": "top",
    "element": {
      "module": "datapanel",
      "itemType": "dp_tab"
    },
    "type": "default"
  },
  "navigationType": "manual",
  "navigationBar": {
    "left": {
      "text": "Previous",
      "enable": true,
      "hide": false
    },
    "right": {
      "text": "Next",
      "enable": true,
      "hide": false
    }
  },
  "navigationCondition": "",
  "position": "BOTTOM_LEFT",
  "meta": {
    "Creator": "Rashmi Menon",
    "CreatedOn": "Wed, 27 Nov 2019 07:07:41 GMT"
  },
  "context": [],
  "localization": {
    "en-us": {
      "content": {
        "title": "Map Logout to Home",
        "body": "<ol>\n<li>Navigate to the <strong>Data &amp; Services</strong> panel on the top right of your canvas.</li>\n<li>Expand <strong>Project Services</strong> &gt; <strong>employeeUserStore</strong>.</li>\n<li>Drag and drop the <strong>logout</strong> operation onto the <strong>frmHome</strong> form on your canvas.</li>\n<li>Navigate to the <strong>Project</strong> explorer, expand <strong>Responsive Web / Desktop</strong> &gt; <strong>Forms</strong> &gt; <strong>frmHome</strong> and select <strong>flexlogout</strong>.</li>\n<li>From the <strong>Properties</strong> panel on the top right of your canvas, select <strong>Look</strong>.</li>\n<li>Under <strong>Flex</strong>, modify the values of the following properties\n<ul>\n<li>Top: <strong>40%</strong></li>\n<li>Width: <strong>40%</strong></li>\n<li>Center X: <strong>50%</strong></li>\n</ul>\n</li>\n</ol>"
      },
      "navigationBar": {
        "left": {
          "text": "Previous"
        },
        "right": {
          "text": "Next"
        }
      }
    },
    "zh-cn": {
      "content": {
        "title": "地图注销到家",
        "body": "<ol> \n <li>导航到<strong> data＆amp; 服务</strong>面板在画布的右上角。</li> \n <li>展开<strong>项目服务</strong>＆gt; <strong>员工股票</strong>。</li> \n <li>将<strong> lokout </strong>操作拖放到<strong> frmhome </strong>形式上。</li> \n <li>导航到<strong> project </strong>资源管理器，展开<strong>响应式Web / desktop </strong>＆gt; <strong>表格</strong>＆gt; <strong> frmhome </strong>并选择<strong> flexlogout </strong>。</li> \n <li>来自<strong>属性</strong>面板在画布的右上方，选择<strong> LOOW </strong>。</li> \n <li>在<strong> flex </strong>下，修改以下属性的值 \n <ul> \n <li>顶部：<strong> 40％</strong> </li> \n <li>宽度：<strong> 40％</strong> </li> \n <li>中心X：<strong> 50％</strong> </li> \n </ul> \n </li> \n </ol>"
      },
      "navigationBar": {
        "left": {
          "text": "以前的"
        },
        "right": {
          "text": "下一个"
        }
      }
    },
    "zh-tw": {
      "content": {
        "title": "地圖註銷到家",
        "body": "<ol> \n <li>導航到<strong> data＆amp; 服務</strong>面板在畫布的右上角。</li> \n <li>展開<strong>項目服務</strong>＆gt; <strong>員工股票</strong>。</li> \n <li>將<strong> lokout </strong>操作拖放到<strong> frmhome </strong>形式上。</li> \n <li>導航到<strong> project </strong>資源管理器，展開<strong>響應式Web / desktop </strong>＆gt; <strong>表格</strong>＆gt; <strong> frmhome </strong>並選擇<strong> flexlogout </strong>。</li> \n <li>來自<strong>屬性</strong>面板在畫布的右上方，選擇<strong> LOOW </strong>。</li> \n <li>在<strong> flex </strong>下，修改以下屬性的值 \n <ul> \n <li>頂部：<strong> 40％</strong> </li> \n <li>寬度：<strong> 40％</strong> </li> \n <li>中心X：<strong> 50％</strong> </li> \n </ul> \n </li> \n </ol>"
      },
      "navigationBar": {
        "left": {
          "text": "以前的"
        },
        "right": {
          "text": "下一個"
        }
      }
    }
  }
}