{
  "Card.VoltMX.AddaSalesforceServiceV9.Intro": {
    "content": {
      "title": "向您的应用添加Salesforce服务",
      "body": "***<p>在这次远足中，我们将学习如何使用<b> volt mx Foundry </b>在Iris中添加Salesforce服务。<br/ > \n  </p> \n <p>我们开始启动之前，在Salesforce中创建一个应用程序，然后获取<b>客户端ID </b>，<b>客户端秘密</b>和<b>安全令牌</b>。</p>。{12}"
    },
    "navigationBar": {
      "left": {
        "text": "以前的"
      },
      "right": {
        "text": "开始"
      }
    }
  },
  "Card.VoltMX.AddaSalesforceServiceV9.NewProject1": {
    "content": {
      "title": "创建一个新项目",
      "body": "<ol> \n <li>从虹膜的主菜单中，导航到<strong> project </strong>＆gt; <strong>新项目</strong>。</li> \n <li>来自<strong>您现在想从什么开始？ </strong>窗口，选择<strong>本机应用</strong>。</li> \n <li>单击<strong> Next </strong>。<br/> <b>您从本机应用程序</b>窗口打开。 </li> \n </ol>"
    },
    "navigationBar": {
      "left": {
        "text": "以前的"
      },
      "right": {
        "text": "下一个"
      }
    }
  },
  "Card.VoltMX.AddaSalesforceServiceV9.NewProject2": {
    "content": {
      "title": "创建一个新项目",
      "body": "<ol> \n <li> <strong>项目名称</strong>，enter <strong> salesforcesample </strong>。</li> \n <li>单击<strong>创建</strong>。<br />使用一个Flex表单创建一个新应用程序。 <br />应用程序在<strong>故事板</strong>视图中打开。</li> \n </ol>"
    },
    "navigationBar": {
      "left": {
        "text": "以前的"
      },
      "right": {
        "text": "下一个"
      }
    }
  },
  "Card.VoltMX.AddaSalesforceServiceV9.rename": {
    "content": {
      "title": "重命名表格",
      "body": "<ol> \n <li>在<strong>故事板</strong>视图中，在新表单上方，单击<strong> form1 </strong>。</li> \n <li>将表单从<strong> form1 </strong>重命名为<strong> frmlogin </strong>。</li> \n <li>将小部件添加到表单中，双击表单上以打开<strong> design </strong>视图中的表单。</li> \n </ol>"
    },
    "navigationBar": {
      "left": {
        "text": "以前的"
      },
      "right": {
        "text": "下一个"
      }
    }
  },
  "Card.VoltMX.AddaSalesforceServiceV9.addServices": {
    "content": {
      "title": "将Salesforce服务添加到您的应用",
      "body": "<ol> \n <li>来自<strong> data＆amp; 服务</strong>面板，展开<strong>项目服务</strong>。</li> \n <li>单击<strong>配置新</strong>以获取预包装服务的列表。</li> \n <li>在<strong>数据集成</strong>下，选择<strong> salesforce </strong>。<br /> <strong>配置对象服务</strong>窗口出现。</li> \n </ol>"
    },
    "navigationBar": {
      "left": {
        "text": "以前的"
      },
      "right": {
        "text": "下一个"
      }
    }
  },
  "Card.VoltMX.AddaSalesforceServiceV9.addObj": {
    "content": {
      "title": "创建一个新的对象服务",
      "body": "***<ol> \n <li>在<strong>配置对象服务</strong>窗口中，提供对象服务的名称：<strong> salesforcesample </strong>。 App用户）和版本已预先填写。</li> \n <li>选择<strong>在<strong>身份验证</strong>部分中指定登录端点</strong>。</li> \n <li>在<b>身份验证</b>部分中提供以下数据： \n <ul> \n <li> <strong>客户端ID </strong> </li> \n <li> <strong>客户端秘密</strong> </li> \n <li> <strong> userId </strong>和<strong> password </strong>  - 您的salesforce用户IDS和密码（密码可能需要使用安全令牌）。</li> \n </ul> \n </li> \n <li>单击<strong>保存＆amp; 生成</strong>。<br /> <strong>从后端</strong>窗口出现</li> \n </ol>"
    },
    "navigationBar": {
      "left": {
        "text": "以前的"
      },
      "right": {
        "text": "下一个"
      }
    }
  },
  "Card.VoltMX.AddaSalesforceServiceV9.importObj": {
    "content": {
      "title": "从Salesforce应用程序导入对象",
      "body": "<p>请注意，您的salesforce帐户中的对象出现在<b>从后端</b>窗口导入对象。</p> \n <ol> <li>从列表中选择<b>帐户</b>对象。</li> \n <li>单击<b>下一个</b>按钮以导入帐户对象。</li> </ol>"
    },
    "navigationBar": {
      "left": {
        "text": "以前的"
      },
      "right": {
        "text": "下一个"
      }
    }
  },
  "Card.VoltMX.AddaSalesforceServiceV9.generateObj": {
    "content": {
      "title": "将帐户对象添加到Salesforce",
      "body": "<ol> \n <li>单击<strong>生成</strong>以将<strong>帐户</strong>对象添加到您的Salesforce服务。</li> \n <li>关闭<strong>配置对象服务</strong>窗口。<br />您已成功地将<strong>帐户</strong>对象添加到您的服务中。</li> \n </ol>"
    },
    "navigationBar": {
      "left": {
        "text": "以前的"
      },
      "right": {
        "text": "下一个"
      }
    }
  },
  "Card.VoltMX.AddaSalesforceServiceV9.UIforSalesforce": {
    "content": {
      "title": "生成UI服务",
      "body": "***<ol> \n <li>从<strong> project </strong>探索器，导航到<strong>移动</strong>＆gt; <strong>表格</strong>并选择<strong> frmlogin </strong>。</li> \n <li>从<strong> project Services </strong> tab在画布右上方，展开<strong> project Services </strong>＆gt; <strong> salesforcesample </strong>＆gt; <strong>帐户</strong>，然后选择<strong>获取</strong>。</li> \n <li>将<strong>获取</strong>方法上的<strong> frmlogin </strong>形式在画布上。<br /> <strong> {29}您想生成什么？</strong>窗口出现。 </li> \n <li>使用响应</strong>选择<strong>列表。</li> \n <li>单击<strong> ok </strong>。</li> \n </ol>"
    },
    "navigationBar": {
      "left": {
        "text": "以前的"
      },
      "right": {
        "text": "下一个"
      }
    }
  },
  "Card.VoltMX.AddaSalesforceServiceV9.appviewer": {
    "content": {
      "title": "Volt MX应用程序",
      "body": "<ol> \n <li>使用USB电缆将您的<b>移动</b>连接到计算机。<br /> \n 对于Android设备，请确保使用USB到<b>传输文件</b>。</li> \n <li>在您的<b>移动</b>上启动<b> volt mx app </b>。</li> \n <li>选择<b> USB </b> TAB。</li> \n <li>在成功的连接上，<b> iris </b>在您的计算机上迅速显示成功。<br /> \n 同时，USB图标在您的<b> volt mx app </b>上旋转绿色。</li> \n </ol>"
    },
    "navigationBar": {
      "left": {
        "text": "以前的"
      },
      "right": {
        "text": "下一个"
      }
    }
  },
  "Card.VoltMX.AddaSalesforceServiceV9.settings": {
    "content": {
      "title": "实时预览设置",
      "body": "<ol> <li>从主菜单中，选择<b>构建</b>。</li> \n <li>单击<b>实时预览设置</b>。</li> </ol>"
    },
    "navigationBar": {
      "left": {
        "text": "以前的"
      },
      "right": {
        "text": "下一个"
      }
    }
  },
  "Card.VoltMX.AddaSalesforceServiceV9.run": {
    "content": {
      "title": "运行应用程序",
      "body": "<ol> <li>从<b> Live Preview设置</b>窗口，在<b>本机</b>下，选择要查看应用程序的移动/平板电脑OS旁边的复选框。 <br/>例如：<b> ios </b>和<b> android </b>。<br/>确保您未选择所有其他平台和频道。</li> \n <li>单击<b>保存＆运行</b>。<br/>可能需要一些时间才能让Iris显示<b> Live Preview已准备就绪</b>窗口。</ol>"
    },
    "navigationBar": {
      "left": {
        "text": "以前的"
      },
      "right": {
        "text": "下一个"
      }
    }
  },
  "Card.VoltMX.AddaSalesforceServiceV9.view": {
    "content": {
      "title": "查看应用程序",
      "body": "***<ol> \n <li>在您的<b> volt mx app </b>上，单击<b>启动</b>。<br /> \n 如果提示您提供应用程序名称，请输入<b> salesforcesample </b>，然后单击<b>启动</b>。</li> <li> {12} {12} to <b> exit </b>预览，从左边滑动两个手指 正确或摇动手机。</li> \n </ol>"
    },
    "navigationBar": {
      "left": {
        "text": "以前的"
      },
      "right": {
        "text": "下一个"
      }
    }
  },
  "Card.VoltMX.AddaSalesforceServiceV9.last": {
    "content": {
      "title": "恭喜",
      "body": "<p>您已经成功：</p> \n <ul> <b> \n <li>使用IRIS中的Volt MX Foundry在您的应用中添加了Salesforce服务</li> \n <li>使用Salesforce服务响应</li>创建一个UI \n <li>使用Volt MX App </li> </b>在移动设备上启动您的应用程序 \n </ul>"
    },
    "navigationBar": {
      "left": {
        "text": "以前的"
      },
      "right": {
        "text": "完毕"
      }
    }
  }
}