{
  "Tour.AddaSalesforceServiceV9": {
    "description": " यात्रा का विवरण"
  },
  "Hike.VoltMX.AddaSalesforceServiceV9": {
    "description": " वृद्धि का विवरण"
  },
  "Card.VoltMX.AddaSalesforceServiceV9.addObj": {
    "content": {
      "title": " एक नई वस्तु सेवा बनाएँ",
      "body": "<ol>\n<li> में<strong> ऑब्जेक्ट सेवा कॉन्फ़िगर करें</strong> विंडो, ऑब्जेक्ट सेवा का नाम प्रदान करें:<strong> Salesforce नमूना</strong>.<br /> अन्य फ़ील्ड जैसे - समापन बिंदु प्रकार (बिक्री बल), सुरक्षा स्तर (प्रमाणीकृत ऐप उपयोगकर्ता) और संस्करण पहले से भरे हुए हैं।</li>\n<li> चुनें<strong> लॉगिन समापन बिंदु निर्दिष्ट करें</strong> में<strong> प्रमाणीकरण</strong> अनुभाग।</li>\n<li> प्रमाणीकरण अनुभाग में अपने बिक्री बल आवेदन से निम्नलिखित डेटा प्रदान करें:<ul>\n<li><strong> क्लाइंट आईडी</strong></li>\n<li><strong> क्लाइंट सीक्रेट</strong></li>\n<li><strong> यूजर आईडी</strong> और<strong> पासवर्ड</strong> - आपका सेल्सफोर्स यूजर आईडी और पासवर्ड (सुरक्षा टोकन के साथ पासवर्ड संलग्न)।</li>\n</ul>\n</li>\n<li> क्लिक करें<strong> सहेजें और amp; उत्पन्न</strong>.<br /> The<strong> बैकएंड से ऑब्जेक्ट आयात करें</strong> विंडो प्रकट होती है।</li>\n</ol>"
    },
    "navigationBar": {
      "left": {
        "text": " पिछला"
      },
      "right": {
        "text": " अगला"
      }
    }
  },
  "Card.VoltMX.AddaSalesforceServiceV9.addServices": {
    "content": {
      "title": " अपने ऐप में Salesforce सेवा जोड़ें",
      "body": "<ol>\n<li> से<strong> डेटा &amp; सेवाएं</strong> पैनल, विस्तार करें<strong> परियोजना सेवाएं</strong>.</li>\n<li> क्लिक करें<strong> नया कॉन्फ़िगर करें</strong> पहले से पैक की गई सेवाओं की सूची प्राप्त करने के लिए।</li>\n<li> अंडर<strong> डेटा एकीकरण</strong> , चुनें<strong> सेल्सफोर्स</strong>.<br /> The<strong> ऑब्जेक्ट सेवा कॉन्फ़िगर करें</strong> विंडो प्रकट होती है।</li>\n</ol>"
    },
    "navigationBar": {
      "left": {
        "text": " पिछला"
      },
      "right": {
        "text": " अगला"
      }
    }
  },
  "Card.VoltMX.AddaSalesforceServiceV9.appviewer": {
    "content": {
      "title": " वोल्ट एमएक्स ऐप",
      "body": "<ol>\n<li> अपना कनेक्ट करें<b> मोबाइल</b> USB केबल का उपयोग करके अपने कंप्यूटर पर।<br /> Android उपकरणों के लिए, सुनिश्चित करें कि आप USB का उपयोग करते हैं<b> फ़ाइलें स्थानांतरित करें</b>.</li>\n<li> लॉन्च करें<b> वोल्ट एमएक्स ऐप</b> अपने पर<b> मोबाइल</b>.</li>\n<li> चुनें<b> यूएसबी</b> टैब।</li>\n<li> सफल कनेक्शन पर,<b> आइरिस</b> आपके कंप्यूटर पर एक सफलता संकेत दिखाता है।<br /> उसी समय, आपके यूएसबी आइकन हरे रंग में बदल जाता है<b> वोल्ट एमएक्स ऐप</b>.</li>\n</ol>"
    },
    "navigationBar": {
      "left": {
        "text": " पिछला"
      },
      "right": {
        "text": " अगला"
      }
    }
  },
  "Card.VoltMX.AddaSalesforceServiceV9.generateObj": {
    "content": {
      "title": " Salesforce में खाता वस्तु जोड़ें",
      "body": "<ol>\n<li> क्लिक करें<strong> उत्पन्न</strong> जोड़ने के लिए<strong> खाता</strong> अपनी बिक्री बल सेवा पर आपत्ति करें।</li>\n<li> बंद करें<strong> वस्तु सेवा संपादित करें</strong> window.<br /> आपने सफलतापूर्वक जोड़ लिया है<strong> खाता</strong> आपकी सेवा पर आपत्ति।</li>\n</ol>"
    },
    "navigationBar": {
      "left": {
        "text": " पिछला"
      },
      "right": {
        "text": " अगला"
      }
    }
  },
  "Card.VoltMX.AddaSalesforceServiceV9.importObj": {
    "content": {
      "title": " Salesforce ऐप से ऑब्जेक्ट आयात करें",
      "body": "<p> ध्यान दें कि आपके सेल्सफोर्स खाते में ऑब्जेक्ट दिखाई देते हैं<b> बैकएंड से ऑब्जेक्ट आयात करें</b> window.</p>\n<ol><li> चुनें<b> खाता</b> सूची से वस्तु।</li>\n<li> बाहरी विंडो को नीचे स्क्रॉल करें और चुनें<b> अगला</b> खाता वस्तु आयात करने के लिए।</li></ol>"
    },
    "navigationBar": {
      "left": {
        "text": " पिछला"
      },
      "right": {
        "text": " अगला"
      }
    }
  },
  "Card.VoltMX.AddaSalesforceServiceV9.Intro": {
    "content": {
      "title": " अपने ऐप में सेल्सफोर्स सेवा जोड़ना",
      "body": "<p> इस वृद्धि में, हम सीखेंगे कि अपने ऐप का उपयोग करके सेल्सफोर्स सेवा कैसे जोड़ें<b> वोल्ट एमएक्स फाउंड्री</b> आईरिस में।<br/ >\n </p>\n<p> आरंभ करने से पहले, Salesforce में एक ऐप बनाएं और प्राप्त करें<b> क्लाइंट आईडी</b>, <b> क्लाइंट सीक्रेट</b> और<b> सुरक्षा टोकन</b>.</p>"
    },
    "navigationBar": {
      "left": {
        "text": " पिछला"
      },
      "right": {
        "text": " प्रारंभ"
      }
    }
  },
  "Card.VoltMX.AddaSalesforceServiceV9.last": {
    "content": {
      "title": " बधाई",
      "body": "<p> आपने सफलतापूर्वक:</p>\n<ul><b>\n<li> आइरिस में वोल्ट एमएक्स फाउंड्री का उपयोग करके आपके ऐप में एक सेल्सफोर्स सेवा जोड़ी गई</li>\n<li> Salesforce सेवा प्रतिक्रिया का उपयोग करके UI बनाया गया</li>\n<li> वोल्ट एमएक्स ऐप का उपयोग करके अपने मोबाइल डिवाइस में अपना ऐप लॉन्च किया</li></b>\n</ul>"
    },
    "navigationBar": {
      "left": {
        "text": " पिछला"
      },
      "right": {
        "text": " हो गया"
      }
    }
  },
  "Card.VoltMX.AddaSalesforceServiceV9.NewProject1": {
    "content": {
      "title": " एक नया प्रोजेक्ट बनाएं",
      "body": "<ol>\n<li> नेविगेट करें<strong> परियोजना</strong> &gt;<strong> नई परियोजना</strong>.</li>\n<li> से<strong> आप अभी क्या शुरू करना चाहते हैं?</strong> विंडो, चुनें<strong> मूल ऐप</strong>.</li>\n<li> क्लिक करें<strong> अगला</strong>.<br/> The<b> आपने एक नेटिव ऐप से शुरुआत की</b> विंडो खुलती है।</li>\n</ol>"
    },
    "navigationBar": {
      "left": {
        "text": " पिछला"
      },
      "right": {
        "text": " अगला"
      }
    }
  },
  "Card.VoltMX.AddaSalesforceServiceV9.NewProject2": {
    "content": {
      "title": " एक नया प्रोजेक्ट बनाएं",
      "body": "<ol>\n<li> अंडर<strong> परियोजना का नाम</strong> , दर्ज करें<strong> Salesforce नमूना</strong>.</li>\n<li> क्लिक करें<strong> बनाएँ</strong>.<br /> एक फ्लेक्स फॉर्म के साथ एक नया एप्लिकेशन बनाया गया है।<br /> आवेदन में खुलता है<strong> स्टोरीबोर्ड</strong> देखें।</li>\n</ol>"
    },
    "navigationBar": {
      "left": {
        "text": " पिछला"
      },
      "right": {
        "text": " अगला"
      }
    }
  },
  "Card.VoltMX.AddaSalesforceServiceV9.rename": {
    "content": {
      "title": " फॉर्म का नाम बदलें",
      "body": "<ol>\n<li> में<strong> स्टोरीबोर्ड</strong> देखें, नए फॉर्म के ऊपर, क्लिक करें<strong> फॉर्म1</strong>.</li>\n<li> फॉर्म का नाम बदलें<strong> frmLogin</strong>.</li>\n<li> प्रपत्र में विजेट जोड़ने के लिए, प्रपत्र को खोलने के लिए प्रपत्र पर डबल-क्लिक करें<strong> डिज़ाइन</strong> देखें।</li>\n</ol>"
    },
    "navigationBar": {
      "left": {
        "text": " पिछला"
      },
      "right": {
        "text": " अगला"
      }
    }
  },
  "Card.VoltMX.AddaSalesforceServiceV9.run": {
    "content": {
      "title": " ऐप चलाएँ",
      "body": "<ol><li> से<b> लाइव पूर्वावलोकन सेटिंग्स</b> विंडो, अंडर<b> मूल निवासी</b> जिस मोबाइल/टैबलेट पर आप ऐप देखने जा रहे हैं, उसके OS के बगल में स्थित चेकबॉक्स चुनें।<br/> उदाहरण के लिए:<b> आईओएस</b> और<b> Android</b>.<br/> सुनिश्चित करें कि आपने अन्य सभी प्लेटफार्मों और चैनलों को अचयनित किया है।</li>\n<li> क्लिक करें<b> सहेजें और चलाएँ</b>.<br/> आइरिस को दिखाने में कुछ समय लग सकता है<b> लाइव पूर्वावलोकन तैयार है</b> window.</ol>"
    },
    "navigationBar": {
      "left": {
        "text": " पिछला"
      },
      "right": {
        "text": " अगला"
      }
    }
  },
  "Card.VoltMX.AddaSalesforceServiceV9.settings": {
    "content": {
      "title": " लाइव पूर्वावलोकन के लिए सेटिंग्स",
      "body": "<ol><li> मुख्य मेनू से, चुनें<b> बिल्ड</b>.</li>\n<li> क्लिक करें<b> लाइव पूर्वावलोकन सेटिंग्स</b>.</li></ol>"
    },
    "navigationBar": {
      "left": {
        "text": " पिछला"
      },
      "right": {
        "text": " अगला"
      }
    }
  },
  "Card.VoltMX.AddaSalesforceServiceV9.UIforSalesforce": {
    "content": {
      "title": " सेवा के लिए UI जनरेट करें",
      "body": "<ol>\n<li> से<strong> परियोजना</strong> एक्सप्लोरर, नेविगेट करें<strong> मोबाइल</strong> &gt;<strong> प्रपत्र</strong> और चुनें<strong> frmLogin</strong>.</li>\n<li> से<strong> परियोजना सेवाएं</strong> अपने कैनवास के शीर्ष दाईं ओर टैब, विस्तृत करें<strong> वस्तुएँ</strong> &gt;<strong> Salesforce नमूना</strong> &gt;<strong> खाता</strong> , और चुनें<strong> प्राप्त करें</strong>.</li>\n<li> ड्रॉप करें<strong> प्राप्त करें</strong> पर विधि<strong> frmLogin</strong> अपने कैनवास पर फॉर्म।<br /><strong> आप क्या उत्पन्न करना चाहेंगे?</strong> विंडो प्रकट होती है।</li>\n<li> चुनें<strong> प्रतिक्रिया का उपयोग कर सूची</strong>.</li>\n<li> क्लिक करें<strong> ठीक है</strong>.</li>\n</ol>"
    },
    "navigationBar": {
      "left": {
        "text": " पिछला"
      },
      "right": {
        "text": " अगला"
      }
    }
  },
  "Card.VoltMX.AddaSalesforceServiceV9.view": {
    "content": {
      "title": " ऐप देखें",
      "body": "<ol>\n<li> अपने पर<b> वोल्ट एमएक्स ऐप</b> , क्लिक करें<b> लॉन्च</b>.<br /> यदि आपको आवेदन का नाम देने के लिए कहा जाए, तो दर्ज करें<b> Salesforce नमूना</b> और क्लिक करें<b> लॉन्च</b>.</li><li> To<b> बाहर निकलें</b> पूर्वावलोकन, दो अंगुलियों को बाएं से दाएं स्वाइप करें या अपना मोबाइल हिलाएं।</li>\n</ol>"
    },
    "navigationBar": {
      "left": {
        "text": " पिछला"
      },
      "right": {
        "text": " अगला"
      }
    }
  }
}