{
  "Card.VoltMX.AddaSalesforceServiceV9.Intro": {
    "content": {
      "title": "向您的應用添加Salesforce服務",
      "body": "***<p>在這次遠足中，我們將學習如何使用<b> volt mx Foundry </b>在Iris中添加Salesforce服務。<br/ > \n  </p> \n <p>我們開始啟動之前，在Salesforce中創建一個應用程序，然後獲取<b>客戶端ID </b>，<b>客戶端秘密</b>和<b>安全令牌</b>。</p>。{12}"
    },
    "navigationBar": {
      "left": {
        "text": "以前的"
      },
      "right": {
        "text": "開始"
      }
    }
  },
  "Card.VoltMX.AddaSalesforceServiceV9.NewProject1": {
    "content": {
      "title": "創建一個新項目",
      "body": "<ol> \n <li>從虹膜的主菜單中，導航到<strong> project </strong>＆gt; <strong>新項目</strong>。</li> \n <li>來自<strong>您現在想從什麼開始？ </strong>窗口，選擇<strong>本機應用</strong>。</li> \n <li>單擊<strong> Next </strong>。<br/> <b>您從本機應用程序</b>窗口打開。 </li> \n </ol>"
    },
    "navigationBar": {
      "left": {
        "text": "以前的"
      },
      "right": {
        "text": "下一個"
      }
    }
  },
  "Card.VoltMX.AddaSalesforceServiceV9.NewProject2": {
    "content": {
      "title": "創建一個新項目",
      "body": "<ol> \n <li> <strong>項目名稱</strong>，enter <strong> salesforcesample </strong>。</li> \n <li>單擊<strong>創建</strong>。<br />使用一個Flex表單創建一個新應用程序。 <br />應用程序在<strong>故事板</strong>視圖中打開。</li> \n </ol>"
    },
    "navigationBar": {
      "left": {
        "text": "以前的"
      },
      "right": {
        "text": "下一個"
      }
    }
  },
  "Card.VoltMX.AddaSalesforceServiceV9.rename": {
    "content": {
      "title": "重命名表格",
      "body": "<ol> \n <li>在<strong>故事板</strong>視圖中，在新表單上方，單擊<strong> form1 </strong>。</li> \n <li>將表單從<strong> form1 </strong>重命名為<strong> frmlogin </strong>。</li> \n <li>將小部件添加到表單中，雙擊表單上以打開<strong> design </strong>視圖中的表單。</li> \n </ol>"
    },
    "navigationBar": {
      "left": {
        "text": "以前的"
      },
      "right": {
        "text": "下一個"
      }
    }
  },
  "Card.VoltMX.AddaSalesforceServiceV9.addServices": {
    "content": {
      "title": "將Salesforce服務添加到您的應用",
      "body": "<ol> \n <li>來自<strong> data＆amp; 服務</strong>面板，展開<strong>項目服務</strong>。</li> \n <li>單擊<strong>配置新</strong>以獲取預包裝服務的列表。</li> \n <li>在<strong>數據集成</strong>下，選擇<strong> salesforce </strong>。<br /> <strong>配置對象服務</strong>窗口出現。</li> \n </ol>"
    },
    "navigationBar": {
      "left": {
        "text": "以前的"
      },
      "right": {
        "text": "下一個"
      }
    }
  },
  "Card.VoltMX.AddaSalesforceServiceV9.addObj": {
    "content": {
      "title": "創建一個新的對象服務",
      "body": "***<ol> \n <li>在<strong>配置對象服務</strong>窗口中，提供對象服務的名稱：<strong> salesforcesample </strong>。 App用戶）和版本已預先填寫。</li> \n <li>選擇<strong>在<strong>身份驗證</strong>部分中指定登錄端點</strong>。</li> \n <li>在<b>身份驗證</b>部分中提供以下數據： \n <ul> \n <li> <strong>客戶端ID </strong> </li> \n <li> <strong>客戶端秘密</strong> </li> \n <li> <strong> userId </strong>和<strong> password </strong>  - 您的salesforce用戶IDS和密碼（密碼可能需要使用安全令牌）。</li> \n </ul> \n </li> \n <li>單擊<strong>保存＆amp; 生成</strong>。<br /> <strong>從後端</strong>窗口出現</li> \n </ol>"
    },
    "navigationBar": {
      "left": {
        "text": "以前的"
      },
      "right": {
        "text": "下一個"
      }
    }
  },
  "Card.VoltMX.AddaSalesforceServiceV9.importObj": {
    "content": {
      "title": "從Salesforce應用程序導入對象",
      "body": "<p>請注意，您的salesforce帳戶中的對像出現在<b>從後端</b>窗口導入對象。</p> \n <ol> <li>從列表中選擇<b>帳戶</b>對象。</li> \n <li>單擊<b>下一個</b>按鈕以導入帳戶對象。</li> </ol>"
    },
    "navigationBar": {
      "left": {
        "text": "以前的"
      },
      "right": {
        "text": "下一個"
      }
    }
  },
  "Card.VoltMX.AddaSalesforceServiceV9.generateObj": {
    "content": {
      "title": "將帳戶對象添加到Salesforce",
      "body": "<ol> \n <li>單擊<strong>生成</strong>以將<strong>帳戶</strong>對象添加到您的Salesforce服務。</li> \n <li>關閉<strong>配置對象服務</strong>窗口。<br />您已成功地將<strong>帳戶</strong>對象添加到您的服務中。</li> \n </ol>"
    },
    "navigationBar": {
      "left": {
        "text": "以前的"
      },
      "right": {
        "text": "下一個"
      }
    }
  },
  "Card.VoltMX.AddaSalesforceServiceV9.UIforSalesforce": {
    "content": {
      "title": "生成UI服務",
      "body": "***<ol> \n <li>從<strong> project </strong>探索器，導航到<strong>移動</strong>＆gt; <strong>表格</strong>並選擇<strong> frmlogin </strong>。</li> \n <li>從<strong> project Services </strong> tab在畫布右上方，展開<strong> project Services </strong>＆gt; <strong> salesforcesample </strong>＆gt; <strong>帳戶</strong>，然後選擇<strong>獲取</strong>。</li> \n <li>將<strong>獲取</strong>方法上的<strong> frmlogin </strong>形式在畫布上。<br /> <strong> {29}您想生成什麼？</strong>窗口出現。 </li> \n <li>使用響應</strong>選擇<strong>列表。</li> \n <li>單擊<strong> ok </strong>。</li> \n </ol>"
    },
    "navigationBar": {
      "left": {
        "text": "以前的"
      },
      "right": {
        "text": "下一個"
      }
    }
  },
  "Card.VoltMX.AddaSalesforceServiceV9.appviewer": {
    "content": {
      "title": "Volt MX應用程序",
      "body": "<ol> \n <li>使用USB電纜將您的<b>移動</b>連接到計算機。<br /> \n 對於Android設備，請確保使用USB到<b>傳輸文件</b>。</li> \n <li>在您的<b>移動</b>上啟動<b> volt mx app </b>。</li> \n <li>選擇<b> USB </b> TAB。</li> \n <li>在成功的連接上，<b> iris </b>在您的計算機上迅速顯示成功。<br /> \n 同時，USB圖標在您的<b> volt mx app </b>上旋轉綠色。</li> \n </ol>"
    },
    "navigationBar": {
      "left": {
        "text": "以前的"
      },
      "right": {
        "text": "下一個"
      }
    }
  },
  "Card.VoltMX.AddaSalesforceServiceV9.settings": {
    "content": {
      "title": "實時預覽設置",
      "body": "<ol> <li>從主菜單中，選擇<b>構建</b>。</li> \n <li>單擊<b>實時預覽設置</b>。</li> </ol>"
    },
    "navigationBar": {
      "left": {
        "text": "以前的"
      },
      "right": {
        "text": "下一個"
      }
    }
  },
  "Card.VoltMX.AddaSalesforceServiceV9.run": {
    "content": {
      "title": "運行應用程序",
      "body": "<ol> <li>從<b> Live Preview設置</b>窗口，在<b>本機</b>下，選擇要查看應用程序的移動/平板電腦OS旁邊的複選框。 <br/>例如：<b> ios </b>和<b> android </b>。<br/>確保您未選擇所有其他平台和頻道。</li> \n <li>單擊<b>保存＆運行</b>。<br/>可能需要一些時間才能讓Iris顯示<b> Live Preview已準備就緒</b>窗口。</ol>"
    },
    "navigationBar": {
      "left": {
        "text": "以前的"
      },
      "right": {
        "text": "下一個"
      }
    }
  },
  "Card.VoltMX.AddaSalesforceServiceV9.view": {
    "content": {
      "title": "查看應用程序",
      "body": "***<ol> \n <li>在您的<b> volt mx app </b>上，單擊<b>啟動</b>。<br /> \n 如果提示您提供應用程序名稱，請輸入<b> salesforcesample </b>，然後單擊<b>啟動</b>。</li> <li> {12} {12} to <b> exit </b>預覽，從左邊滑動兩個手指 正確或搖動手機。</li> \n </ol>"
    },
    "navigationBar": {
      "left": {
        "text": "以前的"
      },
      "right": {
        "text": "下一個"
      }
    }
  },
  "Card.VoltMX.AddaSalesforceServiceV9.last": {
    "content": {
      "title": "恭喜",
      "body": "<p>您已經成功：</p> \n <ul> <b> \n <li>使用IRIS中的Volt MX Foundry在您的應用中添加了Salesforce服務</li> \n <li>使用Salesforce服務響應</li>創建一個UI \n <li>使用Volt MX App </li> </b>在移動設備上啟動您的應用程序 \n </ul>"
    },
    "navigationBar": {
      "left": {
        "text": "以前的"
      },
      "right": {
        "text": "完畢"
      }
    }
  }
}