{
  "kuid": "c9fe73tf-a6a2-4br8-8eu9-0c008bn1",
  "id": "VoltMX.ConnectAppUItoDataMob_v9_preshow",
  "content": {
    "title": "preShow Event for Accounts Form",
    "body": "<ol>\n<li>From the <strong>Project </strong> explorer, navigate to<strong> Mobile</strong> > <strong>Forms</strong> and select <strong>frmAccount</strong>.</li>\n<li>From the top-right corner of the Iris, navigate to the <strong>Properties </strong>panel and select the <strong>Action</strong> tab.</li>\n<li>Under the <strong>General </strong>section, for the <strong>preShow</strong> event, click <strong>Edit</strong>.<br /> The <strong>Action Editor </strong>window appears.</li><li>From the top-right corner of the <b>Action Editor</b> window, select the <strong>Design View</strong>.</li>\n</ol>"
  },
  "pointer": {
    "direction": "left",
    "element": {
      "module": "projectexplorer",
      "path": "project-body\\project\\Mobile\\Forms\\frmAccount"
    },
    "type": "default"
  },
  "navigationType": "manual",
  "navigationBar": {
    "left": {
      "text": "Previous",
      "enable": true,
      "hide": false
    },
    "right": {
      "text": "Next",
      "enable": true,
      "hide": false
    }
  },
  "navigationCondition": "",
  "position": "BOTTOM_RIGHT",
  "meta": {
    "Creator": "Rashmi Menon",
    "CreatedOn": "Mon, 23 Mar 2020 07:39:47 GMT"
  },
  "context": [],
  "localization": {
    "en-us": {
      "content": {
        "title": "preShow Event for Accounts Form",
        "body": "<ol>\n<li>From the <strong>Project </strong> explorer, navigate to<strong> Mobile</strong> > <strong>Forms</strong> and select <strong>frmAccount</strong>.</li>\n<li>From the top-right corner of the Iris, navigate to the <strong>Properties </strong>panel and select the <strong>Action</strong> tab.</li>\n<li>Under the <strong>General </strong>section, for the <strong>preShow</strong> event, click <strong>Edit</strong>.<br /> The <strong>Action Editor </strong>window appears.</li><li>From the top-right corner of the <b>Action Editor</b> window, select the <strong>Design View</strong>.</li>\n</ol>"
      },
      "navigationBar": {
        "left": {
          "text": "Previous"
        },
        "right": {
          "text": "Next"
        }
      }
    },
    "zh-cn": {
      "content": {
        "title": "帐户表格表",
        "body": "***<ol> \n <li>从<strong> project </strong>探索器，导航到<strong>移动</strong>> <strong> forms </strong>，然后选择<strong> frmaccount </strong>。</li>。{10} \n <li>从虹膜的右上角，导航到<strong>属性</strong>面板，然后选择<strong>操作</strong> tab。</li> \n <li>在<strong>常规</strong>部分下，对于<strong> preshow </strong>事件，单击<strong> edit </strong>。 27} <li>从<b>动作编辑器的顶端角从右上角</b>窗口，选择<strong>设计视图</strong>。</li> \n </ol>"
      },
      "navigationBar": {
        "left": {
          "text": "以前的"
        },
        "right": {
          "text": "下一个"
        }
      }
    },
    "zh-tw": {
      "content": {
        "title": "帳戶表格表",
        "body": "***<ol> \n <li>從<strong> project </strong>探索器，導航到<strong>移動</strong>> <strong> forms </strong>，然後選擇<strong> frmaccount </strong>。</li>。{10} \n <li>從虹膜的右上角，導航到<strong>屬性</strong>面板，然後選擇<strong>操作</strong> tab。</li> \n <li>在<strong>常規</strong>部分下，對於<strong> preshow </strong>事件，單擊<strong> edit </strong>。 27} <li>從<b>動作編輯器的頂端角從右上角</b>窗口，選擇<strong>設計視圖</strong>。</li> \n </ol>"
      },
      "navigationBar": {
        "left": {
          "text": "以前的"
        },
        "right": {
          "text": "下一個"
        }
      }
    }
  }
}