{
  "kuid": "61bdc8t1-35a2-4dr8-a9ud-ac3deanb",
  "id": "VoltMX.InternationalWithLayoutV9.import1",
  "content": {
    "title": "Import a Marketplace App",
    "body": "<ol>\n<li>From the main menu of the Iris, navigate to <strong>Forge</strong> &gt; <strong>Browse</strong>.<br />The <strong>Volt MX Iris</strong> window appears.</li>\n<li>On the search bar, enter <strong>RecipientsMobile</strong>. <br/>Click search button.</li>\n<li>In the list that appears, select <strong>RecipientsMobile</strong>.<br />The details of the <strong>RecipientsMobile</strong> appears.</li>\n<li>Click <strong>Import to Workspace</strong>.<br /> It may take some time for Iris to import the app.<br/>If you imported this project before, the <b>overwrite error dialog</b> may appear, click <strong>OK</strong> button to proceed.</li>\n<li>Click <strong>Continue</strong> button in popup window.</li><li>Click <strong>Replace</strong> button in popup window.</li>\n<li>After the app is imported, an <strong>Iris</strong> dialog appears.<br />Click <strong>OK</strong>.</li>\n</ol>"
  },
  "pointer": {
    "direction": "left",
    "element": "",
    "type": "none"
  },
  "navigationType": "manual",
  "navigationBar": {
    "left": {
      "text": "Previous",
      "enable": true,
      "hide": false
    },
    "right": {
      "text": "Next",
      "enable": true,
      "hide": false
    }
  },
  "navigationCondition": "",
  "position": "BOTTOM_RIGHT",
  "meta": {
    "Creator": "Rashmi Menon",
    "CreatedOn": "Thu, 05 Dec 2019 06:22:46 GMT"
  },
  "context": [],
  "localization": {
    "en-us": {
      "content": {
        "title": "Import a Marketplace App",
        "body": "<ol>\n<li>From the main menu of the Iris, navigate to <strong>Forge</strong> &gt; <strong>Browse</strong>.<br />The <strong>Volt MX Iris</strong> window appears.</li>\n<li>On the search bar, enter <strong>RecipientsMobile</strong>. <br/>Click search button.</li>\n<li>In the list that appears, select <strong>RecipientsMobile</strong>.<br />The details of the <strong>RecipientsMobile</strong> appears.</li>\n<li>Click <strong>Import to Workspace</strong>.<br /> It may take some time for Iris to import the app.<br/>If you imported this project before, the <b>overwrite error dialog</b> may appear, click <strong>OK</strong> button to proceed.</li>\n<li>Click <strong>Continue</strong> button in popup window.</li><li>Click <strong>Replace</strong> button in popup window.</li>\n<li>After the app is imported, an <strong>Iris</strong> dialog appears.<br />Click <strong>OK</strong>.</li>\n</ol>"
      },
      "navigationBar": {
        "left": {
          "text": "Previous"
        },
        "right": {
          "text": "Next"
        }
      }
    },
    "zh-cn": {
      "content": {
        "title": "导入市场应用程序",
        "body": "***<ol> \n <li>从虹膜的主菜单中，导航到<strong> forge </strong>＆gt; <strong>浏览</strong>。<br /> <strong> volt mx Iris </strong>窗口出现。</li> \n <li>在搜索栏上，输入<strong>收件人mobile </strong>。 <br/>单击搜索按钮。</li> \n <li>在出现的列表中，选择<strong> colectientsMobile </strong>。<br /> <strong> colectients mobile </strong>出现的详细信息。</li> \n <li>单击<strong>导入到工作区</strong>。<br />可能需要一些时间才能让Iris导入应用程序。<br/>如果您在此项目之前导入此项目，则<b> offrite错误对话</b> 5月 出现，单击<strong>确定</strong>按钮继续。</li> \n <li>单击<strong>在弹出窗口中继续</strong>按钮。</li> <li> {36}单击<strong>在弹出窗口中替换</strong>按钮。</li> \n <li>导入应用后，出现<strong> iris </strong>对话框。<br />单击<strong> ok ok </strong>。</li> \n </ol>"
      },
      "navigationBar": {
        "left": {
          "text": "以前的"
        },
        "right": {
          "text": "下一个"
        }
      }
    },
    "zh-tw": {
      "content": {
        "title": "導入市場應用程序",
        "body": "***<ol> \n <li>從虹膜的主菜單中，導航到<strong> forge </strong>＆gt; <strong>瀏覽</strong>。<br /> <strong> volt mx Iris </strong>窗口出現。</li> \n <li>在搜索欄上，輸入<strong>收件人mobile </strong>。 <br/>單擊搜索按鈕。</li> \n <li>在出現的列表中，選擇<strong> colectientsMobile </strong>。<br /> <strong> colectients mobile </strong>出現的詳細信息。</li> \n <li>單擊<strong>導入到工作區</strong>。<br />可能需要一些時間才能讓Iris導入應用程序。<br/>如果您在此項目之前導入此項目，則<b> offrite錯誤對話</b> 5月 出現，單擊<strong>確定</strong>按鈕繼續。</li> \n <li>單擊<strong>在彈出窗口中繼續</strong>按鈕。</li> <li> {36}單擊<strong>在彈出窗口中替換</strong>按鈕。</li> \n <li>導入應用後，出現<strong> iris </strong>對話框。<br />單擊<strong> ok ok </strong>。</li> \n </ol>"
      },
      "navigationBar": {
        "left": {
          "text": "以前的"
        },
        "right": {
          "text": "下一個"
        }
      }
    }
  }
}