<?xml version="1.0"?>
<Hike kuid="369cb5td-05a8-46rb-a9uf-848610nd" id="kony.AddCreatePayeeWeb_v9" title="kony.AddCreatePayeeWeb_v9">
    <Description> Description of hike</Description>
    <Meta>
        <Creator>Rashmi Menon</Creator>
        <Createdon>Tue, 25 Feb 2020 04:50:15 GMT</Createdon>
    </Meta>
    <Hikecard id="kony.AddCreatePayeeWeb_v9.Intro"/>
    <Hikecard id="kony.AddCreatePayeeWeb_v9.createPayeeForm"/>
    <Hikecard id="kony.AddCreatePayeeWeb_v9.uiForm"/>
    <Hikecard id="kony.AddCreatePayeeWeb_v9.navigate"/>
    <Hikecard id="kony.AddCreatePayeeWeb_v9.navigate1"/>
    <Hikecard id="kony.AddCreatePayeeWeb_v9.configureAdd"/>
    <Hikecard id="kony.AddCreatePayeeWeb_v9.configureAdd1"/>
    <Hikecard id="kony.AddCreatePayeeWeb_v9.configure11"/>
    <Hikecard id="kony.AddCreatePayeeWeb_v9.configureAdd2"/>
    <Hikecard id="kony.AddCreatePayeeWeb_v9.configureAdd3"/>
    <Hikecard id="kony.AddCreatePayeeWeb_v9.successAlert"/>
    <Hikecard id="kony.AddCreatePayeeWeb_v9.successAlert1"/>
    <Hikecard id="kony.AddCreatePayeeWeb_v9.successAlert2"/>
    <Hikecard id="kony.AddCreatePayeeWeb_v9.configureBack"/>
    <Hikecard id="kony.AddCreatePayeeWeb_v9.ConfigureBack1"/>
    <Hikecard id="kony.AddCreatePayeeWeb_v9.confCancel"/>
    <Hikecard id="kony.AddCreatePayeeWeb_v9.confCancel1"/>
    <Hikecard id="kony.AddCreatePayeeWeb_v9.confAccount"/>
    <Hikecard id="kony.AddCreatePayeeWeb_v9.confAccount1"/>
    <Hikecard id="kony.AddCreatePayeeWeb_v9.confLogout"/>
    <Hikecard id="kony.AddCreatePayeeWeb_v9.confLogout1"/>
    <Hikecard id="kony.AddCreatePayeeWeb_v9.confLgout2"/>
    <Hikecard id="kony.AddCreatePayeeWeb_v9.run"/>
    <Hikecard id="kony.AddCreatePayeeWeb_v9.done"/>
</Hike>