{
  "kuid": "269054te-2da7-46rd-81u3-8683b6n1",
  "id": "VoltMX.AddCreatePayeeWeb_v9.configureAdd2",
  "content": {
    "title": "Action for Success",
    "body": "<ol>\n<li>From the top-right of the <strong>Action Editor</strong> window, select the <strong>Design View</strong>.</li>\n<li>From the Action Editor canvas, select <strong>IF Recipients.opstatus is equal to 0</strong>.</li>\n<li>Enter <strong>Set Widget Property \n </strong>in the search bar and select <strong>Set Widget Property  </strong>under the <strong>Widget</strong> section.</li>\n<li>From the right pane, expand <b>Desktop Forms</b> > <b>frmAddRecipient</b> > <b>flxAddRecipient</b> and  select <strong>flexSuccess</strong>.</li>\n<li>In the last pane modify the following values:\n<ul>\n<li>Property: <strong>Visible</strong></li>\n<li>Value: <strong>True</strong></li>\n</ul></li>\n</ol>"
  },
  "pointer": {
    "direction": "top",
    "element": {
      "module": "actioneditor",
      "css_selector": "input[class *='aeViewTypeSequenceElement']"
    },
    "type": "default"
  },
  "navigationType": "manual",
  "navigationBar": {
    "left": {
      "text": "Previous",
      "enable": true,
      "hide": false
    },
    "right": {
      "text": "Next",
      "enable": true,
      "hide": false
    }
  },
  "navigationCondition": "",
  "position": "BOTTOM_LEFT",
  "meta": {
    "Creator": "Rashmi Menon",
    "CreatedOn": "Tue, 25 Feb 2020 05:10:17 GMT"
  },
  "context": [],
  "localization": {
    "en-us": {
      "content": {
        "title": "Action for Success",
        "body": "<ol>\n<li>From the top-right of the <strong>Action Editor</strong> window, select the <strong>Design View</strong>.</li>\n<li>From the Action Editor canvas, select <strong>IF Recipients.opstatus is equal to 0</strong>.</li>\n<li>Enter <strong>Set Widget Property \n </strong>in the search bar and select <strong>Set Widget Property  </strong>under the <strong>Widget</strong> section.</li>\n<li>From the right pane, expand <b>Desktop Forms</b> > <b>frmAddRecipient</b> > <b>flxAddRecipient</b> and  select <strong>flexSuccess</strong>.</li>\n<li>In the last pane modify the following values:\n<ul>\n<li>Property: <strong>Visible</strong></li>\n<li>Value: <strong>True</strong></li>\n</ul></li>\n</ol>"
      },
      "navigationBar": {
        "left": {
          "text": "Previous"
        },
        "right": {
          "text": "Next"
        }
      }
    },
    "zh-cn": {
      "content": {
        "title": "成功行动",
        "body": "***<ol> \n <li>从<strong>操作编辑器的顶端</strong>窗口，选择<strong>设计视图</strong>。</li> \n <li>从操作编辑器帆布中，如果colecter.opstatus等于0 </strong>。</li> \n <li>输入<strong>设置窗口小部件属性 \n  </strong>在搜索栏中，然后选择<strong>在<strong> widget </strong> e节下设置widget property </strong>。</li> \n <li>从右窗格中，展开<b>桌面表单</b>> <b> frmaddrecipient </b>> <b> flxaddrecipient </b>，然后选择<strong> flexsuccess </strong>。 \n <li>在最后一个窗格中修改以下值： \n <ul> \n <li>属性：<strong>可见</strong> </li> \n <li>值：<strong> true </strong> </li> \n </ul> </li> \n </ol>"
      },
      "navigationBar": {
        "left": {
          "text": "以前的"
        },
        "right": {
          "text": "下一个"
        }
      }
    },
    "zh-tw": {
      "content": {
        "title": "成功行動",
        "body": "***<ol> \n <li>從<strong>操作編輯器的頂端</strong>窗口，選擇<strong>設計視圖</strong>。</li> \n <li>從操作編輯器帆布中，如果colecter.opstatus等於0 </strong>。</li> \n <li>輸入<strong>設置窗口小部件屬性 \n  </strong>在搜索欄中，然後選擇<strong>在<strong> widget </strong> e節下設置widget property </strong>。</li> \n <li>從右窗格中，展開<b>桌面表單</b>> <b> frmaddrecipient </b>> <b> flxaddrecipient </b>，然後選擇<strong> flexsuccess </strong>。 \n <li>在最後一個窗格中修改以下值： \n <ul> \n <li>屬性：<strong>可見</strong> </li> \n <li>值：<strong> true </strong> </li> \n </ul> </li> \n </ol>"
      },
      "navigationBar": {
        "left": {
          "text": "以前的"
        },
        "right": {
          "text": "下一個"
        }
      }
    }
  }
}