{
    "kuid": "e1236atc-35a0-46r3-b7u9-21dfeanf",
    "id": "kony.EditPayeeWeb_v9.logout",
    "content": {
        "title": "Configuring Logout",
        "body": "<ol>\n<li>From the <strong>Project</strong> explorer, expand <strong>frmEditRecipient </strong>&gt;<strong> flxEditRecipient </strong>&gt;<strong> flxHeader</strong>, and select <strong>flxUserLogout</strong>.</li>\n<li>From the <strong>Properties</strong> panel, navigate to the <strong>Action </strong>tab.</li>\n<li>For the <strong>onClick </strong>operation, click <strong>Edit</strong>.<br /> The <strong>Action Editor</strong> window appears.</li>\n<li>From the top right of the Action Editor, select <strong>Design View</strong>.</li>\n</ol>"
    },
    "pointer": {
        "direction": "left",
        "element": {
            "module": "projectexplorer",
            "path": "project-body\\project\\Responsive Web / Desktop\\Forms\\frmEditPayee"
        },
        "type": "default"
    },
    "navigationType": "manual",
    "navigationBar": {
        "left": {
            "text": "Previous",
            "enable": true,
            "hide": false
        },
        "right": {
            "text": "Next",
            "enable": true,
            "hide": false
        }
    },
    "navigationCondition": "",
    "position": "BOTTOM_RIGHT",
    "meta": {
        "Creator": "Rashmi Menon",
        "CreatedOn": "Fri, 28 Feb 2020 06:49:38 GMT"
    },
    "context": []
}