{
    "kuid": "cb03c1t3-5ea1-4er1-88ub-69246anb",
    "id": "VoltMX.IntrotoActionEditorV9.AddFormNav1",
    "content": {
        "title": "Add Form Navigation",
        "body": "<ol>\n<li>From the top-right corner of the <strong>Action Editor</strong> canvas, select <strong>Design View</strong>.</li>\n<li>From the<strong> Action Editor</strong> left menu, navigate to the <strong>General </strong>section.</li>\n<li>Select <strong>Navigate to Form</strong>.</li>\n<li>Click  <img class=\"\" src=\"https://i.ibb.co/MZ02vkL/Screenshot-2019-02-26-at-2-34-18-PM.png\" alt=\"\" width=\"102\" height=\"18\" />&nbsp;at the right pane of the <strong>Action Editor.<br /></strong>A new form <strong>Form1</strong> will be added to your project.</li>\n<li>Right-click on <strong>Form1</strong>, select <b>Rename</b> and rename from <b>Form1</b> to <strong>frmRegistration</strong>, select <b>frmRegistration</b>.</li><li>Click <b>Save</b>.</li>\n</ol>"
    },
    "pointer": {
        "direction": "left",
        "element": {
            "module": "actioneditor",
            "itemType": "ae-action-type",
            "info": {
                "actionType": "Navigate to Form"
            }
        },
        "type": "default"
    },
    "navigationType": "manual",
    "navigationBar": {
        "left": {
            "text": "Previous",
            "enable": true,
            "hide": false
        },
        "right": {
            "text": "Next",
            "enable": true,
            "hide": false
        }
    },
    "navigationCondition": "",
    "position": "BOTTOM_LEFT",
    "meta": {
        "Creator": "Rashmi Menon",
        "CreatedOn": "Tue, 26 Nov 2019 04:34:49 GMT"
    },
    "context": []
}