{
  "kuid": "cb03c1t3-5ea1-4er1-88ub-69246anb",
  "id": "VoltMX.IntrotoActionEditorV9.AddFormNav1",
  "content": {
    "title": "Add Form Navigation",
    "body": "<ol>\n<li>From the<strong> Action Editor</strong> left menu, navigate to the <strong>General </strong>section.</li>\n<li>Select <strong>Navigate to Form</strong>.</li>\n<li>Click  <img class=\"\" src=\"https://opensource.hcltechsw.com/volt-mx-tutorials/static/dist/images/CreateNew.png\" alt=\"\" width=\"102\" height=\"18\" />&nbsp;at the right pane of the <strong>Action Editor.<br /></strong>A new form <strong>Form1</strong> will be added to your project.</li>\n<li>Right-click on <strong>Form1</strong>, select <b>Rename</b> and rename from <b>Form1</b> to <strong>frmRegistration</strong>, select <b>frmRegistration</b>.</li><li>Click <b>Save</b>.</li>\n</ol>"
  },
  "pointer": {
    "direction": "left",
    "element": {
      "module": "actioneditor",
      "itemType": "ae-action-type",
      "info": {
        "actionType": "Navigate to Form"
      }
    },
    "type": "default"
  },
  "navigationType": "manual",
  "navigationBar": {
    "left": {
      "text": "Previous",
      "enable": true,
      "hide": false
    },
    "right": {
      "text": "Next",
      "enable": true,
      "hide": false
    }
  },
  "navigationCondition": "",
  "position": "BOTTOM_LEFT",
  "meta": {
    "Creator": "Rashmi Menon",
    "CreatedOn": "Tue, 26 Nov 2019 04:34:49 GMT"
  },
  "context": [],
  "localization": {
    "en-us": {
      "content": {
        "title": "Add Form Navigation",
        "body": "<ol>\n<li>From the<strong> Action Editor</strong> left menu, navigate to the <strong>General </strong>section.</li>\n<li>Select <strong>Navigate to Form</strong>.</li>\n<li>Click  <img class=\"\" src=\"https://opensource.hcltechsw.com/volt-mx-tutorials/static/dist/images/CreateNew.png\" alt=\"\" width=\"102\" height=\"18\" />&nbsp;at the right pane of the <strong>Action Editor.<br /></strong>A new form <strong>Form1</strong> will be added to your project.</li>\n<li>Right-click on <strong>Form1</strong>, select <b>Rename</b> and rename from <b>Form1</b> to <strong>frmRegistration</strong>, select <b>frmRegistration</b>.</li><li>Click <b>Save</b>.</li>\n</ol>"
      },
      "navigationBar": {
        "left": {
          "text": "Previous"
        },
        "right": {
          "text": "Next"
        }
      }
    },
    "zh-cn": {
      "content": {
        "title": "添加表单导航",
        "body": "***<ol> \n <li>从<strong>操作编辑器</strong>左菜单，导航到<strong>常规</strong> e节。</li> \n <li>选择<strong>导航到形式</strong>。</li> \n <li>单击<img class=\"\" src=\"https://opensource.hcltechsw.com/volt-mx-tutorials/static/dist/images/CreateNew.png\" alt=\"\" width=\"102\" height=\"18\" />＆nbsp;在<strong>操作编辑器的右窗格中。<br /> </strong>将添加一个新的form <strong> form1 </strong>。</li> \n <li>右键单击<strong> form1 </strong>，选择<b>重命名</b>，然后从<b> form1 </b>重命名为<strong> frmregistration </strong>，select {27}，select <b> frmRegistration </b>} 。</li> <li>单击<b>保存</b>。</li> \n </ol>"
      },
      "navigationBar": {
        "left": {
          "text": "以前的"
        },
        "right": {
          "text": "下一个"
        }
      }
    },
    "zh-tw": {
      "content": {
        "title": "添加表單導航",
        "body": "***<ol> \n <li>從<strong>操作編輯器</strong>左菜單，導航到<strong>常規</strong> e節。</li> \n <li>選擇<strong>導航到形式</strong>。</li> \n <li>單擊<img class=\"\" src=\"https://opensource.hcltechsw.com/volt-mx-tutorials/static/dist/images/CreateNew.png\" alt=\"\" width=\"102\" height=\"18\" />＆nbsp;在<strong>操作編輯器的右窗格中。<br /> </strong>將添加一個新的form <strong> form1 </strong>。</li> \n <li>右鍵單擊<strong> form1 </strong>，選擇<b>重命名</b>，然後從<b> form1 </b>重命名為<strong> frmregistration </strong>，select {27}，select <b> frmRegistration </b>} 。</li> <li>單擊<b>保存</b>。</li> \n </ol>"
      },
      "navigationBar": {
        "left": {
          "text": "以前的"
        },
        "right": {
          "text": "下一個"
        }
      }
    }
  }
}