{
  "Tour.ShareAndPreviewAppMobileV9": "Description of Tour",
  "Hike.VoltMX.ShareAndPreviewAppMobileV9": "Description of hike",
  "Card.VoltMX.ShareAndPreviewAppMobileV9.doneHike": {
    "content": {
      "title": "Congratulations",
      "body": "<p>You&rsquo;ve successfully: </p>\n<ul>\n<li><strong>Published the app to the cloud and created an app viewer code</strong></li>\n<li><strong>Previewed the app on  Volt MX App using the app viewer code</strong></li>\n</ul>\n<p>You can <strong>share</strong> the  Volt MX App Viewer code with your stakeholders for further review and collaboration.</p>"
    },
    "navigationBar": {
      "left": {
        "text": "Previous"
      },
      "right": {
        "text": "Next"
      }
    }
  },
  "Card.VoltMX.ShareAndPreviewAppV9.Intro": {
    "content": {
      "title": "Preview in Volt MX App",
      "body": "<p><strong>Let&rsquo;s get started!</strong></p><br/>\n<p>In this hike, you will learn how to preview the Recipients app on your mobile device.</p><br/>\n<p>Before you get started, complete the following hikes:</p>\n<ol><b>\n<li><a class=\"tour-link\" tour=\"7408efte-e2aa-4cr8-a9ub-d7ba36n8\">Launch your First Mobile App</a></li>\n<li><a class=\"tour-link\" tour=\"a617eft5-7ca8-4ard-8eu8-94cdean5\">Create UI from Collections</a></li>\n<li><a class=\"tour-link\" tour=\"15d8c7t4-cda7-40rb-afu7-345cfcnc\">Add Authentication to the App</a></li>\n<li><a class=\"tour-link\" tour=\"a7a762t5-3eac-44r5-8bu2-89b781n1\">Creating Services for a Native App</a> </li>\n<li><a class=\"tour-link\" tour=\"fab6d8ta-91ac-4frc-8fud-14a9f7na\">Connect App UI to Data in a Native App</a></li>\n<li><a class=\"tour-link\" tour=\"db7f07t9-c0a5-4erb-89u0-fab1ean8\">Creating Recipient Details and Delete Feature</a></li><li><a class=\"tour-link\" tour=\"da2bbctf-3ba6-49rf-b2u9-b842dand\">Add Create Recipient</a> </li>\n<li><a class=\"tour-link\" tour=\"af52eatb-e7a4-46r0-90u8-cfd0c4n6\">Add Edit Recipient to your App</a></li></b>\n</ol><br/>\n<p>Ensure that you open the same project that you have created in the hikes 2 above.</p>\n<p>To open a closed project, from the main menu, navigate to <strong>Project</strong> &gt; <strong>Open</strong> &gt; <strong>HCL Reference Architecture</strong> &gt; <b>RecipientsMobApp</b>.</p><br/>\n<p><strong>When you are ready, click Start!</strong></p>"
    },
    "navigationBar": {
      "left": {
        "text": "Previous"
      },
      "right": {
        "text": "Start"
      }
    }
  },
  "Card.VoltMX.ShareAndPreviewAppV9.done": {
    "content": {
      "title": "Congratulations",
      "body": "<p>You&rsquo;ve successfully:</p>\n<ul>\n<li><strong>Created an app with forms and added UI elements for each form</strong></li>\n<li><strong>Added navigation between the forms</strong></li>\n<li><strong>Added authentication to the app</strong></li>\n<li><strong>Created and integrated data services to your app</strong></li>\n<li><b>Added CRUD features to your app</b></li></ol><br/>\n\n<p>To learn more on what you can do with  Volt MX Iris, visit  <a href='#'onClick='javascript:openURL(\"https://support.hcltechsw.com/\")'>Base Camp</a>.</p>"
    },
    "navigationBar": {
      "left": {
        "text": "Previous"
      },
      "right": {
        "text": "Done"
      }
    }
  },
  "Card.VoltMX.ShareAndPreviewAppV9.explore": {
    "content": {
      "title": "Explore the App",
      "body": "<p>You will now be able to view the app on your&nbsp;<strong>mobile </strong>device.</p>\n<ol>\n<li>Enter the following login credentials in your app:\n<ul>\n<li>Username:<b>john.doe@woodburn.com</b></li>\n<li>Password:&nbsp;<strong>VoltMX@123</strong></li>\n</ul>\n</li>\n<li>Click&nbsp;<strong>Login</strong>.&nbsp;<br /> The&nbsp;<strong>Accounts List&nbsp;</strong> appears.</li>\n<li>Click&nbsp;<strong>Recipients</strong>.&nbsp;<br /> The&nbsp;<strong>Recipient list</strong> appears.</li>\n<li>Click Add<strong>(+)</strong>, to add a&nbsp;recipient to your account.</li>\n<li>Select&nbsp;a recipient from the list to view their details.<br /> From the details page, you can edit or delete the recipient.</li>\n<li>To exit the&nbsp;<strong>mobile app</strong>, swipe two fingers from left to right or shake your mobile device and click&nbsp;<strong>Exit App</strong>.</li>\n</ol>"
    },
    "navigationBar": {
      "left": {
        "text": "Previous"
      },
      "right": {
        "text": "Next"
      }
    }
  },
  "Card.VoltMX.ShareAndPreviewAppV9.launch": {
    "content": {
      "title": "Launch the App",
      "body": "<ol>\n<li>From the <strong>Live Preview is ready </strong>window, you have two options to view the app:\n<ul>\n<li><strong>App Viewer Code</strong></li>\n<li><strong>Scan QR Code</strong></li>\n</ul></li>\n\n<li>Launch the <strong>Volt MX App </strong>on your <strong>mobile</strong> device.</li>\n<li>Select the <strong>Cloud</strong> tab.</li>\n<li>In the <strong>5 Digit App Viewer Code</strong> input box, enter the <strong>App Viewer Code</strong> from Iris.</li>\n<li>Alternatively, from <strong>Volt MX App </strong>on your mobile device, go to the <strong>Cloud </strong>tab and click <strong>SCAN QR CODE</strong>.</li>\n</ol>\n<p>Allow camera access to the <strong>Volt MX App</strong>. <br /> Scan the <strong>QR Code </strong>displayed on Iris to view the app.</p>"
    },
    "navigationBar": {
      "left": {
        "text": "Previous"
      },
      "right": {
        "text": "Next"
      }
    }
  },
  "Card.VoltMX.ShareAndPreviewAppV9.publish": {
    "content": {
      "title": "Publish Live Preview",
      "body": "<ol>\n<li>From the main menu, select <strong>Build</strong>.</li>\n<li>Click <strong>Publish Live Preview</strong>.<br /> The <strong>Publish Live Preview</strong> window appears.</li>\n</ol>"
    },
    "navigationBar": {
      "left": {
        "text": "Previous"
      },
      "right": {
        "text": "Next"
      }
    }
  },
  "Card.VoltMX.ShareAndPreviewAppV9.publish2": {
    "content": {
      "title": "Publish the App",
      "body": "<ol>\n<li>From the <strong>Publish Live Preview</strong> window, under <strong>Mobile</strong>, select the checkboxes next to the OS of the <b>mobile</b> device on which you are going to view the app.<br /> For example: <strong>iOS</strong> and <strong>Android</strong>.<br /> Ensure that you have unselected the checkboxes for all the other platforms and channels.</li>\n<li>Click <strong>Publish</strong>.<br/>If the <strong>Invalid Actions</strong> dialog appears, <br>click <strong>Continue</strong> to processing.<br /> After the app is published, the <strong>Live Preview is ready</strong> window appears.</li>\n</ol>"
    },
    "navigationBar": {
      "left": {
        "text": "Previous"
      },
      "right": {
        "text": "Next"
      }
    }
  }
}