{
  "Tour.ShareAndPreviewAppMobileV9": {
    "description": "旅游描述"
  },
  "Hike.VoltMX.ShareAndPreviewAppMobileV9": {
    "description": "徒步说明"
  },
  "Card.VoltMX.ShareAndPreviewAppMobileV9.doneHike": {
    "content": {
      "title": " 恭喜",
      "body": "<p>你已经成功：</p>\n<ul>\n<li><strong>将应用发布到云端并创建应用查看器代码</strong></li>\n<li><strong>使用应用查看器代码在 Volt MX 应用上预览应用</strong></li>\n</ul>\n<p>你可以<strong>分享</strong>Volt MX App Viewer 代码与利益相关者一起进行进一步审查和协作。</p>"
    },
    "navigationBar": {
      "left": {
        "text": "上一个"
      },
      "right": {
        "text": "下一个"
      }
    }
  },
  "Card.VoltMX.ShareAndPreviewAppV9.done": {
    "content": {
      "title": " 恭喜",
      "body": "<p>你已经成功：</p>\n<ul>\n<li><strong>创建了一个带有表单的应用程序并为每个表单添加了 UI 元素</strong></li>\n<li><strong>在表单之间添加导航</strong></li>\n<li><strong>向应用程序添加了身份验证</strong></li>\n<li><strong>为您的应用程序创建和集成数据服务</strong></li>\n<li><b>为您的应用添加了 CRUD 功能</b></li></ol><br/>\n\n<p>要了解有关 Volt MX Iris 的更多信息，请访问<a href='#'onClick='javascript:openURL(\"https://support.hcltechsw.com/\")'>大本营</a>.</p>"
    },
    "navigationBar": {
      "left": {
        "text": "上一个"
      },
      "right": {
        "text": "完成"
      }
    }
  },
  "Card.VoltMX.ShareAndPreviewAppV9.explore": {
    "content": {
      "title": "探索应用",
      "body": "<p>您现在可以在您的手机上查看该应用程序<strong>手机</strong>设备。</p>\n<ol>\n<li>在您的应用中输入以下登录凭据：<ul>\n<li>用户名：<b>john.doe@woodburn.com</b></li>\n<li>密码：&nbsp;<strong>VoltMX@123</strong></li>\n</ul>\n</li>\n<li>点击<strong>登录</strong>.&nbsp;<br /><strong>账户列表</strong>出现。</li>\n<li>点击<strong>收件人</strong>.&nbsp;<br /><strong>收件人列表</strong>出现。</li>\n<li>点击添加<strong> (+)</strong> ，将收件人添加到您的帐户。</li>\n<li>从列表中选择收件人以查看其详细信息。<br />在详细信息页面，您可以编辑或删除收件人。</li>\n<li>退出&nbsp;<strong>移动应用</strong> ，从左向右滑动两根手指或摇动您的移动设备并单击&nbsp;<strong>退出应用</strong>.</li>\n</ol>"
    },
    "navigationBar": {
      "left": {
        "text": "上一个"
      },
      "right": {
        "text": "下一个"
      }
    }
  },
  "Card.VoltMX.ShareAndPreviewAppV9.Intro": {
    "content": {
      "title": "在 Volt MX 应用程序中预览",
      "body": "<p><strong>让我们开始吧！</strong></p><br/>\n<p>在这次远足中，您将学习如何在移动设备上预览收件人应用程序。</p><br/>\n<p>在开始之前，请完成以下远足：</p>\n<ol><b>\n<li><a class=\"tour-link\" tour=\"7408efte-e2aa-4cr8-a9ub-d7ba36n8\">启动您的第一个移动应用</a></li>\n<li><a class=\"tour-link\" tour=\"a617eft5-7ca8-4ard-8eu8-94cdean5\">从集合创建用户界面</a></li>\n<li><a class=\"tour-link\" tour=\"15d8c7t4-cda7-40rb-afu7-345cfcnc\">向应用程序添加身份验证</a></li>\n<li><a class=\"tour-link\" tour=\"a7a762t5-3eac-44r5-8bu2-89b781n1\">为原生应用创建服务</a> </li>\n<li><a class=\"tour-link\" tour=\"fab6d8ta-91ac-4frc-8fud-14a9f7na\">将应用程序 UI 连接到本机应用程序中的数据</a></li>\n<li><a class=\"tour-link\" tour=\"9837bat6-6daf-4cr7-a3u9-8aea36n0\">创建收件人详细信息和删除功能</a></li><li><a class=\"tour-link\" tour=\"da2bbctf-3ba6-49rf-b2u9-b842dand\">添加创建收件人</a> </li>\n<li><a class=\"tour-link\" tour=\"af52eatb-e7a4-46r0-90u8-cfd0c4n6\">将编辑收件人添加到您的应用程序</a></li></b>\n</ol><br/>\n<p>确保您打开在之前的徒步旅行中创建的相同项目。</p>\n<p>要打开一个关闭的项目，从主菜单，导航到<strong>项目</strong>&gt;<strong>打开</strong>&gt;<strong>HCL 参考架构</strong>&gt;<b>RecipientsMobApp</b>.</p><br/>\n<p><strong>准备好后，单击开始！</strong></p>"
    },
    "navigationBar": {
      "left": {
        "text": "上一个"
      },
      "right": {
        "text": "开始"
      }
    }
  },
  "Card.VoltMX.ShareAndPreviewAppV9.launch": {
    "content": {
      "title": "启动应用程序",
      "body": "<ol>\n<li>来自<strong>实时预览已准备就绪</strong>窗口，您有两个选项可以查看应用程序：<ul>\n<li><strong>应用查看器代码</strong></li>\n<li><strong>扫描二维码</strong></li>\n</ul></li>\n\n<li>启动<strong>Volt MX 应用程序</strong> 在你的<strong>手机</strong>设备。</li>\n<li>选择<strong>云</strong>选项卡。</li>\n<li>在<strong>5 位应用查看器代码</strong>输入框，输入<strong>应用查看器代码</strong>来自鸢尾花。</li>\n<li>或者，从<strong>Volt MX 应用程序</strong>在您的移动设备上，转到<strong>云</strong>选项卡并单击<strong>扫描二维码</strong>.</li>\n</ol>\n<p>允许相机访问<strong>Volt MX 应用程序</strong>. <br />扫描<strong>二维码</strong>显示在 Iris 上以查看应用程序。</p>"
    },
    "navigationBar": {
      "left": {
        "text": "上一个"
      },
      "right": {
        "text": "下一个"
      }
    }
  },
  "Card.VoltMX.ShareAndPreviewAppV9.publish": {
    "content": {
      "title": "发布实时预览",
      "body": "<ol>\n<li>从主菜单中，选择<strong>构建</strong>.</li>\n<li>点击<strong>发布实时预览</strong>.<br /><strong>发布实时预览</strong>窗口出现。</li>\n</ol>"
    },
    "navigationBar": {
      "left": {
        "text": "上一个"
      },
      "right": {
        "text": "下一个"
      }
    }
  },
  "Card.VoltMX.ShareAndPreviewAppV9.publish2": {
    "content": {
      "title": "发布应用",
      "body": "<ol>\n<li>来自<strong>发布实时预览</strong>窗下<strong>手机</strong> ，选中操作系统旁边的复选框<b>手机</b>您要在其上查看应用程序的设备。<br />例如：<strong>iOS</strong>和<strong>安卓</strong>.<br />确保您已取消选中所有其他平台和频道的复选框。</li>\n<li>点击<strong>发布</strong>.<br />应用发布后，<strong>实时预览已准备就绪</strong>窗口出现。</li>\n</ol>"
    },
    "navigationBar": {
      "left": {
        "text": "上一个"
      },
      "right": {
        "text": "下一个"
      }
    }
  }
}