{
  "Card.VoltMX.ShareAndPreviewAppV9.Intro": {
    "content": {
      "title": "Volt MX應用程序預覽",
      "body": "<p> <strong>讓我開始！</strong> </p> <br/> \n <p>在這次遠足中，您將學習如何在移動設備上預覽收件人應用。</p> <br/> \n <p>在開始之前，完成以下徒步旅行：</p> \n <ol> <b> \n <li> <a class=\"tour-link\" tour=\"7408efte-e2aa-4cr8-a9ub-d7ba36n8\">啟動您的第一個移動應用</a> </li> \n <li> <a class=\"tour-link\" tour=\"a617eft5-7ca8-4ard-8eu8-94cdean5\">從集合</a> </li>創建UI \n <li> <a class=\"tour-link\" tour=\"15d8c7t4-cda7-40rb-afu7-345cfcnc\">將身份驗證添加到app </a> </li> \n <li> <a class=\"tour-link\" tour=\"a7a762t5-3eac-44r5-8bu2-89b781n1\">為本機應用創建服務</a> </li> \n <li> <a class=\"tour-link\" tour=\"fab6d8ta-91ac-4frc-8fud-14a9f7na\">將應用程序UI連接到本機應用中的數據</a> </li> \n <li> <a class=\"tour-link\" tour=\"db7f07t9-c0a5-4erb-89u0-fab1ean8\">創建收件人詳細信息和刪除功能</a> </li> <li> <a class=\"tour-link\" tour=\"da2bbctf-3ba6-49rf-b2u9-b842dand\">添加創建create createment </a> </li> \n <li> <a class=\"tour-link\" tour=\"af52eatb-e7a4-46r0-90u8-cfd0c4n6\">將編輯收件人添加到您的應用</a> </li> </b> \n </ol> <br/> \n <p>確保您打開與上面徒步旅行2中創建的相同項目。</p> \n <p>從主菜單中打開一個封閉的項目，導航到<strong> project </strong>＆gt; <strong>打開</strong>＆gt; <strong> HCl參考架構</strong>＆gt; <b>收件人mobapp </b>。</p> <br/> \n <p> <strong>您準備就緒時，單擊“開始”！</strong> </p>"
    },
    "navigationBar": {
      "left": {
        "text": "以前的"
      },
      "right": {
        "text": "開始"
      }
    }
  },
  "Card.VoltMX.ShareAndPreviewAppV9.publish": {
    "content": {
      "title": "發布實時預覽",
      "body": "<ol> \n <li>從主菜單中，選擇<strong>構建</strong>。</li> \n <li>單擊<strong>發布Live Preview </strong>。<br /> <strong>出現Live Preview </strong>窗口出現。</li> \n </ol>"
    },
    "navigationBar": {
      "left": {
        "text": "以前的"
      },
      "right": {
        "text": "下一個"
      }
    }
  },
  "Card.VoltMX.ShareAndPreviewAppV9.publish2": {
    "content": {
      "title": "發布應用程序",
      "body": "***<ol> \n <li>從<strong>發布Live Preview </strong>窗口，在<strong>移動</strong>下，選擇<b>移動</b>設備的OS旁邊的複選框 app。<br />例如：<strong> ios </strong>和<strong> android </strong>。<br />確保您對所有其他平台和頻道的複選框都沒有選擇。</li> \n <li>單擊<strong> publish </strong>。 ，<strong> Live Preview已準備就緒</strong>窗口。</li> \n </ol>"
    },
    "navigationBar": {
      "left": {
        "text": "以前的"
      },
      "right": {
        "text": "下一個"
      }
    }
  },
  "Card.VoltMX.ShareAndPreviewAppV9.launch": {
    "content": {
      "title": "啟動該應用程序",
      "body": "***<ol> \n <li>來自<strong> Live Preview已準備就緒</strong>窗口，您有兩個選項可以查看應用程序： \n <ul> \n <li> <strong> App Viewer代碼</strong> </li> \n <li> <strong>掃描QR代碼</strong> </li> \n </ul> </li> \n\n <li>在您的<strong>移動</strong>設備上啟動<strong> volt mx app </strong>。</li> \n <li>選擇<strong>雲</strong> tab。</li> \n <li>在<strong> 5位數App Viewer Code </strong>輸入框中，從Iris。 \n <li>另外，從<strong>伏特MX App </strong>上的移動設備上，轉到<strong> cloud </strong> tab，然後單擊<strong>掃描QR代碼</strong>。</li> {38} \n </ol> \n <p>允許攝像機訪問<strong> Volt MX App </strong>。 <br />掃描<strong> QR代碼</strong>在Iris上顯示以查看應用程序。</p>"
    },
    "navigationBar": {
      "left": {
        "text": "以前的"
      },
      "right": {
        "text": "下一個"
      }
    }
  },
  "Card.VoltMX.ShareAndPreviewAppV9.explore": {
    "content": {
      "title": "探索應用程序",
      "body": "***<p>您現在可以在您的＆nbsp; <strong>移動</strong>設備上查看應用程序。</p> \n <ol> \n <li>在您的應用中輸入以下登錄憑據： \n <ul> \n <li>用戶名：<b> john.doe@woodburn.com </b> </li> \n <li>密碼：＆nbsp; <strong> voltmx@123 </strong> </li> \n </ul> \n </li> \n <li> click＆nbsp; <strong>登錄</strong>。 \n <li> click＆nbsp; <strong>收件人</strong>。 \n <li>單擊添加<strong>（+）</strong>，以將a＆nbsp;收件人添加到您的帳戶中。</li> \n <li>選擇列表中的收件人以查看其詳細信息。<br />從詳細信息頁面中，您可以編輯或刪除收件人。</li> \n <li>退出＆nbsp; <strong>移動應用</strong>，從左到右滑動兩個手指，或搖動移動設備，然後單擊＆nbsp; <strong> exit App </strong>。</li> {43} \n </ol>"
    },
    "navigationBar": {
      "left": {
        "text": "以前的"
      },
      "right": {
        "text": "下一個"
      }
    }
  },
  "Card.VoltMX.ShareAndPreviewAppMobileV9.doneHike": {
    "content": {
      "title": "恭喜",
      "body": "<p>您成功地：</p> \n <ul> \n <li> <strong>將應用程序發佈到雲中，並創建了一個應用程序查看器代碼</strong> </li> \n <li> <strong>使用應用程序代碼</strong> </li>在Volt MX應用程序上預覽了該應用程序 \n </ul> \n <p>您可以<strong>共享</strong> Volt MX App查看器代碼與您的利益相關者進行進一步審核和協作。</p>"
    },
    "navigationBar": {
      "left": {
        "text": "以前的"
      },
      "right": {
        "text": "下一個"
      }
    }
  },
  "Card.VoltMX.ShareAndPreviewAppV9.done": {
    "content": {
      "title": "恭喜",
      "body": "<p>您成功地：</p> \n <ul> \n <li> <strong>創建了一個帶有表單的應用，並為每種表單</strong> </li>添加了UI元素 \n <li> <strong>在表單</strong> </li>之間添加導航 \n <li> <strong>在應用程序</strong> </li>中添加了身份驗證 \n <li> <strong>為您的應用創建並集成了數據服務</strong> </li> \n <li> <b>在您的應用中添加了crud功能</b> </li> </ol> <br/> \n\n <p>要了解有關您可以使用Volt MX Iris做什麼的更多信息，請訪問<a href='#'onClick='javascript:openURL(\"https://support.hcltechsw.com/\")'>大本營</a>。</p>"
    },
    "navigationBar": {
      "left": {
        "text": "以前的"
      },
      "right": {
        "text": "完畢"
      }
    }
  }
}