{
  "Card.VoltMX.ShareAndPreviewAppV9.Intro": {
    "content": {
      "title": "Volt MX应用程序预览",
      "body": "<p> <strong>让我开始！</strong> </p> <br/> \n <p>在这次远足中，您将学习如何在移动设备上预览收件人应用。</p> <br/> \n <p>在开始之前，完成以下徒步旅行：</p> \n <ol> <b> \n <li> <a class=\"tour-link\" tour=\"7408efte-e2aa-4cr8-a9ub-d7ba36n8\">启动您的第一个移动应用</a> </li> \n <li> <a class=\"tour-link\" tour=\"a617eft5-7ca8-4ard-8eu8-94cdean5\">从集合</a> </li>创建UI \n <li> <a class=\"tour-link\" tour=\"15d8c7t4-cda7-40rb-afu7-345cfcnc\">将身份验证添加到app </a> </li> \n <li> <a class=\"tour-link\" tour=\"a7a762t5-3eac-44r5-8bu2-89b781n1\">为本机应用创建服务</a> </li> \n <li> <a class=\"tour-link\" tour=\"fab6d8ta-91ac-4frc-8fud-14a9f7na\">将应用程序UI连接到本机应用中的数据</a> </li> \n <li> <a class=\"tour-link\" tour=\"db7f07t9-c0a5-4erb-89u0-fab1ean8\">创建收件人详细信息和删除功能</a> </li> <li> <a class=\"tour-link\" tour=\"da2bbctf-3ba6-49rf-b2u9-b842dand\">添加创建create createment </a> </li> \n <li> <a class=\"tour-link\" tour=\"af52eatb-e7a4-46r0-90u8-cfd0c4n6\">将编辑收件人添加到您的应用</a> </li> </b> \n </ol> <br/> \n <p>确保您打开与上面徒步旅行2中创建的相同项目。</p> \n <p>从主菜单中打开一个封闭的项目，导航至<strong> project </strong>＆gt; <strong>打开</strong>＆gt; <strong> HCl参考架构</strong>＆gt; <b>收件人mobapp </b>。</p> <br/> \n <p> <strong>您准备就绪时，单击“开始”！</strong> </p>"
    },
    "navigationBar": {
      "left": {
        "text": "以前的"
      },
      "right": {
        "text": "开始"
      }
    }
  },
  "Card.VoltMX.ShareAndPreviewAppV9.publish": {
    "content": {
      "title": "发布实时预览",
      "body": "<ol> \n <li>从主菜单中，选择<strong>构建</strong>。</li> \n <li>单击<strong>发布Live Preview </strong>。<br /> <strong>出现Live Preview </strong>窗口出现。</li> \n </ol>"
    },
    "navigationBar": {
      "left": {
        "text": "以前的"
      },
      "right": {
        "text": "下一个"
      }
    }
  },
  "Card.VoltMX.ShareAndPreviewAppV9.publish2": {
    "content": {
      "title": "发布应用程序",
      "body": "***<ol> \n <li>从<strong>发布Live Preview </strong>窗口，在<strong>移动</strong>下，选择<b>移动</b>设备的OS旁边的复选框 app。<br />例如：<strong> ios </strong>和<strong> android </strong>。<br />确保您对所有其他平台和频道的复选框都没有选择。</li> \n <li>单击<strong> publish </strong>。 ，<strong> Live Preview已准备就绪</strong>窗口。</li> \n </ol>"
    },
    "navigationBar": {
      "left": {
        "text": "以前的"
      },
      "right": {
        "text": "下一个"
      }
    }
  },
  "Card.VoltMX.ShareAndPreviewAppV9.launch": {
    "content": {
      "title": "启动该应用程序",
      "body": "***<ol> \n <li>来自<strong> Live Preview已准备就绪</strong>窗口，您有两个选项可以查看应用程序： \n <ul> \n <li> <strong> App Viewer代码</strong> </li> \n <li> <strong>扫描QR代码</strong> </li> \n </ul> </li> \n\n <li>在您的<strong>移动</strong>设备上启动<strong> volt mx app </strong>。</li> \n <li>选择<strong>云</strong> tab。</li> \n <li>在<strong> 5位数App Viewer Code </strong>输入框中，从Iris。 \n <li>另外，从<strong>伏特MX App </strong>上的移动设备上，转到<strong> cloud </strong> tab，然后单击<strong>扫描QR代码</strong>。</li> {38} \n </ol> \n <p>允许摄像机访问<strong> Volt MX App </strong>。 <br />扫描<strong> QR代码</strong>在Iris上显示以查看应用程序。</p>"
    },
    "navigationBar": {
      "left": {
        "text": "以前的"
      },
      "right": {
        "text": "下一个"
      }
    }
  },
  "Card.VoltMX.ShareAndPreviewAppV9.explore": {
    "content": {
      "title": "探索应用程序",
      "body": "***<p>您现在可以在您的＆nbsp; <strong>移动</strong>设备上查看应用程序。</p> \n <ol> \n <li>在您的应用中输入以下登录凭据： \n <ul> \n <li>用户名：<b> john.doe@woodburn.com </b> </li> \n <li>密码：＆nbsp; <strong> voltmx@123 </strong> </li> \n </ul> \n </li> \n <li> click＆nbsp; <strong>登录</strong>。 \n <li> click＆nbsp; <strong>收件人</strong>。 \n <li>单击添加<strong>（+）</strong>，以将a＆nbsp;收件人添加到您的帐户中。</li> \n <li>选择列表中的收件人以查看其详细信息。<br />从详细信息页面中，您可以编辑或删除收件人。</li> \n <li>退出＆nbsp; <strong>移动应用</strong>，从左到右滑动两个手指，或摇动移动设备，然后单击＆nbsp; <strong> exit App </strong>。</li> {43} \n </ol>"
    },
    "navigationBar": {
      "left": {
        "text": "以前的"
      },
      "right": {
        "text": "下一个"
      }
    }
  },
  "Card.VoltMX.ShareAndPreviewAppMobileV9.doneHike": {
    "content": {
      "title": "恭喜",
      "body": "<p>您成功地：</p> \n <ul> \n <li> <strong>将应用程序发布到云中，并创建了一个应用程序查看器代码</strong> </li> \n <li> <strong>使用应用程序代码</strong> </li>在Volt MX应用程序上预览了该应用程序 \n </ul> \n <p>您可以<strong>共享</strong> Volt MX App查看器代码与您的利益相关者进行进一步审核和协作。</p>"
    },
    "navigationBar": {
      "left": {
        "text": "以前的"
      },
      "right": {
        "text": "下一个"
      }
    }
  },
  "Card.VoltMX.ShareAndPreviewAppV9.done": {
    "content": {
      "title": "恭喜",
      "body": "<p>您成功地：</p> \n <ul> \n <li> <strong>创建了一个带有表单的应用，并为每种表单</strong> </li>添加了UI元素 \n <li> <strong>在表单</strong> </li>之间添加导航 \n <li> <strong>在应用程序</strong> </li>中添加了身份验证 \n <li> <strong>为您的应用创建并集成了数据服务</strong> </li> \n <li> <b>在您的应用中添加了crud功能</b> </li> </ol> <br/> \n\n <p>要了解有关您可以使用Volt MX Iris做什么的更多信息，请访问<a href='#'onClick='javascript:openURL(\"https://support.hcltechsw.com/\")'>大本营</a>。</p>"
    },
    "navigationBar": {
      "left": {
        "text": "以前的"
      },
      "right": {
        "text": "完毕"
      }
    }
  }
}