{
  "Tour.ShareAndPreviewAppMobileV9": {
    "description": " यात्रा का विवरण"
  },
  "Hike.VoltMX.ShareAndPreviewAppMobileV9": {
    "description": " वृद्धि का विवरण"
  },
  "Card.VoltMX.ShareAndPreviewAppMobileV9.doneHike": {
    "content": {
      "title": " बधाई",
      "body": "<p> आपने सफलतापूर्वक:</p>\n<ul>\n<li><strong> ऐप को क्लाउड पर प्रकाशित किया और ऐप व्यूअर कोड बनाया</strong></li>\n<li><strong> ऐप व्यूअर कोड का उपयोग करके वोल्ट एमएक्स ऐप पर ऐप का पूर्वावलोकन किया</strong></li>\n</ul>\n<p> आप कर सकते हैं<strong> शेयर</strong> आगे की समीक्षा और सहयोग के लिए आपके हितधारकों के साथ वोल्ट एमएक्स ऐप व्यूअर कोड।</p>"
    },
    "navigationBar": {
      "left": {
        "text": " पिछला"
      },
      "right": {
        "text": " अगला"
      }
    }
  },
  "Card.VoltMX.ShareAndPreviewAppV9.done": {
    "content": {
      "title": " बधाई",
      "body": "<p> आपने सफलतापूर्वक:</p>\n<ul>\n<li><strong> फ़ॉर्म के साथ एक ऐप बनाया और प्रत्येक फ़ॉर्म के लिए UI तत्व जोड़े</strong></li>\n<li><strong> प्रपत्रों के बीच जोड़ा गया नेविगेशन</strong></li>\n<li><strong> ऐप में प्रमाणीकरण जोड़ा गया</strong></li>\n<li><strong> आपके ऐप में डेटा सेवाओं को बनाया और एकीकृत किया गया</strong></li>\n<li><b> आपके ऐप में CRUD फीचर जोड़े गए</b></li></ol><br/>\n\n<p> वोल्ट एमएक्स आइरिस के साथ आप क्या कर सकते हैं, इसके बारे में अधिक जानने के लिए, यहां जाएं<a href='#'onClick='javascript:openURL(\"https://support.hcltechsw.com/\")'> बेस कैंप</a>.</p>"
    },
    "navigationBar": {
      "left": {
        "text": " पिछला"
      },
      "right": {
        "text": " हो गया"
      }
    }
  },
  "Card.VoltMX.ShareAndPreviewAppV9.explore": {
    "content": {
      "title": " ऐप का अन्वेषण करें",
      "body": "<p> अब आप ऐप को अपने&nbsp;<strong> मोबाइल</strong> डिवाइस।</p>\n<ol>\n<li> अपने ऐप में निम्नलिखित लॉगिन क्रेडेंशियल दर्ज करें:<ul>\n<li> उपयोगकर्ता नाम:<b> john.doe@woodburn.com</b></li>\n<li> पासवर्ड:&nbsp;<strong> वोल्टएमएक्स@123</strong></li>\n</ul>\n</li>\n<li> क्लिक करें&nbsp;<strong> लॉगिन</strong> .&nbsp;<br /> द&nbsp;<strong> खातों की सूची&nbsp;</strong> प्रकट होता है।</li>\n<li> क्लिक करें&nbsp;<strong> प्राप्तकर्ता</strong> .&nbsp;<br /> द&nbsp;<strong> प्राप्तकर्ता सूची</strong> प्रकट होता है।</li>\n<li> जोड़ें पर क्लिक करें<strong> (+)</strong> अपने खाते में प्राप्तकर्ता जोड़ने के लिए।</li>\n<li> प्राप्तकर्ता का विवरण देखने के लिए सूची से&nbsp;चुनें।<br /> विवरण पृष्ठ से, आप प्राप्तकर्ता को संपादित या हटा सकते हैं।</li>\n<li> बाहर निकलने के लिए&nbsp;<strong> मोबाइल ऐप</strong> दो अंगुलियों को बाएं से दाएं स्वाइप करें या अपने मोबाइल डिवाइस को हिलाएं और क्लिक करें&nbsp;<strong> ऐप से बाहर निकलें</strong>.</li>\n</ol>"
    },
    "navigationBar": {
      "left": {
        "text": " पिछला"
      },
      "right": {
        "text": " अगला"
      }
    }
  },
  "Card.VoltMX.ShareAndPreviewAppV9.Intro": {
    "content": {
      "title": " वोल्ट एमएक्स ऐप में पूर्वावलोकन",
      "body": "<p><strong> चलिए शुरू करते हैं!</strong></p><br/>\n<p> इस बढ़ोतरी में, आप सीखेंगे कि अपने मोबाइल डिवाइस पर प्राप्तकर्ता ऐप का पूर्वावलोकन कैसे करें।</p><br/>\n<p> आरंभ करने से पहले, निम्नलिखित हाइक को पूरा करें:</p>\n<ol><b>\n<li><a class=\"tour-link\" tour=\"7408efte-e2aa-4cr8-a9ub-d7ba36n8\"> अपना पहला मोबाइल ऐप लॉन्च करें</a></li>\n<li><a class=\"tour-link\" tour=\"a617eft5-7ca8-4ard-8eu8-94cdean5\"> संग्रह से UI बनाएं</a></li>\n<li><a class=\"tour-link\" tour=\"15d8c7t4-cda7-40rb-afu7-345cfcnc\"> ऐप में प्रमाणीकरण जोड़ें</a></li>\n<li><a class=\"tour-link\" tour=\"a7a762t5-3eac-44r5-8bu2-89b781n1\"> एक नेटिव ऐप के लिए सेवाएं बनाना</a> </li>\n<li><a class=\"tour-link\" tour=\"fab6d8ta-91ac-4frc-8fud-14a9f7na\"> ऐप UI को किसी नेटिव ऐप में डेटा से कनेक्ट करें</a></li>\n<li><a class=\"tour-link\" tour=\"9837bat6-6daf-4cr7-a3u9-8aea36n0\"> प्राप्तकर्ता विवरण बनाना और सुविधा हटाना</a></li><li><a class=\"tour-link\" tour=\"da2bbctf-3ba6-49rf-b2u9-b842dand\"> प्राप्तकर्ता बनाएँ जोड़ें</a> </li>\n<li><a class=\"tour-link\" tour=\"af52eatb-e7a4-46r0-90u8-cfd0c4n6\"> अपने ऐप में प्राप्तकर्ता संपादित करें जोड़ें</a></li></b>\n</ol><br/>\n<p> सुनिश्चित करें कि आपने वही प्रोजेक्ट खोला है जिसे आपने पिछली हाइक में बनाया था।</p>\n<p> एक बंद परियोजना को खोलने के लिए, मुख्य मेनू से, नेविगेट करें<strong> परियोजना</strong> &gt;<strong> खुला</strong> &gt;<strong> एचसीएल संदर्भ वास्तुकला</strong> &gt;<b> प्राप्तकर्ताMobApp</b>.</p><br/>\n<p><strong> जब आप तैयार हों, तो स्टार्ट पर क्लिक करें!</strong></p>"
    },
    "navigationBar": {
      "left": {
        "text": " पिछला"
      },
      "right": {
        "text": " प्रारंभ"
      }
    }
  },
  "Card.VoltMX.ShareAndPreviewAppV9.launch": {
    "content": {
      "title": " ऐप लॉन्च करें",
      "body": "<ol>\n<li> से<strong> लाइव पूर्वावलोकन तैयार है</strong> विंडो, आपके पास ऐप देखने के लिए दो विकल्प हैं:<ul>\n<li><strong> ऐप व्यूअर कोड</strong></li>\n<li><strong> QR कोड स्कैन करें</strong></li>\n</ul></li>\n\n<li> लॉन्च करें<strong> वोल्ट एमएक्स ऐप</strong> आपके पर<strong> मोबाइल</strong> डिवाइस।</li>\n<li> चुनें<strong> बादल</strong> टैब।</li>\n<li> में<strong> 5 अंक ऐप व्यूअर कोड</strong> इनपुट बॉक्स, दर्ज करें<strong> ऐप व्यूअर कोड</strong> आइरिस से।</li>\n<li> वैकल्पिक रूप से, से<strong> वोल्ट एमएक्स ऐप</strong> अपने मोबाइल डिवाइस पर,<strong> बादल</strong> टैब और क्लिक करें<strong> स्कैन क्यूआर कोड</strong>.</li>\n</ol>\n<p> कैमरे तक पहुंच की अनुमति दें<strong> वोल्ट एमएक्स ऐप</strong>. <br /> स्कैन करें<strong> क्यूआर कोड</strong> ऐप देखने के लिए आइरिस पर प्रदर्शित।</p>"
    },
    "navigationBar": {
      "left": {
        "text": " पिछला"
      },
      "right": {
        "text": " अगला"
      }
    }
  },
  "Card.VoltMX.ShareAndPreviewAppV9.publish": {
    "content": {
      "title": " लाइव पूर्वावलोकन प्रकाशित करें",
      "body": "<ol>\n<li> मुख्य मेनू से, चुनें<strong> बिल्ड</strong>.</li>\n<li> क्लिक करें<strong> लाइव पूर्वावलोकन प्रकाशित करें</strong>.<br /> The<strong> लाइव पूर्वावलोकन प्रकाशित करें</strong> विंडो प्रकट होती है।</li>\n</ol>"
    },
    "navigationBar": {
      "left": {
        "text": " पिछला"
      },
      "right": {
        "text": " अगला"
      }
    }
  },
  "Card.VoltMX.ShareAndPreviewAppV9.publish2": {
    "content": {
      "title": " ऐप प्रकाशित करें",
      "body": "<ol>\n<li> से<strong> लाइव पूर्वावलोकन प्रकाशित करें</strong> विंडो, अंडर<strong> मोबाइल</strong> , OS के बगल में स्थित चेकबॉक्स का चयन करें<b> मोबाइल</b> डिवाइस जिस पर आप ऐप देखने जा रहे हैं।<br /> उदाहरण के लिए:<strong> आईओएस</strong> और<strong> Android</strong>.<br /> सुनिश्चित करें कि आपने अन्य सभी प्लेटफार्मों और चैनलों के लिए चेकबॉक्स को अचयनित किया है।</li>\n<li> क्लिक करें<strong> प्रकाशित करें</strong>.<br /> ऐप प्रकाशित होने के बाद,<strong> लाइव पूर्वावलोकन तैयार है</strong> विंडो प्रकट होती है।</li>\n</ol>"
    },
    "navigationBar": {
      "left": {
        "text": " पिछला"
      },
      "right": {
        "text": " अगला"
      }
    }
  }
}