{
    "kuid": "8ba75ct3-edab-49r1-afu8-f82600n6",
    "id": "VoltMX.UseSampleServicesV9.NewProject1",
    "content": {
        "title": "Create a New Project",
        "body": "<ol>\n<li>Navigate to <strong>Project</strong> &gt; <strong>New Project</strong>.</li>\n<li>From the <strong>What do you want to start with now? </strong>window, select <strong>Web App</strong>.</li>\n<li>Click <strong>Next</strong>.<br />The <strong>Which device size do you want to start building for first?</strong> window appears.</li>\n<li>Select <strong>Desktop</strong>.</li>\n<li>Click <strong>Next</strong>.</li>\n</ol>"
    },
    "pointer": {
        "direction": "left",
        "element": "",
        "type": "none"
    },
    "navigationType": "manual",
    "navigationBar": {
        "left": {
            "text": "Previous",
            "enable": true,
            "hide": false
        },
        "right": {
            "text": "Next",
            "enable": true,
            "hide": false
        }
    },
    "navigationCondition": "",
    "position": "BOTTOM_RIGHT",
    "meta": {
        "Creator": "Rashmi Menon",
        "CreatedOn": "Wed, 27 Nov 2019 09:14:04 GMT"
    },
    "context": []
}