{
  "kuid": "d25c77t0-07ab-47r5-8eu4-4ac656n1",
  "id": "VoltMX.ResponsiveBreakV9.breakpointforking1",
  "content": {
    "title": "Breakpoint Forking",
    "body": "<ol>\n<li>From the Iris canvas menu, toggle the <strong>Breakpoint Forking </strong>switch <strong>ON</strong>.<br /> The breakpoints appear as inverted red triangles on the Iris canvas scale.<br />Ensure that the scale on the Iris canvas menu is set to <strong>100%</strong>.</li>\n<li>Select each breakpoint on the canvas scale to see how the form responds.</li>\n</ol>"
  },
  "pointer": {
    "direction": "top",
    "element": "(function() {let toggleElems = document.querySelectorAll('div[id *= \"acToolbarGlobalResponsiveToggle\"]'); for (let i = 0; i < toggleElems.length; i++) {if (toggleElems[i].offsetParent !== null) {return toggleElems[i]} }  })()",
    "type": "default"
  },
  "navigationType": "manual",
  "navigationBar": {
    "left": {
      "text": "Previous",
      "enable": true,
      "hide": false
    },
    "right": {
      "text": "Next",
      "enable": true,
      "hide": false
    }
  },
  "navigationCondition": "",
  "position": "BOTTOM_RIGHT",
  "meta": {
    "Creator": "Rashmi Menon",
    "CreatedOn": "Sat, 29 Feb 2020 03:26:56 GMT"
  },
  "context": [],
  "localization": {
    "en-us": {
      "content": {
        "title": "Breakpoint Forking",
        "body": "<ol>\n<li>From the Iris canvas menu, toggle the <strong>Breakpoint Forking </strong>switch <strong>ON</strong>.<br /> The breakpoints appear as inverted red triangles on the Iris canvas scale.<br />Ensure that the scale on the Iris canvas menu is set to <strong>100%</strong>.</li>\n<li>Select each breakpoint on the canvas scale to see how the form responds.</li>\n</ol>"
      },
      "navigationBar": {
        "left": {
          "text": "Previous"
        },
        "right": {
          "text": "Next"
        }
      }
    },
    "zh-cn": {
      "content": {
        "title": "断点分叉",
        "body": "***<ol> \n <li>从Iris Canvas菜单中，切换<strong>断点分叉</strong> switch <strong> </strong>。 在虹膜帆布菜单上的比例设置为<strong> 100％</strong>。</li> \n <li>选择画布刻度上的每个断点以查看表单的响应。</li> \n </ol>"
      },
      "navigationBar": {
        "left": {
          "text": "以前的"
        },
        "right": {
          "text": "下一个"
        }
      }
    },
    "zh-tw": {
      "content": {
        "title": "斷點分叉",
        "body": "***<ol> \n <li>從Iris Canvas菜單中，切換<strong>斷點分叉</strong> switch <strong> </strong>。 在虹膜帆布菜單上的比例設置為<strong> 100％</strong>。</li> \n <li>選擇畫布刻度上的每個斷點以查看表單的響應。</li> \n </ol>"
      },
      "navigationBar": {
        "left": {
          "text": "以前的"
        },
        "right": {
          "text": "下一個"
        }
      }
    }
  }
}