{
    "kuid": "0aaac4t0-2dab-47r1-a1uf-96f1d9na",
    "id": "VoltMX.CreateServicesV9.configureAccountModel1",
    "content": {
        "title": "Configure the Data Model",
        "body": "<ol>\n<li>From the left pane select the <strong>Data Model</strong> tab.</li><li>Under the <b>Data Model</b> tab, expand  <b>Data Model</b> > <strong>Accounts</strong> > <strong>Fields</strong>, and select <strong>AccountNumber</strong>.</li>\n<li>In the right pane, modify the following values.\n<ul>\n<li>Primary Key: <strong>True</strong></li>\n</ul>\n</li>\n<li>Scroll down to the bottom and click&nbsp;<strong>Save</strong>.</li>\n<li>Expand  <b>Data Model</b> > <strong>Accounts</strong> > <strong>Fields</strong>, and select <strong>AccountName</strong>.</li>\n<li>In the right pane, modify the following value.\n<ul>\n<li>Max Length: <strong>30</strong></li>\n</ul>\n</li>\n<li>Scroll down to the bottom and click <strong>Save</strong> and wait for the <strong>Object Saved Successfully</strong> advisory message before proceeding to the next step.</li>\n</ol>"
    },
    "pointer": {
        "direction": "left",
        "element": "",
        "type": "none"
    },
    "navigationType": "manual",
    "navigationBar": {
        "left": {
            "text": "Previous",
            "enable": true,
            "hide": false
        },
        "right": {
            "text": "Next",
            "enable": true,
            "hide": false
        }
    },
    "navigationCondition": "",
    "position": "BOTTOM_RIGHT",
    "meta": {
        "Creator": "Sparsh Srivastava",
        "CreatedOn": "Wed, 18 Dec 2019 09:03:39 GMT"
    },
    "context": []
}