{
  "kuid": "ba6802t4-5aa7-4brf-89u2-50d699n0",
  "id": "VoltMX.AuthApp.done",
  "content": {
    "title": "Congratulations",
    "body": "<p>You have successfully:</p>\n<ul>\n<li><strong>Created an Identity Service</strong></li>\n<li><strong>Integrated the identity service with the Login form</strong></li>\n</ul>\n<p><br /> To learn how to create the back-end services and link them to the app, check out the next hike: <a class=\"tour-link\" tour=\"a851b9t8-75a9-4ara-88ud-946004n9\"><strong>4.Creating Services for the Back-end data Web</strong></a>.</p>"
  },
  "pointer": {
    "direction": "left",
    "element": "",
    "type": "none"
  },
  "navigationType": "manual",
  "navigationBar": {
    "left": {
      "text": "Previous",
      "enable": true,
      "hide": false
    },
    "right": {
      "text": "Done",
      "enable": true,
      "hide": false
    }
  },
  "navigationCondition": "",
  "position": "CENTER",
  "meta": {
    "Creator": "Deepti Ravula",
    "CreatedOn": "Thu, 19 Dec 2019 07:00:58 GMT"
  },
  "context": [],
  "localization": {
    "en-us": {
      "content": {
        "title": "Congratulations",
        "body": "<p>You have successfully:</p>\n<ul>\n<li><strong>Created an Identity Service</strong></li>\n<li><strong>Integrated the identity service with the Login form</strong></li>\n</ul>\n<p><br /> To learn how to create the back-end services and link them to the app, check out the next hike: <a class=\"tour-link\" tour=\"a851b9t8-75a9-4ara-88ud-946004n9\"><strong>4.Creating Services for the Back-end data Web</strong></a>.</p>"
      },
      "navigationBar": {
        "left": {
          "text": "Previous"
        },
        "right": {
          "text": "Done"
        }
      }
    },
    "zh-cn": {
      "content": {
        "title": "恭喜",
        "body": "***<p>您已经成功：</p> \n <ul> \n <li> <strong>创建一个身份服务</strong> </li> \n <li> <strong>与登录表</strong> </li>集成了身份服务 \n </ul> \n <p> <br />学习如何创建后端服务并将其链接到应用程序，请查看下一个徒步旅行：<a class=\"tour-link\" tour=\"a851b9t8-75a9-4ara-88ud-946004n9\"> <strong> 4.为后端数据Web </strong> {创建服务{16} { 17}。</p>"
      },
      "navigationBar": {
        "left": {
          "text": "以前的"
        },
        "right": {
          "text": "完毕"
        }
      }
    },
    "zh-tw": {
      "content": {
        "title": "恭喜",
        "body": "***<p>您已經成功：</p> \n <ul> \n <li> <strong>創建一個身份服務</strong> </li> \n <li> <strong>與登錄表</strong> </li>集成了身份服務 \n </ul> \n <p> <br />學習如何創建後端服務並將其鏈接到應用程序，請查看下一個徒步旅行：<a class=\"tour-link\" tour=\"a851b9t8-75a9-4ara-88ud-946004n9\"> <strong> 4.為後端數據Web </strong> {創建服務{16} { 17}。</p>"
      },
      "navigationBar": {
        "left": {
          "text": "以前的"
        },
        "right": {
          "text": "完畢"
        }
      }
    }
  }
}