{
  "Tour.UseStorageServiceV9": {
    "description": "旅游描述"
  },
  "Hike.VoltMX.UseStorageServiceV9": {
    "description": "徒步说明"
  },
  "Card.VoltMX.UseStorageServiceV9.addDetails1": {
    "content": {
      "title": "添加详细信息-员工",
      "body": "<ol>\n<li>从左窗格中，在<strong>数据模型</strong>，展开<strong>员工</strong>并选择<strong>字段</strong>.</li>\n<li>在右侧窗格中，单击<strong> + 添加</strong>并输入以下详细信息：<ul>\n<li>姓名：<strong>员工ID</strong></li>\n<li>类型：<strong>数字</strong></li>\n<li>主键：<strong>真</strong></li>\n</ul>\n</li>\n</ol>"
    },
    "navigationBar": {
      "left": {
        "text": "上一个"
      },
      "right": {
        "text": "下一个"
      }
    }
  },
  "Card.VoltMX.UseStorageServiceV9.addDetails2": {
    "content": {
      "title": "添加详细信息-员工姓名",
      "body": "<ol>\n<li>点击<strong> + 添加</strong>并输入以下详细信息：<ul>\n<li>姓名：<strong>员工姓名</strong></li>\n<li>类型：<strong>字符串</strong></li>\n</ul>\n</li>\n</ol>"
    },
    "navigationBar": {
      "left": {
        "text": "上一个"
      },
      "right": {
        "text": "下一个"
      }
    }
  },
  "Card.VoltMX.UseStorageServiceV9.addDetails3": {
    "content": {
      "title": "添加详细信息-员工部门",
      "body": "<ol>\n<li>点击<strong> + 添加</strong>并输入以下详细信息：<ul>\n<li>姓名：<strong>雇员部门</strong></li>\n<li>类型：<strong>字符串</strong></li>\n</ul>\n</li>\n<li>点击<strong>保存</strong>.<br />对象保存成功。</li>\n</ol>"
    },
    "navigationBar": {
      "left": {
        "text": "上一个"
      },
      "right": {
        "text": "下一个"
      }
    }
  },
  "Card.VoltMX.UseStorageServiceV9.addUI": {
    "content": {
      "title": "向表单添加数据",
      "body": "<ol>\n<li>来自<strong>数据&amp;服务</strong>面板，展开<strong>项目服务</strong>&gt;<strong>样本存储</strong>&gt;<strong>员工</strong> ，然后选择<strong>得到</strong>.</li>\n<li>丢弃<strong>得到</strong>来自数据&amp;服务面板<strong>frmDetails</strong>画布上的表格。<br /><strong>你想生成什么？</strong>窗口出现。</li>\n<li>选择<strong>列表&amp;使用响应的详细信息</strong>.</li>\n<li>点击<strong>好的</strong>.<br />您可以在画布上查看表单上的数据。</li>\n</ol>"
    },
    "navigationBar": {
      "left": {
        "text": "上一个"
      },
      "right": {
        "text": "下一个"
      }
    }
  },
  "Card.VoltMX.UseStorageServiceV9.configureObj": {
    "content": {
      "title": "配置对象服务",
      "body": "<p>添加完字段后，从窗口的左上角，单击存储服务名称<strong>样本存储</strong>.</p>"
    },
    "navigationBar": {
      "left": {
        "text": "上一个"
      },
      "right": {
        "text": "下一个"
      }
    }
  },
  "Card.VoltMX.UseStorageServiceV9.createObj1": {
    "content": {
      "title": "创建对象服务",
      "body": "<ol>\n<li>在名称字段中，输入<strong>样本存储</strong>.</li>\n<li>点击<strong>保存&amp;配置</strong>.</li>\n<li>在<strong>配置</strong>窗口，点击<strong>配置新</strong>.</li>\n<li>在名称字段中，输入：<strong>员工</strong>.</li>\n<li>点击<strong>保存</strong>.</li>\n</ol>"
    },
    "navigationBar": {
      "left": {
        "text": "上一个"
      },
      "right": {
        "text": "下一个"
      }
    }
  },
  "Card.VoltMX.UseStorageServiceV9.createObjService": {
    "content": {
      "title": "创建对象服务",
      "body": "<ol>\n<li>导航到<strong>数据&amp;服务</strong>面板，展开<strong>项目服务</strong>然后点击<strong>配置新</strong>.</li>\n<li>下<strong>数据集成</strong>，选择<strong>数据存储</strong>.<br /><strong>配置对象服务</strong>窗口出现。</li>\n</ol>"
    },
    "navigationBar": {
      "left": {
        "text": "上一个"
      },
      "right": {
        "text": "下一个"
      }
    }
  },
  "Card.VoltMX.UseStorageServiceV9.Intro": {
    "content": {
      "title": "连接到存储服务",
      "body": "<b>让我们开始吧。</b><br/>在这次徒步旅行中，我们将：<br/>\n<ul><li>创建表单</li>\n<li>创建存储服务</li>\n<li>在存储服务中填充数据</li>\n<li>将数据连接到表单。<br>您可以按照相同的步骤将您自己的存储服务绑定到您的应用程序。</br></li></ul>\n<br/>\n\n<b>准备好后，单击开始！</b>"
    },
    "navigationBar": {
      "left": {
        "text": "上一个"
      },
      "right": {
        "text": "开始"
      }
    }
  },
  "Card.VoltMX.UseStorageServiceV9.last": {
    "content": {
      "title": " 恭喜",
      "body": "您已成功：<ul><b><li>创建了一个表单</li><li>创建了一个示例存储服务。</li>\n<li>将表单与存储服务数据连接起来。</li><li>在 Iris Live Preview 上发布您的应用</b></li></ul><br/>"
    },
    "navigationBar": {
      "left": {
        "text": "上一个"
      },
      "right": {
        "text": "完成"
      }
    }
  },
  "Card.VoltMX.UseStorageServiceV9.NewProject1": {
    "content": {
      "title": "创建一个新项目",
      "body": "<ol>\n<li>导航到<strong>项目</strong>&gt;<strong>新项目</strong>.</li>\n<li>来自<strong> 你现在想从什么开始？</strong>窗口，选择<strong>网络应用</strong>.</li>\n<li>点击<strong>下一个</strong>.<br /><strong>您想首先开始构建哪种设备尺寸？</strong>窗口出现。</li>\n<li>选择<strong>桌面</strong>.</li>\n<li>点击<strong>下一个</strong>.</li>\n</ol>"
    },
    "navigationBar": {
      "left": {
        "text": "上一个"
      },
      "right": {
        "text": "下一个"
      }
    }
  },
  "Card.VoltMX.UseStorageServiceV9.NewProject2": {
    "content": {
      "title": "创建一个新项目",
      "body": "<ol>\n<li>在<strong>您从一个 Web 应用程序开始。选择的设备大小是桌面。</strong>窗口，下<strong>项目名称</strong>，输入<strong>GetmyDataStorage</strong>.</li>\n<li>点击<strong>创建</strong>.<br />使用一个 flex 表单创建了一个新应用程序。<br />应用程序在<strong>故事板</strong>查看。</li>\n</ol>"
    },
    "navigationBar": {
      "left": {
        "text": "上一个"
      },
      "right": {
        "text": "下一个"
      }
    }
  },
  "Card.VoltMX.UseStorageServiceV9.rename": {
    "content": {
      "title": "重命名表单",
      "body": "<ol>\n<li>在<strong>故事板</strong>查看，在新表单上方，单击<strong>Form1</strong>.</li>\n<li>重命名表单<strong>frmDetails</strong>.</li>\n<li> 双击表单打开表单<strong>设计</strong>查看。</li>\n</ol>"
    },
    "navigationBar": {
      "left": {
        "text": "上一个"
      },
      "right": {
        "text": "下一个"
      }
    }
  },
  "Card.VoltMX.UseStorageServiceV9.run": {
    "content": {
      "title": "运行应用程序",
      "body": "<ol>\n<li>来自<strong>实时预览设置</strong>窗下<strong>平台和渠道</strong>，选择<strong>响应式网站</strong>. <br />确保您已取消选中所有其他平台和频道的复选框。</li>\n<li>点击<strong>保存&amp;跑步</strong>. <br /> Iris 可能需要一些时间才能显示<strong>虹膜预览</strong>窗口。</li>\n</ol>\n<p> 您可以在页面上查看您添加的数据。<br /><br /></p>"
    },
    "navigationBar": {
      "left": {
        "text": "上一个"
      },
      "right": {
        "text": "下一个"
      }
    }
  },
  "Card.VoltMX.UseStorageServiceV9.template": {
    "content": {
      "title": "示例数据库",
      "body": "<p>我们现在将以 zip 文件的形式添加示例数据库文件。</p>\n<ol><li>点击<a href='#'onClick='javascript:openURL(\"https://github.com/HCL-TECH-SOFTWARE/volt-mx-tutorials/raw/master/public/samples/storageSample.zip\")'>这里</a>下载示例 .zip 文件。</li>\n<li>将下载的文件拖放到<b>样本数据</b>.</li>\n<li>点击<b>保存</b>.</li>\n<li>点击<b>关闭</b>.</li></ol>"
    },
    "navigationBar": {
      "left": {
        "text": "上一个"
      },
      "right": {
        "text": "下一个"
      }
    }
  }
}