{
  "Tour.UseStorageServiceV9": {
    "description": " यात्रा का विवरण"
  },
  "Hike.VoltMX.UseStorageServiceV9": {
    "description": " वृद्धि का विवरण"
  },
  "Card.VoltMX.UseStorageServiceV9.addDetails1": {
    "content": {
      "title": " विवरण जोड़ें-कर्मचारी",
      "body": "<ol>\n<li> बाएँ फलक से, नीचे<strong> डेटा मॉडल</strong> , विस्तृत करें<strong> कर्मचारी</strong> और चुनें<strong> फ़ील्ड</strong>.</li>\n<li> दाएँ फलक में, क्लिक करें<strong> + जोड़ें</strong> और निम्नलिखित विवरण दर्ज करें:<ul>\n<li> नाम:<strong> कर्मचारी आईडी</strong></li>\n<li> प्रकार:<strong> संख्या</strong></li>\n<li> प्राथमिक कुंजी:<strong> सच</strong></li>\n</ul>\n</li>\n</ol>"
    },
    "navigationBar": {
      "left": {
        "text": " पिछला"
      },
      "right": {
        "text": " अगला"
      }
    }
  },
  "Card.VoltMX.UseStorageServiceV9.addDetails2": {
    "content": {
      "title": " विवरण जोड़ें- कर्मचारी का नाम",
      "body": "<ol>\n<li> क्लिक करें<strong> + जोड़ें</strong> और निम्नलिखित विवरण दर्ज करें:<ul>\n<li> नाम:<strong> कर्मचारी का नाम</strong></li>\n<li> प्रकार:<strong> स्ट्रिंग</strong></li>\n</ul>\n</li>\n</ol>"
    },
    "navigationBar": {
      "left": {
        "text": " पिछला"
      },
      "right": {
        "text": " अगला"
      }
    }
  },
  "Card.VoltMX.UseStorageServiceV9.addDetails3": {
    "content": {
      "title": " विवरण जोड़ें - कर्मचारी विभाग",
      "body": "<ol>\n<li> क्लिक करें<strong> + जोड़ें</strong> और निम्नलिखित विवरण दर्ज करें:<ul>\n<li> नाम:<strong> कर्मचारी विभाग</strong></li>\n<li> प्रकार:<strong> स्ट्रिंग</strong></li>\n</ul>\n</li>\n<li> क्लिक करें<strong> सहेजें</strong>.<br /> ऑब्जेक्ट सफलतापूर्वक सहेजा गया है।</li>\n</ol>"
    },
    "navigationBar": {
      "left": {
        "text": " पिछला"
      },
      "right": {
        "text": " अगला"
      }
    }
  },
  "Card.VoltMX.UseStorageServiceV9.addUI": {
    "content": {
      "title": " फॉर्म में डेटा जोड़ें",
      "body": "<ol>\n<li> से<strong> डेटा &amp; सेवाएं</strong> पैनल, विस्तार करें<strong> परियोजना सेवाएं</strong> &gt;<strong> नमूना भंडारण</strong> &gt;<strong>employee</strong> , और चुनें<strong> प्राप्त करें</strong>.</li>\n<li> ड्रॉप<strong> प्राप्त करें</strong> डेटा से &amp; सेवा पैनल पर to<strong> frm विवरण</strong> कैनवास पर प्रपत्र।<br /> The<strong> आप क्या उत्पन्न करना चाहेंगे?</strong> विंडो प्रकट होती है।</li>\n<li> चुनें<strong> सूची &amp; प्रतिक्रिया का उपयोग कर विवरण</strong>.</li>\n<li> क्लिक करें<strong> ठीक है</strong>.<br /> आप कैनवास पर प्रपत्र पर डेटा देख सकते हैं।</li>\n</ol>"
    },
    "navigationBar": {
      "left": {
        "text": " पिछला"
      },
      "right": {
        "text": " अगला"
      }
    }
  },
  "Card.VoltMX.UseStorageServiceV9.configureObj": {
    "content": {
      "title": " ऑब्जेक्ट सेवा कॉन्फ़िगर करें",
      "body": "<p> एक बार जब आप फ़ील्ड जोड़ना समाप्त कर लेते हैं, तो विंडो के ऊपरी-बाएँ कोने से, संग्रहण सेवा नाम पर क्लिक करें<strong> नमूना भंडारण</strong>.</p>"
    },
    "navigationBar": {
      "left": {
        "text": " पिछला"
      },
      "right": {
        "text": " अगला"
      }
    }
  },
  "Card.VoltMX.UseStorageServiceV9.createObj1": {
    "content": {
      "title": " एक वस्तु सेवा बनाएँ",
      "body": "<ol>\n<li> नाम फ़ील्ड में, दर्ज करें<strong> नमूना भंडारण</strong>.</li>\n<li> क्लिक करें<strong> सहेजें &amp; कॉन्फ़िगर</strong>.</li>\n<li> में<strong> कॉन्फ़िगर करें</strong> विंडो, क्लिक करें<strong> नया कॉन्फ़िगर करें</strong>.</li>\n<li> नाम फ़ील्ड में, दर्ज करें:<strong> कर्मचारी</strong>.</li>\n<li> क्लिक करें<strong> सहेजें</strong>.</li>\n</ol>"
    },
    "navigationBar": {
      "left": {
        "text": " पिछला"
      },
      "right": {
        "text": " अगला"
      }
    }
  },
  "Card.VoltMX.UseStorageServiceV9.createObjService": {
    "content": {
      "title": " एक वस्तु सेवा बनाएँ",
      "body": "<ol>\n<li> पर नेविगेट करें<strong> डेटा &amp; सेवाएं</strong> पैनल, विस्तार करें<strong> परियोजना सेवाएं</strong> और क्लिक करें<strong> नया कॉन्फ़िगर करें</strong>.</li>\n<li> अंडर<strong> डेटा एकीकरण</strong> , चुनें<strong> डेटा संग्रहण</strong>.<br /> The<strong> ऑब्जेक्ट सेवा कॉन्फ़िगर करें</strong> विंडो प्रकट होती है।</li>\n</ol>"
    },
    "navigationBar": {
      "left": {
        "text": " पिछला"
      },
      "right": {
        "text": " अगला"
      }
    }
  },
  "Card.VoltMX.UseStorageServiceV9.Intro": {
    "content": {
      "title": " संग्रहण सेवा से कनेक्ट करें",
      "body": "<b> चलिए शुरू करते हैं।</b><br/> इस वृद्धि में, हम करेंगे:<br/>\n<ul><li> एक फॉर्म बनाएं</li>\n<li> एक स्टोरेज सर्विस बनाएं</li>\n<li> भंडारण सेवा में डेटा पॉप्युलेट करें</li>\n<li> डेटा को फॉर्म से कनेक्ट करें।<br> आप अपनी खुद की स्टोरेज सेवा को अपने ऐप से बाइंड करने के लिए उन्हीं चरणों का पालन कर सकते हैं।</br></li></ul>\n<br/>\n\n<b> जब आप तैयार हों, तो स्टार्ट पर क्लिक करें!</b>"
    },
    "navigationBar": {
      "left": {
        "text": " पिछला"
      },
      "right": {
        "text": " प्रारंभ"
      }
    }
  },
  "Card.VoltMX.UseStorageServiceV9.last": {
    "content": {
      "title": " बधाई",
      "body": " आपने सफलतापूर्वक:<ul><b><li> एक प्रपत्र बनाया गया</li><li> एक नमूना भंडारण सेवा बनाई गई।</li>\n<li> फॉर्म को स्टोरेज सर्विस डेटा से कनेक्ट किया गया।</li><li> आईरिस लाइव पूर्वावलोकन पर अपना ऐप लॉन्च किया</b></li></ul><br/>"
    },
    "navigationBar": {
      "left": {
        "text": " पिछला"
      },
      "right": {
        "text": " हो गया"
      }
    }
  },
  "Card.VoltMX.UseStorageServiceV9.NewProject1": {
    "content": {
      "title": " एक नया प्रोजेक्ट बनाएं",
      "body": "<ol>\n<li> नेविगेट करें<strong> परियोजना</strong> &gt;<strong> नई परियोजना</strong>.</li>\n<li> से<strong> आप अभी क्या शुरू करना चाहते हैं?</strong> विंडो, चुनें<strong> वेब ऐप</strong>.</li>\n<li> क्लिक करें<strong> अगला</strong>.<br /> The<strong> आप सबसे पहले किस डिवाइस का आकार बनाना शुरू करना चाहते हैं?</strong> विंडो प्रकट होती है।</li>\n<li> चुनें<strong> डेस्कटॉप</strong>.</li>\n<li> क्लिक करें<strong> अगला</strong>.</li>\n</ol>"
    },
    "navigationBar": {
      "left": {
        "text": " पिछला"
      },
      "right": {
        "text": " अगला"
      }
    }
  },
  "Card.VoltMX.UseStorageServiceV9.NewProject2": {
    "content": {
      "title": " एक नया प्रोजेक्ट बनाएं",
      "body": "<ol>\n<li> में<strong> आपने वेब ऐप के साथ शुरुआत की। चयनित डिवाइस का आकार डेस्कटॉप है।</strong> विंडो, अंडर<strong> परियोजना का नाम</strong> , दर्ज करें<strong> GetmyDataStorage</strong>.</li>\n<li> क्लिक करें<strong> बनाएँ</strong>.<br /> एक फ्लेक्स फॉर्म के साथ एक नया एप्लिकेशन बनाया गया है।<br /> आवेदन में खुलता है<strong> स्टोरीबोर्ड</strong> देखें।</li>\n</ol>"
    },
    "navigationBar": {
      "left": {
        "text": " पिछला"
      },
      "right": {
        "text": " अगला"
      }
    }
  },
  "Card.VoltMX.UseStorageServiceV9.rename": {
    "content": {
      "title": " फॉर्म का नाम बदलें",
      "body": "<ol>\n<li> में<strong> स्टोरीबोर्ड</strong> देखें, नए फॉर्म के ऊपर, क्लिक करें<strong> फॉर्म1</strong>.</li>\n<li> फॉर्म का नाम बदलें<strong> frm विवरण</strong>.</li>\n<li> फॉर्म को खोलने के लिए फॉर्म पर डबल-क्लिक करें<strong> डिज़ाइन</strong> देखें।</li>\n</ol>"
    },
    "navigationBar": {
      "left": {
        "text": " पिछला"
      },
      "right": {
        "text": " अगला"
      }
    }
  },
  "Card.VoltMX.UseStorageServiceV9.run": {
    "content": {
      "title": " ऐप चलाएँ",
      "body": "<ol>\n<li> से<strong> लाइव पूर्वावलोकन सेटिंग्स</strong> विंडो, अंडर<strong> प्लेटफॉर्म और चैनल</strong> , चुनें<strong> उत्तरदायी वेब</strong>. <br /> सुनिश्चित करें कि आपने अन्य सभी प्लेटफॉर्म और चैनलों के लिए चेकबॉक्स को अचयनित किया है।</li>\n<li> क्लिक करें<strong> सहेजें और amp; Daud</strong>. <br /> आइरिस को दिखाने में कुछ समय लग सकता है<strong> आइरिस पूर्वावलोकन</strong> window.</li>\n</ol>\n<p> आप पृष्ठ पर जोड़े गए डेटा को देख सकते हैं।<br /><br /></p>"
    },
    "navigationBar": {
      "left": {
        "text": " पिछला"
      },
      "right": {
        "text": " अगला"
      }
    }
  },
  "Card.VoltMX.UseStorageServiceV9.template": {
    "content": {
      "title": " नमूना डेटाबेस",
      "body": "<p> अब हम एक ज़िप फ़ाइल के रूप में नमूना डेटाबेस फ़ाइल जोड़ेंगे।</p>\n<ol><li> क्लिक करें<a href='#'onClick='javascript:openURL(\"https://github.com/HCL-TECH-SOFTWARE/volt-mx-tutorials/raw/master/public/samples/storageSample.zip\")'> यहाँ</a> नमूना .zip फ़ाइल डाउनलोड करने के लिए।</li>\n<li> डाउनलोड की गई फ़ाइल को ड्रैग और ड्रॉप करें<b> नमूना डेटा</b>.</li>\n<li> क्लिक करें<b> सहेजें</b>.</li>\n<li> क्लिक करें<b> बंद करें</b>.</li></ol>"
    },
    "navigationBar": {
      "left": {
        "text": " पिछला"
      },
      "right": {
        "text": " अगला"
      }
    }
  }
}