{
  "Tour.UseStorageServiceV9": {
    "description": "旅遊描述"
  },
  "Hike.VoltMX.UseStorageServiceV9": {
    "description": "徒步說明"
  },
  "Card.VoltMX.UseStorageServiceV9.addDetails1": {
    "content": {
      "title": "添加詳細信息-員工",
      "body": "<ol>\n<li>從左窗格中，在<strong>數據模型</strong>，展開<strong>員工</strong>並選擇<strong>字段</strong>.</li>\n<li>在右側窗格中，單擊<strong> + 添加</strong>並輸入以下詳細信息：<ul>\n<li>姓名：<strong>員工ID</strong></li>\n<li>類型：<strong>數字</strong></li>\n<li>主鍵：<strong>真</strong></li>\n</ul>\n</li>\n</ol>"
    },
    "navigationBar": {
      "left": {
        "text": "上一個"
      },
      "right": {
        "text": "下一個"
      }
    }
  },
  "Card.VoltMX.UseStorageServiceV9.addDetails2": {
    "content": {
      "title": "添加詳細信息-員工姓名",
      "body": "<ol>\n<li>點擊<strong> + 添加</strong>並輸入以下詳細信息：<ul>\n<li>姓名：<strong>員工姓名</strong></li>\n<li>類型：<strong>字符串</strong></li>\n</ul>\n</li>\n</ol>"
    },
    "navigationBar": {
      "left": {
        "text": "上一個"
      },
      "right": {
        "text": "下一個"
      }
    }
  },
  "Card.VoltMX.UseStorageServiceV9.addDetails3": {
    "content": {
      "title": "添加詳細信息-員工部門",
      "body": "<ol>\n<li>點擊<strong> + 添加</strong>並輸入以下詳細信息：<ul>\n<li>姓名：<strong>僱員部門</strong></li>\n<li>類型：<strong>字符串</strong></li>\n</ul>\n</li>\n<li>點擊<strong>保存</strong>.<br />對象保存成功。</li>\n</ol>"
    },
    "navigationBar": {
      "left": {
        "text": "上一個"
      },
      "right": {
        "text": "下一個"
      }
    }
  },
  "Card.VoltMX.UseStorageServiceV9.addUI": {
    "content": {
      "title": "向表單添加數據",
      "body": "<ol>\n<li>來自<strong>數據&amp;服務</strong>面板，展開<strong>項目服務</strong>&gt;<strong>樣本存儲</strong>&gt;<strong>員工</strong> ，然後選擇<strong>得到</strong>.</li>\n<li>丟棄<strong>得到</strong>來自數據&amp;服務面板<strong>frmDetails</strong>畫布上的表格。<br /><strong>你想生成什麼？</strong>窗口出現。</li>\n<li>選擇<strong>列表&amp;使用響應的詳細信息</strong>.</li>\n<li>點擊<strong>好的</strong>.<br />您可以在畫布上查看表單上的數據。</li>\n</ol>"
    },
    "navigationBar": {
      "left": {
        "text": "上一個"
      },
      "right": {
        "text": "下一個"
      }
    }
  },
  "Card.VoltMX.UseStorageServiceV9.configureObj": {
    "content": {
      "title": "配置對象服務",
      "body": "<p>添加完字段後，從窗口的左上角，單擊存儲服務名稱<strong>樣本存儲</strong>.</p>"
    },
    "navigationBar": {
      "left": {
        "text": "上一個"
      },
      "right": {
        "text": "下一個"
      }
    }
  },
  "Card.VoltMX.UseStorageServiceV9.createObj1": {
    "content": {
      "title": "創建對象服務",
      "body": "<ol>\n<li>在名稱字段中，輸入<strong>樣本存儲</strong>.</li>\n<li>點擊<strong>保存&amp;配置</strong>.</li>\n<li>在<strong>配置</strong>窗口，點擊<strong>配置新</strong>.</li>\n<li>在名稱字段中，輸入：<strong>員工</strong>.</li>\n<li>點擊<strong>保存</strong>.</li>\n</ol>"
    },
    "navigationBar": {
      "left": {
        "text": "上一個"
      },
      "right": {
        "text": "下一個"
      }
    }
  },
  "Card.VoltMX.UseStorageServiceV9.createObjService": {
    "content": {
      "title": "創建對象服務",
      "body": "<ol>\n<li>導航到<strong>數據&amp;服務</strong>面板，展開<strong>項目服務</strong>然後點擊<strong>配置新</strong>.</li>\n<li>下<strong>數據集成</strong>，選擇<strong>數據存儲</strong>.<br /><strong>配置對象服務</strong>窗口出現。</li>\n</ol>"
    },
    "navigationBar": {
      "left": {
        "text": "上一個"
      },
      "right": {
        "text": "下一個"
      }
    }
  },
  "Card.VoltMX.UseStorageServiceV9.Intro": {
    "content": {
      "title": "連接到存儲服務",
      "body": "<b>讓我們開始吧。</b><br/>在這次徒步旅行中，我們將：<br/>\n<ul><li>創建表單</li>\n<li>創建存儲服務</li>\n<li>在存儲服務中填充數據</li>\n<li>將數據連接到表單。<br>您可以按照相同的步驟將您自己的存儲服務綁定到您的應用程序。</br></li></ul>\n<br/>\n\n<b>準備好後，單擊開始！</b>"
    },
    "navigationBar": {
      "left": {
        "text": "上一個"
      },
      "right": {
        "text": "開始"
      }
    }
  },
  "Card.VoltMX.UseStorageServiceV9.last": {
    "content": {
      "title": " 恭喜",
      "body": "您已成功：<ul><b><li>創建了一個表單</li><li>創建了一個示例存儲服務。</li>\n<li>將表單與存儲服務數據連接起來。</li><li>在 Iris Live Preview 上發布您的應用</b></li></ul><br/>"
    },
    "navigationBar": {
      "left": {
        "text": "上一個"
      },
      "right": {
        "text": "完成"
      }
    }
  },
  "Card.VoltMX.UseStorageServiceV9.NewProject1": {
    "content": {
      "title": "創建一個新項目",
      "body": "<ol>\n<li>導航到<strong>項目</strong>&gt;<strong>新項目</strong>.</li>\n<li>來自<strong> 你現在想從什麼開始？</strong>窗口，選擇<strong>網絡應用</strong>.</li>\n<li>點擊<strong>下一個</strong>.<br /><strong>您想首先開始構建哪種設備尺寸？</strong>窗口出現。</li>\n<li>選擇<strong>桌面</strong>.</li>\n<li>點擊<strong>下一個</strong>.</li>\n</ol>"
    },
    "navigationBar": {
      "left": {
        "text": "上一個"
      },
      "right": {
        "text": "下一個"
      }
    }
  },
  "Card.VoltMX.UseStorageServiceV9.NewProject2": {
    "content": {
      "title": "創建一個新項目",
      "body": "<ol>\n<li>在<strong>您從一個 Web 應用程序開始。選擇的設備大小是桌面。</strong>窗口，下<strong>項目名稱</strong>，輸入<strong>GetmyDataStorage</strong>.</li>\n<li>點擊<strong>創建</strong>.<br />使用一個 flex 表單創建了一個新應用程序。<br />應用程序在<strong>故事板</strong>查看。</li>\n</ol>"
    },
    "navigationBar": {
      "left": {
        "text": "上一個"
      },
      "right": {
        "text": "下一個"
      }
    }
  },
  "Card.VoltMX.UseStorageServiceV9.rename": {
    "content": {
      "title": "重命名表單",
      "body": "<ol>\n<li>在<strong>故事板</strong>查看，在新表單上方，單擊<strong>Form1</strong>.</li>\n<li>重命名表單<strong>frmDetails</strong>.</li>\n<li> 雙擊表單打開表單<strong>設計</strong>查看。</li>\n</ol>"
    },
    "navigationBar": {
      "left": {
        "text": "上一個"
      },
      "right": {
        "text": "下一個"
      }
    }
  },
  "Card.VoltMX.UseStorageServiceV9.run": {
    "content": {
      "title": "運行應用程序",
      "body": "<ol>\n<li>來自<strong>實時預覽設置</strong>窗下<strong>平台和渠道</strong>，選擇<strong>響應式網站</strong>. <br />確保您已取消選中所有其他平台和頻道的複選框。</li>\n<li>點擊<strong>保存&amp;跑步</strong>. <br /> Iris 可能需要一些時間才能顯示<strong>虹膜預覽</strong>窗口。</li>\n</ol>\n<p> 您可以在頁面上查看您添加的數據。<br /><br /></p>"
    },
    "navigationBar": {
      "left": {
        "text": "上一個"
      },
      "right": {
        "text": "下一個"
      }
    }
  },
  "Card.VoltMX.UseStorageServiceV9.template": {
    "content": {
      "title": "示例數據庫",
      "body": "<p>我們現在將以 zip 文件的形式添加示例數據庫文件。</p>\n<ol><li>點擊<a href='#'onClick='javascript:openURL(\"https://github.com/HCL-TECH-SOFTWARE/volt-mx-tutorials/raw/master/public/samples/storageSample.zip\")'>這裡</a>下載示例 .zip 文件。</li>\n<li>將下載的文件拖放到<b>樣本數據</b>.</li>\n<li>點擊<b>保存</b>.</li>\n<li>點擊<b>關閉</b>.</li></ol>"
    },
    "navigationBar": {
      "left": {
        "text": "上一個"
      },
      "right": {
        "text": "下一個"
      }
    }
  }
}