{
    "kuid": "6b23e4td-33ab-40rd-a7uf-d8e7dcn3",
    "id": "VoltMX.IntrotoSegmentTempV9.segTemplate1",
    "content": {
        "title": "Create Row Template",
        "body": "<ol><li>From the <b>Properties</b> panel, go to the <b>Segment</b> tab.</li>\n<li>Under the <b>General</b> section, for the property <b>Row Template</b>, from the drop-down list, select the option <b>Create New</b>.<br/>\nA new template with a FlexContainer is created under the <b>Templates</b> explorer.</li>\n<li>From the <b>Templates</b> explorer, right-click on the template named as <b>TempXXXX</b> under <b>Segments</b>, select <b>Rename</b>.</li>\n<li>Rename the template from <b>TempXXXX</b> to <b>segmentTemp</b>.</li></ol>"
    },
    "pointer": {
        "direction": "top",
        "element": {
            "module": "propertieswindow",
            "itemType": "pw-tab",
            "info": {
                "tabName": "Segment"
            }
        },
        "type": "default"
    },
    "navigationType": "manual",
    "navigationBar": {
        "left": {
            "text": "Previous",
            "enable": true,
            "hide": false
        },
        "right": {
            "text": "Next",
            "enable": true,
            "hide": false
        }
    },
    "navigationCondition": "",
    "position": "BOTTOM_RIGHT",
    "meta": {
        "Creator": "Rashmi Menon",
        "CreatedOn": "Mon, 25 Nov 2019 11:37:59 GMT"
    },
    "context": []
}