{
  "kuid": "c6414et8-5ba0-4dr5-91uc-97aee4ne",
  "id": "VoltMX.AddCreatePayeeWeb_v9.successAlert2",
  "content": {
    "title": "Configuring the Success Alert",
    "body": "<ol>\n<li>Enter <strong>Add Snippet</strong> in the search bar and select <strong>Add Snippet</strong> under the <strong>Function </strong>section.</li>\n<li>In the right pane, type the following code:<br /><span style=\"background-color: #999999;\">self.view.forceLayout();</span></li>\n<li>From the left menu of the <strong>Action Editor</strong>, under the <strong>General</strong> section, select <strong>Navigate to Form</strong>.</li>\n<li>From the right pane, select <strong>frmRecipients</strong>.</li>\n<li>Click <strong>Save</strong>.</li>\n</ol>"
  },
  "pointer": {
    "direction": "left",
    "element": "",
    "type": "none"
  },
  "navigationType": "manual",
  "navigationBar": {
    "left": {
      "text": "Previous",
      "enable": true,
      "hide": false
    },
    "right": {
      "text": "Next",
      "enable": true,
      "hide": false
    }
  },
  "navigationCondition": "",
  "position": "BOTTOM_LEFT",
  "meta": {
    "Creator": "Rashmi Menon",
    "CreatedOn": "Tue, 25 Feb 2020 05:22:11 GMT"
  },
  "context": [],
  "localization": {
    "en-us": {
      "content": {
        "title": "Configuring the Success Alert",
        "body": "<ol>\n<li>Enter <strong>Add Snippet</strong> in the search bar and select <strong>Add Snippet</strong> under the <strong>Function </strong>section.</li>\n<li>In the right pane, type the following code:<br /><span style=\"background-color: #999999;\">self.view.forceLayout();</span></li>\n<li>From the left menu of the <strong>Action Editor</strong>, under the <strong>General</strong> section, select <strong>Navigate to Form</strong>.</li>\n<li>From the right pane, select <strong>frmRecipients</strong>.</li>\n<li>Click <strong>Save</strong>.</li>\n</ol>"
      },
      "navigationBar": {
        "left": {
          "text": "Previous"
        },
        "right": {
          "text": "Next"
        }
      }
    },
    "zh-cn": {
      "content": {
        "title": "配置成功警报",
        "body": "***<ol> \n <li>输入<strong>在搜索栏中添加snippet </strong>，然后选择<strong>在<strong>函数</strong> e节下添加snippet </strong>。</li> \n <li>在右窗格中，键入以下代码：<br /> <span style=\"background-color: #999999;\"> self.view.forcelayout（）; </span> </li> {13} \n <li>从<strong>操作编辑器的左菜单</strong>，在<strong>常规</strong>部分下，选择<strong>导航至form </strong>。</li>。{21} \n <li>从右窗格中，选择<strong> frmrecipient </strong>。</li> \n <li>单击<strong>保存</strong>。</li> \n </ol>"
      },
      "navigationBar": {
        "left": {
          "text": "以前的"
        },
        "right": {
          "text": "下一个"
        }
      }
    },
    "zh-tw": {
      "content": {
        "title": "配置成功警報",
        "body": "***<ol> \n <li>輸入<strong>在搜索欄中添加snippet </strong>，然後選擇<strong>在<strong>函數</strong> e節下添加snippet </strong>。</li> \n <li>在右窗格中，鍵入以下代碼：<br /> <span style=\"background-color: #999999;\"> self.view.forcelayout（）; </span> </li> {13} \n <li>從<strong>操作編輯器的左菜單</strong>，在<strong>常規</strong>部分下，選擇<strong>導航至form </strong>。</li>。{21} \n <li>從右窗格中，選擇<strong> frmrecipient </strong>。</li> \n <li>單擊<strong>保存</strong>。</li> \n </ol>"
      },
      "navigationBar": {
        "left": {
          "text": "以前的"
        },
        "right": {
          "text": "下一個"
        }
      }
    }
  }
}