{
  "kuid": "7a1949t5-cfa5-4er1-99u6-e9a29enc",
  "id": "VoltMX.AssignDatatotheSegmentV9.Intro",
  "content": {
    "title": "Assign Data to the Segment",
    "body": "<p><strong>Let&rsquo;s get started!</strong></p>\n<p>In this hike, we will:</p>\n<ul>\n<li>Modify the segment template from the template</li>\n<li>Assign data to the widgets in the template</li>\n</ul>\n<p>&nbsp;</p>\n<p>Before you begin, ensure that you have completed the following hike:</p>\n<ol>\n<li><a class=\"tour-link\" tour=\"9b0f07t4-e9a8-49rb-83u2-876264n4\"><strong>Introduction to Segment</strong></a></li>\n</ol>\n<p>&nbsp;</p>\n<p>Ensure that you open the same project that you have created in the hikes 4 above.</p>\n<p>To open a closed project, from the main menu, navigate to <strong>Project</strong> &gt; <strong>Open</strong> &gt; <strong>HCL Reference Architecture</strong> &gt; <strong>EmployeeList</strong>.</p>\n<p>&nbsp;</p>\n<p><strong>When you are ready, click Start!</strong></p>"
  },
  "pointer": {
    "direction": "left",
    "element": "",
    "type": "none"
  },
  "navigationType": "manual",
  "navigationBar": {
    "left": {
      "text": "Previous",
      "enable": false,
      "hide": true
    },
    "right": {
      "text": "Start",
      "enable": true,
      "hide": false
    }
  },
  "navigationCondition": "",
  "position": "CENTER",
  "meta": {
    "Creator": "Rashmi Menon",
    "CreatedOn": "Mon, 25 Nov 2019 10:58:19 GMT"
  },
  "context": [],
  "localization": {
    "en-us": {
      "content": {
        "title": "Assign Data to the Segment",
        "body": "<p><strong>Let&rsquo;s get started!</strong></p>\n<p>In this hike, we will:</p>\n<ul>\n<li>Modify the segment template from the template</li>\n<li>Assign data to the widgets in the template</li>\n</ul>\n<p>&nbsp;</p>\n<p>Before you begin, ensure that you have completed the following hike:</p>\n<ol>\n<li><a class=\"tour-link\" tour=\"9b0f07t4-e9a8-49rb-83u2-876264n4\"><strong>Introduction to Segment</strong></a></li>\n</ol>\n<p>&nbsp;</p>\n<p>Ensure that you open the same project that you have created in the hikes 4 above.</p>\n<p>To open a closed project, from the main menu, navigate to <strong>Project</strong> &gt; <strong>Open</strong> &gt; <strong>HCL Reference Architecture</strong> &gt; <strong>EmployeeList</strong>.</p>\n<p>&nbsp;</p>\n<p><strong>When you are ready, click Start!</strong></p>"
      },
      "navigationBar": {
        "left": {
          "text": "Previous"
        },
        "right": {
          "text": "Start"
        }
      }
    },
    "zh-cn": {
      "content": {
        "title": "将数据分配给细分市场",
        "body": "<p> <strong>让我开始！</strong> </p> \n <p>在这次远足中，我们将：</p> \n <ul> \n <li>从模板</li>修改段模板 \n <li>将数据分配给模板中的小部件</li> \n </ul> \n <p>＆nbsp; </p> \n <p>在开始之前，请确保您完成了以下远足：</p> \n <ol> \n <li> <a class=\"tour-link\" tour=\"9b0f07t4-e9a8-49rb-83u2-876264n4\"> <strong>细分简介</strong> </a> </li> \n </ol> \n <p>＆nbsp; </p> \n <p>确保您打开与上面徒步4中创建的相同项目。</p> \n <p>从主菜单中打开一个封闭的项目，导航至<strong> project </strong>＆gt; <strong>打开</strong>＆gt; <strong> HCl参考架构</strong>＆gt; <strong>雇主</strong>。</p> \n <p>＆nbsp; </p> \n <p> <strong>您准备就绪时，单击“开始”！</strong> </p>"
      },
      "navigationBar": {
        "left": {
          "text": "以前的"
        },
        "right": {
          "text": "开始"
        }
      }
    },
    "zh-tw": {
      "content": {
        "title": "將數據分配給細分市場",
        "body": "<p> <strong>讓我開始！</strong> </p> \n <p>在這次遠足中，我們將：</p> \n <ul> \n <li>從模板</li>修改段模板 \n <li>將數據分配給模板中的小部件</li> \n </ul> \n <p>＆nbsp; </p> \n <p>在開始之前，請確保您完成了以下遠足：</p> \n <ol> \n <li> <a class=\"tour-link\" tour=\"9b0f07t4-e9a8-49rb-83u2-876264n4\"> <strong>細分簡介</strong> </a> </li> \n </ol> \n <p>＆nbsp; </p> \n <p>確保您打開與上面徒步4中創建的相同項目。</p> \n <p>從主菜單中打開一個封閉的項目，導航至<strong> project </strong>＆gt; <strong>打開</strong>＆gt; <strong> HCl參考架構</strong>＆gt; <strong>雇主</strong>。</p> \n <p>＆nbsp; </p> \n <p> <strong>您準備就緒時，單擊“開始”！</strong> </p>"
      },
      "navigationBar": {
        "left": {
          "text": "以前的"
        },
        "right": {
          "text": "開始"
        }
      }
    }
  }
}