{
    "kuid": "378292c6-12de-48fa-9db4-bf4482a6",
    "id": "Kony.EmpDirPreview.Done",
    "content": {
        "title": "Done!",
        "body": "<p>You have successfully:</p>\r\n<ul>\r\n<li><strong>Created an app with forms and added UI elements for each form.</strong></li>\r\n<li><strong>Added navigation between the forms.</strong></li>\r\n<li><strong>Added authentication to the app.</strong></li>\r\n<li><strong>Integrated data services to your app.</strong></li>\r\n<li><strong>Previewed the app on a mobile device.</strong></li>\r\n</ul>\r\n<p><br />You can <strong>share</strong> the Kony Quantum App code with your stakeholders for further review and collaboration!<br />To learn more on what you can do with Kony Quantum Visualizer, visit <a href=\"https://basecamp.kony.com/s/\">Base Camp</a>.</p>"
    },
    "position": "CENTER",
    "navigationType": "manual",
    "navigationCondition": "",
    "pointer": {
        "direction": "left",
        "element": "$('#')[0]",
        "type": "none"
    },
    "navigationBar": {
        "left": {
            "text": "Previous",
            "hide": false,
            "enable": true
        },
        "right": {
            "text": "Done",
            "enable": true,
            "hide": false
        }
    }
}