{
    "kuid": "bea820t9-daa1-44rc-95u5-3fa3cbn0",
    "id": "VoltMX.EditPayeeWeb_v9.navDet1",
    "content": {
        "title": "Navigation from Details Screen",
        "body": "<ol>\n<li>From the left menu of the <strong>Action Editor</strong>, under the <strong>Condition </strong>section, select <strong>Else If</strong>.</li>\n<li>From the right pane, select the following values from the drop-down:\n<ul>\n<li>Widget Property:&nbsp;<strong>Navigated From</strong></li>\n<li>Selected Source: <strong>frmEditRecipient &gt; btnDone &gt; onClick</strong></li>\n</ul>\n</li>\n</ol>"
    },
    "pointer": {
        "direction": "left",
        "element": {
            "module": "actioneditor",
            "itemType": "ae-action-type",
            "info": {
                "actionType": "Else If"
            }
        },
        "type": "default"
    },
    "navigationType": "manual",
    "navigationBar": {
        "left": {
            "text": "Previous",
            "enable": true,
            "hide": false
        },
        "right": {
            "text": "Next",
            "enable": true,
            "hide": false
        }
    },
    "navigationCondition": "",
    "position": "BOTTOM_LEFT",
    "meta": {
        "Creator": "Rashmi Menon",
        "CreatedOn": "Fri, 28 Feb 2020 06:19:47 GMT"
    },
    "context": []
}