{
    "kuid": "fe7fcat1-97a0-44re-81u0-f2b095nb",
    "id": "kony.IntroductionToInternational.configureS",
    "content": {
        "title": "Configure Spanish Locale",
        "body": "<ol>\n<li>In the <strong>Search </strong>field, enter: <strong>es_US</strong>.<br />The <strong>Spanish</strong> locale for <strong>United States</strong> appears.</li>\n<li>Select <b>es_US</b>.</li>\n<li>Click <strong>OK </strong>to return to the <strong>Configure Internationalization </strong>window.<strong><br /> </strong>You can see that three columns are added in this window: <strong>Key</strong>, <strong>en_US</strong>, <strong>es_US</strong>.</li>\n</ol>"
    },
    "pointer": {
        "direction": "left",
        "element": "",
        "type": "none"
    },
    "navigationType": "manual",
    "navigationBar": {
        "left": {
            "text": "Previous",
            "enable": true,
            "hide": false
        },
        "right": {
            "text": "Next",
            "enable": true,
            "hide": false
        }
    },
    "navigationCondition": "",
    "position": "BOTTOM_RIGHT",
    "meta": {
        "Creator": "Rashmi Menon",
        "CreatedOn": "Thu, 05 Dec 2019 05:46:05 GMT"
    },
    "context": []
}