{
    "kuid": "397f29t6-6ca8-4fr6-8bud-23c819n7",
    "id": "VoltMX.CreateDetailsScreen_v9.logout1",
    "content": {
        "title": "Implementing Logout",
        "body": "<ol>\n<li>From the <strong>Action Editor</strong> left menu, under the <strong>Network</strong> section, select <strong>Invoke Service</strong>.</li>\n<li>From the right pane of the <strong>Action Editor</strong>, for <strong>Select Service</strong> drop-down, select <strong>UserAuthentication$logout</strong>.</li>\n<li>On the <strong>Action Editor</strong> canvas, select <strong>Success</strong>.</li>\n<li>From the <strong>Action Editor</strong> left menu, under the <strong>General</strong> section, select <strong>Navigate to Form</strong>.</li>\n<li>From the right pane of the <strong>Action Editor</strong>, select <strong>frmLogin</strong>.</li>\n<li>Click <strong>Save</strong>.</li>\n</ol>"
    },
    "pointer": {
        "direction": "left",
        "element": "",
        "type": "none"
    },
    "navigationType": "manual",
    "navigationBar": {
        "left": {
            "text": "Previous",
            "enable": true,
            "hide": false
        },
        "right": {
            "text": "Next",
            "enable": true,
            "hide": false
        }
    },
    "navigationCondition": "",
    "position": "BOTTOM_RIGHT",
    "meta": {
        "Creator": "Rashmi Menon",
        "CreatedOn": "Fri, 21 Feb 2020 10:59:46 GMT"
    },
    "context": []
}