{
    "kuid": "7c0ee5t1-e4a5-4ar5-aau9-138168nc",
    "id": "VoltMX.AddCreateMob_v9.navRec",
    "content": {
        "title": "Navigation to Recipients Screen",
        "body": "<ol>\n<li>From the <strong>Project</strong> explorer, navigate to <strong>Mobile</strong> &gt; <strong>Forms</strong> &gt; <strong>frmAddRecipient </strong>&gt;<strong> flexFooter </strong>and select <strong>flexRecipientSelected</strong>.</li>\n<li>From the <strong>Properties</strong> panel, navigate to the <strong>Action </strong>tab.</li>\n<li>Under the <strong>General</strong> section, for the <strong>onClick</strong> event, click <strong>Edit</strong>.<br /> The <strong>Action Editor </strong>window appears.</li>\n</ol>"
    },
    "pointer": {
        "direction": "left",
        "element": {
            "module": "projectexplorer",
            "path": "project-body\\project\\Mobile"
        },
        "type": "default"
    },
    "navigationType": "manual",
    "navigationBar": {
        "left": {
            "text": "Previous",
            "enable": true,
            "hide": false
        },
        "right": {
            "text": "Next",
            "enable": true,
            "hide": false
        }
    },
    "navigationCondition": "",
    "position": "BOTTOM_LEFT",
    "meta": {
        "Creator": "Rashmi Menon",
        "CreatedOn": "Wed, 26 Feb 2020 05:35:24 GMT"
    },
    "context": []
}