{
    "kuid": "910a46b5-204a-4f60-b403-bd6c12c5",
    "id": "Kony.ModifyEmployeeDirectory.CreateFormDetails",
    "content": {
        "title": "Create the Employee Details Form",
        "body": "<ol><li> From the <b>Project </b> explorer, under <b>Mobile</b>, right-click <b>Forms</b> and select <b>New Form</b>. </li>\n<li>From the <b>Project</b> explorer, under <b>Forms</b>, right-click on <b>Form1</b>, and select <b>Rename</b>.</li>\n<li>Rename the form <b>frmDetails</b>.<li>From the bottom-left corner of Visualizer, navigate to the <b>Default Library</b>. </li><li> In the search bar, enter <b>Detail</b>. </li><li>From the results, under <b>ToursMobileCollection</b>, select <b>Detail</b>. </li>\n<li> Drag the <b>Detail</b> collection onto <b>frmDetails</b> on the canvas.</li></ol>"
    },
    "position": "BOTTOM_RIGHT",
    "navigationType": "manual",
    "navigationCondition": "",
    "pointer": {
        "direction": "left",
        "element": {
            "module": "projectexplorer",
            "path": "project-body\\project\\Mobile\\Forms"
        },
        "type": "default",
        "isfixed": true
    },
    "navigationBar": {
        "left": {
            "text": "Previous",
            "hide": false,
            "enable": true
        },
        "right": {
            "text": "Next",
            "enable": true,
            "hide": false
        }
    }
}