{
    "kuid": "8e1470t7-58a2-45r5-90ud-1df37enc",
    "id": "VoltMX.CreateEmailIdCompV9.ComponentUI2",
    "content": {
        "title": "Add a TextBox Widget",
        "body": "<ol>\n<li>From the lower-left corner of Iris, go to the <b>Default Library</b> and click the search icon <img src=\"https://i.ibb.co/gmMPVjC/search-Icon.png\" alt=\"search icon\" width=\"14\"\nheight=\"14\"></li><li>In the search bar, clear any previous text and enter <b>TextBox</b>. </li>\n<li> From the results, under <b>Default, </b>select <b>TextBox</b>.</li><li>Drag and drop the widget onto the <b>emailField</b> flex container in the canvas.</li>\n<li>From the <b>Templates</b> explorer, navigate to <b>Components</b> &gt; <b>userEntry.emailField [1.0.0]</b> &gt; <b>emailField</b> right-click on the new text box widget and rename the text box from <b>TextFieldXXXX</b> to <b>txtEmailID</b>.</li>\n</ol>"
    },
    "pointer": {
        "direction": "left",
        "element": {
            "module": "konylibrary",
            "path": "default-head"
        },
        "type": "default"
    },
    "navigationType": "manual",
    "navigationBar": {
        "left": {
            "text": "Previous",
            "enable": true,
            "hide": false
        },
        "right": {
            "text": "Next",
            "enable": true,
            "hide": false
        }
    },
    "navigationCondition": "",
    "position": "BOTTOM_RIGHT",
    "meta": {
        "Creator": "Rashmi Menon",
        "CreatedOn": "Tue, 26 Nov 2019 06:06:33 GMT"
    },
    "context": []
}