{
  "kuid": "bd10c0t4-44a8-49rf-a6u9-384f11ne",
  "id": "VoltMX.IntroFlexLayoutV9.ChHorizontalFloe",
  "content": {
    "title": "Change the FlexContainer to Horizontal Flow",
    "body": "<ol>\n<li>Navigate to the <strong>Properties</strong> panel &gt; <strong>FlexContainer</strong> tab &gt; <strong>General</strong> section on the top right of your canvas.</li>\n<li>Change the <strong>Layout Type</strong> property to <strong>Flow Horizontal</strong>. <br /> The widgets are arranged side by side on the canvas.</li>\n</ol>"
  },
  "pointer": {
    "direction": "right",
    "element": {
      "module": "propertieswindow",
      "itemType": "pw-property",
      "info": {
        "propertyName": "Layout Type",
        "sectionDOMId": "frmKonyLib_pwpspvbx-General-flex",
        "tabName": "FlexContainer"
      }
    },
    "type": "default"
  },
  "navigationType": "manual",
  "navigationBar": {
    "left": {
      "text": "Previous",
      "enable": true,
      "hide": false
    },
    "right": {
      "text": "Next",
      "enable": true,
      "hide": false
    }
  },
  "navigationCondition": "",
  "position": "BOTTOM_RIGHT",
  "meta": {
    "Creator": "Rashmi Menon",
    "CreatedOn": "Mon, 25 Nov 2019 08:15:55 GMT"
  },
  "context": [],
  "localization": {
    "en-us": {
      "content": {
        "title": "Change the FlexContainer to Horizontal Flow",
        "body": "<ol>\n<li>Navigate to the <strong>Properties</strong> panel &gt; <strong>FlexContainer</strong> tab &gt; <strong>General</strong> section on the top right of your canvas.</li>\n<li>Change the <strong>Layout Type</strong> property to <strong>Flow Horizontal</strong>. <br /> The widgets are arranged side by side on the canvas.</li>\n</ol>"
      },
      "navigationBar": {
        "left": {
          "text": "Previous"
        },
        "right": {
          "text": "Next"
        }
      }
    },
    "zh-cn": {
      "content": {
        "title": "将弹性脑限制为水平流动",
        "body": "<ol> \n <li>导航到<strong>属性</strong>面板＆gt; <strong> flexcontainer </strong> tab＆gt; <strong>一般</strong>在画布右上方的部分。</li> \n <li>将<strong>布局类型</strong>属性更改为<strong>流水平</strong>。 <br />小部件在画布上并排排列。</li> \n </ol>"
      },
      "navigationBar": {
        "left": {
          "text": "以前的"
        },
        "right": {
          "text": "下一个"
        }
      }
    },
    "zh-tw": {
      "content": {
        "title": "將彈性腦限制為水平流動",
        "body": "<ol> \n <li>導航到<strong>屬性</strong>面板＆gt; <strong> flexcontainer </strong> tab＆gt; <strong>一般</strong>在畫布右上方的部分。</li> \n <li>將<strong>佈局類型</strong>屬性更改為<strong>流水平</strong>。 <br />小部件在畫布上並排排列。</li> \n </ol>"
      },
      "navigationBar": {
        "left": {
          "text": "以前的"
        },
        "right": {
          "text": "下一個"
        }
      }
    }
  }
}