{
  "kuid": "9357a6t5-01a2-4dra-acu5-c76e0anf",
  "id": "VoltMX.ApplicationChannelsV9.setting",
  "content": {
    "title": "Settings for Live Preview",
    "body": "<ol><li>From the main menu, select <b>Build</b>.</li>\n<li>Click <b>Live Preview Settings.</b></li>"
  },
  "pointer": {
    "direction": "left",
    "element": "",
    "type": "none"
  },
  "navigationType": "manual",
  "navigationBar": {
    "left": {
      "text": "Previous",
      "enable": true,
      "hide": false
    },
    "right": {
      "text": "Next",
      "enable": true,
      "hide": false
    }
  },
  "navigationCondition": "",
  "position": "BOTTOM_RIGHT",
  "meta": {
    "Creator": "Rashmi Menon",
    "CreatedOn": "Tue, 26 Nov 2019 08:13:51 GMT"
  },
  "context": [],
  "localization": {
    "en-us": {
      "content": {
        "title": "Settings for Live Preview",
        "body": "<ol><li>From the main menu, select <b>Build</b>.</li>\n<li>Click <b>Live Preview Settings.</b></li>"
      },
      "navigationBar": {
        "left": {
          "text": "Previous"
        },
        "right": {
          "text": "Next"
        }
      }
    },
    "zh-cn": {
      "content": {
        "title": "实时预览设置",
        "body": "<ol> <li>从主菜单中，选择<b>构建</b>。</li> \n <li>单击<b>实时预览设置。</b> </li>"
      },
      "navigationBar": {
        "left": {
          "text": "以前的"
        },
        "right": {
          "text": "下一个"
        }
      }
    },
    "zh-tw": {
      "content": {
        "title": "實時預覽設置",
        "body": "<ol> <li>從主菜單中，選擇<b>構建</b>。</li> \n <li>單擊<b>實時預覽設置。</b> </li>"
      },
      "navigationBar": {
        "left": {
          "text": "以前的"
        },
        "right": {
          "text": "下一個"
        }
      }
    }
  }
}