{
    "kuid": "1d5120t0-37a1-4arc-8cuc-a7673bnb",
    "id": "VoltMX.EditPayeeMobile_v9.mapping3",
    "content": {
        "title": "Configuring Actions for onMapping",
        "body": "<ol>\n<li>From the left pane of the mapping editor, expand <strong>Navigation Object</strong> and select <strong>lblFirstNameValue_text {string}</strong>.</li>\n<li>From the right pane of the mapping editor, expand <strong>Services</strong> &gt; <strong>Service &ndash; RecipientStorage1$Recipients$get</strong> and select <strong> RecipientID{number}</strong>.</li>\n<li><strong>Click ok</strong> button to proceed further .</li>\n<li>From the Action Editor canvas, select <strong>Callback</strong>.</li>\n<li>From the left menu of <strong>Action Editor</strong>, under the <b>Network</b> section, select <strong>Loading Indicator</strong>.</li>\n<li>From the right pane, for <b>Loading Indicator</b> select <strong>Dismiss</strong>.</li>\n</ol>"
    },
    "pointer": {
        "direction": "left",
        "element": "",
        "type": "none"
    },
    "navigationType": "manual",
    "navigationBar": {
        "left": {
            "text": "Previous",
            "enable": true,
            "hide": false
        },
        "right": {
            "text": "Next",
            "enable": true,
            "hide": false
        }
    },
    "navigationCondition": "",
    "position": "BOTTOM_LEFT",
    "meta": {
        "Creator": "Rashmi Menon",
        "CreatedOn": "Fri, 28 Feb 2020 11:49:49 GMT"
    },
    "context": []
}