{
  "kuid": "5612bct5-fbac-4fr9-aau5-32fea4nb",
  "id": "VoltMX.IntroFlexLayoutV9.AddHeader",
  "content": {
    "title": "Add Logo Widget to the FlexContainer",
    "body": "<ol>\n<li>From the bottom-left on the iris, navigate to the <b>Default Library</b>.</li><li>Next to the <b>Default Library</b>, you will see the <b>My Libraries</b> tab and a search icon. Click the search icon 🔍.</li><li>In the search bar that appears, enter <b>Logo</b>.</li><li>From the result, under <b>Headers</b>, find <b>Logo</b>.</li>\n<li>Drag and drop the <strong>Logo</strong> widget into the <strong>flxHeader</strong> form on your canvas.</li>\n<li>From the <strong>Properties</strong>  panel, expand <strong>Look</strong> &gt; <strong>Flex</strong> from the top right of Iris. Change the <strong>Width</strong> property to <strong>50%</strong>.</li>\n</ol>"
  },
  "pointer": {
    "direction": "left",
    "element": {
      "module": "konylibrary"
    },
    "type": "default"
  },
  "navigationType": "manual",
  "navigationBar": {
    "left": {
      "text": "Previous",
      "enable": true,
      "hide": false
    },
    "right": {
      "text": "Next",
      "enable": true,
      "hide": false
    }
  },
  "navigationCondition": "",
  "position": "BOTTOM_RIGHT",
  "meta": {
    "Creator": "Rashmi Menon",
    "CreatedOn": "Mon, 25 Nov 2019 07:58:41 GMT"
  },
  "context": [],
  "localization": {
    "en-us": {
      "content": {
        "title": "Add Logo Widget to the FlexContainer",
        "body": "<ol>\n<li>From the bottom-left on the iris, navigate to the <b>Default Library</b>.</li><li>Next to the <b>Default Library</b>, you will see the <b>My Libraries</b> tab and a search icon. Click the search icon 🔍.</li><li>In the search bar that appears, enter <b>Logo</b>.</li><li>From the result, under <b>Headers</b>, find <b>Logo</b>.</li>\n<li>Drag and drop the <strong>Logo</strong> widget into the <strong>flxHeader</strong> form on your canvas.</li>\n<li>From the <strong>Properties</strong>  panel, expand <strong>Look</strong> &gt; <strong>Flex</strong> from the top right of Iris. Change the <strong>Width</strong> property to <strong>50%</strong>.</li>\n</ol>"
      },
      "navigationBar": {
        "left": {
          "text": "Previous"
        },
        "right": {
          "text": "Next"
        }
      }
    },
    "zh-cn": {
      "content": {
        "title": "将徽标小部件添加到FlexContainer",
        "body": "***<ol> \n <li>从虹膜上的左下左侧，导航到<b>默认库</b>。</li> <li> {5} <b>默认库</b> 库</b>选项卡和搜索图标。 单击出现的搜索栏中的搜索图标。</li> <li>，输入<b>徽标</b>。 }徽标</b>。</li> \n <li>将<strong>徽标拖放到<strong> flxheader </strong>形式中。</li> \n <li>从<strong> properties </strong>面板，展开<strong> look </strong>＆gt; <strong> flex </strong>从虹膜的右上角。 将<strong>宽度</strong>属性更改为<strong> 50％</strong>。</li> \n </ol>"
      },
      "navigationBar": {
        "left": {
          "text": "以前的"
        },
        "right": {
          "text": "下一个"
        }
      }
    },
    "zh-tw": {
      "content": {
        "title": "將徽標小部件添加到FlexContainer",
        "body": "***<ol> \n <li>從虹膜上的左下左側，導航到<b>默認庫</b>。</li> <li> {5} <b>默認庫</b> 庫</b>選項卡和搜索圖標。 單擊出現的搜索欄中的搜索圖標。</li> <li>，輸入<b>徽標</b>。 }徽標</b>。</li> \n <li>將<strong>徽標拖放到<strong> flxheader </strong>形式中。</li> \n <li>從<strong> properties </strong>面板，展開<strong> look </strong>＆gt; <strong> flex </strong>從虹膜的右上角。 將<strong>寬度</strong>屬性更改為<strong> 50％</strong>。</li> \n </ol>"
      },
      "navigationBar": {
        "left": {
          "text": "以前的"
        },
        "right": {
          "text": "下一個"
        }
      }
    }
  }
}