{
  "kuid": "38974ft4-e4af-44re-aeuc-48b6d4nb",
  "id": "VoltMX.ShareAndPreviewAppV9.publish",
  "content": {
    "title": "Publish Live Preview",
    "body": "<ol>\n<li>From the main menu, select <strong>Build</strong>.</li>\n<li>Click <strong>Publish Live Preview</strong>.<br /> The <strong>Publish Live Preview</strong> window appears.</li>\n</ol>"
  },
  "pointer": {
    "direction": "left",
    "element": "",
    "type": "none"
  },
  "navigationType": "manual",
  "navigationBar": {
    "left": {
      "text": "Previous",
      "enable": true,
      "hide": false
    },
    "right": {
      "text": "Next",
      "enable": true,
      "hide": false
    }
  },
  "navigationCondition": "",
  "position": "BOTTOM_RIGHT",
  "meta": {
    "Creator": "Prem Garudadri",
    "CreatedOn": "Wed, 18 Dec 2019 09:35:49 GMT"
  },
  "context": [],
  "localization": {
    "en-us": {
      "content": {
        "title": "Publish Live Preview",
        "body": "<ol>\n<li>From the main menu, select <strong>Build</strong>.</li>\n<li>Click <strong>Publish Live Preview</strong>.<br /> The <strong>Publish Live Preview</strong> window appears.</li>\n</ol>"
      },
      "navigationBar": {
        "left": {
          "text": "Previous"
        },
        "right": {
          "text": "Next"
        }
      }
    },
    "zh-cn": {
      "content": {
        "title": "发布实时预览",
        "body": "<ol> \n <li>从主菜单中，选择<strong>构建</strong>。</li> \n <li>单击<strong>发布Live Preview </strong>。<br /> <strong>出现Live Preview </strong>窗口出现。</li> \n </ol>"
      },
      "navigationBar": {
        "left": {
          "text": "以前的"
        },
        "right": {
          "text": "下一个"
        }
      }
    },
    "zh-tw": {
      "content": {
        "title": "發布實時預覽",
        "body": "<ol> \n <li>從主菜單中，選擇<strong>構建</strong>。</li> \n <li>單擊<strong>發布Live Preview </strong>。<br /> <strong>出現Live Preview </strong>窗口出現。</li> \n </ol>"
      },
      "navigationBar": {
        "left": {
          "text": "以前的"
        },
        "right": {
          "text": "下一個"
        }
      }
    }
  }
}