{
    "kuid": "2874651b-90bb-485a-9c64-f4453dc8",
    "id": "Kony.ModifyEmployeeDirectory.Logout",
    "content": {
        "title": "Logout for Employee Details Form",
        "body": "<ol>\n<li>From the <strong>Project</strong> explorer, select the form <strong>frmDetails</strong>.</li>\n<li>On the canvas, from the upper-right corner of the form, select the <strong>Logout</strong> button.</li>\n<li>From the <strong>Data</strong> panel, expand <strong>Project Services</strong> &gt; <strong>Identity</strong> &gt; <strong>MicrosoftActiveDirectory</strong>.</li>\n<li>From the <strong>Data</strong> panel, drag <strong>logout</strong> onto the <strong>Logout</strong> button of the form.</li>\n<li>From the list of actions, select <strong>Action: onClick</strong>.</li>\n</ol>"
    },
    "position": "BOTTOM_RIGHT",
    "navigationType": "manual",
    "navigationCondition": "",
    "pointer": {
        "direction": "left",
        "element": {
            "module": "projectexplorer",
            "path": "project-body\\project\\Mobile\\Forms\\frmDetails"
        },
        "type": "default",
        "isfixed": true
    },
    "navigationBar": {
        "left": {
            "text": "Previous",
            "hide": false,
            "enable": true
        },
        "right": {
            "text": "Next",
            "enable": true,
            "hide": false
        }
    }
}