{
  "kuid": "9c01bdt6-29a8-48r4-a7u6-415022n3",
  "id": "VoltMX.CreateUIRWV9.uiLogin",
  "content": {
    "title": "UI of Login Screen",
    "body": "<ol>\n<li>From the left corner of the Iris canvas, navigate to the <strong>Default Library</strong>.</li>\n<li>Click the search icon.</li>\n<li>In the search bar that appears, enter <strong>UserLogin</strong>.</li>\n<li>From the results, under the <strong>RecipientsWeb </strong>collection, select <strong>UserLogin</strong>.</li>\n<li>Drag the <strong>UserLogin </strong>collection onto <strong>frmLogin</strong> on the canvas.</li>\n</ol>"
  },
  "pointer": {
    "direction": "left",
    "element": {
      "module": "konylibrary",
      "css_selector": "div[class *='viztabActivelia']"
    },
    "type": "default"
  },
  "navigationType": "manual",
  "navigationBar": {
    "left": {
      "text": "Previous",
      "enable": true,
      "hide": false
    },
    "right": {
      "text": "Next",
      "enable": true,
      "hide": false
    }
  },
  "navigationCondition": "",
  "position": "BOTTOM_RIGHT",
  "meta": {
    "Creator": "Prem Garudadri",
    "CreatedOn": "Wed, 18 Dec 2019 16:19:32 GMT"
  },
  "context": [],
  "localization": {
    "en-us": {
      "content": {
        "title": "UI of Login Screen",
        "body": "<ol>\n<li>From the left corner of the Iris canvas, navigate to the <strong>Default Library</strong>.</li>\n<li>Click the search icon.</li>\n<li>In the search bar that appears, enter <strong>UserLogin</strong>.</li>\n<li>From the results, under the <strong>RecipientsWeb </strong>collection, select <strong>UserLogin</strong>.</li>\n<li>Drag the <strong>UserLogin </strong>collection onto <strong>frmLogin</strong> on the canvas.</li>\n</ol>"
      },
      "navigationBar": {
        "left": {
          "text": "Previous"
        },
        "right": {
          "text": "Next"
        }
      }
    },
    "zh-cn": {
      "content": {
        "title": "登录屏幕UI",
        "body": "<ol> \n <li>从虹膜画布的左角，导航到<strong>默认库</strong>。</li> \n <li>单击搜索图标。</li> \n <li>在出现的搜索栏中，输入<strong> userLogin </strong>。</li> \n <li>从结果中，在<strong> contectientsweb </strong>集合下，选择<strong> userLogin </strong>。</li> \n <li>将<strong> userLogin </strong>收集到<strong> frmlogin </strong>在画布上。</li> \n </ol>"
      },
      "navigationBar": {
        "left": {
          "text": "以前的"
        },
        "right": {
          "text": "下一个"
        }
      }
    },
    "zh-tw": {
      "content": {
        "title": "登錄屏幕UI",
        "body": "<ol> \n <li>從虹膜畫布的左角，導航到<strong>默認庫</strong>。</li> \n <li>單擊搜索圖標。</li> \n <li>在出現的搜索欄中，輸入<strong> userLogin </strong>。</li> \n <li>從結果中，在<strong> contectientsweb </strong>集合下，選擇<strong> userLogin </strong>。</li> \n <li>將<strong> userLogin </strong>收集到<strong> frmlogin </strong>在畫布上。</li> \n </ol>"
      },
      "navigationBar": {
        "left": {
          "text": "以前的"
        },
        "right": {
          "text": "下一個"
        }
      }
    }
  }
}