{
  "kuid": "839093td-70ab-45rd-b0ub-3cc358n1",
  "id": "VoltMX.InternationalWithLayoutV9.default",
  "content": {
    "title": "Set Default Locale",
    "body": "<ol>\n<li>In the <strong>Project Settings </strong>window, under the <strong>Internationalization (i18n)</strong> section, for <strong>Default Locale</strong>, from the drop-down list, select <strong>Arabic (United Arab Emirates)</strong>.</li>\n<li>Click <strong>Done</strong>.</li>\n</ol>"
  },
  "pointer": {
    "direction": "left",
    "element": "",
    "type": "none"
  },
  "navigationType": "manual",
  "navigationBar": {
    "left": {
      "text": "Previous",
      "enable": true,
      "hide": false
    },
    "right": {
      "text": "Next",
      "enable": true,
      "hide": false
    }
  },
  "navigationCondition": "",
  "position": "BOTTOM_LEFT",
  "meta": {
    "Creator": "Rashmi Menon",
    "CreatedOn": "Thu, 05 Dec 2019 06:28:30 GMT"
  },
  "context": [],
  "localization": {
    "en-us": {
      "content": {
        "title": "Set Default Locale",
        "body": "<ol>\n<li>In the <strong>Project Settings </strong>window, under the <strong>Internationalization (i18n)</strong> section, for <strong>Default Locale</strong>, from the drop-down list, select <strong>Arabic (United Arab Emirates)</strong>.</li>\n<li>Click <strong>Done</strong>.</li>\n</ol>"
      },
      "navigationBar": {
        "left": {
          "text": "Previous"
        },
        "right": {
          "text": "Next"
        }
      }
    },
    "zh-cn": {
      "content": {
        "title": "设置默认场所",
        "body": "***<ol> \n <li>在<strong> project设置</strong>窗口中，在<strong>国际化（i18n）下方</strong> {5}部分，for <strong> default locale </strong>，从下拉列表中，select select <strong> 阿拉伯语（阿拉伯联合酋长国）</strong>。</li> \n <li>单击<strong>完成</strong>。</li> \n </ol>"
      },
      "navigationBar": {
        "left": {
          "text": "以前的"
        },
        "right": {
          "text": "下一个"
        }
      }
    },
    "zh-tw": {
      "content": {
        "title": "設置默認場所",
        "body": "***<ol> \n <li>在<strong> project設置</strong>窗口中，在<strong>國際化（i18n）下方</strong> {5}部分，for <strong> default locale </strong>，從下拉列表中，select select <strong> 阿拉伯語（阿拉伯聯合酋長國）</strong>。</li> \n <li>單擊<strong>完成</strong>。</li> \n </ol>"
      },
      "navigationBar": {
        "left": {
          "text": "以前的"
        },
        "right": {
          "text": "下一個"
        }
      }
    }
  }
}