{
  "kuid": "f4bb87t1-50a6-4cr9-a2ue-2131ean2",
  "id": "VoltMX.IntroductiontoSegmentV9.DragandDrop",
  "content": {
    "title": "Add a Segment Widget to the FlexForm",
    "body": "<ol>\n<li>From the bottom-left corner of Iris, navigate to the <strong>Default Library</strong>.</li>\n<li>Next to the <strong>Default Library</strong>, you will see the <strong>My Libraries</strong> tab and a search icon <img src=\"https://i.ibb.co/gmMPVjC/search-Icon.png\" alt=\"search icon\" width=\"14\" height=\"14\" />. Click the search icon.</li>\n<li>In the search bar that appears, enter <strong>Segment</strong>.</li>\n<li>From the results, under <strong>Default</strong>, select <strong>Segment</strong>.</li>\n<li>Drag the <strong>Segment</strong> widget onto <strong>frmList</strong> on the canvas.</li>\n<li>From the <strong>Project</strong> explorer, expand <b>Mobile</b> &gt; <b>Forms</b> &gt; <b>frmList</b>.</li>\n<li>Right-click on the segment named as <b>SegmentXXXX</b> under <b>frmList</b>, select <b>Rename</b> and rename the segment from <b>SegmentXXXX</b> to <strong>employeeSegment</strong>.</li>\n</ol>"
  },
  "pointer": {
    "direction": "left",
    "element": {
      "module": "konylibrary"
    },
    "type": "default"
  },
  "navigationType": "manual",
  "navigationBar": {
    "left": {
      "text": "Previous",
      "enable": true,
      "hide": false
    },
    "right": {
      "text": "Next",
      "enable": true,
      "hide": false
    }
  },
  "navigationCondition": "",
  "position": "BOTTOM_RIGHT",
  "meta": {
    "Creator": "Rashmi Menon",
    "CreatedOn": "Mon, 25 Nov 2019 10:11:42 GMT"
  },
  "context": [],
  "localization": {
    "en-us": {
      "content": {
        "title": "Add a Segment Widget to the FlexForm",
        "body": "<ol>\n<li>From the bottom-left corner of Iris, navigate to the <strong>Default Library</strong>.</li>\n<li>Next to the <strong>Default Library</strong>, you will see the <strong>My Libraries</strong> tab and a search icon <img src=\"https://i.ibb.co/gmMPVjC/search-Icon.png\" alt=\"search icon\" width=\"14\" height=\"14\" />. Click the search icon.</li>\n<li>In the search bar that appears, enter <strong>Segment</strong>.</li>\n<li>From the results, under <strong>Default</strong>, select <strong>Segment</strong>.</li>\n<li>Drag the <strong>Segment</strong> widget onto <strong>frmList</strong> on the canvas.</li>\n<li>From the <strong>Project</strong> explorer, expand <b>Mobile</b> &gt; <b>Forms</b> &gt; <b>frmList</b>.</li>\n<li>Right-click on the segment named as <b>SegmentXXXX</b> under <b>frmList</b>, select <b>Rename</b> and rename the segment from <b>SegmentXXXX</b> to <strong>employeeSegment</strong>.</li>\n</ol>"
      },
      "navigationBar": {
        "left": {
          "text": "Previous"
        },
        "right": {
          "text": "Next"
        }
      }
    },
    "zh-cn": {
      "content": {
        "title": "在FlexForm中添加一个段的小部件",
        "body": "***<ol> \n <li>从虹膜的左下角，导航到<strong>默认库</strong>。</li> \n <li> <strong>默认库</strong>旁边，您将看到<strong>我的库</strong> tab和搜索图标<img src=\"https://i.ibb.co/gmMPVjC/search-Icon.png\" alt=\"search icon\" width=\"14\" height=\"14\" />。 单击搜索图标。</li> \n <li>在出现的搜索栏中，输入<strong>段</strong>。</li> \n <li>从结果中，在<strong>默认</strong>下，选择<strong>段</strong>。</li> \n <li>将<strong>段</strong>窗口拖到<strong> frmlist </strong>上的画布上。</li> \n <li>从<strong> project </strong>探索器，展开<b>移动</b>＆gt; <b>表格</b>＆gt; <b> frmlist </b>。</li> \n <li>在<b> frmlist </b>下的片段上的右键单击，称为<b> semgentxxxx </b>，选择<b>重rename </b>，然后重命名<b> SegmentXXX </b> {46}的段 } \n </ol>"
      },
      "navigationBar": {
        "left": {
          "text": "以前的"
        },
        "right": {
          "text": "下一个"
        }
      }
    },
    "zh-tw": {
      "content": {
        "title": "在FlexForm中添加一個段的小部件",
        "body": "***<ol> \n <li>從虹膜的左下角，導航到<strong>默認庫</strong>。</li> \n <li> <strong>默認庫</strong>旁邊，您將看到<strong>我的庫</strong> tab和搜索圖標<img src=\"https://i.ibb.co/gmMPVjC/search-Icon.png\" alt=\"search icon\" width=\"14\" height=\"14\" />。 單擊搜索圖標。</li> \n <li>在出現的搜索欄中，輸入<strong>段</strong>。</li> \n <li>從結果中，在<strong>默認</strong>下，選擇<strong>段</strong>。</li> \n <li>將<strong>段</strong>窗口拖到<strong> frmlist </strong>上的畫布上。</li> \n <li>從<strong> project </strong>探索器，展開<b>移動</b>＆gt; <b>表格</b>＆gt; <b> frmlist </b>。</li> \n <li>在<b> frmlist </b>下的片段上的右鍵單擊，稱為<b> semgentxxxx </b>，選擇<b>重rename </b>，然後重命名<b> SegmentXXX </b> {46}的段 } \n </ol>"
      },
      "navigationBar": {
        "left": {
          "text": "以前的"
        },
        "right": {
          "text": "下一個"
        }
      }
    }
  }
}