{
    "images": [],
    "screenshotGenerated": true,
    "skinDefs": {
        "CopydefBtnNormal0h96ff2d7d59642": {
            "android": {
                "font_name": "default",
                "font_size": 129,
                "isForked": true,
                "text_shadow": {
                    "br": 0,
                    "color": "858585ff",
                    "nm": 0,
                    "x": 0,
                    "y": 0
                }
            },
            "androidwearos": {
                "font_name": "default",
                "font_size": 129,
                "isForked": true,
                "text_shadow": {
                    "br": 0,
                    "color": "858585ff",
                    "nm": 0,
                    "x": 0,
                    "y": 0
                }
            },
            "background_color": "00a0ddff",
            "bg_type": "one",
            "border_color": "00a0ddff",
            "border_radius": 12,
            "border_style": "custom",
            "border_type": 0,
            "border_width": 1,
            "desktopweb": {
                "bottom_left_border_color": "00a0ddff",
                "bottom_left_border_style": "plain",
                "bottom_left_border_width": 1,
                "bottom_right_border_color": "00a0ddff",
                "bottom_right_border_style": "plain",
                "bottom_right_border_width": 1,
                "font_name": "Helvetica",
                "font_size": 129,
                "isForked": true,
                "text_shadow": {
                    "br": 0,
                    "color": "858585ff",
                    "nm": 0,
                    "x": 0,
                    "y": 0
                },
                "top_left_border_color": "00a0ddff",
                "top_left_border_style": "plain",
                "top_left_border_width": 1,
                "top_right_border_color": "00a0ddff",
                "top_right_border_style": "plain",
                "top_right_border_width": 1
            },
            "fontSizeInPx": false,
            "font_color": "ffffffff",
            "font_name": "iphoneSystem",
            "font_size": 129,
            "font_style": "normal",
            "font_weight": "400",
            "id": "s12b295804124b038e738a9116899801",
            "ipad": {
                "font_name": "System",
                "font_size": 129,
                "isForked": true,
                "text_shadow": {
                    "br": 0,
                    "color": "858585ff",
                    "nm": 0,
                    "x": 0,
                    "y": 0
                }
            },
            "iphone": {
                "font_name": "Helvetica",
                "font_size": 129,
                "isForked": true,
                "text_shadow": {
                    "br": 0,
                    "color": "858585ff",
                    "nm": 0,
                    "x": 0,
                    "y": 0
                }
            },
            "isDefaultSkin": false,
            "kiosk": {
                "font_name": "None",
                "font_size": 129,
                "isForked": false
            },
            "kuid": "s12b295804124b038e738a9116899801",
            "spaan": {
                "bottom_left_border_color": "00a0ddff",
                "bottom_left_border_style": "plain",
                "bottom_left_border_width": 1,
                "bottom_right_border_color": "00a0ddff",
                "bottom_right_border_style": "plain",
                "bottom_right_border_width": 1,
                "font_name": "Helvetica",
                "font_size": 129,
                "isForked": true,
                "text_shadow": {
                    "br": 0,
                    "color": "858585ff",
                    "nm": 0,
                    "x": 0,
                    "y": 0
                },
                "top_left_border_color": "00a0ddff",
                "top_left_border_style": "plain",
                "top_left_border_width": 1,
                "top_right_border_color": "00a0ddff",
                "top_right_border_style": "plain",
                "top_right_border_width": 1
            },
            "spaandroidtablet": {
                "bottom_left_border_color": "00a0ddff",
                "bottom_left_border_style": "plain",
                "bottom_left_border_width": 1,
                "bottom_right_border_color": "00a0ddff",
                "bottom_right_border_style": "plain",
                "bottom_right_border_width": 1,
                "font_name": "Helvetica",
                "font_size": 129,
                "isForked": true,
                "text_shadow": {
                    "br": 0,
                    "color": "858585ff",
                    "nm": 0,
                    "x": 0,
                    "y": 0
                },
                "top_left_border_color": "00a0ddff",
                "top_left_border_style": "plain",
                "top_left_border_width": 1,
                "top_right_border_color": "00a0ddff",
                "top_right_border_style": "plain",
                "top_right_border_width": 1
            },
            "spabb": {
                "bottom_left_border_color": "00a0ddff",
                "bottom_left_border_style": "plain",
                "bottom_left_border_width": 1,
                "bottom_right_border_color": "00a0ddff",
                "bottom_right_border_style": "plain",
                "bottom_right_border_width": 1,
                "font_name": "Helvetica",
                "font_size": 129,
                "isForked": true,
                "text_shadow": {
                    "br": 0,
                    "color": "858585ff",
                    "nm": 0,
                    "x": 0,
                    "y": 0
                },
                "top_left_border_color": "00a0ddff",
                "top_left_border_style": "plain",
                "top_left_border_width": 1,
                "top_right_border_color": "00a0ddff",
                "top_right_border_style": "plain",
                "top_right_border_width": 1
            },
            "spaip": {
                "bottom_left_border_color": "00a0ddff",
                "bottom_left_border_style": "plain",
                "bottom_left_border_width": 1,
                "bottom_right_border_color": "00a0ddff",
                "bottom_right_border_style": "plain",
                "bottom_right_border_width": 1,
                "font_name": "Helvetica",
                "font_size": 129,
                "isForked": true,
                "text_shadow": {
                    "br": 0,
                    "color": "858585ff",
                    "nm": 0,
                    "x": 0,
                    "y": 0
                },
                "top_left_border_color": "00a0ddff",
                "top_left_border_style": "plain",
                "top_left_border_width": 1,
                "top_right_border_color": "00a0ddff",
                "top_right_border_style": "plain",
                "top_right_border_width": 1
            },
            "spaipad": {
                "bottom_left_border_color": "00a0ddff",
                "bottom_left_border_style": "plain",
                "bottom_left_border_width": 1,
                "bottom_right_border_color": "00a0ddff",
                "bottom_right_border_style": "plain",
                "bottom_right_border_width": 1,
                "font_name": "Helvetica",
                "font_size": 129,
                "isForked": true,
                "text_shadow": {
                    "br": 0,
                    "color": "858585ff",
                    "nm": 0,
                    "x": 0,
                    "y": 0
                },
                "top_left_border_color": "00a0ddff",
                "top_left_border_style": "plain",
                "top_left_border_width": 1,
                "top_right_border_color": "00a0ddff",
                "top_right_border_style": "plain",
                "top_right_border_width": 1
            },
            "spawindowstablet": {
                "bottom_left_border_color": "00a0ddff",
                "bottom_left_border_style": "plain",
                "bottom_left_border_width": 1,
                "bottom_right_border_color": "00a0ddff",
                "bottom_right_border_style": "plain",
                "bottom_right_border_width": 1,
                "font_name": "Helvetica",
                "font_size": 129,
                "isForked": true,
                "text_shadow": {
                    "br": 0,
                    "color": "858585ff",
                    "nm": 0,
                    "x": 0,
                    "y": 0
                },
                "top_left_border_color": "00a0ddff",
                "top_left_border_style": "plain",
                "top_left_border_width": 1,
                "top_right_border_color": "00a0ddff",
                "top_right_border_style": "plain",
                "top_right_border_width": 1
            },
            "spawinphone8": {
                "bottom_left_border_color": "00a0ddff",
                "bottom_left_border_style": "plain",
                "bottom_left_border_width": 1,
                "bottom_right_border_color": "00a0ddff",
                "bottom_right_border_style": "plain",
                "bottom_right_border_width": 1,
                "font_name": "Helvetica",
                "font_size": 129,
                "isForked": true,
                "text_shadow": {
                    "br": 0,
                    "color": "858585ff",
                    "nm": 0,
                    "x": 0,
                    "y": 0
                },
                "top_left_border_color": "00a0ddff",
                "top_left_border_style": "plain",
                "top_left_border_width": 1,
                "top_right_border_color": "00a0ddff",
                "top_right_border_style": "plain",
                "top_right_border_width": 1
            },
            "tabrcandroid": {
                "font_name": "default",
                "font_size": 129,
                "isForked": true,
                "text_shadow": {
                    "br": 0,
                    "color": "858585ff",
                    "nm": 0,
                    "x": 0,
                    "y": 0
                }
            },
            "wType": "Button",
            "watchos": {
                "font_name": "System",
                "font_size": 129,
                "isForked": false
            },
            "windows8": {
                "font_name": "None",
                "font_size": 129,
                "isForked": false
            },
            "winphone8": {
                "font_name": "None",
                "font_size": 129,
                "isForked": false
            }
        },
        "CopydefLabel0g7576707f7f749": {
            "android": {
                "font_name": "default",
                "font_size": 140,
                "isForked": false
            },
            "androidwearos": {
                "font_name": "default",
                "font_size": 140,
                "isForked": false
            },
            "background_color": "00000000",
            "bg_type": "one",
            "border_color": "00a0ddff",
            "border_style": "rc",
            "border_type": 0,
            "border_width": 1,
            "desktopweb": {
                "font_name": "Helvetica",
                "font_size": 140,
                "isForked": false
            },
            "fontSizeInPx": false,
            "font_color": "00a0ddff",
            "font_name": "iphoneSystem",
            "font_size": 140,
            "font_style": "normal",
            "font_weight": "400",
            "id": "sf603bf9c30f4a2d8757844513331d73",
            "ipad": {
                "font_name": "System",
                "font_size": 140,
                "isForked": false
            },
            "iphone": {
                "font_name": "Helvetica",
                "font_size": 140,
                "isForked": false
            },
            "isDefaultSkin": false,
            "kiosk": {
                "font_name": "None",
                "font_size": 140,
                "isForked": false
            },
            "kuid": "sf603bf9c30f4a2d8757844513331d73",
            "spaan": {
                "font_name": "Helvetica",
                "font_size": 140,
                "isForked": false
            },
            "spaandroidtablet": {
                "font_name": "Helvetica",
                "font_size": 140,
                "isForked": false
            },
            "spabb": {
                "font_name": "Helvetica",
                "font_size": 140,
                "isForked": false
            },
            "spaip": {
                "font_name": "Helvetica",
                "font_size": 140,
                "isForked": false
            },
            "spaipad": {
                "font_name": "Helvetica",
                "font_size": 140,
                "isForked": false
            },
            "spawindowstablet": {
                "font_name": "Helvetica",
                "font_size": 140,
                "isForked": false
            },
            "spawinphone8": {
                "font_name": "Helvetica",
                "font_size": 140,
                "isForked": false
            },
            "tabrcandroid": {
                "font_name": "default",
                "font_size": 140,
                "isForked": false
            },
            "wType": "Label",
            "watchos": {
                "font_name": "System",
                "font_size": 140,
                "isForked": false
            },
            "windows8": {
                "font_name": "None",
                "font_size": 140,
                "isForked": false
            },
            "winphone8": {
                "font_name": "None",
                "font_size": 140,
                "isForked": false
            }
        },
        "defBtnFocus": {
            "android": {
                "font_name": "default"
            },
            "androidwearos": {
                "font_name": "default"
            },
            "background_color": "6fa0f4ff",
            "bg_type": "one",
            "border_color": "ffffffff",
            "border_style": "plain",
            "border_type": 0,
            "border_width": 0,
            "desktopweb": {
                "font_name": "Helvetica"
            },
            "font_color": "ffffffff",
            "font_name": "iphoneSystem",
            "font_size": 150,
            "font_style": "normal",
            "font_weight": "400",
            "id": "s7143e3de3244f88a0db218a3903393d",
            "ipad": {
                "font_name": "System"
            },
            "iphone": {
                "font_name": "System"
            },
            "isDefaultSkin": false,
            "kiosk": {
                "font_name": "None"
            },
            "kuid": "s7143e3de3244f88a0db218a3903393d",
            "spaan": {
                "font_name": "Helvetica"
            },
            "spaandroidtablet": {
                "font_name": "Helvetica"
            },
            "spabb": {
                "font_name": "Helvetica"
            },
            "spaip": {
                "font_name": "Helvetica"
            },
            "spaipad": {
                "font_name": "Helvetica"
            },
            "spawindowstablet": {
                "font_name": "Helvetica"
            },
            "spawinphone8": {
                "font_name": "Helvetica"
            },
            "tabrcandroid": {
                "font_name": "default"
            },
            "wType": "Button",
            "watchos": {
                "font_name": "System"
            },
            "windows8": {
                "font_name": "None"
            },
            "winphone8": {
                "font_name": "None"
            }
        },
        "slFbox": {
            "android": {
                "font_name": "default"
            },
            "androidwearos": {
                "font_name": "default"
            },
            "background_color": "00000000",
            "bg_type": "one",
            "border_color": "000000ff",
            "border_style": "plain",
            "border_type": 0,
            "border_width": 0,
            "desktopweb": {
                "font_name": "Helvetica"
            },
            "id": "s7c146c5d4e34fa1af990b0623efc71c",
            "ipad": {
                "font_name": "System"
            },
            "iphone": {
                "font_name": "System"
            },
            "isDefaultSkin": false,
            "kiosk": {
                "font_name": "None"
            },
            "kuid": "s7c146c5d4e34fa1af990b0623efc71c",
            "spaan": {
                "font_name": "Helvetica"
            },
            "spaandroidtablet": {
                "font_name": "Helvetica"
            },
            "spabb": {
                "font_name": "Helvetica"
            },
            "spaip": {
                "font_name": "Helvetica"
            },
            "spaipad": {
                "font_name": "Helvetica"
            },
            "spawindowstablet": {
                "font_name": "Helvetica"
            },
            "spawinphone8": {
                "font_name": "Helvetica"
            },
            "tabrcandroid": {
                "font_name": "default"
            },
            "wType": "FlexContainer",
            "watchos": {
                "font_name": "System"
            },
            "windows8": {
                "font_name": "None"
            },
            "winphone8": {
                "font_name": "None"
            }
        }
    },
    "sourceChannel": "mobile",
    "templateDef": {
        "ButtonRound": {
            "@class": "com.kony.gen.viz.model.component.KVizButton",
            "DNDConfig": null,
            "__parentReadjusting__": false,
            "_height_": {
                "type": "string",
                "value": "8%"
            },
            "_margin_": [
                6,
                6,
                6,
                6
            ],
            "_padding_": [
                0,
                0,
                0,
                0
            ],
            "_skin_": "CopydefBtnNormal0h96ff2d7d59642",
            "_text_": "Start Scan",
            "_width_": {
                "type": "string",
                "value": "90%"
            },
            "canUpdateUI": true,
            "centerx": {
                "type": "string",
                "value": "50%"
            },
            "centery": {
                "type": "string",
                "value": "75%"
            },
            "containerweight": 100,
            "contentalignment": 5,
            "displaytext": true,
            "focusskin": "defBtnFocus",
            "id": "ButtonRound",
            "info": null,
            "iscustomlayout": false,
            "isvisible": true,
            "kuid": "de45d5a6867d47b685fcb5eb45950952",
            "name": "kony.ui.Button",
            "parent": "flxBarCodeScanner",
            "pf": "collection-form",
            "retaincontentalignment": false,
            "retainflexpositionproperties": false,
            "wType": "Button",
            "zindex": 1
        },
        "DNDConfig": null,
        "__parentReadjusting__": false,
        "_height_": {
            "type": "string",
            "value": "100%"
        },
        "_left_": {
            "type": "string",
            "value": "0dp"
        },
        "_margin_": [
            0,
            0,
            0,
            0
        ],
        "_orientation_": 6,
        "_padding_": [
            0,
            0,
            0,
            0
        ],
        "_percent_": true,
        "_skin_": "slFbox",
        "_top_": {
            "type": "string",
            "value": "0dp"
        },
        "_width_": {
            "type": "string",
            "value": "100%"
        },
        "allboxes": [],
        "autogrowmode": 0,
        "canUpdateUI": true,
        "children": [
            "lblBarCode",
            "ButtonRound"
        ],
        "clipbounds": true,
        "containerweight": 100,
        "enablescrolling": true,
        "id": "flxBarCodeScanner",
        "info": null,
        "iscustomlayout": false,
        "isvisible": true,
        "kuid": "f58fc4cc8e38456cbe1af6ab2ba4e108",
        "layouttype": 2,
        "lblBarCode": {
            "@class": "com.kony.gen.viz.model.component.KVizLabel",
            "DNDConfig": null,
            "Default": {
                "contentAlignment": 5
            },
            "__parentReadjusting__": false,
            "_height_": {
                "type": "string",
                "value": "8%"
            },
            "_margin_": [
                1,
                1,
                1,
                1
            ],
            "_padding_": [
                0,
                0,
                0,
                0
            ],
            "_skin_": "CopydefLabel0g7576707f7f749",
            "_text_": "Scanned code comes here",
            "_width_": {
                "type": "string",
                "value": "90%"
            },
            "_wrapping_": 2,
            "android": {
                "textStyle": {
                    "letterSpacing": 0,
                    "strikeThrough": false
                }
            },
            "canUpdateUI": true,
            "centerx": {
                "type": "string",
                "value": "50%"
            },
            "centery": {
                "type": "string",
                "value": "50%"
            },
            "containerweight": 100,
            "contentalignment": 5,
            "id": "lblBarCode",
            "info": null,
            "ipad": {
                "psp": {
                    "wrapping": 2
                }
            },
            "iphone": {
                "psp": {
                    "wrapping": 2
                }
            },
            "iscustomlayout": false,
            "isvisible": true,
            "kuid": "b1be2941af9042a9b9afbad6be295de6",
            "name": "kony.ui.Label",
            "parent": "flxBarCodeScanner",
            "pf": "collection-form",
            "retaincontentalignment": false,
            "retainflexpositionproperties": false,
            "textstyle": {},
            "tooltip": "",
            "wType": "Label",
            "zindex": 1
        },
        "name": "kony.ui.FlexContainer",
        "parent": "collection-form",
        "pf": "collection-form",
        "retaincontentalignment": false,
        "retainflexpositionproperties": false,
        "retainflowhorizontalalignment": false,
        "snapgridsize": 10,
        "snaptogrid": true,
        "undoPropsStorage": {},
        "wType": "FlexContainer",
        "widgetalignment": 1,
        "zindex": 1
    }
}