{
    "kuid": "5d4aaet5-bba0-4cr8-afu6-46e901nb",
    "id": "kony.EditPayeeWeb_v9.done",
    "content": {
        "title": "Congratulations",
        "body": "<p>You&rsquo;ve successfully:</p>\n<ul>\n<li><strong>Generated the Edit Recipients screen</strong></li>\n<li><strong>Created and customized the UI for the edit recipients screen</strong></li>\n<li><strong>Update the services with the data</strong></li>\n<li><strong>Added navigation to and from the edit Recipients screen<br /></strong></li>\n<li><strong>Added logout to the edit recipients screen</strong></li>\n</ul>\n<p>For more information on how to make your web app responsive, check out the next hike: <a class=\"tour-link\" tour=\"f31910t6-a4a7-42rd-a4ud-07a264n3\"><strong>9. Responsive Web Breakpoints</strong></a>.</p>"
    },
    "pointer": {
        "direction": "left",
        "element": "",
        "type": "none"
    },
    "navigationType": "manual",
    "navigationBar": {
        "left": {
            "text": "Previous",
            "enable": true,
            "hide": false
        },
        "right": {
            "text": "Done",
            "enable": true,
            "hide": false
        }
    },
    "navigationCondition": "",
    "position": "CENTER",
    "meta": {
        "Creator": "Rashmi Menon",
        "CreatedOn": "Fri, 28 Feb 2020 06:56:31 GMT"
    },
    "context": []
}