{
  "kuid": "3d6b7atb-a4a7-4ere-91ue-e2b57fn6",
  "id": "VoltMX.AuthApp.DeleteUnwanted",
  "content": {
    "title": "Deleting Unwanted Actions",
    "body": "<ol>\n<li>From the top-right corner of your&nbsp;<strong>Action Editor </strong>window, select&nbsp;<strong>Design View</strong>.</li>\n<li>From the <strong>Action Editor</strong> canvas, navigate to <strong>(NAVIGATE TO FORM) (name:frmAccount)</strong>. Right-click and select <strong>Delete</strong> for this action.</li>\n<li>From the <strong>Action Editor</strong> canvas, navigate to <strong>(INVOKE SERVICE) (name: UserAuthentication2$login)</strong> &gt; <strong>Success</strong> &gt; <strong>Show Alert</strong>. Right-click and select <strong>Delete</strong> for this action.</li>\n</ol>"
  },
  "pointer": {
    "direction": "left",
    "element": {
      "module": "actioneditor",
      "css_selector": "input[class *='aeViewTypeSequenceElement']"
    },
    "type": "default"
  },
  "navigationType": "manual",
  "navigationBar": {
    "left": {
      "text": "Previous",
      "enable": true,
      "hide": false
    },
    "right": {
      "text": "Next",
      "enable": true,
      "hide": false
    }
  },
  "navigationCondition": "",
  "position": "BOTTOM_LEFT",
  "meta": {
    "Creator": "Deepti Ravula",
    "CreatedOn": "Thu, 19 Dec 2019 06:50:41 GMT"
  },
  "context": [],
  "localization": {
    "en-us": {
      "content": {
        "title": "Deleting Unwanted Actions",
        "body": "<ol>\n<li>From the top-right corner of your&nbsp;<strong>Action Editor </strong>window, select&nbsp;<strong>Design View</strong>.</li>\n<li>From the <strong>Action Editor</strong> canvas, navigate to <strong>(NAVIGATE TO FORM) (name:frmAccount)</strong>. Right-click and select <strong>Delete</strong> for this action.</li>\n<li>From the <strong>Action Editor</strong> canvas, navigate to <strong>(INVOKE SERVICE) (name: UserAuthentication2$login)</strong> &gt; <strong>Success</strong> &gt; <strong>Show Alert</strong>. Right-click and select <strong>Delete</strong> for this action.</li>\n</ol>"
      },
      "navigationBar": {
        "left": {
          "text": "Previous"
        },
        "right": {
          "text": "Next"
        }
      }
    },
    "zh-cn": {
      "content": {
        "title": "删除不必要的行动",
        "body": "<ol> \n <li>从您＆nbsp; <strong>操作编辑器</strong>窗口的右上角，选择＆nbsp; <strong>设计视图</strong>。</li> \n <li>从<strong>操作编辑器</strong>画布，导航到<strong>（导航到form）（名称：frmaccount）</strong>。 右键单击并选择<strong>删除此操作的</strong>。</li> \n <li>来自<strong>操作编辑器</strong> canvas，导航到<strong>（Invoke Service）（name：userauthentication2 $ login）</strong>＆gt; <strong>成功</strong>＆gt; <strong>显示警报</strong>。 右键单击并选择<strong>为此动作删除</strong>。</li> \n </ol>"
      },
      "navigationBar": {
        "left": {
          "text": "以前的"
        },
        "right": {
          "text": "下一个"
        }
      }
    },
    "zh-tw": {
      "content": {
        "title": "刪除不必要的行動",
        "body": "<ol> \n <li>從您＆nbsp; <strong>操作編輯器</strong>窗口的右上角，選擇＆nbsp; <strong>設計視圖</strong>。</li> \n <li>從<strong>操作編輯器</strong>畫布，導航到<strong>（導航到form）（名稱：frmaccount）</strong>。 右鍵單擊並選擇<strong>刪除此操作的</strong>。</li> \n <li>來自<strong>操作編輯器</strong> canvas，導航到<strong>（Invoke Service）（name：userauthentication2 $ login）</strong>＆gt; <strong>成功</strong>＆gt; <strong>顯示警報</strong>。 右鍵單擊並選擇<strong>為此動作刪除</strong>。</li> \n </ol>"
      },
      "navigationBar": {
        "left": {
          "text": "以前的"
        },
        "right": {
          "text": "下一個"
        }
      }
    }
  }
}