{
  "kuid": "82cdd4tf-56a6-4er3-9du6-78b2dcn0",
  "id": "VoltMX.CreateEmailIdCompV9.modifyComp",
  "content": {
    "title": "Add a Placeholder to the Component",
    "body": "<ol>\n<li>From the upper-left corner of Iris, in the <strong>Templates</strong> explorer, expand <strong>Components</strong> and select the component <strong>userEntry.emailField [1.0.0]</strong>.</li>\n<li>From the upper-right corner of Iris, in the<strong> Properties</strong> panel, click the <strong>Component</strong> tab.</li>\n<li>Modify the placeholder value to <strong>Email ID</strong>.</li>\n</ol>\n<p>You will notice that the placeholder value is now modified in the <strong>Contact</strong> form also.</p>"
  },
  "pointer": {
    "direction": "top",
    "element": {
      "module": "projectexplorer",
      "path": "templates-head"
    },
    "type": "default"
  },
  "navigationType": "manual",
  "navigationBar": {
    "left": {
      "text": "Previous",
      "enable": true,
      "hide": false
    },
    "right": {
      "text": "Next",
      "enable": true,
      "hide": false
    }
  },
  "navigationCondition": "",
  "position": "BOTTOM_RIGHT",
  "meta": {
    "Creator": "Rashmi Menon",
    "CreatedOn": "Tue, 26 Nov 2019 06:42:40 GMT"
  },
  "context": [],
  "localization": {
    "en-us": {
      "content": {
        "title": "Add a Placeholder to the Component",
        "body": "<ol>\n<li>From the upper-left corner of Iris, in the <strong>Templates</strong> explorer, expand <strong>Components</strong> and select the component <strong>userEntry.emailField [1.0.0]</strong>.</li>\n<li>From the upper-right corner of Iris, in the<strong> Properties</strong> panel, click the <strong>Component</strong> tab.</li>\n<li>Modify the placeholder value to <strong>Email ID</strong>.</li>\n</ol>\n<p>You will notice that the placeholder value is now modified in the <strong>Contact</strong> form also.</p>"
      },
      "navigationBar": {
        "left": {
          "text": "Previous"
        },
        "right": {
          "text": "Next"
        }
      }
    },
    "zh-cn": {
      "content": {
        "title": "在组件中添加一个占位符",
        "body": "<ol> \n <li>从Iris的上左角，在<strong>模板</strong> Explorer中，展开<strong>组件</strong>，然后选择component <strong> userentry.email.email.email.emailfield [1.0.0] </strong>。 </li> \n <li>从iris的右上角，在<strong> properties </strong>面板中，单击<strong> component </strong> tab。</li> \n <li>将占位符值修改为<strong>电子邮件ID </strong>。</li> \n </ol> \n <p>您会注意到占位符值现在在<strong> contact </strong>表单中修改。</p>"
      },
      "navigationBar": {
        "left": {
          "text": "以前的"
        },
        "right": {
          "text": "下一个"
        }
      }
    },
    "zh-tw": {
      "content": {
        "title": "在組件中添加一個佔位符",
        "body": "<ol> \n <li>從Iris的上左角，在<strong>模板</strong> Explorer中，展開<strong>組件</strong>，然後選擇component <strong> userentry.email.email.email.emailfield [1.0.0] </strong>。 </li> \n <li>從iris的右上角，在<strong> properties </strong>面板中，單擊<strong> component </strong> tab。</li> \n <li>將佔位符值修改為<strong>電子郵件ID </strong>。</li> \n </ol> \n <p>您會注意到佔位符值現在在<strong> contact </strong>表單中修改。</p>"
      },
      "navigationBar": {
        "left": {
          "text": "以前的"
        },
        "right": {
          "text": "下一個"
        }
      }
    }
  }
}