{
    "kuid": "cbada6t3-cea4-4fr5-adua-14cefdn0",
    "id": "kony.IntroFlexLayoutV9.last",
    "content": {
        "title": "Congratulations",
        "body": "<p>You have successfully:</p>\n<ul>\n<li><strong>Created an app with a FlexContainer and two child widgets</strong></li>\n<li><strong>Learnt how to modify the flex layouts in an app</strong></li>\n<li><strong>Learnt how the layout in which the child widgets are arranged changes with the layout of the parent FlexContainer</strong></li>\n<li><strong>Launched the application in Quantum App.</strong></li>\n</ul>"
    },
    "pointer": {
        "direction": "left",
        "element": "",
        "type": "none"
    },
    "navigationType": "manual",
    "navigationBar": {
        "left": {
            "text": "Previous",
            "enable": true,
            "hide": false
        },
        "right": {
            "text": "Done",
            "enable": true,
            "hide": false
        }
    },
    "navigationCondition": "",
    "position": "CENTER",
    "meta": {
        "Creator": "Rashmi Menon",
        "CreatedOn": "Mon, 02 Dec 2019 08:13:32 GMT"
    },
    "context": []
}