{
    "kuid": "990682t6-e7a4-42rc-bau8-d7f69cnb",
    "id": "VoltMX.NewLaunchMobApp.appViewer",
    "content": {
        "title": "Volt MX App",
        "body": "<ol>\n<li>Connect your <strong>mobile</strong> device to your computer using a USB cable.<br /> For Android mobile devices, ensure that the user of USB is set as <strong>Transfer files</strong>.<br /> For iOS mobile devices, ensure that <strong>trust </strong>has been established between your device and your computer.</li>\n<li>Launch the <strong>Volt MX App</strong> on your <strong>mobile</strong> device.</li>\n<li>Select the <strong>USB</strong> tab. <br />On a successful connection, <strong>Iris</strong> on your computer shows a success prompt.</li>\n</ol>"
    },
    "pointer": {
        "direction": "left",
        "element": "",
        "type": "none"
    },
    "navigationType": "manual",
    "navigationBar": {
        "left": {
            "text": "Previous",
            "enable": true,
            "hide": false
        },
        "right": {
            "text": "Next",
            "enable": true,
            "hide": false
        }
    },
    "navigationCondition": "",
    "position": "CENTER",
    "meta": {
        "Creator": "Prem Garudadri",
        "CreatedOn": "Wed, 18 Dec 2019 09:21:06 GMT"
    },
    "context": []
}