{
  "kuid": "6ca36fte-44ac-46ra-89ub-08f6a2n9",
  "id": "VoltMX.AddaSalesforceServiceV9.last",
  "content": {
    "title": "Congratulations",
    "body": "<p>You have successfully:</p>\n<ul><b>\n<li>Added a Salesforce service to your app using Volt MX Foundry in Iris</li>\n<li>Created a UI using the Salesforce service response</li>\n<li>Launched your app on your mobile device using Volt MX App</li></b>\n</ul>"
  },
  "pointer": {
    "direction": "left",
    "element": "",
    "type": "none"
  },
  "navigationType": "manual",
  "navigationBar": {
    "left": {
      "text": "Previous",
      "enable": true,
      "hide": false
    },
    "right": {
      "text": "Done",
      "enable": true,
      "hide": false
    }
  },
  "navigationCondition": "",
  "position": "CENTER",
  "meta": {
    "Creator": "Rashmi Menon",
    "CreatedOn": "Wed, 27 Nov 2019 09:01:20 GMT"
  },
  "context": [],
  "localization": {
    "en-us": {
      "content": {
        "title": "Congratulations",
        "body": "<p>You have successfully:</p>\n<ul><b>\n<li>Added a Salesforce service to your app using Volt MX Foundry in Iris</li>\n<li>Created a UI using the Salesforce service response</li>\n<li>Launched your app on your mobile device using Volt MX App</li></b>\n</ul>"
      },
      "navigationBar": {
        "left": {
          "text": "Previous"
        },
        "right": {
          "text": "Done"
        }
      }
    },
    "zh-cn": {
      "content": {
        "title": "恭喜",
        "body": "<p>您已经成功：</p> \n <ul> <b> \n <li>使用IRIS中的Volt MX Foundry在您的应用中添加了Salesforce服务</li> \n <li>使用Salesforce服务响应</li>创建一个UI \n <li>使用Volt MX App </li> </b>在移动设备上启动您的应用程序 \n </ul>"
      },
      "navigationBar": {
        "left": {
          "text": "以前的"
        },
        "right": {
          "text": "完毕"
        }
      }
    },
    "zh-tw": {
      "content": {
        "title": "恭喜",
        "body": "<p>您已經成功：</p> \n <ul> <b> \n <li>使用IRIS中的Volt MX Foundry在您的應用中添加了Salesforce服務</li> \n <li>使用Salesforce服務響應</li>創建一個UI \n <li>使用Volt MX App </li> </b>在移動設備上啟動您的應用程序 \n </ul>"
      },
      "navigationBar": {
        "left": {
          "text": "以前的"
        },
        "right": {
          "text": "完畢"
        }
      }
    }
  }
}