{
    "kuid": "350b82t8-89ad-46r1-bcu3-19cba6n7",
    "id": "VoltMX.EditPayeeWeb_v9.editService1",
    "content": {
        "title": "Configuring Services for Edit Recipients",
        "body": "<ol>\n<li>From the left menu of the <strong>Action Editor</strong>, under the <strong>Widget </strong>section, select <strong>Set Widget Property</strong>.</li>\n<li>From the right pane, expand <strong>Desktop Forms</strong> &gt; <strong>frmEditRecipient</strong> &gt; <strong>flxEditRecipient</strong> and select <strong>flexSuccess</strong>.</li>\n<li>In the last pane, modify the following fields:\n<ul>\n<li>Property: <strong>Visible</strong></li>\n<li>Visibility: <strong>False</strong></li>\n</ul>\n</li>\n<li>From the left menu of the&nbsp;<strong>Action Editor</strong>, under the <strong>Condition</strong> section, select <strong>If</strong>.</li>\n<li>Modify the following fields:\n<ul>\n<li>Widget Property: <strong>Navigated From</strong></li>\n<li>Select Source: select <strong>frmDetails &gt; btnEdit &gt; onClick</strong></li>\n</ul>\n</li>\n<li>Enter <b>Invoke Service </b>in the search bar and select\n <strong>Invoke Service </strong>under the <strong>Network</strong> section.</li>\n<li>From the right pane of the <strong>Action Editor</strong>, select the following values from the drop-down lists.<br />\n<ul>\n<li>Select Service: <strong>RecipientStorage2$Recipients</strong></li>\n<li>Select Method: <strong>get</strong></li>\n</ul>\n</li>\n</ol>"
    },
    "pointer": {
        "direction": "left",
        "element": {
            "module": "actioneditor",
            "itemType": "ae-action-type",
            "info": {
                "actionType": "If"
            }
        },
        "type": "default"
    },
    "navigationType": "manual",
    "navigationBar": {
        "left": {
            "text": "Previous",
            "enable": true,
            "hide": false
        },
        "right": {
            "text": "Next",
            "enable": true,
            "hide": false
        }
    },
    "navigationCondition": "",
    "position": "CENTER",
    "meta": {
        "Creator": "Rashmi Menon",
        "CreatedOn": "Fri, 28 Feb 2020 05:37:27 GMT"
    },
    "context": []
}