{
  "kuid": "c0c70ata-0baf-4drd-b7u5-591379nc",
  "id": "VoltMX.FlexPropertiesV9.Done",
  "content": {
    "title": "Congratulations",
    "body": "<p>You have successfully changed the layout of the widgets in a  FlexContainer using its layout properties.</p>"
  },
  "pointer": {
    "direction": "left",
    "element": "",
    "type": "none"
  },
  "navigationType": "manual",
  "navigationBar": {
    "left": {
      "text": "Previous",
      "enable": true,
      "hide": false
    },
    "right": {
      "text": "Done",
      "enable": true,
      "hide": false
    }
  },
  "navigationCondition": "",
  "position": "CENTER",
  "meta": {
    "Creator": "Rashmi Menon",
    "CreatedOn": "Mon, 25 Nov 2019 09:09:08 GMT"
  },
  "context": [],
  "localization": {
    "en-us": {
      "content": {
        "title": "Congratulations",
        "body": "<p>You have successfully changed the layout of the widgets in a  FlexContainer using its layout properties.</p>"
      },
      "navigationBar": {
        "left": {
          "text": "Previous"
        },
        "right": {
          "text": "Done"
        }
      }
    },
    "zh-cn": {
      "content": {
        "title": "恭喜",
        "body": "<p>您使用其布局属性成功地更改了flexcontainer中的小部件的布局。</p>"
      },
      "navigationBar": {
        "left": {
          "text": "以前的"
        },
        "right": {
          "text": "完毕"
        }
      }
    },
    "zh-tw": {
      "content": {
        "title": "恭喜",
        "body": "<p>您使用其佈局屬性成功地更改了flexcontainer中的小部件的佈局。</p>"
      },
      "navigationBar": {
        "left": {
          "text": "以前的"
        },
        "right": {
          "text": "完畢"
        }
      }
    }
  }
}