{
    "kuid": "166071t3-47a4-48r9-95u4-6def7dn7",
    "id": "VoltMX.AddaSalesforceServiceV9.UIforSalesforce",
    "content": {
        "title": "Generate UI for Service",
        "body": "<ol>\n<li>From the <strong>Project</strong> explorer, navigate to <strong>Mobile</strong> &gt; <strong>Forms</strong> and select <strong>frmLogin</strong>.</li>\n<li>From the <strong>Project Services</strong> tab on the top right of your canvas, expand <strong>Objects</strong> &gt; <strong>SalesforceSample</strong> &gt; <strong>Account</strong>, and select <strong>Get</strong>.</li>\n<li>Drop the <strong>get </strong>method onto the <strong>frmLogin</strong> form on your canvas.<br /><strong>What would you like to generate?</strong> window appears. </li>\n<li>Select <strong>List Using Response</strong>.</li>\n<li>Click <strong>OK</strong>.</li>\n</ol>"
    },
    "pointer": {
        "direction": "left",
        "element": {
            "module": "datapanel",
            "itemType": "dp_tree_entry",
            "context": {},
            "path": "PROJECT SERVICES"
        },
        "type": "default"
    },
    "navigationType": "manual",
    "navigationBar": {
        "left": {
            "text": "Previous",
            "enable": true,
            "hide": false
        },
        "right": {
            "text": "Next",
            "enable": true,
            "hide": false
        }
    },
    "navigationCondition": "",
    "position": "BOTTOM_RIGHT",
    "meta": {
        "Creator": "Rashmi Menon",
        "CreatedOn": "Wed, 27 Nov 2019 08:55:42 GMT"
    },
    "context": []
}