{
    "kuid": "212cc0tb-3ba6-48ra-85u1-aacee5n4",
    "id": "Kony.FirstApp.last",
    "content": {
        "title": "Done",
        "body": "<p>You have successfully:</p>\n<ul>\n<li><strong>Created forms with UI elements for user interaction</strong></li>\n<li><strong>Added navigation between the forms</strong></li>\n<li><strong>Launched your app on Kony Quantum App<br /></strong></li>\n</ul>\n<p><br /> To integrate the data services with the UI elements, check out the next hike:<a class=\"tour-link\" tour=\"285ada12-ff18-4766-937c-82594775\"><strong>3. Connect the App UI to Data</strong></a></p>"
    },
    "pointer": {
        "direction": "left",
        "element": "",
        "type": "none"
    },
    "navigationType": "manual",
    "navigationBar": {
        "left": {
            "text": "Previous",
            "enable": true,
            "hide": false
        },
        "right": {
            "text": "Done",
            "enable": true,
            "hide": false
        }
    },
    "navigationCondition": "",
    "position": "CENTER",
    "meta": {
        "Creator": "Rashmi Menon",
        "CreatedOn": "Thu, 24 Jan 2019 08:46:52 GMT"
    },
    "context": []
}