{
  "kuid": "ec7f59tf-24a2-4er0-83u9-24f37fn4",
  "id": "VoltMX.CreateServicesWebV9.createAccService",
  "content": {
    "title": "Create a New Service",
    "body": "<ol>\n<li>From the <strong>Data &amp; Services</strong> panel, expand <strong>Project Services</strong>.</li>\n<li>Click <strong>Configure New</strong>.</li>\n<li>Under the <strong>Data Storage</strong> section, select <strong>Import Excel File</strong>.<br/>User must login to Foundry Account, before proceeding this step.<br /> Iris may take some time to open the <strong>Edit Object Service</strong> window.</li>\n<li>In the <strong>Import File</strong> dialog box, drag the <strong>Accounts.xls</strong> file from the extracted files.</li>\n<li>After the file is uploaded, click <strong>Next</strong>.</li>\n<li>Ensure that <strong>Accounts</strong> is selected under <strong>Excel Sheet Name</strong>, and then click <strong>Import</strong>.</li>\n<li>Click <strong>Done</strong>.<br />The <b>Data Model</b> configuration window appears.</li>\n</ol>"
  },
  "pointer": {
    "direction": "top",
    "element": {
      "module": "datapanel",
      "itemType": "dp_tab"
    },
    "type": "default"
  },
  "navigationType": "manual",
  "navigationBar": {
    "left": {
      "text": "Previous",
      "enable": true,
      "hide": false
    },
    "right": {
      "text": "Next",
      "enable": true,
      "hide": false
    }
  },
  "navigationCondition": "",
  "position": "BOTTOM_RIGHT",
  "meta": {
    "Creator": "Rashmi Menon",
    "CreatedOn": "Thu, 19 Dec 2019 06:07:09 GMT"
  },
  "context": [],
  "localization": {
    "en-us": {
      "content": {
        "title": "Create a New Service",
        "body": "<ol>\n<li>From the <strong>Data &amp; Services</strong> panel, expand <strong>Project Services</strong>.</li>\n<li>Click <strong>Configure New</strong>.</li>\n<li>Under the <strong>Data Storage</strong> section, select <strong>Import Excel File</strong>.<br/>User must login to Foundry Account, before proceeding this step.<br /> Iris may take some time to open the <strong>Edit Object Service</strong> window.</li>\n<li>In the <strong>Import File</strong> dialog box, drag the <strong>Accounts.xls</strong> file from the extracted files.</li>\n<li>After the file is uploaded, click <strong>Next</strong>.</li>\n<li>Ensure that <strong>Accounts</strong> is selected under <strong>Excel Sheet Name</strong>, and then click <strong>Import</strong>.</li>\n<li>Click <strong>Done</strong>.<br />The <b>Data Model</b> configuration window appears.</li>\n</ol>"
      },
      "navigationBar": {
        "left": {
          "text": "Previous"
        },
        "right": {
          "text": "Next"
        }
      }
    },
    "zh-cn": {
      "content": {
        "title": "创建新服务",
        "body": "***<ol> \n <li>来自<strong> data＆amp; 服务</strong>面板，展开<strong>项目服务</strong>。</li> \n <li>单击<strong>配置新</strong>。</li> \n <li>在<strong>数据存储</strong>部分下，选择<strong>导入Excel File </strong>。<br/>用户必须在继续此步骤之前登录到Foundry帐户。<br /> IRIS可能需要一些时间才能花一些时间才能 打开<strong>编辑对象服务</strong>窗口。</li> \n <li>在<strong>导入文件</strong>对话框中，从提取的文件中拖动<strong> accounts.xls </strong>文件。</li> \n <li>上传文件后，单击<strong>下一个</strong>。</li> \n <li>确保<strong>帐户</strong>在<strong> excel表名称</strong>下选择，然后单击<strong> import </strong>。</li>。{38} \n <li>单击<strong>完成</strong>。<br /> <b>数据模型</b>配置窗口出现。</li> \n </ol>"
      },
      "navigationBar": {
        "left": {
          "text": "以前的"
        },
        "right": {
          "text": "下一个"
        }
      }
    },
    "zh-tw": {
      "content": {
        "title": "創建新服務",
        "body": "***<ol> \n <li>來自<strong> data＆amp; 服務</strong>面板，展開<strong>項目服務</strong>。</li> \n <li>單擊<strong>配置新</strong>。</li> \n <li>在<strong>數據存儲</strong>部分下，選擇<strong>導入Excel File </strong>。<br/>用戶必須在繼續此步驟之前登錄到Foundry帳戶。<br /> IRIS可能需要一些時間才能花一些時間才能 打開<strong>編輯對象服務</strong>窗口。</li> \n <li>在<strong>導入文件</strong>對話框中，從提取的文件中拖動<strong> accounts.xls </strong>文件。</li> \n <li>上傳文件後，單擊<strong>下一個</strong>。</li> \n <li>確保<strong>帳戶</strong>在<strong> excel表名稱</strong>下選擇，然後單擊<strong> import </strong>。</li>。{38} \n <li>單擊<strong>完成</strong>。<br /> <b>數據模型</b>配置窗口出現。</li> \n </ol>"
      },
      "navigationBar": {
        "left": {
          "text": "以前的"
        },
        "right": {
          "text": "下一個"
        }
      }
    }
  }
}