{
    "kuid": "16705ft8-6fad-43r2-9eu5-cfab74nc",
    "id": "VoltMX.EditPayeeMobile_v9.mapping",
    "content": {
        "title": "Configuring onMapping Event",
        "body": "<ol>\n<li>From the <strong>Project</strong> explorer, navigate to <strong>Mobile</strong> &gt; <strong>Forms</strong>, and select <strong>frmEditRecipient</strong>.</li>\n<li>Navigate to the <strong>Properties </strong>panel and select the <strong>Action</strong>&nbsp;tab.</li>\n<li>Under the <strong>General </strong>section, for the <strong>onMapping </strong>event, click <strong>Edit</strong>. <br />The<strong> Action Editor</strong> window appears.</li>\n<li>From the top-right corner, select <strong>Design View</strong>.</li>\n</ol>"
    },
    "pointer": {
        "direction": "top",
        "element": {
            "module": "propertieswindow",
            "itemType": "pw-tab",
            "info": {
                "tabName": "Action"
            }
        },
        "type": "default"
    },
    "navigationType": "manual",
    "navigationBar": {
        "left": {
            "text": "Previous",
            "enable": true,
            "hide": false
        },
        "right": {
            "text": "Next",
            "enable": true,
            "hide": false
        }
    },
    "navigationCondition": "",
    "position": "BOTTOM_LEFT",
    "meta": {
        "Creator": "Rashmi Menon",
        "CreatedOn": "Fri, 28 Feb 2020 11:27:10 GMT"
    },
    "context": []
}