{
  "kuid": "b2ca89tf-7ea9-48r4-94u8-fde3c3nd",
  "id": "VoltMX.createUIMobV9.done",
  "content": {
    "title": "Congratulations",
    "body": "<p>You have successfully:</p>\n<ul>\n<li><strong>Created forms with UI elements for user interaction</strong></li>\n<li><strong>Added navigation between the forms</strong></li>\n<li><strong>Launched your app on a mobile device using the Volt MX App</strong></li>\n</ul><br/>\n<p>To learn how to add login and logout operations for this app, check out the next hike: </p><a class=\"tour-link\" tour=\"15d8c7t4-cda7-40rb-afu7-345cfcnc\"><b>3. Add Authentication to the App</b></a>.</p>"
  },
  "pointer": {
    "direction": "left",
    "element": "",
    "type": "none"
  },
  "navigationType": "manual",
  "navigationBar": {
    "left": {
      "text": "Previous",
      "enable": true,
      "hide": false
    },
    "right": {
      "text": "Done",
      "enable": true,
      "hide": false
    }
  },
  "navigationCondition": "",
  "position": "CENTER",
  "meta": {
    "Creator": "Rashmi Menon",
    "CreatedOn": "Wed, 18 Dec 2019 08:50:53 GMT"
  },
  "context": [],
  "localization": {
    "en-us": {
      "content": {
        "title": "Congratulations",
        "body": "<p>You have successfully:</p>\n<ul>\n<li><strong>Created forms with UI elements for user interaction</strong></li>\n<li><strong>Added navigation between the forms</strong></li>\n<li><strong>Launched your app on a mobile device using the Volt MX App</strong></li>\n</ul><br/>\n<p>To learn how to add login and logout operations for this app, check out the next hike: </p><a class=\"tour-link\" tour=\"15d8c7t4-cda7-40rb-afu7-345cfcnc\"><b>3. Add Authentication to the App</b></a>.</p>"
      },
      "navigationBar": {
        "left": {
          "text": "Previous"
        },
        "right": {
          "text": "Done"
        }
      }
    },
    "zh-cn": {
      "content": {
        "title": "恭喜",
        "body": "***<p>您已经成功：</p> \n <ul> \n <li> <strong>用用户交互的UI元素创建了表单</strong> </li> \n <li> <strong>在表单</strong> </li>之间添加导航 \n <li> <strong>使用Volt MX App </strong> </li>在移动设备上启动您的应用程序 \n </ul> <br/> \n <p>要学习如何添加此应用程序的登录和注销操作，请查看下一个徒步旅行：</p> <a class=\"tour-link\" tour=\"15d8c7t4-cda7-40rb-afu7-345cfcnc\"> <b> {20} 3。 将身份验证添加到应用程序</b> </a>。</p>"
      },
      "navigationBar": {
        "left": {
          "text": "以前的"
        },
        "right": {
          "text": "完毕"
        }
      }
    },
    "zh-tw": {
      "content": {
        "title": "恭喜",
        "body": "***<p>您已經成功：</p> \n <ul> \n <li> <strong>用用戶交互的UI元素創建了表單</strong> </li> \n <li> <strong>在表單</strong> </li>之間添加導航 \n <li> <strong>使用Volt MX App </strong> </li>在移動設備上啟動您的應用程序 \n </ul> <br/> \n <p>要學習如何添加此應用程序的登錄和註銷操作，請查看下一個徒步旅行：</p> <a class=\"tour-link\" tour=\"15d8c7t4-cda7-40rb-afu7-345cfcnc\"> <b> {20} 3。 將身份驗證添加到應用程序</b> </a>。</p>"
      },
      "navigationBar": {
        "left": {
          "text": "以前的"
        },
        "right": {
          "text": "完畢"
        }
      }
    }
  }
}