{
    "kuid": "2e563dta-39a0-40r6-81u1-34b16bn8",
    "id": "kony.ApplicationChannelsV9.ChannelTab",
    "content": {
        "title": "Application Channel:Tablet",
        "body": "<ol><li>From the <b>Project</b> explorer on the top left of your canvas, expand <b>Tablet</b>.</li>\n<li>Expand <b>Forms</b>.<br > Notice the forms created in the sample app for tablet devices.</li>"
    },
    "pointer": {
        "direction": "left",
        "element": {
            "module": "projectexplorer",
            "path": "project-body\\project\\Tablet"
        },
        "type": "default"
    },
    "navigationType": "manual",
    "navigationBar": {
        "left": {
            "text": "Previous",
            "enable": true,
            "hide": false
        },
        "right": {
            "text": "Next",
            "enable": true,
            "hide": false
        }
    },
    "navigationCondition": "",
    "position": "BOTTOM_RIGHT",
    "meta": {
        "Creator": "Rashmi Menon",
        "CreatedOn": "Tue, 26 Nov 2019 08:08:13 GMT"
    },
    "context": []
}