{
  "kuid": "6f98b3tf-1fa2-47r3-aau4-c64eecn4",
  "id": "VoltMX.FlexPropertiesV9.CenteringXY",
  "content": {
    "title": "Aligning Widgets Across the X and Y Axis",
    "body": "<ol>\n<li>From the <strong>Properties</strong> panel, exand <strong>Look</strong> &gt; <strong>Flex </strong>on the top right of your canvas.</li>\n<li>Set:\n<ul>\n<li><strong>Center X</strong> to <strong>50%</strong></li>\n<li><strong>Center Y</strong> to <strong>50%</strong></li>\n</ul>\nNotice that the widget has moved to the center of the form on the canvas.</li>\n</ol>"
  },
  "pointer": {
    "direction": "right",
    "element": {
      "module": "propertieswindow",
      "itemType": "pw-property",
      "info": {
        "propertyName": "Center X",
        "sectionDOMId": "frmKonyLib_pwwgvbx-flex",
        "tabName": "Look"
      }
    },
    "type": "default"
  },
  "navigationType": "manual",
  "navigationBar": {
    "left": {
      "text": "Previous",
      "enable": true,
      "hide": false
    },
    "right": {
      "text": "Next",
      "enable": true,
      "hide": false
    }
  },
  "navigationCondition": "",
  "position": "BOTTOM_LEFT",
  "meta": {
    "Creator": "Rashmi Menon",
    "CreatedOn": "Mon, 25 Nov 2019 08:55:23 GMT"
  },
  "context": [],
  "localization": {
    "en-us": {
      "content": {
        "title": "Aligning Widgets Across the X and Y Axis",
        "body": "<ol>\n<li>From the <strong>Properties</strong> panel, exand <strong>Look</strong> &gt; <strong>Flex </strong>on the top right of your canvas.</li>\n<li>Set:\n<ul>\n<li><strong>Center X</strong> to <strong>50%</strong></li>\n<li><strong>Center Y</strong> to <strong>50%</strong></li>\n</ul>\nNotice that the widget has moved to the center of the form on the canvas.</li>\n</ol>"
      },
      "navigationBar": {
        "left": {
          "text": "Previous"
        },
        "right": {
          "text": "Next"
        }
      }
    },
    "zh-cn": {
      "content": {
        "title": "对齐X和Y轴的小部件",
        "body": "<ol> \n <li>来自<strong>属性</strong>面板，Exand <strong> look </strong>＆gt; <strong> flex </strong>在画布的右上角。</li> \n <li>设置： \n <ul> \n <li> <strong>中心x </strong> to <strong> 50％</strong> </li> \n <li> <strong>中心y </strong> to <strong> 50％</strong> </li> \n </ul> \n 请注意，小部件已移至画布上的表格中心。</li> \n </ol>"
      },
      "navigationBar": {
        "left": {
          "text": "以前的"
        },
        "right": {
          "text": "下一个"
        }
      }
    },
    "zh-tw": {
      "content": {
        "title": "對齊X和Y軸的小部件",
        "body": "<ol> \n <li>來自<strong>屬性</strong>面板，Exand <strong> look </strong>＆gt; <strong> flex </strong>在畫布的右上角。</li> \n <li>設置： \n <ul> \n <li> <strong>中心x </strong> to <strong> 50％</strong> </li> \n <li> <strong>中心y </strong> to <strong> 50％</strong> </li> \n </ul> \n 請注意，小部件已移至畫布上的表格中心。</li> \n </ol>"
      },
      "navigationBar": {
        "left": {
          "text": "以前的"
        },
        "right": {
          "text": "下一個"
        }
      }
    }
  }
}