{
    "kuid": "6f98b3tf-1fa2-47r3-aau4-c64eecn4",
    "id": "VoltMX.FlexPropertiesV9.CenteringXY",
    "content": {
        "title": "Aligning Widgets Across the X and Y Axis",
        "body": "<ol>\n<li>From the <strong>Properties</strong> panel, exand <strong>Look</strong> &gt; <strong>Flex </strong>on the top right of your canvas.</li>\n<li>Set:\n<ul>\n<li><strong>Center X</strong> to <strong>50%</strong></li>\n<li><strong>Center Y</strong> to <strong>50%</strong></li>\n</ul>\nNotice that the widget has moved to the center of the form on the canvas.</li>\n</ol>"
    },
    "pointer": {
        "direction": "right",
        "element": {
            "module": "propertieswindow",
            "itemType": "pw-property",
            "info": {
                "propertyName": "Center X",
                "sectionDOMId": "frmKonyLib_pwwgvbx-flex",
                "tabName": "Look"
            }
        },
        "type": "default"
    },
    "navigationType": "manual",
    "navigationBar": {
        "left": {
            "text": "Previous",
            "enable": true,
            "hide": false
        },
        "right": {
            "text": "Next",
            "enable": true,
            "hide": false
        }
    },
    "navigationCondition": "",
    "position": "BOTTOM_LEFT",
    "meta": {
        "Creator": "Rashmi Menon",
        "CreatedOn": "Mon, 25 Nov 2019 08:55:23 GMT"
    },
    "context": []
}