{
  "kuid": "849dabte-4eae-47r3-86u6-7a7080nd",
  "id": "VoltMX.ApplicationChannelsV9.ChannelWeb",
  "content": {
    "title": "Application Channel: Desktop Web",
    "body": "<ol><li>From the <b>Project</b> explorer on the top left of your canvas, expand <b>Responsive Web / Desktop</b>.</li>\n<li>Expand <b>Forms</b>.<br > Notice the forms created in the sample app for the Desktop web.</li>"
  },
  "pointer": {
    "direction": "left",
    "element": {
      "module": "projectexplorer",
      "path": "project-body\\project\\Responsive Web / Desktop"
    },
    "type": "default"
  },
  "navigationType": "manual",
  "navigationBar": {
    "left": {
      "text": "Previous",
      "enable": true,
      "hide": false
    },
    "right": {
      "text": "Next",
      "enable": true,
      "hide": false
    }
  },
  "navigationCondition": "",
  "position": "BOTTOM_RIGHT",
  "meta": {
    "Creator": "Rashmi Menon",
    "CreatedOn": "Tue, 26 Nov 2019 08:10:20 GMT"
  },
  "context": [],
  "localization": {
    "en-us": {
      "content": {
        "title": "Application Channel: Desktop Web",
        "body": "<ol><li>From the <b>Project</b> explorer on the top left of your canvas, expand <b>Responsive Web / Desktop</b>.</li>\n<li>Expand <b>Forms</b>.<br > Notice the forms created in the sample app for the Desktop web.</li>"
      },
      "navigationBar": {
        "left": {
          "text": "Previous"
        },
        "right": {
          "text": "Next"
        }
      }
    },
    "zh-cn": {
      "content": {
        "title": "应用频道：桌面网络",
        "body": "<ol> <li>来自<b> project </b>探索器在画布左上方，展开<b>响应式web / desktop </b>。</li> \n <li>展开<b>表单</b>。<br >注意桌面web的示例应用中创建的表单。</li>"
      },
      "navigationBar": {
        "left": {
          "text": "以前的"
        },
        "right": {
          "text": "下一个"
        }
      }
    },
    "zh-tw": {
      "content": {
        "title": "應用頻道：桌面網絡",
        "body": "<ol> <li>來自<b> project </b>探索器在畫布左上方，展開<b>響應式web / desktop </b>。</li> \n <li>展開<b>表單</b>。<br >注意桌面web的示例應用中創建的表單。</li>"
      },
      "navigationBar": {
        "left": {
          "text": "以前的"
        },
        "right": {
          "text": "下一個"
        }
      }
    }
  }
}