{
    "kuid": "4b8ff3t7-baaf-4crc-b9u6-591aedn4",
    "id": "VoltMX.EditPayeeMobile_v9.detMapping1",
    "content": {
        "title": "Invoke Service Action",
        "body": "<ol>\n<li>From the left menu of the&nbsp;<strong>Action Editor</strong>, under the&nbsp;<strong>Network&nbsp;</strong>section, select&nbsp;<strong>Loading Indicator</strong>.</li>\n<li>From the left menu of the&nbsp;<strong>Action Editor</strong>, under the&nbsp;<strong>Network&nbsp;</strong>section, select&nbsp;<strong>Invoke Service</strong>.</li>\n<li>From the right pane of the <strong>Action Editor</strong>, select the following values from the drop-down list:\n<ul>\n<li>Select Service:&nbsp;<strong>RecipientStorage$Recipients</strong></li>\n<li>Select Method:&nbsp;<strong>get</strong></li>\n</ul>\n</li>\n<li>Click&nbsp;<strong>Construct Filter Query</strong>.<br /> The Mapping Editor window appears.</li>\n</ol>"
    },
    "pointer": {
        "direction": "left",
        "element": {
            "module": "actioneditor",
            "itemType": "ae-action-type",
            "info": {
                "actionType": "Invoke Service"
            }
        },
        "type": "default"
    },
    "navigationType": "manual",
    "navigationBar": {
        "left": {
            "text": "Previous",
            "enable": true,
            "hide": false
        },
        "right": {
            "text": "Next",
            "enable": true,
            "hide": false
        }
    },
    "navigationCondition": "",
    "position": "BOTTOM_LEFT",
    "meta": {
        "Creator": "Rashmi Menon",
        "CreatedOn": "Mon, 23 Mar 2020 11:27:11 GMT"
    },
    "context": []
}