{
    "kuid": "e3f337tb-c1a0-4er0-bcu6-da361fn5",
    "id": "kony.IntroductionToInternationalV9.done",
    "content": {
        "title": "Congratulations",
        "body": "<p><strong>You</strong> <strong>have successfully</strong>:</p>\n<ul>\n<li>Configured two locales: English and Spanish.</li>\n<li>Provided key-value pairs for the different texts used in a form</li>\n<li>Configured the i18n keys for the widgets in a form</li>\n<li>Viewed the difference in the content when the language of a mobile device is changed.</li>\n</ul>\n<p>For more information on Internationalization, click <a href='#'onClick='javascript:openURL(\"https://docs.kony.com/konylibrary/visualizer/visualizer_user_guide/Content/Internationalization.htm\")'>here</a>.</p>"
    },
    "pointer": {
        "direction": "left",
        "element": "",
        "type": "none"
    },
    "navigationType": "manual",
    "navigationBar": {
        "left": {
            "text": "Previous",
            "enable": true,
            "hide": false
        },
        "right": {
            "text": "Done",
            "enable": true,
            "hide": false
        }
    },
    "navigationCondition": "",
    "position": "CENTER",
    "meta": {
        "Creator": "Rashmi Menon",
        "CreatedOn": "Thu, 05 Dec 2019 06:07:55 GMT"
    },
    "context": []
}