{
    "kuid": "dd13b5td-9ca1-46r4-95u2-d7d143nb",
    "id": "VoltMX.createUIMobV9.createAccForm",
    "content": {
        "title": "Create an Account Form",
        "body": "<ol>\n<li>From the <b>Storyboard</b> view, select&nbsp;<strong>frmLogin</strong>, and then click the&nbsp;<strong>+ </strong>icon.<br /> Iris creates a new form.</li>\n<li>Above the new form, click&nbsp;<strong>Form1</strong>.</li>\n<li>Rename form from Form1 to <strong>frmAccount</strong>.</li>\n<li>Press on Enter key.</li>\n</ol>"
    },
    "pointer": {
        "direction": "left",
        "element": {
            "module": "projectexplorer",
            "path": "project-body\\project\\Mobile\\Forms"
        },
        "type": "default"
    },
    "navigationType": "manual",
    "navigationBar": {
        "left": {
            "text": "Previous",
            "enable": true,
            "hide": false
        },
        "right": {
            "text": "Next",
            "enable": true,
            "hide": false
        }
    },
    "navigationCondition": "",
    "position": "BOTTOM_RIGHT",
    "meta": {
        "Creator": "Rashmi Menon",
        "CreatedOn": "Wed, 18 Dec 2019 06:55:17 GMT"
    },
    "context": []
}