{
  "kuid": "70636btf-8aae-45ra-afu5-7d9973nf",
  "id": "VoltMX.InternationalWithLayoutV9.keyUN",
  "content": {
    "title": "Key-Value Pair for Username",
    "body": "<p>Let us provide some key-value pairs for the various display texts for <strong>frmUserLogin</strong>.</p>\n<ol>\n<li>Click <strong>+</strong>.</li>\n<li>Under the column <strong>Key</strong>, enter: <strong>Username</strong></li>\n<li>Under the column <strong>en_US</strong>, enter: <strong>Username</strong></li>\n<li>Under the column <strong>ar_AE</strong>, enter: <strong>اسم المستخدم</strong> <span hk-tooltip='Arabic Translation for Username'><img src=\"https://i.ibb.co/Dfkmg6k/Button-Info-icon.png\" alt=\"Button-Info-icon\" width=\"10\" height=\"10\" /></span></li>\n</ol>"
  },
  "pointer": {
    "direction": "left",
    "element": "",
    "type": "none"
  },
  "navigationType": "manual",
  "navigationBar": {
    "left": {
      "text": "Previous",
      "enable": true,
      "hide": false
    },
    "right": {
      "text": "Next",
      "enable": true,
      "hide": false
    }
  },
  "navigationCondition": "",
  "position": "BOTTOM_RIGHT",
  "meta": {
    "Creator": "Rashmi Menon",
    "CreatedOn": "Thu, 05 Dec 2019 06:26:56 GMT"
  },
  "context": [],
  "localization": {
    "en-us": {
      "content": {
        "title": "Key-Value Pair for Username",
        "body": "<p>Let us provide some key-value pairs for the various display texts for <strong>frmUserLogin</strong>.</p>\n<ol>\n<li>Click <strong>+</strong>.</li>\n<li>Under the column <strong>Key</strong>, enter: <strong>Username</strong></li>\n<li>Under the column <strong>en_US</strong>, enter: <strong>Username</strong></li>\n<li>Under the column <strong>ar_AE</strong>, enter: <strong>اسم المستخدم</strong> <span hk-tooltip='Arabic Translation for Username'><img src=\"https://i.ibb.co/Dfkmg6k/Button-Info-icon.png\" alt=\"Button-Info-icon\" width=\"10\" height=\"10\" /></span></li>\n</ol>"
      },
      "navigationBar": {
        "left": {
          "text": "Previous"
        },
        "right": {
          "text": "Next"
        }
      }
    },
    "zh-cn": {
      "content": {
        "title": "用户名的键值对",
        "body": "***<p>让我们为<strong> frmuserlogin </strong>的各种显示文本提供一些键值对。</p> \n <ol> \n <li>单击<strong>+</strong>。</li> \n <li>在列<strong>键</strong>下，Enter：<strong>用户名</strong> </li> {14} \n <li>在列<strong> en_us </strong>下方，输入：<strong>用户名</strong> </li> {20} \n <li>在列<strong> ar_ae </strong>下方，输入：<strong>اسمال疫氨基</strong> <span hk-tooltip='Arabic Translation for Username'> {26} <img src=\"https://i.ibb.co/Dfkmg6k/Button-Info-icon.png\" alt=\"Button-Info-icon\" width=\"10\" height=\"10\" /> {27} </span> </li> {29} \n </ol>"
      },
      "navigationBar": {
        "left": {
          "text": "以前的"
        },
        "right": {
          "text": "下一个"
        }
      }
    },
    "zh-tw": {
      "content": {
        "title": "用戶名的鍵值對",
        "body": "***<p>讓我們為<strong> frmuserlogin </strong>的各種顯示文本提供一些鍵值對。</p> \n <ol> \n <li>單擊<strong>+</strong>。</li> \n <li>在列<strong>鍵</strong>下，Enter：<strong>用戶名</strong> </li> {14} \n <li>在列<strong> en_us </strong>下方，輸入：<strong>用戶名</strong> </li> {20} \n <li>在列<strong> ar_ae </strong>下方，輸入：<strong>اسمال疫氨基</strong> <span hk-tooltip='Arabic Translation for Username'> {26} <img src=\"https://i.ibb.co/Dfkmg6k/Button-Info-icon.png\" alt=\"Button-Info-icon\" width=\"10\" height=\"10\" /> {27} </span> </li> {29} \n </ol>"
      },
      "navigationBar": {
        "left": {
          "text": "以前的"
        },
        "right": {
          "text": "下一個"
        }
      }
    }
  }
}