{
    "kuid": "b86dcae7-d093-4427-9a6b-660f1c31",
    "id": "Kony.ModifyEmployeeDirectory.Back",
    "content": {
        "title": "Back Button for Employee Details",
        "body": "<ol><li>From the <b>Project</b> explorer, select the form <b>frmDetails</b>.</li>\n<li>On the canvas, from the upper-left corner of the form, select the <b>Back</b> button. </li>\n<li> From the <b>Properties</b> panel, select the <b>Action</b> tab.</li> <li> For the <b>onClick</b> event, click <b>Edit</b>. </li>\n<li> From the <b>Action Editor</b> left menu, under <b>Navigation</b>, select <b>Navigate to Form</b>.</li><li>From the lower pane of the <b>Action Editor</b>, select <b>frmList</b>. </li>\n</ol>"
    },
    "position": "BOTTOM_RIGHT",
    "navigationType": "manual",
    "navigationCondition": "",
    "pointer": {
        "direction": "left",
        "element": {
            "module": "projectexplorer",
            "path": "project-body\\project\\Mobile\\Forms\\frmDetails"
        },
        "type": "default",
        "isfixed": true
    },
    "navigationBar": {
        "left": {
            "text": "Previous",
            "hide": false,
            "enable": true
        },
        "right": {
            "text": "Next",
            "enable": true,
            "hide": false
        }
    }
}