{
  "kuid": "0e72a4t0-c2a9-45ra-8aue-86a997n0",
  "id": "VoltMX.addLoginServiceV9.ConfigureLogout1",
  "content": {
    "title": "Configure Logout Parameters",
    "body": "<ol>\n<li>From the Action Editor canvas, under <strong>(INVOKE SERVICE)(name:UserAuthentication1$logout)</strong>,&nbsp;<br />click <strong>Success</strong>.</li>\n<li>From the left menu of the&nbsp;<strong>Action Editor</strong>, under&nbsp;<strong>General</strong>, select&nbsp;<strong>&nbsp;Navigate to Form</strong>.</li>\n<li>In&nbsp;the right pane of the&nbsp;<strong>Action Editor</strong>, select <strong>frmLogin</strong>.</li>\n<li>Click&nbsp;<strong>Save</strong>.</li>\n</ol>"
  },
  "pointer": {
    "direction": "left",
    "element": {
      "module": "actioneditor",
      "itemType": "ae-action-type",
      "info": {
        "actionType": "Navigate to Form"
      }
    },
    "type": "default",
    "isFixed": false
  },
  "navigationType": "manual",
  "navigationBar": {
    "left": {
      "text": "Previous",
      "enable": true,
      "hide": false
    },
    "right": {
      "text": "Next",
      "enable": true,
      "hide": false
    }
  },
  "navigationCondition": "",
  "position": "BOTTOM_LEFT",
  "meta": {
    "Creator": "Deepti Ravula",
    "CreatedOn": "Thu, 19 Dec 2019 06:42:37 GMT"
  },
  "context": [],
  "localization": {
    "en-us": {
      "content": {
        "title": "Configure Logout Parameters",
        "body": "<ol>\n<li>From the Action Editor canvas, under <strong>(INVOKE SERVICE)(name:UserAuthentication1$logout)</strong>,&nbsp;<br />click <strong>Success</strong>.</li>\n<li>From the left menu of the&nbsp;<strong>Action Editor</strong>, under&nbsp;<strong>General</strong>, select&nbsp;<strong>&nbsp;Navigate to Form</strong>.</li>\n<li>In&nbsp;the right pane of the&nbsp;<strong>Action Editor</strong>, select <strong>frmLogin</strong>.</li>\n<li>Click&nbsp;<strong>Save</strong>.</li>\n</ol>"
      },
      "navigationBar": {
        "left": {
          "text": "Previous"
        },
        "right": {
          "text": "Next"
        }
      }
    },
    "zh-cn": {
      "content": {
        "title": "配置注销参数",
        "body": "***<ol> \n <li>来自Action Editor Canvas，在<strong>（Invoke Service）下（名称：userauthentication1 $ lokout）</strong>，＆nbsp; <br />单击<strong> Success </strong>。</li>。{7} \n <li>从＆nbsp; <strong>操作编辑器的左菜单中，在＆nbsp; <strong> eneral </strong>下，选择＆nbsp; <strong>＆nbsp; navigate＆nbsp; navigate＆nbsp; navigate </strong>。</li>。{15} \n <li> in＆nbsp; <strong>动作编辑器的右窗格</strong>，选择<strong> frmlogin </strong>。</li> \n <li>单击＆nbsp; <strong>保存</strong>。</li> \n </ol>"
      },
      "navigationBar": {
        "left": {
          "text": "以前的"
        },
        "right": {
          "text": "下一个"
        }
      }
    },
    "zh-tw": {
      "content": {
        "title": "配置註銷參數",
        "body": "***<ol> \n <li>來自Action Editor Canvas，在<strong>（Invoke Service）下（名稱：userauthentication1 $ lokout）</strong>，＆nbsp; <br />單擊<strong> Success </strong>。</li>。{7} \n <li>從＆nbsp; <strong>操作編輯器的左菜單中，在＆nbsp; <strong> eneral </strong>下，選擇＆nbsp; <strong>＆nbsp; navigate＆nbsp; navigate＆nbsp; navigate </strong>。</li>。{15} \n <li> in＆nbsp; <strong>動作編輯器的右窗格</strong>，選擇<strong> frmlogin </strong>。</li> \n <li>單擊＆nbsp; <strong>保存</strong>。</li> \n </ol>"
      },
      "navigationBar": {
        "left": {
          "text": "以前的"
        },
        "right": {
          "text": "下一個"
        }
      }
    }
  }
}