{
  "kuid": "329917tb-27a6-4drd-a1u1-33fd81n8",
  "id": "VoltMX.InternationalWithLayoutV9.publish1",
  "content": {
    "title": "Publish the App",
    "body": "<ol>\n<li>From the main menu, navigate to <strong>Build</strong>.</li>\n<li>Click <strong>Build and Publish Native</strong>.<br />The<strong> Build and Publish Native </strong>window appears.</li>\n</ol>"
  },
  "pointer": {
    "direction": "left",
    "element": "",
    "type": "none"
  },
  "navigationType": "manual",
  "navigationBar": {
    "left": {
      "text": "Previous",
      "enable": true,
      "hide": false
    },
    "right": {
      "text": "Next",
      "enable": true,
      "hide": false
    }
  },
  "navigationCondition": "",
  "position": "BOTTOM_RIGHT",
  "meta": {
    "Creator": "Rashmi Menon",
    "CreatedOn": "Thu, 05 Dec 2019 06:41:03 GMT"
  },
  "context": [],
  "localization": {
    "en-us": {
      "content": {
        "title": "Publish the App",
        "body": "<ol>\n<li>From the main menu, navigate to <strong>Build</strong>.</li>\n<li>Click <strong>Build and Publish Native</strong>.<br />The<strong> Build and Publish Native </strong>window appears.</li>\n</ol>"
      },
      "navigationBar": {
        "left": {
          "text": "Previous"
        },
        "right": {
          "text": "Next"
        }
      }
    },
    "zh-cn": {
      "content": {
        "title": "发布应用程序",
        "body": "<ol> \n <li>从主菜单中，导航至<strong>构建</strong>。</li> \n <li>单击<strong>构建并发布本机</strong>。<br /> <strong>构建和发布本机</strong>窗口出现。</li> \n </ol>"
      },
      "navigationBar": {
        "left": {
          "text": "以前的"
        },
        "right": {
          "text": "下一个"
        }
      }
    },
    "zh-tw": {
      "content": {
        "title": "發布應用程序",
        "body": "<ol> \n <li>從主菜單中，導航至<strong>構建</strong>。</li> \n <li>單擊<strong>構建並發布本機</strong>。<br /> <strong>構建和發布本機</strong>窗口出現。</li> \n </ol>"
      },
      "navigationBar": {
        "left": {
          "text": "以前的"
        },
        "right": {
          "text": "下一個"
        }
      }
    }
  }
}