{
  "kuid": "fda158t2-d7a7-45r5-9bu3-4a15dcnb",
  "id": "VoltMX.ResponsiveBreakV9.optLayNickName",
  "content": {
    "title": "Optimizing the Layout of Nick Name",
    "body": "<ol>\n<li>From the <strong>Project</strong> explorer, expand <strong>Responsive Web / Desktop </strong>&gt; <strong> Forms </strong>&gt; <strong>frmAddRecipient </strong>&gt;<strong> flxAddRecipient </strong>&gt;<strong> flxEntryFields</strong>, and select <strong>flxNickName</strong>.</li>\n<li>From the <strong>Properties</strong> panel, navigate to the <strong>Look </strong>tab.</li>\n<li>Under the <strong>Flex</strong> section, modify the following values:<br />\n<ul>\n<li>Width: <strong>240 Dp</strong></li>\n<li>Top: <strong>24 Dp</strong></li>\n</ul>\n</li>\n</ol>"
  },
  "pointer": {
    "direction": "right",
    "element": {
      "module": "projectexplorer",
      "path": "project-body\\project\\Responsive Web / Desktop"
    },
    "type": "default"
  },
  "navigationType": "manual",
  "navigationBar": {
    "left": {
      "text": "Previous",
      "enable": true,
      "hide": false
    },
    "right": {
      "text": "Next",
      "enable": true,
      "hide": false
    }
  },
  "navigationCondition": "",
  "position": "BOTTOM_RIGHT",
  "meta": {
    "Creator": "Rashmi Menon",
    "CreatedOn": "Sat, 29 Feb 2020 03:36:52 GMT"
  },
  "context": [],
  "localization": {
    "en-us": {
      "content": {
        "title": "Optimizing the Layout of Nick Name",
        "body": "<ol>\n<li>From the <strong>Project</strong> explorer, expand <strong>Responsive Web / Desktop </strong>&gt; <strong> Forms </strong>&gt; <strong>frmAddRecipient </strong>&gt;<strong> flxAddRecipient </strong>&gt;<strong> flxEntryFields</strong>, and select <strong>flxNickName</strong>.</li>\n<li>From the <strong>Properties</strong> panel, navigate to the <strong>Look </strong>tab.</li>\n<li>Under the <strong>Flex</strong> section, modify the following values:<br />\n<ul>\n<li>Width: <strong>240 Dp</strong></li>\n<li>Top: <strong>24 Dp</strong></li>\n</ul>\n</li>\n</ol>"
      },
      "navigationBar": {
        "left": {
          "text": "Previous"
        },
        "right": {
          "text": "Next"
        }
      }
    },
    "zh-cn": {
      "content": {
        "title": "优化昵称的布局",
        "body": "***<ol> \n <li>从<strong> project </strong>探索器，展开<strong>响应web / desktop </strong>＆gt; <strong>表格</strong>＆gt; <strong> frmaddrecipient </strong>＆gt; <strong> flxaddrecipient </strong>＆gt; <strong> flxentryfields </strong>，然后选择<strong> flxnickname </strong>。 \n <li>从<strong>属性</strong>面板，导航到<strong> look </strong> tab。</li> \n <li>在<strong> flex </strong>部分下，修改以下值：<br /> \n <ul> \n <li>宽度：<strong> 240 dp </strong> </li> \n <li>顶部：<strong> 24 dp </strong> </li> \n </ul> \n </li> \n </ol>"
      },
      "navigationBar": {
        "left": {
          "text": "以前的"
        },
        "right": {
          "text": "下一个"
        }
      }
    },
    "zh-tw": {
      "content": {
        "title": "優化暱稱的佈局",
        "body": "***<ol> \n <li>從<strong> project </strong>探索器，展開<strong>響應web / desktop </strong>＆gt; <strong>表格</strong>＆gt; <strong> frmaddrecipient </strong>＆gt; <strong> flxaddrecipient </strong>＆gt; <strong> flxentryfields </strong>，然後選擇<strong> flxnickname </strong>。 \n <li>從<strong>屬性</strong>面板，導航到<strong> look </strong> tab。</li> \n <li>在<strong> flex </strong>部分下，修改以下值：<br /> \n <ul> \n <li>寬度：<strong> 240 dp </strong> </li> \n <li>頂部：<strong> 24 dp </strong> </li> \n </ul> \n </li> \n </ol>"
      },
      "navigationBar": {
        "left": {
          "text": "以前的"
        },
        "right": {
          "text": "下一個"
        }
      }
    }
  }
}