{
    "kuid": "71edc0c4-37a3-491a-b9d3-4d3a4ce0",
    "id": "Kony.ModifyEmployeeDirectory.OSMapping",
    "content": {
        "title": "Map Services to UI Elements",
        "body": "<ol>\n<li> From the <b>Action Editor</b> left menu, under <b>Mapping</b>, select <b>Add Mapping</b>. </li>\n<li>In the <b> Mapping Editor</b>, from the left pane, expand <b>Services</b> > <b>Service-EmployeeServices$employees$get</b> > <b>records {collection}</b>.</li>\n<li>\nFrom the right pane of the <b>Mapping Editor</b>, expand <b>Forms</b> > <b>frmDetails</b>. </li>\n<li> Map the following elements in the <b>Mapping Editor</b>:<ul>\n<li>From the left pane select <b>Image_URL {string}</b>. From the right pane expand <b>Image – employeeDetailImage</b> and select <b>src {string}</b></li>\n<li>From the left pane select <b>Name {string}</b>. From the right pane expand <b>Label – employeeNameLabel</b> and select <b>text {string}</b></li></ul></li></ol>"
    },
    "position": "TOP_RIGHT",
    "navigationType": "manual",
    "navigationCondition": "",
    "pointer": {
        "direction": "left",
        "element": {
            "module": "actioneditor",
            "itemType": "ae-action-type",
            "info": {
                "actionType": "Add Mapping"
            }
        },
        "type": "none"
    },
    "navigationBar": {
        "left": {
            "text": "Previous",
            "hide": false,
            "enable": true
        },
        "right": {
            "text": "Next",
            "enable": true,
            "hide": false
        }
    }
}