{
  "kuid": "469a45td-d4ac-43r1-95u0-a58d03n2",
  "id": "VoltMX.CreateEmailIdCompV9.addActionBtn",
  "content": {
    "title": "Add Action to Button in Contact",
    "body": "<ol>\n<li>From the upper-left corner of Iris, in the <b>Project</b> explorer, expand <b>Mobile</b> > <b>Forms</b> > <b>Contact</b> and select the <b>Submit</b> button.</li>\n<li> From the upper-right corner of Iris, in the <b>Properties</b> panel, click <b>Action</b>.</li>\n<li>For the <b>onClick</b> event, click <b>Edit</b>.<br/>The <b>Action Editor</b> window appears.</li>\n</ol>"
  },
  "pointer": {
    "direction": "top",
    "element": {
      "module": "projectexplorer",
      "path": "project-head"
    },
    "type": "default"
  },
  "navigationType": "manual",
  "navigationBar": {
    "left": {
      "text": "Previous",
      "enable": true,
      "hide": false
    },
    "right": {
      "text": "Next",
      "enable": true,
      "hide": false
    }
  },
  "navigationCondition": "",
  "position": "BOTTOM_LEFT",
  "meta": {
    "Creator": "Rashmi Menon",
    "CreatedOn": "Tue, 26 Nov 2019 06:38:43 GMT"
  },
  "context": [],
  "localization": {
    "en-us": {
      "content": {
        "title": "Add Action to Button in Contact",
        "body": "<ol>\n<li>From the upper-left corner of Iris, in the <b>Project</b> explorer, expand <b>Mobile</b> > <b>Forms</b> > <b>Contact</b> and select the <b>Submit</b> button.</li>\n<li> From the upper-right corner of Iris, in the <b>Properties</b> panel, click <b>Action</b>.</li>\n<li>For the <b>onClick</b> event, click <b>Edit</b>.<br/>The <b>Action Editor</b> window appears.</li>\n</ol>"
      },
      "navigationBar": {
        "left": {
          "text": "Previous"
        },
        "right": {
          "text": "Next"
        }
      }
    },
    "zh-cn": {
      "content": {
        "title": "将操作添加到接触中的按钮",
        "body": "***<ol> \n <li>从iris的上左角，在<b> project </b>探险家中，展开<b>移动</b>> <b> {6} forms </b>> <b>> {8} contact </b>并选择{9} <b>提交</b>按钮。</li> \n <li>从iris的右上角，在<b> properties </b>面板中，单击<b> action </b>。</li> \n <li>对于<b> onClick </b>事件，单击<b> edit </b>。 \n </ol>"
      },
      "navigationBar": {
        "left": {
          "text": "以前的"
        },
        "right": {
          "text": "下一个"
        }
      }
    },
    "zh-tw": {
      "content": {
        "title": "將操作添加到接觸中的按鈕",
        "body": "***<ol> \n <li>從iris的上左角，在<b> project </b>探險家中，展開<b>移動</b>> <b> {6} forms </b>> <b>> {8} contact </b>並選擇{9} <b>提交</b>按鈕。</li> \n <li>從iris的右上角，在<b> properties </b>面板中，單擊<b> action </b>。</li> \n <li>對於<b> onClick </b>事件，單擊<b> edit </b>。 \n </ol>"
      },
      "navigationBar": {
        "left": {
          "text": "以前的"
        },
        "right": {
          "text": "下一個"
        }
      }
    }
  }
}