{
  "kuid": "993a84tc-d2a6-43r8-aeu2-14a5a7nf",
  "id": "VoltMX.ApplicationChannelsV9.intro",
  "content": {
    "title": "Understand App Channels",
    "body": "<p>In this hike, we will import a sample app designed for all the channels - Mobile, Tablet, Desktop and Wearables. We will also build the sample app to run the live preview on <b>Volt MX App</b>.<br ><br ></p>\nBefore you get started, install the <b>Volt MX App</b> app on your device, from the <a href='#'onClick='javascript:openURL(\"https://play.google.com/store/apps/developer?id=HCL+Software \")'> Google Play Store </a> or the <a href='#'onClick='javascript:openURL(\"https://apps.apple.com/us/developer/hcl-america-inc/id392909135 \")'> App store</a>.<br/><br/>"
  },
  "pointer": {
    "direction": "left",
    "element": "",
    "type": "none"
  },
  "navigationType": "manual",
  "navigationBar": {
    "left": {
      "text": "Previous",
      "enable": false,
      "hide": true
    },
    "right": {
      "text": "Start",
      "enable": true,
      "hide": false
    }
  },
  "navigationCondition": "",
  "position": "CENTER",
  "meta": {
    "Creator": "Rashmi Menon",
    "CreatedOn": "Tue, 26 Nov 2019 08:01:52 GMT"
  },
  "context": [],
  "localization": {
    "en-us": {
      "content": {
        "title": "Understand App Channels",
        "body": "<p>In this hike, we will import a sample app designed for all the channels - Mobile, Tablet, Desktop and Wearables. We will also build the sample app to run the live preview on <b>Volt MX App</b>.<br ><br ></p>\nBefore you get started, install the <b>Volt MX App</b> app on your device, from the <a href='#'onClick='javascript:openURL(\"https://play.google.com/store/apps/developer?id=HCL+Software \")'> Google Play Store </a> or the <a href='#'onClick='javascript:openURL(\"https://apps.apple.com/us/developer/hcl-america-inc/id392909135 \")'> App store</a>.<br/><br/>"
      },
      "navigationBar": {
        "left": {
          "text": "Previous"
        },
        "right": {
          "text": "Start"
        }
      }
    },
    "zh-cn": {
      "content": {
        "title": "了解应用程序频道",
        "body": "***<p>在这次远足中，我们将导入为所有通道设计的示例应用程序 - 移动，平板电脑，台式机和可穿戴设备。 我们还将构建示例应用程序以在<b> volt mx app </b>。 \n 在开始之前，请在设备上安装<b> volt mx App </b>应用程序，从<a href='#'onClick='javascript:openURL(\"https://play.google.com/store/apps/developer?id=HCL+Software \")'> Google Play Store </a>或<a href='#'onClick='javascript:openURL(\"https://apps.apple.com/us/developer/hcl-america-inc/id392909135 \")'> App Store </a>。<br/> <br/> {13} {13}"
      },
      "navigationBar": {
        "left": {
          "text": "以前的"
        },
        "right": {
          "text": "开始"
        }
      }
    },
    "zh-tw": {
      "content": {
        "title": "了解應用程序頻道",
        "body": "***<p>在這次遠足中，我們將導入為所有通道設計的示例應用程序 - 移動，平板電腦，台式機和可穿戴設備。 我們還將構建示例應用程序以在<b> volt mx app </b>。 \n 在開始之前，請在設備上安裝<b> volt mx App </b>應用程序，從<a href='#'onClick='javascript:openURL(\"https://play.google.com/store/apps/developer?id=HCL+Software \")'> Google Play Store </a>或<a href='#'onClick='javascript:openURL(\"https://apps.apple.com/us/developer/hcl-america-inc/id392909135 \")'> App Store </a>。<br/> <br/> {13} {13}"
      },
      "navigationBar": {
        "left": {
          "text": "以前的"
        },
        "right": {
          "text": "開始"
        }
      }
    }
  }
}