{
  "kuid": "a3f7b7t9-2da6-40r8-80u6-20a8f8nc",
  "id": "VoltMX.IntroductionToInternationalV9.keyPWD",
  "content": {
    "title": "Key-Value Pair for Password",
    "body": "<ol>\n<li>Click <strong>+</strong>.</li>\n<li>Under the column <strong>Key</strong>, enter: <strong>Password</strong>.</li>\n<li>Under the column <strong>en_US</strong>, enter: <strong>Password</strong>.</li>\n<li>Under the column <strong>es_US</strong>, enter: <strong>contrase&ntilde;a</strong><span hk-tooltip='Spanish Translation for Password'><img src=\"https://i.ibb.co/Dfkmg6k/Button-Info-icon.png\" alt=\"Button-Info-icon\" width=\"10\" height=\"10\" /></span>.</li>\n</ol>"
  },
  "pointer": {
    "direction": "left",
    "element": "",
    "type": "none"
  },
  "navigationType": "manual",
  "navigationBar": {
    "left": {
      "text": "Previous",
      "enable": true,
      "hide": false
    },
    "right": {
      "text": "Next",
      "enable": true,
      "hide": false
    }
  },
  "navigationCondition": "",
  "position": "BOTTOM_RIGHT",
  "meta": {
    "Creator": "Rashmi Menon",
    "CreatedOn": "Thu, 05 Dec 2019 05:55:37 GMT"
  },
  "context": [],
  "localization": {
    "en-us": {
      "content": {
        "title": "Key-Value Pair for Password",
        "body": "<ol>\n<li>Click <strong>+</strong>.</li>\n<li>Under the column <strong>Key</strong>, enter: <strong>Password</strong>.</li>\n<li>Under the column <strong>en_US</strong>, enter: <strong>Password</strong>.</li>\n<li>Under the column <strong>es_US</strong>, enter: <strong>contrase&ntilde;a</strong><span hk-tooltip='Spanish Translation for Password'><img src=\"https://i.ibb.co/Dfkmg6k/Button-Info-icon.png\" alt=\"Button-Info-icon\" width=\"10\" height=\"10\" /></span>.</li>\n</ol>"
      },
      "navigationBar": {
        "left": {
          "text": "Previous"
        },
        "right": {
          "text": "Next"
        }
      }
    },
    "zh-cn": {
      "content": {
        "title": "密码对密码配对",
        "body": "***<ol> \n <li>单击<strong>+</strong>。</li> \n <li>列下<strong>键</strong>，Enter：<strong>密码</strong>。</li> \n <li>在列<strong> en_us </strong>下，输入：<strong>密码</strong>。</li> \n <li>在列<strong> es_us </strong>下，输入：<strong> contrase＆ntilde; a </strong> <span hk-tooltip='Spanish Translation for Password'> {22} <img src=\"https://i.ibb.co/Dfkmg6k/Button-Info-icon.png\" alt=\"Button-Info-icon\" width=\"10\" height=\"10\" /> </span> {24}。</li> \n </ol>"
      },
      "navigationBar": {
        "left": {
          "text": "以前的"
        },
        "right": {
          "text": "下一个"
        }
      }
    },
    "zh-tw": {
      "content": {
        "title": "密碼對密碼配對",
        "body": "***<ol> \n <li>單擊<strong>+</strong>。</li> \n <li>列下<strong>鍵</strong>，Enter：<strong>密碼</strong>。</li> \n <li>在列<strong> en_us </strong>下，輸入：<strong>密碼</strong>。</li> \n <li>在列<strong> es_us </strong>下，輸入：<strong> contrase＆ntilde; a </strong> <span hk-tooltip='Spanish Translation for Password'> {22} <img src=\"https://i.ibb.co/Dfkmg6k/Button-Info-icon.png\" alt=\"Button-Info-icon\" width=\"10\" height=\"10\" /> </span> {24}。</li> \n </ol>"
      },
      "navigationBar": {
        "left": {
          "text": "以前的"
        },
        "right": {
          "text": "下一個"
        }
      }
    }
  }
}