{
  "kuid": "c4450dt9-62a3-45r6-81ud-de783dn1",
  "id": "VoltMX.IntroductionToInternationalizat.enable2",
  "content": {
    "title": "Enable Internationalization",
    "body": "<ol>\nIn the <strong>Configure Internationalization </strong>window, click <strong>Configure Locales</strong>.<br /> The <strong>Configure Locales </strong>window appears with the Predefined tab open by default.\n</ol>"
  },
  "pointer": {
    "direction": "left",
    "element": "",
    "type": "none"
  },
  "navigationType": "manual",
  "navigationBar": {
    "left": {
      "text": "Previous",
      "enable": true,
      "hide": false
    },
    "right": {
      "text": "Next",
      "enable": true,
      "hide": false
    }
  },
  "navigationCondition": "",
  "position": "BOTTOM_RIGHT",
  "meta": {
    "Creator": "Rashmi Menon",
    "CreatedOn": "Thu, 05 Dec 2019 05:45:02 GMT"
  },
  "context": [],
  "localization": {
    "en-us": {
      "content": {
        "title": "Enable Internationalization",
        "body": "<ol>\nIn the <strong>Configure Internationalization </strong>window, click <strong>Configure Locales</strong>.<br /> The <strong>Configure Locales </strong>window appears with the Predefined tab open by default.\n</ol>"
      },
      "navigationBar": {
        "left": {
          "text": "Previous"
        },
        "right": {
          "text": "Next"
        }
      }
    },
    "zh-cn": {
      "content": {
        "title": "启用国际化",
        "body": "<ol> \n 在<strong>配置国际化</strong>窗口中，单击<strong>配置locales </strong>。<br /> <strong> configure locales </strong>窗口在默认情况下按预定的选项卡出现。 \n </ol>"
      },
      "navigationBar": {
        "left": {
          "text": "以前的"
        },
        "right": {
          "text": "下一个"
        }
      }
    },
    "zh-tw": {
      "content": {
        "title": "啟用國際化",
        "body": "<ol> \n 在<strong>配置國際化</strong>窗口中，單擊<strong>配置locales </strong>。<br /> <strong> configure locales </strong>窗口在默認情況下按預定的選項卡出現。 \n </ol>"
      },
      "navigationBar": {
        "left": {
          "text": "以前的"
        },
        "right": {
          "text": "下一個"
        }
      }
    }
  }
}