{
    "kuid": "8ea6fet9-b5a7-4br1-adu4-80266bnd",
    "id": "kony.IntrotoSegmentTempV9.addingLbl",
    "content": {
        "title": "Add Label to Template",
        "body": "<ol>\n<li>Navigate to the <strong>Default Library</strong> tab on the bottom left of your Visualizer.</li>\n<li>Next to the <strong>Default Library</strong>, you will see the <strong>My Libraries</strong> tab and a search icon <img src=\"https://i.ibb.co/gmMPVjC/search-Icon.png\" alt=\"search icon\" width=\"14\" height=\"14\" />. Click the search icon.</li>\n<li>In the search bar that appears, enter <strong>Label</strong>.</li>\n<li>From the results, under <strong>Default</strong>, select <strong>Label</strong>.</li>\n<li>Drag the <strong>Label</strong> widget onto <strong>flxSeg</strong> on the canvas.</li>\n<li>From the <strong>Project</strong> explorer, right-click on the new label and select <strong>Rename</strong>.</li>\n<li>Rename the label <strong>employeeName</strong>.</li>\n</ol>"
    },
    "pointer": {
        "direction": "left",
        "element": {
            "module": "konylibrary",
            "path": "default-body\\widgets\\default\\Label"
        },
        "type": "default"
    },
    "navigationType": "manual",
    "navigationBar": {
        "left": {
            "text": "Previous",
            "enable": true,
            "hide": false
        },
        "right": {
            "text": "Next",
            "enable": true,
            "hide": false
        }
    },
    "navigationCondition": "",
    "position": "BOTTOM_RIGHT",
    "meta": {
        "Creator": "Rashmi Menon",
        "CreatedOn": "Mon, 25 Nov 2019 11:46:43 GMT"
    },
    "context": []
}