{
  "Card.VoltMX.ConnectAppServWebV9.Intro": {
    "content": {
      "title": "将应用程序UI连接到服务",
      "body": "***<p>在这次远足中，我们将：</p> \n <ul> \n <li>将服务与帐户表格</li>连接服务 \n <li>将服务与＆nbsp;收件人</li>连接 \n </ul> \n <p>＆nbsp; </p> \n <p>在开始之前，完成远足：</p> \n <ol> <b> \n <li> <a class=\"tour-link\" tour=\"705a94tb-faa0-47r7-a1ud-31b3dbnf\">启动响应式Web应用</a> </li> <li> <a class=\"tour-link\" tour=\"220f01t3-bda6-40r0-92uf-56631bnb\"> {19} {19}从集合</a> </li> {21} <li> {22} <a class=\"tour-link\" tour=\"5e1da5td-37a0-44r6-beu6-374c3cn1\"> {23}添加身份验证 \n <li> <a class=\"tour-link\" tour=\"a851b9t8-75a9-4ara-88ud-946004n9\">为Web应用创建服务</a> </li> </b> \n </ol> \n <p>＆nbsp; </p> \n <p>确保您打开与上面徒步旅行2中创建的相同项目。</p> \n <p>从主菜单中打开一个封闭的项目，导航至<strong> project </strong>＆gt; <strong>打开</strong>＆gt; <strong> HCl参考架构</strong>＆gt; <strong> coverientsWebapp2 </strong>。</p> \n <p>＆nbsp; </p> \n <p> <strong>您准备就绪时，单击“开始”！</strong> </p>"
    },
    "navigationBar": {
      "left": {
        "text": "以前的"
      },
      "right": {
        "text": "开始"
      }
    }
  },
  "Card.VoltMX.ConnectAppServWebV9.onNavfunction": {
    "content": {
      "title": "帐户表格表",
      "body": "***<ol> \n <li>从<strong> project </strong>探索器，导航到<strong>响应web / desktop </strong>＆gt; <strong>表格</strong>并选择<strong> frmaccount </strong>。</li> \n <li>来自<strong> properties </strong> iris面板，导航到<strong> action </strong> tab。</li> \n <li>对于<strong> Preshow </strong>事件，单击<strong> edit </strong>。 \n </ol>"
    },
    "navigationBar": {
      "left": {
        "text": "以前的"
      },
      "right": {
        "text": "下一个"
      }
    }
  },
  "Card.VoltMX.ConnectAppServWebV9.invokeService": {
    "content": {
      "title": "调用服务",
      "body": "***<ol> \n <li>从<strong>动作编辑器的顶端角</strong>，选择<strong>设计视图</strong>。</li> \n <li>在搜索栏中输入<strong> Indoke Service </strong>，然后在<strong>网络部分</strong>下选择<strong> Indoke Service </strong>。</li> \n <li>在<strong>操作编辑器的右窗格中</strong> a从<strong>选择SELECT SERVICE </strong>下拉下拉，选择<strong> AccountStorage2 $ Accounts </strong>。</li>。{22} \n <li>对于<strong>从下拉列表中选择</strong>，然后选择<strong> get </strong>。</li> \n </ol>"
    },
    "navigationBar": {
      "left": {
        "text": "以前的"
      },
      "right": {
        "text": "下一个"
      }
    }
  },
  "Card.VoltMX.ConnectAppServWebV9.mapping1": {
    "content": {
      "title": "映射服务数据",
      "body": "***<ol> \n <li>来自<strong>操作编辑器</strong> canvas，在<strong> Indoke Service </strong>下，选择<strong> callback </strong>。</li> \n <li> enter <strong>在搜索栏中添加映射</strong>，然后选择<strong>在映射部分下添加映射</strong>。<br /> {14} <strong>映射编辑器</strong>窗口出现在右窗格上 <strong>动作编辑器</strong>。</li> \n <li>从<strong>映射编辑器的左窗格</strong>，展开<strong> services </strong>＆gt; <strong> service-accountStorage2 $帐户$ get </strong>，然后选择<strong>记录{Collection} </strong>。</li> \n <li>从<strong>映射编辑器的右窗格</strong>，展开<strong> forms </strong>＆gt; <strong> frmaccount </strong>＆gt; <strong> segment-segaccountlist </strong>＆gt; <strong> MasterDatAmap </strong>，然后选择<strong> rowdata {Collection} </strong>。 。</li> \n <li>请检查，所有映射在移至下一张卡之前已成功执行。</li> \n </ol>"
    },
    "navigationBar": {
      "left": {
        "text": "以前的"
      },
      "right": {
        "text": "下一个"
      }
    }
  },
  "Card.VoltMX.ConnectAppServWebV9.mapping2": {
    "content": {
      "title": "用UI元素映射服务",
      "body": "***<p>映射从左窗格到右窗格中映射编辑器中的以下元素。</p> \n <ul> \n <li>从<strong>映射编辑器</strong>的左窗格中，选择<strong> accountNumber {string} </strong>。 <br />从<strong>映射编辑器</strong>的右窗格中，展开<strong> label-lblaccountnumber </strong>，然后选择<strong> text {string} </strong> </li>。{15} \n <li>从<strong>映射编辑器</strong>的左窗格中，选择<strong> balance {string} </strong> {20}。 24} label-lblbalance </strong>，然后选择<strong> text {string} </strong>。</li> \n <li>从<strong>映射编辑器</strong>的左窗格中，选择<strong> accountName {string {string} </strong>。 <br />从<strong>映射编辑器的右窗格</strong>，展开<strong> label-lblacCountName </strong>，然后选择<strong> text {string} </strong> {40}。</li> {41} \n <li>请检查所有映射在移至下一张卡之前成功执行。</li> </ul>"
    },
    "navigationBar": {
      "left": {
        "text": "以前的"
      },
      "right": {
        "text": "下一个"
      }
    }
  },
  "Card.VoltMX.ConnectAppServWebV9.addStaticExpression": {
    "content": {
      "title": "在映射编辑器中添加静态表达式",
      "body": "***<ol> \n <li>从<strong>映射编辑器的右窗格</strong>，展开<strong> label-lblDots </strong>，然后右键单击<strong> text {string {string} </strong>，然后选择<strong> 添加表达式</strong>。</li> \n <li>在出现的框中，键入以下内容：<br /> <span style=\"background-color: #999999;\"> <strong>“ ...” </strong> </span> {16} <br /> {17}单击框外的任何地方以关闭它。</li> \n <li>单击<strong>保存</strong>。</li> \n </ol>"
    },
    "navigationBar": {
      "left": {
        "text": "以前的"
      },
      "right": {
        "text": "下一个"
      }
    }
  },
  "Card.VoltMX.ConnectAppServWebV9.onNavfuncPay": {
    "content": {
      "title": "以接收者形式的预售活动",
      "body": "***<ol> \n <li>从<strong> project </strong>探索器，导航到<strong>响应web / desktop </strong>＆gt; <strong>表格</strong>并选择<strong> frmrecipient </strong>。</li> \n <li>从虹膜的右上角，导航到<strong>属性</strong>面板，然后选择<strong>操作</strong> tab。</li> \n <li>在<strong>常规</strong>部分下，对于<strong> preshow </strong>事件，单击<strong> edit </strong>。 27} \n </ol>"
    },
    "navigationBar": {
      "left": {
        "text": "以前的"
      },
      "right": {
        "text": "下一个"
      }
    }
  },
  "Card.VoltMX.ConnectAppServWebV9.invokeService1": {
    "content": {
      "title": "调用服务",
      "body": "<ol> \n <li>从<strong>动作编辑器的顶端角</strong>，选择<strong>设计视图</strong>。</li> \n <li>在Sear bar中输入<b> Indoke Service </b>，然后在网络部分下选择<strong> Indoke Service </strong>。</li> \n <li>在操作编辑器的右窗格中，从“选择服务”下拉下，选择<strong> coctientStorage2 $ cocceers </strong>。</li> \n <li>从<strong>选择方法</strong>下拉，选择<strong> get </strong>。</li> \n </ol>"
    },
    "navigationBar": {
      "left": {
        "text": "以前的"
      },
      "right": {
        "text": "下一个"
      }
    }
  },
  "Card.VoltMX.ConnectAppServWebV9.mapping4": {
    "content": {
      "title": "映射服务数据",
      "body": "***<ol> \n <li>来自<strong>操作编辑器</strong> canvas，在<strong> Indoke Service </strong>下，选择<strong> callback </strong>。</li> \n <li>输入<strong>在搜索栏中添加mapping </strong>，然后选择<strong>在<strong> mapping </strong> e节下添加mapping </strong>。</li> \n <li>从<strong>映射编辑器</strong>的左窗格中，展开<strong> services </strong>＆gt; <strong> service-coctientStorage2 $收件人$ get </strong>，然后选择<strong>记录{Collection} </strong>。</li> \n <li>从<strong>映射编辑器</strong>的右窗格中，展开<strong> forms </strong>＆gt; <strong> frmrecipient </strong>＆gt; <strong> segment-segpayeelist </strong>＆gt; <strong> MasterDatAmap </strong>，然后选择<strong> rowdata {Collection} </strong>。 。</li> \n <li>检查映射成功。</li> \n </ol>"
    },
    "navigationBar": {
      "left": {
        "text": "以前的"
      },
      "right": {
        "text": "下一个"
      }
    }
  },
  "Card.VoltMX.ConnectAppServWebV9.mapping5": {
    "content": {
      "title": "用UI元素映射服务",
      "body": "***<ol> \n <li>将映射编辑器中的以下元素从左窗格到右窗格映射。 \n <ul> \n <li>从<strong>映射编辑器</strong>的左侧窗格中，选择<strong> coctientId {number {number} </strong>。 <br />从<strong>映射编辑器的右窗格</strong>，展开<strong> label-lblPayeeId </strong>，然后选择<strong>文本{string} </strong> </li>。{15} {15} \n <li>单击<strong> OK </strong>下一步。</li> \n <li>从<strong>映射编辑器</strong>的左窗格中，选择<strong> firstName {string} </strong>。 <br />从<strong>映射编辑器的右窗格</strong>，展开<strong> label-lblfirstname </strong>，然后选择<strong> text {string}。</strong> </li> {32} {32} \n <li>检查映射成功。</li> \n </ul> \n </li> \n </ol>"
    },
    "navigationBar": {
      "left": {
        "text": "以前的"
      },
      "right": {
        "text": "下一个"
      }
    }
  },
  "Card.VoltMX.ConnectAppServWebV9.mapping6": {
    "content": {
      "title": "用UI元素映射服务",
      "body": "***<ul> \n <li>从<strong>映射编辑器的左窗格</strong>，选择<strong> lastName {string {string} </strong> {5}。 9} label-lbllastName </strong>，然后选择<strong> text {string} </strong>。</li> \n <li>从<strong>映射编辑器</strong>的左窗格中，选择<strong> Phone {string} </strong>。 <br />从<strong>映射编辑器的右窗格</strong>，展开<strong> label-lblphone </strong>，然后选择<strong> text {string} </strong> {25}。</li>。 \n <li>检查映射成功。</li> \n </ul> \n <ol start=\"2\"> \n <li>单击<strong>保存</strong>。</li> \n </ol>"
    },
    "navigationBar": {
      "left": {
        "text": "以前的"
      },
      "right": {
        "text": "下一个"
      }
    }
  },
  "Card.VoltMX.ConnectAppServWebV9.run": {
    "content": {
      "title": "运行应用程序",
      "body": "***<ol> \n <li>从左导航栏中，单击<strong>运行</strong>。<br />将需要一些时间才能让Iris显示<strong> volt MX Iris Preview </strong>窗口。</li>。{7} \n <li>在您的应用中输入以下登录凭据： \n <ul> \n <li>用户名：<strong> john.doe@woodburn.com </strong> </li> \n <li>密码：<strong> voltmx@123 </strong> </li> \n </ul> \n </li> \n <li>单击<strong>登录</strong>以查看帐户列表。</li> \n <li>单击<strong>收件人</strong>。 <br /> <strong>收件人列表</strong>出现。</li> \n </ol>"
    },
    "navigationBar": {
      "left": {
        "text": "以前的"
      },
      "right": {
        "text": "下一个"
      }
    }
  },
  "Card.VoltMX.ConnectAppServWebV9.done": {
    "content": {
      "title": "恭喜",
      "body": "<p>您已经成功：</p> \n <ul> \n <li> <strong>集成服务与表格</strong> </li>的UI元素 \n </ul> \n <p>＆nbsp; </p> \n <p>学习如何创建收件人详细信息并添加功能以删除收件人，请查看下一个徒步旅行：<a class=\"tour-link\" tour=\"082af3t0-74a2-4ere-a6u3-749d59n5\"> <strong> 6。 创建收件人详细信息</strong> </a>。</p>"
    },
    "navigationBar": {
      "left": {
        "text": "以前的"
      },
      "right": {
        "text": "完毕"
      }
    }
  }
}