{
  "Card.VoltMX.ConnectAppServWebV9.Intro": {
    "content": {
      "title": "將應用程序UI連接到服務",
      "body": "***<p>在這次遠足中，我們將：</p> \n <ul> \n <li>將服務與帳戶表格</li>連接服務 \n <li>將服務與＆nbsp;收件人</li>連接 \n </ul> \n <p>＆nbsp; </p> \n <p>在開始之前，完成遠足：</p> \n <ol> <b> \n <li> <a class=\"tour-link\" tour=\"705a94tb-faa0-47r7-a1ud-31b3dbnf\">啟動響應式Web應用</a> </li> <li> <a class=\"tour-link\" tour=\"220f01t3-bda6-40r0-92uf-56631bnb\"> {19} {19}從集合</a> </li> {21} <li> {22} <a class=\"tour-link\" tour=\"5e1da5td-37a0-44r6-beu6-374c3cn1\"> {23}添加身份驗證 \n <li> <a class=\"tour-link\" tour=\"a851b9t8-75a9-4ara-88ud-946004n9\">為Web應用創建服務</a> </li> </b> \n </ol> \n <p>＆nbsp; </p> \n <p>確保您打開與上面徒步旅行2中創建的相同項目。</p> \n <p>從主菜單中打開一個封閉的項目，導航至<strong> project </strong>＆gt; <strong>打開</strong>＆gt; <strong> HCl參考架構</strong>＆gt; <strong> coverientsWebapp2 </strong>。</p> \n <p>＆nbsp; </p> \n <p> <strong>您準備就緒時，單擊“開始”！</strong> </p>"
    },
    "navigationBar": {
      "left": {
        "text": "以前的"
      },
      "right": {
        "text": "開始"
      }
    }
  },
  "Card.VoltMX.ConnectAppServWebV9.onNavfunction": {
    "content": {
      "title": "帳戶表格表",
      "body": "***<ol> \n <li>從<strong> project </strong>探索器，導航到<strong>響應web / desktop </strong>＆gt; <strong>表格</strong>並選擇<strong> frmaccount </strong>。</li> \n <li>來自<strong> properties </strong> iris面板，導航到<strong> action </strong> tab。</li> \n <li>對於<strong> Preshow </strong>事件，單擊<strong> edit </strong>。 \n </ol>"
    },
    "navigationBar": {
      "left": {
        "text": "以前的"
      },
      "right": {
        "text": "下一個"
      }
    }
  },
  "Card.VoltMX.ConnectAppServWebV9.invokeService": {
    "content": {
      "title": "調用服務",
      "body": "***<ol> \n <li>從<strong>動作編輯器的頂端角</strong>，選擇<strong>設計視圖</strong>。</li> \n <li>在搜索欄中輸入<strong> Indoke Service </strong>，然後在<strong>網絡部分</strong>下選擇<strong> Indoke Service </strong>。</li> \n <li>在<strong>操作編輯器的右窗格中</strong> a從<strong>選擇SELECT SERVICE </strong>下拉下拉，選擇<strong> AccountStorage2 $ Accounts </strong>。</li>。{22} \n <li>對於<strong>從下拉列表中選擇</strong>，然後選擇<strong> get </strong>。</li> \n </ol>"
    },
    "navigationBar": {
      "left": {
        "text": "以前的"
      },
      "right": {
        "text": "下一個"
      }
    }
  },
  "Card.VoltMX.ConnectAppServWebV9.mapping1": {
    "content": {
      "title": "映射服務數據",
      "body": "***<ol> \n <li>來自<strong>操作編輯器</strong> canvas，在<strong> Indoke Service </strong>下，選擇<strong> callback </strong>。</li> \n <li> enter <strong>在搜索欄中添加映射</strong>，然後選擇<strong>在映射部分下添加映射</strong>。<br /> {14} <strong>映射編輯器</strong>窗口出現在右窗格上 <strong>動作編輯器</strong>。</li> \n <li>從<strong>映射編輯器的左窗格</strong>，展開<strong> services </strong>＆gt; <strong> service-accountStorage2 $帳戶$ get </strong>，然後選擇<strong>記錄{Collection} </strong>。</li> \n <li>從<strong>映射編輯器的右窗格</strong>，展開<strong> forms </strong>＆gt; <strong> frmaccount </strong>＆gt; <strong> segment-segaccountlist </strong>＆gt; <strong> MasterDatAmap </strong>，然後選擇<strong> rowdata {Collection} </strong>。 。</li> \n <li>請檢查，所有映射在移至下一張卡之前已成功執行。</li> \n </ol>"
    },
    "navigationBar": {
      "left": {
        "text": "以前的"
      },
      "right": {
        "text": "下一個"
      }
    }
  },
  "Card.VoltMX.ConnectAppServWebV9.mapping2": {
    "content": {
      "title": "用UI元素映射服務",
      "body": "***<p>映射從左窗格到右窗格中映射編輯器中的以下元素。</p> \n <ul> \n <li>從<strong>映射編輯器</strong>的左窗格中，選擇<strong> accountNumber {string} </strong>。 <br />從<strong>映射編輯器</strong>的右窗格中，展開<strong> label-lblaccountnumber </strong>，然後選擇<strong> text {string} </strong> </li>。{15} \n <li>從<strong>映射編輯器</strong>的左窗格中，選擇<strong> balance {string} </strong> {20}。 24} label-lblbalance </strong>，然後選擇<strong> text {string} </strong>。</li> \n <li>從<strong>映射編輯器</strong>的左窗格中，選擇<strong> accountName {string {string} </strong>。 <br />從<strong>映射編輯器的右窗格</strong>，展開<strong> label-lblacCountName </strong>，然後選擇<strong> text {string} </strong> {40}。</li> {41} \n <li>請檢查所有映射在移至下一張卡之前成功執行。</li> </ul>"
    },
    "navigationBar": {
      "left": {
        "text": "以前的"
      },
      "right": {
        "text": "下一個"
      }
    }
  },
  "Card.VoltMX.ConnectAppServWebV9.addStaticExpression": {
    "content": {
      "title": "在映射編輯器中添加靜態表達式",
      "body": "***<ol> \n <li>從<strong>映射編輯器的右窗格</strong>，展開<strong> label-lblDots </strong>，然後右鍵單擊<strong> text {string {string} </strong>，然後選擇<strong> 添加表達式</strong>。</li> \n <li>在出現的框中，鍵入以下內容：<br /> <span style=\"background-color: #999999;\"> <strong>“ ...” </strong> </span> {16} <br /> {17}單擊框外的任何地方以關閉它。</li> \n <li>單擊<strong>保存</strong>。</li> \n </ol>"
    },
    "navigationBar": {
      "left": {
        "text": "以前的"
      },
      "right": {
        "text": "下一個"
      }
    }
  },
  "Card.VoltMX.ConnectAppServWebV9.onNavfuncPay": {
    "content": {
      "title": "以接收者形式的預售活動",
      "body": "***<ol> \n <li>從<strong> project </strong>探索器，導航到<strong>響應web / desktop </strong>＆gt; <strong>表格</strong>並選擇<strong> frmrecipient </strong>。</li> \n <li>從虹膜的右上角，導航到<strong>屬性</strong>面板，然後選擇<strong>操作</strong> tab。</li> \n <li>在<strong>常規</strong>部分下，對於<strong> preshow </strong>事件，單擊<strong> edit </strong>。 27} \n </ol>"
    },
    "navigationBar": {
      "left": {
        "text": "以前的"
      },
      "right": {
        "text": "下一個"
      }
    }
  },
  "Card.VoltMX.ConnectAppServWebV9.invokeService1": {
    "content": {
      "title": "調用服務",
      "body": "<ol> \n <li>從<strong>動作編輯器的頂端角</strong>，選擇<strong>設計視圖</strong>。</li> \n <li>在Sear bar中輸入<b> Indoke Service </b>，然後在網絡部分下選擇<strong> Indoke Service </strong>。</li> \n <li>在操作編輯器的右窗格中，從“選擇服務”下拉下，選擇<strong> coctientStorage2 $ cocceers </strong>。</li> \n <li>從<strong>選擇方法</strong>下拉，選擇<strong> get </strong>。</li> \n </ol>"
    },
    "navigationBar": {
      "left": {
        "text": "以前的"
      },
      "right": {
        "text": "下一個"
      }
    }
  },
  "Card.VoltMX.ConnectAppServWebV9.mapping4": {
    "content": {
      "title": "映射服務數據",
      "body": "***<ol> \n <li>來自<strong>操作編輯器</strong> canvas，在<strong> Indoke Service </strong>下，選擇<strong> callback </strong>。</li> \n <li>輸入<strong>在搜索欄中添加mapping </strong>，然後選擇<strong>在<strong> mapping </strong> e節下添加mapping </strong>。</li> \n <li>從<strong>映射編輯器</strong>的左窗格中，展開<strong> services </strong>＆gt; <strong> service-coctientStorage2 $收件人$ get </strong>，然後選擇<strong>記錄{Collection} </strong>。</li> \n <li>從<strong>映射編輯器</strong>的右窗格中，展開<strong> forms </strong>＆gt; <strong> frmrecipient </strong>＆gt; <strong> segment-segpayeelist </strong>＆gt; <strong> MasterDatAmap </strong>，然後選擇<strong> rowdata {Collection} </strong>。 。</li> \n <li>檢查映射成功。</li> \n </ol>"
    },
    "navigationBar": {
      "left": {
        "text": "以前的"
      },
      "right": {
        "text": "下一個"
      }
    }
  },
  "Card.VoltMX.ConnectAppServWebV9.mapping5": {
    "content": {
      "title": "用UI元素映射服務",
      "body": "***<ol> \n <li>將映射編輯器中的以下元素從左窗格到右窗格映射。 \n <ul> \n <li>從<strong>映射編輯器</strong>的左側窗格中，選擇<strong> coctientId {number {number} </strong>。 <br />從<strong>映射編輯器的右窗格</strong>，展開<strong> label-lblPayeeId </strong>，然後選擇<strong>文本{string} </strong> </li>。{15} {15} \n <li>單擊<strong> OK </strong>下一步。</li> \n <li>從<strong>映射編輯器</strong>的左窗格中，選擇<strong> firstName {string} </strong>。 <br />從<strong>映射編輯器的右窗格</strong>，展開<strong> label-lblfirstname </strong>，然後選擇<strong> text {string}。</strong> </li> {32} {32} \n <li>檢查映射成功。</li> \n </ul> \n </li> \n </ol>"
    },
    "navigationBar": {
      "left": {
        "text": "以前的"
      },
      "right": {
        "text": "下一個"
      }
    }
  },
  "Card.VoltMX.ConnectAppServWebV9.mapping6": {
    "content": {
      "title": "用UI元素映射服務",
      "body": "***<ul> \n <li>從<strong>映射編輯器的左窗格</strong>，選擇<strong> lastName {string {string} </strong> {5}。 9} label-lbllastName </strong>，然後選擇<strong> text {string} </strong>。</li> \n <li>從<strong>映射編輯器</strong>的左窗格中，選擇<strong> Phone {string} </strong>。 <br />從<strong>映射編輯器的右窗格</strong>，展開<strong> label-lblphone </strong>，然後選擇<strong> text {string} </strong> {25}。</li>。 \n <li>檢查映射成功。</li> \n </ul> \n <ol start=\"2\"> \n <li>單擊<strong>保存</strong>。</li> \n </ol>"
    },
    "navigationBar": {
      "left": {
        "text": "以前的"
      },
      "right": {
        "text": "下一個"
      }
    }
  },
  "Card.VoltMX.ConnectAppServWebV9.run": {
    "content": {
      "title": "運行應用程序",
      "body": "***<ol> \n <li>從左導航欄中，單擊<strong>運行</strong>。<br />將需要一些時間才能讓Iris顯示<strong> volt MX Iris Preview </strong>窗口。</li>。{7} \n <li>在您的應用中輸入以下登錄憑據： \n <ul> \n <li>用戶名：<strong> john.doe@woodburn.com </strong> </li> \n <li>密碼：<strong> voltmx@123 </strong> </li> \n </ul> \n </li> \n <li>單擊<strong>登錄</strong>以查看帳戶列表。</li> \n <li>單擊<strong>收件人</strong>。 <br /> <strong>收件人列表</strong>出現。</li> \n </ol>"
    },
    "navigationBar": {
      "left": {
        "text": "以前的"
      },
      "right": {
        "text": "下一個"
      }
    }
  },
  "Card.VoltMX.ConnectAppServWebV9.done": {
    "content": {
      "title": "恭喜",
      "body": "<p>您已經成功：</p> \n <ul> \n <li> <strong>集成服務與表格</strong> </li>的UI元素 \n </ul> \n <p>＆nbsp; </p> \n <p>學習如何創建收件人詳細信息並添加功能以刪除收件人，請查看下一個徒步旅行：<a class=\"tour-link\" tour=\"082af3t0-74a2-4ere-a6u3-749d59n5\"> <strong> 6。 創建收件人詳細信息</strong> </a>。</p>"
    },
    "navigationBar": {
      "left": {
        "text": "以前的"
      },
      "right": {
        "text": "完畢"
      }
    }
  }
}