{
  "kuid": "815c24ta-bfa4-45re-a6u7-c20268n6",
  "id": "VoltMX.ConnectAppServWebV9.mapping6",
  "content": {
    "title": "Map the Service with UI Elements",
    "body": "<ul>\n<li>From the left pane of the <strong>Mapping Editor</strong>, select <strong>LastName{string}</strong>.<br />From the right pane of the <strong>Mapping Editor</strong>, expand <strong>Label-lblLastName </strong>and select <strong>text{string}</strong>.</li>\n<li>From the left pane of the <strong>Mapping Editor</strong>, select <strong>Phone{string}</strong>. <br /> From the right pane of the <strong>Mapping Editor</strong>, expand <strong>Label-lblPhone</strong> and select <strong>text{string}</strong>.</li>\n<li>Check the mapping is successful.</li>\n</ul>\n<ol start=\"2\">\n<li>Click <strong>Save</strong>.</li>\n</ol>"
  },
  "pointer": {
    "direction": "left",
    "element": "",
    "type": "none"
  },
  "navigationType": "manual",
  "navigationBar": {
    "left": {
      "text": "Previous",
      "enable": true,
      "hide": false
    },
    "right": {
      "text": "Next",
      "enable": true,
      "hide": false
    }
  },
  "navigationCondition": "",
  "position": "CENTER",
  "meta": {
    "Creator": "Prem Garudadri",
    "CreatedOn": "Thu, 19 Dec 2019 06:02:02 GMT"
  },
  "context": [],
  "localization": {
    "en-us": {
      "content": {
        "title": "Map the Service with UI Elements",
        "body": "<ul>\n<li>From the left pane of the <strong>Mapping Editor</strong>, select <strong>LastName{string}</strong>.<br />From the right pane of the <strong>Mapping Editor</strong>, expand <strong>Label-lblLastName </strong>and select <strong>text{string}</strong>.</li>\n<li>From the left pane of the <strong>Mapping Editor</strong>, select <strong>Phone{string}</strong>. <br /> From the right pane of the <strong>Mapping Editor</strong>, expand <strong>Label-lblPhone</strong> and select <strong>text{string}</strong>.</li>\n<li>Check the mapping is successful.</li>\n</ul>\n<ol start=\"2\">\n<li>Click <strong>Save</strong>.</li>\n</ol>"
      },
      "navigationBar": {
        "left": {
          "text": "Previous"
        },
        "right": {
          "text": "Next"
        }
      }
    },
    "zh-cn": {
      "content": {
        "title": "用UI元素映射服务",
        "body": "***<ul> \n <li>从<strong>映射编辑器的左窗格</strong>，选择<strong> lastName {string {string} </strong> {5}。 9} label-lbllastName </strong>，然后选择<strong> text {string} </strong>。</li> \n <li>从<strong>映射编辑器</strong>的左窗格中，选择<strong> Phone {string} </strong>。 <br />从<strong>映射编辑器的右窗格</strong>，展开<strong> label-lblphone </strong>，然后选择<strong> text {string} </strong> {25}。</li>。 \n <li>检查映射成功。</li> \n </ul> \n <ol start=\"2\"> \n <li>单击<strong>保存</strong>。</li> \n </ol>"
      },
      "navigationBar": {
        "left": {
          "text": "以前的"
        },
        "right": {
          "text": "下一个"
        }
      }
    },
    "zh-tw": {
      "content": {
        "title": "用UI元素映射服務",
        "body": "***<ul> \n <li>從<strong>映射編輯器的左窗格</strong>，選擇<strong> lastName {string {string} </strong> {5}。 9} label-lbllastName </strong>，然後選擇<strong> text {string} </strong>。</li> \n <li>從<strong>映射編輯器</strong>的左窗格中，選擇<strong> Phone {string} </strong>。 <br />從<strong>映射編輯器的右窗格</strong>，展開<strong> label-lblphone </strong>，然後選擇<strong> text {string} </strong> {25}。</li>。 \n <li>檢查映射成功。</li> \n </ul> \n <ol start=\"2\"> \n <li>單擊<strong>保存</strong>。</li> \n </ol>"
      },
      "navigationBar": {
        "left": {
          "text": "以前的"
        },
        "right": {
          "text": "下一個"
        }
      }
    }
  }
}