{
    "kuid": "04d3adt2-5fa9-4frb-83u0-1b3771n8",
    "id": "VoltMX.IdentityServicesV9.LoginUI",
    "content": {
        "title": "Add a Login Screen",
        "body": "<p>The <strong>Default Library</strong> tab contains pre-bundled UI components to help design forms.</p> \n<ol>\n<li>From the left of the Iris canvas, navigate to the Default Library.</li>\n<li>Click the search icon.</li>\n<li>In the search bar that appears, enter <strong>Login.</strong></li>\n<li>From the results, under login, find <strong>ACMELogin.</strong></li>\n<li>Drag and drop the <strong>ACMELogin</b> component onto the <strong>frmLogin</strong>  form on your canvas.<br >\n<li>Click <b>Yes</b> when prompted to import sample data. The login form is ready.</li></ol>"
    },
    "pointer": {
        "direction": "left",
        "element": {
            "module": "konylibrary"
        },
        "type": "default"
    },
    "navigationType": "manual",
    "navigationBar": {
        "left": {
            "text": "Previous",
            "enable": true,
            "hide": false
        },
        "right": {
            "text": "Next",
            "enable": true,
            "hide": false
        }
    },
    "navigationCondition": "",
    "position": "BOTTOM_RIGHT",
    "meta": {
        "Creator": "Rashmi Menon",
        "CreatedOn": "Tue, 26 Nov 2019 10:26:32 GMT"
    },
    "context": []
}