{
  "kuid": "3e61f4t9-72a3-46rd-99ue-ca5831n1",
  "id": "VoltMX.IntroductiontoSegmentV9.masterData2",
  "content": {
    "title": "Assign Images to Rows through Master Data",
    "body": "<ol>\n<li>Click <strong>Delete All</strong></li>\n<li>Click <strong>Add </strong>two times.<br />You can see that three rows have been added in this window.</li>\n<li>Under the <strong>employeeImage </strong>column, click the image selection <img style=\"width: 20px; height: 20px;\" src=\"https://i.ibb.co/s236vKF/ellipsis.png\" alt=\"ellipsis\" border=\"1\" /> button.<br /> The list of all the images added in the application appears.</li>\n<li>Select any image.</li>\n<li>Click <strong>OK</strong>.</li>\n<li>Repeat the above three steps to add images to the remaining two rows.</li>\n</ol>"
  },
  "pointer": {
    "direction": "left",
    "element": "",
    "type": "none"
  },
  "navigationType": "manual",
  "navigationBar": {
    "left": {
      "text": "Previous",
      "enable": true,
      "hide": false
    },
    "right": {
      "text": "Next",
      "enable": true,
      "hide": false
    }
  },
  "navigationCondition": "",
  "position": "BOTTOM_RIGHT",
  "meta": {
    "Creator": "Rashmi Menon",
    "CreatedOn": "Mon, 25 Nov 2019 10:19:51 GMT"
  },
  "context": [],
  "localization": {
    "en-us": {
      "content": {
        "title": "Assign Images to Rows through Master Data",
        "body": "<ol>\n<li>Click <strong>Delete All</strong></li>\n<li>Click <strong>Add </strong>two times.<br />You can see that three rows have been added in this window.</li>\n<li>Under the <strong>employeeImage </strong>column, click the image selection <img style=\"width: 20px; height: 20px;\" src=\"https://i.ibb.co/s236vKF/ellipsis.png\" alt=\"ellipsis\" border=\"1\" /> button.<br /> The list of all the images added in the application appears.</li>\n<li>Select any image.</li>\n<li>Click <strong>OK</strong>.</li>\n<li>Repeat the above three steps to add images to the remaining two rows.</li>\n</ol>"
      },
      "navigationBar": {
        "left": {
          "text": "Previous"
        },
        "right": {
          "text": "Next"
        }
      }
    },
    "zh-cn": {
      "content": {
        "title": "通过主数据分配图像",
        "body": "<ol> \n <li>单击<strong>删除所有</strong> </li> \n <li>单击<strong>添加</strong>两次。<br />您可以看到在此窗口中添加了三个行。</li> \n <li>在<strong>雇员</strong>列下，单击图像选择<img style=\"width: 20px; height: 20px;\" src=\"https://i.ibb.co/s236vKF/ellipsis.png\" alt=\"ellipsis\" border=\"1\" />按钮。<br />出现在应用程序中添加的所有图像的列表。</li> \n <li>选择任何图像。</li> \n <li>单击<strong> ok </strong>。</li> \n <li>重复上述三个步骤，将图像添加到其余两个行中。</li> \n </ol>"
      },
      "navigationBar": {
        "left": {
          "text": "以前的"
        },
        "right": {
          "text": "下一个"
        }
      }
    },
    "zh-tw": {
      "content": {
        "title": "通過主數據分配圖像",
        "body": "<ol> \n <li>單擊<strong>刪除所有</strong> </li> \n <li>單擊<strong>添加</strong>兩次。<br />您可以看到在此窗口中添加了三個行。</li> \n <li>在<strong>僱員</strong>列下，單擊圖像選擇<img style=\"width: 20px; height: 20px;\" src=\"https://i.ibb.co/s236vKF/ellipsis.png\" alt=\"ellipsis\" border=\"1\" />按鈕。<br />出現在應用程序中添加的所有圖像的列表。</li> \n <li>選擇任何圖像。</li> \n <li>單擊<strong> ok </strong>。</li> \n <li>重複上述三個步驟，將圖像添加到其餘兩個行中。</li> \n </ol>"
      },
      "navigationBar": {
        "left": {
          "text": "以前的"
        },
        "right": {
          "text": "下一個"
        }
      }
    }
  }
}