{
  "kuid": "e54061tc-caab-45re-91ub-fbc244nb",
  "id": "VoltMX.ConnectAppUItoDataMob_v9.recipients1",
  "content": {
    "title": "Invoke Service Action",
    "body": "<ol>\n<li>From the left menu of the&nbsp;<strong>Action Editor</strong>, under the <strong>Network</strong> section, select&nbsp;<strong>Loading Indicator</strong>.</li>\n<li>From the left menu of the&nbsp;<strong>Action Editor</strong>, under the <strong>Network</strong> section, select&nbsp;<strong>Invoke Service</strong>.</li>\n<li>From the right pane of the&nbsp;<strong>Action Editor</strong>, for the <strong>Select Service</strong>, from the drop-down list, select&nbsp;<strong>RecipientStorage1$Recipients</strong>.</li>\n<li>For the <strong>Select Method</strong>, from the drop-down list, select&nbsp;<strong>get</strong>.</li>\n</ol>"
  },
  "pointer": {
    "direction": "left",
    "element": {
      "module": "actioneditor",
      "css_selector": ".KMenu li:nth-child(4) div.lblAccordianHdr"
    },
    "type": "default"
  },
  "navigationType": "manual",
  "navigationBar": {
    "left": {
      "text": "Previous",
      "enable": true,
      "hide": false
    },
    "right": {
      "text": "Next",
      "enable": true,
      "hide": false
    }
  },
  "navigationCondition": "",
  "position": "TOP_RIGHT",
  "meta": {
    "Creator": "Rashmi Menon",
    "CreatedOn": "Mon, 23 Mar 2020 08:19:25 GMT"
  },
  "context": [],
  "localization": {
    "en-us": {
      "content": {
        "title": "Invoke Service Action",
        "body": "<ol>\n<li>From the left menu of the&nbsp;<strong>Action Editor</strong>, under the <strong>Network</strong> section, select&nbsp;<strong>Loading Indicator</strong>.</li>\n<li>From the left menu of the&nbsp;<strong>Action Editor</strong>, under the <strong>Network</strong> section, select&nbsp;<strong>Invoke Service</strong>.</li>\n<li>From the right pane of the&nbsp;<strong>Action Editor</strong>, for the <strong>Select Service</strong>, from the drop-down list, select&nbsp;<strong>RecipientStorage1$Recipients</strong>.</li>\n<li>For the <strong>Select Method</strong>, from the drop-down list, select&nbsp;<strong>get</strong>.</li>\n</ol>"
      },
      "navigationBar": {
        "left": {
          "text": "Previous"
        },
        "right": {
          "text": "Next"
        }
      }
    },
    "zh-cn": {
      "content": {
        "title": "调用服务动作",
        "body": "***<ol> \n <li>从＆nbsp; <strong>操作编辑器的左菜单中，在<strong>网络</strong> e节下，选择＆nbsp; <strong>加载指示器</strong>。</li> {8} \n <li>从＆nbsp; <strong>操作编辑器的左菜单中，在<strong>网络</strong> e节下，选择＆nbsp; <strong> Indoke Service </strong>。</li>。{16} \n <li>来自＆nbsp; <strong>动作编辑器的右窗格，对于<strong>选择{20}选择Service </strong>，从下拉列表中，Select＆nbsp; <strong> covertientStorage1 $co点面</strong>。{23}。{ 24} \n <li>对于<strong>选择方法</strong>，从下拉列表中，选择＆nbsp; <strong> get </strong>。</li> \n </ol>"
      },
      "navigationBar": {
        "left": {
          "text": "以前的"
        },
        "right": {
          "text": "下一个"
        }
      }
    },
    "zh-tw": {
      "content": {
        "title": "調用服務動作",
        "body": "***<ol> \n <li>從＆nbsp; <strong>操作編輯器的左菜單中，在<strong>網絡</strong> e節下，選擇＆nbsp; <strong>加載指示器</strong>。</li> {8} \n <li>從＆nbsp; <strong>操作編輯器的左菜單中，在<strong>網絡</strong> e節下，選擇＆nbsp; <strong> Indoke Service </strong>。</li>。{16} \n <li>來自＆nbsp; <strong>動作編輯器的右窗格，對於<strong>選擇{20}選擇Service </strong>，從下拉列表中，Select＆nbsp; <strong> covertientStorage1 $co點面</strong>。{23}。{ 24} \n <li>對於<strong>選擇方法</strong>，從下拉列表中，選擇＆nbsp; <strong> get </strong>。</li> \n </ol>"
      },
      "navigationBar": {
        "left": {
          "text": "以前的"
        },
        "right": {
          "text": "下一個"
        }
      }
    }
  }
}