{
  "kuid": "7ec095tb-51a1-40r8-a7u4-3d85b4n5",
  "id": "VoltMX.CreateUIRWV9.addNavigation3",
  "content": {
    "title": "Add Navigation from Account Screen",
    "body": "<ol>\n<li>From the <strong>Action Editor</strong> left menu, under the <strong>General </strong>section, select <strong>Navigate to Form</strong><strong>.<br /></strong></li>\n<li>In the right pane of the <strong>Action Editor</strong>, select <strong></strong><strong>frmRecipients</strong>.</li>\n<li>Click <strong>Save</strong>.</li>\n</ol>"
  },
  "pointer": {
    "direction": "left",
    "element": {
      "module": "actioneditor",
      "itemType": "ae-action-type",
      "info": {
        "actionType": "Navigate to Form"
      }
    },
    "type": "default",
    "isFixed": false
  },
  "navigationType": "manual",
  "navigationBar": {
    "left": {
      "text": "Previous",
      "enable": true,
      "hide": false
    },
    "right": {
      "text": "Next",
      "enable": true,
      "hide": false
    }
  },
  "navigationCondition": "",
  "position": "BOTTOM_LEFT",
  "meta": {
    "Creator": "Prem Garudadri",
    "CreatedOn": "Wed, 18 Dec 2019 16:27:31 GMT"
  },
  "context": [],
  "localization": {
    "en-us": {
      "content": {
        "title": "Add Navigation from Account Screen",
        "body": "<ol>\n<li>From the <strong>Action Editor</strong> left menu, under the <strong>General </strong>section, select <strong>Navigate to Form</strong><strong>.<br /></strong></li>\n<li>In the right pane of the <strong>Action Editor</strong>, select <strong></strong><strong>frmRecipients</strong>.</li>\n<li>Click <strong>Save</strong>.</li>\n</ol>"
      },
      "navigationBar": {
        "left": {
          "text": "Previous"
        },
        "right": {
          "text": "Next"
        }
      }
    },
    "zh-cn": {
      "content": {
        "title": "从帐户屏幕上添加导航",
        "body": "***<ol> \n <li>来自<strong>操作编辑器</strong>左菜单，在<strong>常规</strong> e节下，选择<strong>导航至form </strong> <strong>。<br /> </strong> {10} </li> {11} \n <li>在<strong>操作编辑器</strong>的右窗格中，选择<strong> </strong> <strong> {17} frmrecipients </strong>。</li> \n <li>单击<strong>保存</strong>。</li> \n </ol>"
      },
      "navigationBar": {
        "left": {
          "text": "以前的"
        },
        "right": {
          "text": "下一个"
        }
      }
    },
    "zh-tw": {
      "content": {
        "title": "從帳戶屏幕上添加導航",
        "body": "***<ol> \n <li>來自<strong>操作編輯器</strong>左菜單，在<strong>常規</strong> e節下，選擇<strong>導航至form </strong> <strong>。<br /> </strong> {10} </li> {11} \n <li>在<strong>操作編輯器</strong>的右窗格中，選擇<strong> </strong> <strong> {17} frmrecipients </strong>。</li> \n <li>單擊<strong>保存</strong>。</li> \n </ol>"
      },
      "navigationBar": {
        "left": {
          "text": "以前的"
        },
        "right": {
          "text": "下一個"
        }
      }
    }
  }
}