{
    "kuid": "84181at1-c2a7-45rf-aeu1-cc027bnf",
    "id": "VoltMX.NewHikeCard_1",
    "content": {
        "title": "Card Title",
        "body": "Card Information Body"
    },
    "pointer": {
        "direction": "left",
        "element": "",
        "type": "none"
    },
    "navigationType": "manual",
    "navigationBar": {
        "left": {
            "text": "Previous",
            "enable": true,
            "hide": false
        },
        "right": {
            "text": "Next",
            "enable": true,
            "hide": false
        }
    },
    "navigationCondition": "",
    "position": "BOTTOM_RIGHT",
    "meta": {
        "Creator": "Anonymous",
        "CreatedOn": "Sat, 19 Jun 2021 11:09:10 GMT"
    },
    "context": []
}