{
  "Card.VoltMX.CreateServicesWebV9.Intro": {
    "content": {
      "title": "為後端數據創建服務",
      "body": "<p>在這次遠足中，我們將：</p> \n <ul> \n <li>為<b>帳戶</b>和<b>收件人</b>創建並配置存儲對象服務。 \n </li> \n <li>將項目服務發佈到運行時服務器</li> \n </ul> <br /> \n <p>在開始之前，完成以下徒步旅行：</p> <b> \n <ol> \n <li> <a class=\"tour-link\" tour=\"705a94tb-faa0-47r7-a1ud-31b3dbnf\">啟動響應式Web應用</a> </li> \n <li> <a class=\"tour-link\" tour=\"220f01t3-bda6-40r0-92uf-56631bnb\">從集合</a> </li>創建UI \n <li> <a class=\"tour-link\" tour=\"5e1da5td-37a0-44r6-beu6-374c3cn1\">將身份驗證添加到app </a> </li> \n </ol> </b> \n\n <p>確保您打開與上面徒步旅行2中創建的相同項目。<br />要打開一個封閉的項目，從主菜單中，導航至<strong> project </strong>＆gt; <strong>打開</strong>＆gt; <strong> HCl參考架構</strong>＆gt; <strong> conterientswebapp2 </strong>。</p> \n <br/> \n <p>確保您下載並提取<a href='#'onClick='javascript:openURL(\"https://raw.githubusercontent.com/HCL-TECH-SOFTWARE/volt-mx-tutorials/master/public/samples/RecipientsData.zip\")'> colectientsData.zip </a>文件。 注意提取的文件的位置。</p> <br/> \n\n <p> <strong>您準備就緒時，單擊“開始”！</strong> </p>"
    },
    "navigationBar": {
      "left": {
        "text": "以前的"
      },
      "right": {
        "text": "開始"
      }
    }
  },
  "Card.VoltMX.CreateServicesWebV9.createAccService": {
    "content": {
      "title": "創建新服務",
      "body": "***<ol> \n <li>來自<strong> data＆amp; 服務</strong>面板，展開<strong>項目服務</strong>。</li> \n <li>單擊<strong>配置新</strong>。</li> \n <li>在<strong>數據存儲</strong>部分下，選擇<strong>導入Excel File </strong>。<br/>用戶必須在繼續此步驟之前登錄到Foundry帳戶。<br /> IRIS可能需要一些時間才能花一些時間才能 打開<strong>編輯對象服務</strong>窗口。</li> \n <li>在<strong>導入文件</strong>對話框中，從提取的文件中拖動<strong> accounts.xls </strong>文件。</li> \n <li>上傳文件後，單擊<strong>下一個</strong>。</li> \n <li>確保<strong>帳戶</strong>在<strong> excel表名稱</strong>下選擇，然後單擊<strong> import </strong>。</li>。{38} \n <li>單擊<strong>完成</strong>。<br /> <b>數據模型</b>配置窗口出現。</li> \n </ol>"
    },
    "navigationBar": {
      "left": {
        "text": "以前的"
      },
      "right": {
        "text": "下一個"
      }
    }
  },
  "Card.VoltMX.CreateServicesWebV9.configureDataModel": {
    "content": {
      "title": "配置數據模型",
      "body": "***<ol> \n <li>從左窗格中選擇<strong>數據模型</strong> tab。 帳戶</strong>> <strong>字段</strong>，然後選擇<strong> accountnumber </strong>。</li> \n <li>在右窗格中，修改以下值。 \n <ul> \n <li>主鍵：<strong> true </strong> </li> \n </ul> \n </li> \n <li>向下滾動，然後單擊＆nbsp; <strong>保存</strong>。</li> \n <li>展開<b>數據模型</b>> <strong>帳戶</strong>> <strong>字段</strong>，然後選擇<strong> accountName </strong>。</li>。{38} \n <li>在右窗格中，修改以下值。 \n <ul> \n <li>最大長度：<strong> 30 </strong> </li> \n </ul> \n </li> \n <li>向下滾動，然後單擊<strong>保存</strong>。</li> \n </ol>"
    },
    "navigationBar": {
      "left": {
        "text": "以前的"
      },
      "right": {
        "text": "下一個"
      }
    }
  },
  "Card.VoltMX.CreateServicesWebV9.accountModel": {
    "content": {
      "title": "配置帳戶模型",
      "body": "***<ol> \n <li>在＆nbsp; <strong>數據模型</strong>，＆nbsp; nbsp; <strong>帳戶</strong>＆nbsp;並選擇<strong>＆nbsp; fields </strong>。 \n <li>選擇＆nbsp; <strong> seqno </strong>的複選框，然後單擊＆nbsp; <strong> delete </strong>。</li> \n <li>在＆nbsp; <strong>刪除字段＆nbsp; </strong>對話框中，單擊＆nbsp; <strong>刪除</strong>。</li> \n <li>單擊＆nbsp; <strong>保存</strong>。</li> \n </ol>"
    },
    "navigationBar": {
      "left": {
        "text": "以前的"
      },
      "right": {
        "text": "下一個"
      }
    }
  },
  "Card.VoltMX.CreateServicesWebV9.configureAcc": {
    "content": {
      "title": "配置帳戶服務",
      "body": "<ol> \n <li>從窗口的左上角，單擊服務名稱。</li> \n <li>在＆nbsp; <strong>名稱</strong> box，type＆nbsp; <strong> accountstorage2 </strong>。</li> \n <li>在＆nbsp; <strong>示例數據</strong>下，從提取的文件中拖動<strong> accounts.zip </strong>文件。</li> \n <li>單擊<strong>保存</strong>。</li> \n <li>關閉<strong>編輯對象服務</strong>窗口。<br /> iris可能需要一些時間將服務添加到<strong> project Services </strong>節。</li> \n </ol>"
    },
    "navigationBar": {
      "left": {
        "text": "以前的"
      },
      "right": {
        "text": "下一個"
      }
    }
  },
  "Card.VoltMX.CreateServicesWebV9.createPayeeService": {
    "content": {
      "title": "創建新服務",
      "body": "***<ol> \n <li>來自<strong> data＆amp; 服務</strong>面板，展開<strong>項目服務</strong>。</li> \n <li>單擊<strong>配置新</strong>。</li> \n <li>在<strong>數據存儲</strong>部分下，選擇<strong>導入Excel File </strong>。<br /> Iris可能需要一些時間才能打開<strong>編輯對象服務</strong>窗口。{19 } \n <li>在<strong>導入文件</strong>窗口中，從提取的文件中拖動<strong> colect.xls </strong>文件。</li> \n <li>上傳文件後，單擊<strong>下一個</strong>。</li> \n <li>確保在<strong> excel表名稱</strong>下選擇<strong>收件人</strong>，然後單擊<strong> import </strong>。</li>。{37} \n <li>單擊<strong>完成</strong>。</li> \n </ol>"
    },
    "navigationBar": {
      "left": {
        "text": "以前的"
      },
      "right": {
        "text": "下一個"
      }
    }
  },
  "Card.VoltMX.CreateServicesWebV9.configurePayModel1": {
    "content": {
      "title": "配置收款人模型",
      "body": "***<ol> \n <li>在<strong>數據模型</strong>下，導航至<strong>收件人</strong>，然後選擇<strong>字段</strong>。 conterientId </b>，在列<b>主鍵</b>下，將開關切換為true。 \n <li>選擇<strong> seqno </strong>的複選框，然後單擊<strong>刪除</strong>。</li> \n <li>在<strong>刪除字段</strong>對話框中，單擊<strong>刪除</strong>。</li> \n <li>單擊<strong>保存</strong>。</li> \n </ol>"
    },
    "navigationBar": {
      "left": {
        "text": "以前的"
      },
      "right": {
        "text": "下一個"
      }
    }
  },
  "Card.VoltMX.CreateServicesWebV9.configurePayModel": {
    "content": {
      "title": "配置數據模型",
      "body": "***<ol> \n <li>在“數據模型”選項卡下，展開<b>數據模型</b>> <strong>收件人</strong>> <strong> fields </strong>，然後選擇<strong> coctientId </strong>。</li>。{10} \n <li>在右窗格中，修改以下值。 \n <ul> \n <li>類型：<strong>數字</strong> </li> \n <li>自動化：<strong> true </strong> </li> \n </ul> \n </li> \n <li>向下滾動，然後單擊<strong>保存</strong>。</li> \n <li>在左窗格中，導航到<strong>數據模型</strong>＆gt; <strong>收件人</strong>＆gt; <strong>字段</strong>，然後選擇<strong>電話</strong>。</li> \n <li>在右窗格中，修改以下值。 \n <ul> \n <li>最大長度：<strong> 30 </strong> </li> \n </ul> \n </li> \n <li>向下滾動，然後單擊<strong>保存</strong>。</li> \n </ol>"
    },
    "navigationBar": {
      "left": {
        "text": "以前的"
      },
      "right": {
        "text": "下一個"
      }
    }
  },
  "Card.VoltMX.CreateServicesWebV9.configurePayService": {
    "content": {
      "title": "配置收款人服務",
      "body": "***<ol> \n <li>在左上角，單擊服務名稱。</li> \n <li>在名稱框中，鍵入<strong> colectStorage2 </strong>。</li> \n <li>在<strong>下示例數據</strong>下，從提取的文件中拖動<strong> colect.zip </strong>文件。</li> <li> <b>刪除策略</b>選項 16}硬刪除</b>。 \n <li>單擊<strong>保存</strong>。</li> \n <li>關閉<strong>編輯對象服務</strong>窗口。<br /> iris可能需要一些時間將服務添加到<strong> project Services </strong>節。</li> \n </ol>"
    },
    "navigationBar": {
      "left": {
        "text": "以前的"
      },
      "right": {
        "text": "下一個"
      }
    }
  },
  "Card.VoltMX.CreateServicesWebV9.publish": {
    "content": {
      "title": "發布服務",
      "body": "<ol> \n <li>在<strong> data＆amp; 服務</strong>面板，<b>刷新</b>按鈕旁邊，單擊菜單選項。</li> \n <li>選擇<strong>發布項目服務</strong>。<br />可能需要一些時間才能讓Iris發布服務。</li> \n </ol>"
    },
    "navigationBar": {
      "left": {
        "text": "以前的"
      },
      "right": {
        "text": "下一個"
      }
    }
  },
  "Card.VoltMX.CreateServicesWebV9.done": {
    "content": {
      "title": "恭喜",
      "body": "<p>您已經成功：</p> \n <ul> \n <li> <strong>為以下數據創建並配置了服務</strong> \n <ul> \n <li> <strong>帳戶</strong> </li> \n <li> <strong>收件人</strong> </li> \n </ul> \n </li> \n <li> <strong>發布了運行時服務器的服務</strong> </li> \n </ul> \n <p>＆nbsp; </p> \n <p>要學習如何將數據映射到應用程序的UI，請查看下一個遠足：<a class=\"tour-link\" tour=\"ca148ftd-07a9-4ard-98ud-6163d4nc\"> <strong> 5.將應用程序UI連接到數據</strong> </a>。</p>。"
    },
    "navigationBar": {
      "left": {
        "text": "以前的"
      },
      "right": {
        "text": "完畢"
      }
    }
  }
}