{
  "Tour.CreateServicesWeb_v9": {
    "description": " Description of Tour"
  },
  "Hike.VoltMX.CreateServicesWebV9": {
    "description": " Description of hike"
  },
  "Card.VoltMX.CreateServicesWebV9.accountModel": {
    "content": {
      "title": "Configure the Account Model",
      "body": "<ol>\n<li>Under&nbsp;<strong>Data Model</strong>,&nbsp;navigate to&nbsp;<strong>Accounts</strong>&nbsp;and select<strong>&nbsp;Fields</strong>.</li>\n<li>Select the check-box for&nbsp;<strong>SeqNo</strong>, and then click&nbsp;<strong>Delete</strong>.</li>\n<li>In the&nbsp;<strong>Delete Fields&nbsp;</strong>dialog box, click&nbsp;<strong>Delete</strong>.</li>\n<li>Click&nbsp;<strong>Save</strong>.</li>\n</ol>"
    },
    "navigationBar": {
      "left": {
        "text": "Previous"
      },
      "right": {
        "text": "Next"
      }
    }
  },
  "Card.VoltMX.CreateServicesWebV9.configureAcc": {
    "content": {
      "title": "Configure the Account Service",
      "body": "<ol>\n<li>From the top-left corner of the window, click the service name.</li>\n<li>In the&nbsp;<strong>Name </strong>box, type&nbsp;<strong>AccountStorage</strong>.</li>\n<li>Under&nbsp;<strong>Sample Data</strong>, drag the <strong>Accounts.zip </strong>file from the extracted files.</li>\n<li>Click <strong>Save</strong>.</li>\n<li>Close the <strong>Edit Object Service </strong>window.<br /> It may take some time for Iris to add the service to the <strong>Project Services </strong>section.</li>\n</ol>"
    },
    "navigationBar": {
      "left": {
        "text": "Previous"
      },
      "right": {
        "text": "Next"
      }
    }
  },
  "Card.VoltMX.CreateServicesWebV9.configureDataModel": {
    "content": {
      "title": "Configure a Data Model",
      "body": "<ol>\n<li>From the left pane select the <strong>Data Model</strong> tab.</li><li>Under the <b>Data Model</b> tab, expand  <b>Data Model</b> > <strong>Accounts</strong> > <strong>Fields</strong>, and select <strong>AccountNumber</strong>.</li>\n<li>In the right pane, modify the following values.\n<ul>\n<li>Primary Key: <strong>True</strong></li>\n</ul>\n</li>\n<li>Click&nbsp;<strong>Save</strong>.</li>\n<li>Expand  <b>Data Model</b> > <strong>Accounts</strong> > <strong>Fields</strong>, and select <strong>AccountName</strong>.</li>\n<li>In the right pane, modify the following value.\n<ul>\n<li>Max Length: <strong>30</strong></li>\n</ul>\n</li>\n<li>Click <strong>Save</strong>.</li>\n</ol>"
    },
    "navigationBar": {
      "left": {
        "text": "Previous"
      },
      "right": {
        "text": "Next"
      }
    }
  },
  "Card.VoltMX.CreateServicesWebV9.configurePayModel": {
    "content": {
      "title": "Configure the Data Model",
      "body": "<ol>\n<li>Under the Data Model tab, expand  <b>Data Model</b> > <strong>Recipients</strong> > <strong>Fields</strong>, and select<strong> RecipientID</strong>.</li>\n<li>In the right pane, modify the following values.\n<ul>\n<li>Type: <strong>number</strong></li>\n<li>Autogenerated: <strong>true</strong></li>\n</ul>\n</li>\n<li>Click <strong>Save</strong>.</li>\n<li>In the left pane, navigate to <strong>Data Model</strong> &gt; <strong>Recipients</strong> &gt; <strong>Fields</strong>, and then select <strong>Phone</strong>.</li>\n<li>In the right pane, modify the following value.\n<ul>\n<li>Max Length: <strong>30</strong></li>\n</ul>\n</li>\n<li>Click <strong>Save</strong>.</li>\n</ol>"
    },
    "navigationBar": {
      "left": {
        "text": "Previous"
      },
      "right": {
        "text": "Next"
      }
    }
  },
  "Card.VoltMX.CreateServicesWebV9.configurePayModel1": {
    "content": {
      "title": "Configure the Payee Model",
      "body": "<ol>\n<li>Under <strong>Data Model</strong>, navigate to <strong>Recipients</strong>, and select <strong>Fields</strong>.</li><li>From the right pane, for the field <b>RecipientID</b>, under the column <b>Primary Key</b>, toggle the switch to True.\n<li>Select the check-box for <strong>SeqNo</strong>, and then click <strong>Delete</strong>.</li>\n<li>In the <strong>Delete Fields</strong> dialog, click <strong>Delete</strong>.</li>\n<li>Click <strong>Save</strong>.</li>\n</ol>"
    },
    "navigationBar": {
      "left": {
        "text": "Previous"
      },
      "right": {
        "text": "Next"
      }
    }
  },
  "Card.VoltMX.CreateServicesWebV9.configurePayService": {
    "content": {
      "title": "Configure the Payee Service",
      "body": "<ol>\n<li>On the top-left corner, click the service name.</li>\n<li>In the Name box, type <strong>RecipientStorage</strong>.</li>\n<li>Under <strong>Sample Data</strong>, drag the <strong>Recipients.zip</strong> file from the extracted files.</li><li>For the  <b>Delete Strategy</b> option, select <b>Hard Delete</b>.\n<li>Click <strong>Save</strong>.</li>\n<li>Close the <strong>Edit Object Service</strong> window.<br /> It may take some time for Iris to add the service to the <strong>Project Services</strong> section.</li>\n</ol>"
    },
    "navigationBar": {
      "left": {
        "text": "Previous"
      },
      "right": {
        "text": "Next"
      }
    }
  },
  "Card.VoltMX.CreateServicesWebV9.createAccService": {
    "content": {
      "title": "Create a New Service",
      "body": "<ol>\n<li>From the <strong>Data &amp; Services</strong> panel, expand <strong>Project Services</strong>.</li>\n<li>Click <strong>Configure New</strong>.</li>\n<li>Under the <strong>Data Storage</strong> section, select <strong>Import Excel File</strong>.<br /> Iris may take some time to open the <strong>Edit Object Service</strong> window.</li>\n<li>In the <strong>Import File</strong> dialog box, drag the <strong>Accounts.xlsx</strong> file from the extracted files.</li>\n<li>After the file is uploaded, click <strong>Next</strong>.</li>\n<li>Ensure that <strong>Accounts</strong> is selected under <strong>Excel Sheet Name</strong>, and then click <strong>Import</strong>.</li>\n<li>Click <strong>Done</strong>.<br />The <b>Data Model</b> configuration window appears.</li>\n</ol>"
    },
    "navigationBar": {
      "left": {
        "text": "Previous"
      },
      "right": {
        "text": "Next"
      }
    }
  },
  "Card.VoltMX.CreateServicesWebV9.createPayeeService": {
    "content": {
      "title": "Create a New Service",
      "body": "<ol>\n<li>From the <strong>Data &amp; Services</strong> panel, expand <strong>Project Services</strong>.</li>\n<li>Click <strong>Configure New</strong>.</li>\n<li>Under the <strong>Data Storage</strong> section, select <strong>Import Excel File</strong>.<br /> Iris may take some time to open the <strong>Edit Object Service</strong> window.</li>\n<li>In the <strong>Import File</strong> window, drag the <strong>Recipients.xlsx</strong> file from the extracted files.</li>\n<li>After the file is uploaded, click <strong>Next</strong>.</li>\n<li>Ensure that <strong>Recipients</strong> is selected under <strong>Excel Sheet Name</strong>, and then click <strong>Import</strong>.</li>\n<li>Click <strong>Done</strong>.</li>\n</ol>"
    },
    "navigationBar": {
      "left": {
        "text": "Previous"
      },
      "right": {
        "text": "Next"
      }
    }
  },
  "Card.VoltMX.CreateServicesWebV9.done": {
    "content": {
      "title": "Congratulations",
      "body": "<p>You have successfully:</p>\n<ul>\n<li><strong>Created and configured services for the following data</strong>\n<ul>\n<li><strong>Accounts</strong></li>\n<li><strong>Recipients</strong></li>\n</ul>\n</li>\n<li><strong>Published the services to a run-time server</strong></li>\n</ul>\n<p>&nbsp;</p>\n<p>To learn how to map the data to the UI of the app, check out the next hike:<a class=\"tour-link\" tour=\"ca148ftd-07a9-4ard-98ud-6163d4nc\"><strong> 5. Connect the App UI to Data</strong></a>.</p>"
    },
    "navigationBar": {
      "left": {
        "text": "Previous"
      },
      "right": {
        "text": "Done"
      }
    }
  },
  "Card.VoltMX.CreateServicesWebV9.Intro": {
    "content": {
      "title": "Create Services for Back-end Data",
      "body": "<p>In this hike, we will:</p>\n<ul>\n<li>Create and configure Storage Object Services for <b>Accounts</b> and <b>Recipients</b>.\n</li>\n<li>Publish the Project Services to a run-time server</li>\n</ul><br />\n<p>Before you get started, complete the following hikes:</p><b>\n<ol>\n<li><a class=\"tour-link\" tour=\"705a94tb-faa0-47r7-a1ud-31b3dbnf\">Launch your Responsive Web App</a></li>\n<li><a class=\"tour-link\" tour=\"220f01t3-bda6-40r0-92uf-56631bnb\">Create UI from Collections</a></li>\n<li><a class=\"tour-link\" tour=\"5e1da5td-37a0-44r6-beu6-374c3cn1\">Add Authentication to the App</a></li>\n</ol></b>\n\n<p>Ensure that you open the same project that you have created in the previous hikes.<br /> To open a closed project, from the main menu, navigate to <strong>Project</strong> &gt; <strong>Open</strong> &gt; <strong>HCL Reference Architecture</strong> &gt; <strong>RecipientsWebApp</strong>.</p>\n<br/>\n<p>Ensure that you download and extract the <a href='#'onClick='javascript:openURL(\"https://raw.githubusercontent.com/HCL-TECH-SOFTWARE/volt-mx-tutorials/master/public/samples/RecipientsData.zip\")'>RecipientsData.zip</a> file. Note the location of the extracted files.</p><br/>\n\n<p><strong>When you are ready, click Start!</strong></p>"
    },
    "navigationBar": {
      "left": {
        "text": "Previous"
      },
      "right": {
        "text": "Start"
      }
    }
  },
  "Card.VoltMX.CreateServicesWebV9.publish": {
    "content": {
      "title": "Publish the Services",
      "body": "<ol>\n<li>On the <strong>Data &amp; Services</strong> panel, next to the <b>Refresh</b> button, click the menu option.</li>\n<li>Select <strong>Publish Project Services</strong>.<br /> It may take some time for Iris to publish the service.</li>\n</ol>"
    },
    "navigationBar": {
      "left": {
        "text": "Previous"
      },
      "right": {
        "text": "Next"
      }
    }
  }
}