{
  "Card.VoltMX.CreateServicesWebV9.Intro": {
    "content": {
      "title": "为后端数据创建服务",
      "body": "<p>在这次远足中，我们将：</p> \n <ul> \n <li>为<b>帐户</b>和<b>收件人</b>创建并配置存储对象服务。 \n </li> \n <li>将项目服务发布到运行时服务器</li> \n </ul> <br /> \n <p>在开始之前，完成以下徒步旅行：</p> <b> \n <ol> \n <li> <a class=\"tour-link\" tour=\"705a94tb-faa0-47r7-a1ud-31b3dbnf\">启动响应式Web应用</a> </li> \n <li> <a class=\"tour-link\" tour=\"220f01t3-bda6-40r0-92uf-56631bnb\">从集合</a> </li>创建UI \n <li> <a class=\"tour-link\" tour=\"5e1da5td-37a0-44r6-beu6-374c3cn1\">将身份验证添加到app </a> </li> \n </ol> </b> \n\n <p>确保您打开与上面徒步旅行2中创建的相同项目。<br />要打开一个封闭的项目，从主菜单中，导航至<strong> project </strong>＆gt; <strong>打开</strong>＆gt; <strong> HCl参考架构</strong>＆gt; <strong> conterientswebapp2 </strong>。</p> \n <br/> \n <p>确保您下载并提取<a href='#'onClick='javascript:openURL(\"https://raw.githubusercontent.com/HCL-TECH-SOFTWARE/volt-mx-tutorials/master/public/samples/RecipientsData.zip\")'> colectientsData.zip </a>文件。 注意提取的文件的位置。</p> <br/> \n\n <p> <strong>您准备就绪时，单击“开始”！</strong> </p>"
    },
    "navigationBar": {
      "left": {
        "text": "以前的"
      },
      "right": {
        "text": "开始"
      }
    }
  },
  "Card.VoltMX.CreateServicesWebV9.createAccService": {
    "content": {
      "title": "创建新服务",
      "body": "***<ol> \n <li>来自<strong> data＆amp; 服务</strong>面板，展开<strong>项目服务</strong>。</li> \n <li>单击<strong>配置新</strong>。</li> \n <li>在<strong>数据存储</strong>部分下，选择<strong>导入Excel File </strong>。<br/>用户必须在继续此步骤之前登录到Foundry帐户。<br /> IRIS可能需要一些时间才能花一些时间才能 打开<strong>编辑对象服务</strong>窗口。</li> \n <li>在<strong>导入文件</strong>对话框中，从提取的文件中拖动<strong> accounts.xls </strong>文件。</li> \n <li>上传文件后，单击<strong>下一个</strong>。</li> \n <li>确保<strong>帐户</strong>在<strong> excel表名称</strong>下选择，然后单击<strong> import </strong>。</li>。{38} \n <li>单击<strong>完成</strong>。<br /> <b>数据模型</b>配置窗口出现。</li> \n </ol>"
    },
    "navigationBar": {
      "left": {
        "text": "以前的"
      },
      "right": {
        "text": "下一个"
      }
    }
  },
  "Card.VoltMX.CreateServicesWebV9.configureDataModel": {
    "content": {
      "title": "配置数据模型",
      "body": "***<ol> \n <li>从左窗格中选择<strong>数据模型</strong> tab。 帐户</strong>> <strong>字段</strong>，然后选择<strong> accountnumber </strong>。</li> \n <li>在右窗格中，修改以下值。 \n <ul> \n <li>主键：<strong> true </strong> </li> \n </ul> \n </li> \n <li>向下滚动，然后单击＆nbsp; <strong>保存</strong>。</li> \n <li>展开<b>数据模型</b>> <strong>帐户</strong>> <strong>字段</strong>，然后选择<strong> accountName </strong>。</li>。{38} \n <li>在右窗格中，修改以下值。 \n <ul> \n <li>最大长度：<strong> 30 </strong> </li> \n </ul> \n </li> \n <li>向下滚动，然后单击<strong>保存</strong>。</li> \n </ol>"
    },
    "navigationBar": {
      "left": {
        "text": "以前的"
      },
      "right": {
        "text": "下一个"
      }
    }
  },
  "Card.VoltMX.CreateServicesWebV9.accountModel": {
    "content": {
      "title": "配置帐户模型",
      "body": "***<ol> \n <li>在＆nbsp; <strong>数据模型</strong>，＆nbsp; nbsp; <strong>帐户</strong>＆nbsp;并选择<strong>＆nbsp; fields </strong>。 \n <li>选择＆nbsp; <strong> seqno </strong>的复选框，然后单击＆nbsp; <strong> delete </strong>。</li> \n <li>在＆nbsp; <strong>删除字段＆nbsp; </strong>对话框中，单击＆nbsp; <strong>删除</strong>。</li> \n <li>单击＆nbsp; <strong>保存</strong>。</li> \n </ol>"
    },
    "navigationBar": {
      "left": {
        "text": "以前的"
      },
      "right": {
        "text": "下一个"
      }
    }
  },
  "Card.VoltMX.CreateServicesWebV9.configureAcc": {
    "content": {
      "title": "配置帐户服务",
      "body": "<ol> \n <li>从窗口的左上角，单击服务名称。</li> \n <li>在＆nbsp; <strong>名称</strong> box，type＆nbsp; <strong> accountstorage2 </strong>。</li> \n <li>在＆nbsp; <strong>示例数据</strong>下，从提取的文件中拖动<strong> accounts.zip </strong>文件。</li> \n <li>单击<strong>保存</strong>。</li> \n <li>关闭<strong>编辑对象服务</strong>窗口。<br /> iris可能需要一些时间将服务添加到<strong> project Services </strong>节。</li> \n </ol>"
    },
    "navigationBar": {
      "left": {
        "text": "以前的"
      },
      "right": {
        "text": "下一个"
      }
    }
  },
  "Card.VoltMX.CreateServicesWebV9.createPayeeService": {
    "content": {
      "title": "创建新服务",
      "body": "***<ol> \n <li>来自<strong> data＆amp; 服务</strong>面板，展开<strong>项目服务</strong>。</li> \n <li>单击<strong>配置新</strong>。</li> \n <li>在<strong>数据存储</strong>部分下，选择<strong>导入Excel File </strong>。<br /> Iris可能需要一些时间才能打开<strong>编辑对象服务</strong>窗口。{19 } \n <li>在<strong>导入文件</strong>窗口中，从提取的文件中拖动<strong> colect.xls </strong>文件。</li> \n <li>上传文件后，单击<strong>下一个</strong>。</li> \n <li>确保在<strong> excel表名称</strong>下选择<strong>收件人</strong>，然后单击<strong> import </strong>。</li>。{37} \n <li>单击<strong>完成</strong>。</li> \n </ol>"
    },
    "navigationBar": {
      "left": {
        "text": "以前的"
      },
      "right": {
        "text": "下一个"
      }
    }
  },
  "Card.VoltMX.CreateServicesWebV9.configurePayModel1": {
    "content": {
      "title": "配置收款人模型",
      "body": "***<ol> \n <li>在<strong>数据模型</strong>下，导航至<strong>收件人</strong>，然后选择<strong>字段</strong>。 conterientId </b>，在列<b>主键</b>下，将开关切换为true。 \n <li>选择<strong> seqno </strong>的复选框，然后单击<strong>删除</strong>。</li> \n <li>在<strong>删除字段</strong>对话框中，单击<strong>删除</strong>。</li> \n <li>单击<strong>保存</strong>。</li> \n </ol>"
    },
    "navigationBar": {
      "left": {
        "text": "以前的"
      },
      "right": {
        "text": "下一个"
      }
    }
  },
  "Card.VoltMX.CreateServicesWebV9.configurePayModel": {
    "content": {
      "title": "配置数据模型",
      "body": "***<ol> \n <li>在“数据模型”选项卡下，展开<b>数据模型</b>> <strong>收件人</strong>> <strong> fields </strong>，然后选择<strong> coctientId </strong>。</li>。{10} \n <li>在右窗格中，修改以下值。 \n <ul> \n <li>类型：<strong>数字</strong> </li> \n <li>自动化：<strong> true </strong> </li> \n </ul> \n </li> \n <li>向下滚动，然后单击<strong>保存</strong>。</li> \n <li>在左窗格中，导航到<strong>数据模型</strong>＆gt; <strong>收件人</strong>＆gt; <strong>字段</strong>，然后选择<strong>电话</strong>。</li> \n <li>在右窗格中，修改以下值。 \n <ul> \n <li>最大长度：<strong> 30 </strong> </li> \n </ul> \n </li> \n <li>向下滚动，然后单击<strong>保存</strong>。</li> \n </ol>"
    },
    "navigationBar": {
      "left": {
        "text": "以前的"
      },
      "right": {
        "text": "下一个"
      }
    }
  },
  "Card.VoltMX.CreateServicesWebV9.configurePayService": {
    "content": {
      "title": "配置收款人服务",
      "body": "***<ol> \n <li>在左上角，单击服务名称。</li> \n <li>在名称框中，键入<strong> colectStorage2 </strong>。</li> \n <li>在<strong>下示例数据</strong>下，从提取的文件中拖动<strong> colect.zip </strong>文件。</li> <li> <b>删除策略</b>选项 16}硬删除</b>。 \n <li>单击<strong>保存</strong>。</li> \n <li>关闭<strong>编辑对象服务</strong>窗口。<br /> iris可能需要一些时间将服务添加到<strong> project Services </strong>节。</li> \n </ol>"
    },
    "navigationBar": {
      "left": {
        "text": "以前的"
      },
      "right": {
        "text": "下一个"
      }
    }
  },
  "Card.VoltMX.CreateServicesWebV9.publish": {
    "content": {
      "title": "发布服务",
      "body": "<ol> \n <li>在<strong> data＆amp; 服务</strong>面板，<b>刷新</b>按钮旁边，单击菜单选项。</li> \n <li>选择<strong>发布项目服务</strong>。<br />可能需要一些时间才能让Iris发布服务。</li> \n </ol>"
    },
    "navigationBar": {
      "left": {
        "text": "以前的"
      },
      "right": {
        "text": "下一个"
      }
    }
  },
  "Card.VoltMX.CreateServicesWebV9.done": {
    "content": {
      "title": "恭喜",
      "body": "<p>您已经成功：</p> \n <ul> \n <li> <strong>为以下数据创建并配置了服务</strong> \n <ul> \n <li> <strong>帐户</strong> </li> \n <li> <strong>收件人</strong> </li> \n </ul> \n </li> \n <li> <strong>发布了运行时服务器的服务</strong> </li> \n </ul> \n <p>＆nbsp; </p> \n <p>要学习如何将数据映射到应用程序的UI，请查看下一个远足：<a class=\"tour-link\" tour=\"ca148ftd-07a9-4ard-98ud-6163d4nc\"> <strong> 5.将应用程序UI连接到数据</strong> </a>。</p>。"
    },
    "navigationBar": {
      "left": {
        "text": "以前的"
      },
      "right": {
        "text": "完毕"
      }
    }
  }
}