{
  "Tour.CreateServicesWeb_v9": {
    "description": "旅遊描述"
  },
  "Hike.VoltMX.CreateServicesWebV9": {
    "description": "徒步說明"
  },
  "Card.VoltMX.CreateServicesWebV9.accountModel": {
    "content": {
      "title": "配置賬戶模型",
      "body": "<ol>\n<li>下<strong>數據模型</strong> ,&nbsp;導航到&nbsp;<strong>賬戶</strong>&nbsp;並選擇<strong>&nbsp;字段</strong>.</li>\n<li>選中復選框<strong>SeqNo</strong> ，然後單擊&nbsp;<strong>刪除</strong>.</li>\n<li>在&nbsp;<strong>刪除字段&nbsp;</strong>對話框，點擊&nbsp;<strong>刪除</strong>.</li>\n<li>點擊<strong>保存</strong>.</li>\n</ol>"
    },
    "navigationBar": {
      "left": {
        "text": "上一個"
      },
      "right": {
        "text": "下一個"
      }
    }
  },
  "Card.VoltMX.CreateServicesWebV9.configureAcc": {
    "content": {
      "title": "配置賬戶服務",
      "body": "<ol>\n<li>從窗口的左上角，單擊服務名稱。</li>\n<li>在&nbsp;<strong>姓名</strong>盒子，類型&nbsp;<strong>賬戶存儲</strong>.</li>\n<li>下<strong>樣本數據</strong> ，拖動<strong>賬戶.zip</strong>來自提取文件的文件。</li>\n<li>點擊<strong>保存</strong>.</li>\n<li>關閉<strong>編輯對象服務</strong>窗口。<br /> Iris 將服務添加到<strong>項目服務</strong>部分。</li>\n</ol>"
    },
    "navigationBar": {
      "left": {
        "text": "上一個"
      },
      "right": {
        "text": "下一個"
      }
    }
  },
  "Card.VoltMX.CreateServicesWebV9.configureDataModel": {
    "content": {
      "title": "配置數據模型",
      "body": "<ol>\n<li>從左窗格中選擇<strong>數據模型</strong>選項卡。</li><li> 在<b>數據模型</b>選項卡，展開<b>數據模型</b> > <strong>賬戶</strong> > <strong>字段</strong> ，然後選擇<strong>帳號</strong>.</li>\n<li>在右側窗格中，修改以下值。<ul>\n<li>主鍵：<strong>真</strong></li>\n</ul>\n</li>\n<li>點擊<strong>保存</strong>.</li>\n<li>展開<b>數據模型</b> > <strong>賬戶</strong> > <strong>字段</strong> ，然後選擇<strong>賬戶名</strong>.</li>\n<li>在右側窗格中，修改以下值。<ul>\n<li>最大長度：<strong>30</strong></li>\n</ul>\n</li>\n<li>點擊<strong>保存</strong>.</li>\n</ol>"
    },
    "navigationBar": {
      "left": {
        "text": "上一個"
      },
      "right": {
        "text": "下一個"
      }
    }
  },
  "Card.VoltMX.CreateServicesWebV9.configurePayModel": {
    "content": {
      "title": "配置數據模型",
      "body": "<ol>\n<li>在數據模型選項卡下，展開<b>數據模型</b> > <strong>收件人</strong> > <strong>字段</strong> ，然後選擇<strong>收件人ID</strong>.</li>\n<li>在右側窗格中，修改以下值。<ul>\n<li>類型：<strong>數字</strong></li>\n<li>自動生成：<strong>真</strong></li>\n</ul>\n</li>\n<li>點擊<strong>保存</strong>.</li>\n<li>在左窗格中，導航到<strong>數據模型</strong>&gt;<strong>收件人</strong>&gt;<strong>字段</strong> ，然後選擇<strong>電話</strong>.</li>\n<li>在右側窗格中，修改以下值。<ul>\n<li>最大長度：<strong>30</strong></li>\n</ul>\n</li>\n<li>點擊<strong>保存</strong>.</li>\n</ol>"
    },
    "navigationBar": {
      "left": {
        "text": "上一個"
      },
      "right": {
        "text": "下一個"
      }
    }
  },
  "Card.VoltMX.CreateServicesWebV9.configurePayModel1": {
    "content": {
      "title": "配置收款人模型",
      "body": "<ol>\n<li>下<strong>數據模型</strong> , 導航到<strong>收件人</strong> ，然後選擇<strong>字段</strong>.</li><li>從右側窗格中，對於字段<b>收件人ID</b> , 列下<b>主鍵</b> ，將開關切換到 True。<li>選擇複選框<strong>SeqNo</strong> ，然後單擊<strong>刪除</strong>.</li>\n<li>在<strong>刪除字段</strong>對話框，點擊<strong>刪除</strong>.</li>\n<li>點擊<strong>保存</strong>.</li>\n</ol>"
    },
    "navigationBar": {
      "left": {
        "text": "上一個"
      },
      "right": {
        "text": "下一個"
      }
    }
  },
  "Card.VoltMX.CreateServicesWebV9.configurePayService": {
    "content": {
      "title": "配置收款人服務",
      "body": "<ol>\n<li>在左上角，單擊服務名稱。</li>\n<li>在名稱框中，鍵入<strong>收件人存儲</strong>.</li>\n<li>下<strong>樣本數據</strong> ，拖動<strong>收件人.zip</strong>來自提取文件的文件。</li><li>對於<b>刪除策略</b>選項，選擇<b>硬刪除</b>.\n<li>點擊<strong>保存</strong>.</li>\n<li>關閉<strong>編輯對象服務</strong>窗口。<br /> Iris 將服務添加到<strong>項目服務</strong>部分。</li>\n</ol>"
    },
    "navigationBar": {
      "left": {
        "text": "上一個"
      },
      "right": {
        "text": "下一個"
      }
    }
  },
  "Card.VoltMX.CreateServicesWebV9.createAccService": {
    "content": {
      "title": "創建新服務",
      "body": "<ol>\n<li>來自<strong>數據&amp;服務</strong>面板，展開<strong>項目服務</strong>.</li>\n<li>點擊<strong>配置新</strong>.</li>\n<li> 在<strong>數據存儲</strong>部分，選擇<strong>導入Excel文件</strong>.<br /> Iris 可能需要一些時間才能打開<strong>編輯對象服務</strong>窗口。</li>\n<li>在<strong>導入文件</strong>對話框，拖動<strong>賬戶.xlsx</strong>來自提取文件的文件。</li>\n<li>文件上傳後，點擊<strong>下一個</strong>.</li>\n<li>確保<strong>賬戶</strong> 被選中<strong>Excel工作表名稱</strong> ，然後單擊<strong>進口</strong>.</li>\n<li>點擊<strong>完成</strong>.<br /><b>數據模型</b>出現配置窗口。</li>\n</ol>"
    },
    "navigationBar": {
      "left": {
        "text": "上一個"
      },
      "right": {
        "text": "下一個"
      }
    }
  },
  "Card.VoltMX.CreateServicesWebV9.createPayeeService": {
    "content": {
      "title": "創建新服務",
      "body": "<ol>\n<li>來自<strong>數據&amp;服務</strong>面板，展開<strong>項目服務</strong>.</li>\n<li>點擊<strong>配置新</strong>.</li>\n<li> 在<strong>數據存儲</strong>部分，選擇<strong>導入Excel文件</strong>.<br /> Iris 可能需要一些時間才能打開<strong>編輯對象服務</strong>窗口。</li>\n<li>在<strong>導入文件</strong>窗口，拖動<strong>收件人.xlsx</strong>來自提取文件的文件。</li>\n<li>文件上傳後，點擊<strong>下一個</strong>.</li>\n<li>確保<strong>收件人</strong> 被選中<strong>Excel工作表名稱</strong> ，然後單擊<strong>進口</strong>.</li>\n<li>點擊<strong>完成</strong>.</li>\n</ol>"
    },
    "navigationBar": {
      "left": {
        "text": "上一個"
      },
      "right": {
        "text": "下一個"
      }
    }
  },
  "Card.VoltMX.CreateServicesWebV9.done": {
    "content": {
      "title": " 恭喜",
      "body": "<p>您已成功：</p>\n<ul>\n<li><strong>為以下數據創建和配置服務</strong>\n<ul>\n<li><strong>賬戶</strong></li>\n<li><strong>收件人</strong></li>\n</ul>\n</li>\n<li><strong>將服務發佈到運行時服務器</strong></li>\n</ul>\n<p> &nbsp;</p>\n<p>要了解如何將數據映射到應用程序的 UI，請查看下一次遠足：<a class=\"tour-link\" tour=\"ca148ftd-07a9-4ard-98ud-6163d4nc\"><strong> 5. 將應用程序 UI 連接到數據</strong></a>.</p>"
    },
    "navigationBar": {
      "left": {
        "text": "上一個"
      },
      "right": {
        "text": "完成"
      }
    }
  },
  "Card.VoltMX.CreateServicesWebV9.Intro": {
    "content": {
      "title": "為後端數據創建服務",
      "body": "<p> 在這次徒步旅行中，我們將：</p>\n<ul>\n<li>創建和配置存儲對象服務<b>賬戶</b>和<b>收件人</b>.\n</li>\n<li>將項目服務發佈到運行時服務器</li>\n</ul><br />\n<p>在開始之前，請完成以下遠足：</p><b>\n<ol>\n<li><a class=\"tour-link\" tour=\"705a94tb-faa0-47r7-a1ud-31b3dbnf\">啟動你的響應式網絡應用</a></li>\n<li><a class=\"tour-link\" tour=\"220f01t3-bda6-40r0-92uf-56631bnb\">從集合創建用戶界面</a></li>\n<li><a class=\"tour-link\" tour=\"5e1da5td-37a0-44r6-beu6-374c3cn1\">向應用程序添加身份驗證</a></li>\n</ol></b>\n\n<p>確保您打開在之前的徒步旅行中創建的相同項目。<br />要打開一個關閉的項目，從主菜單，導航到<strong>項目</strong>&gt;<strong>打開</strong>&gt;<strong>HCL 參考架構</strong>&gt;<strong>RecipientsWebApp</strong>.</p>\n<br/>\n<p>確保您下載並解壓縮<a href='#'onClick='javascript:openURL(\"https://raw.githubusercontent.com/HCL-TECH-SOFTWARE/volt-mx-tutorials/master/public/samples/RecipientsData.zip\")'> RecipientsData.zip</a>文件。注意解壓文件的位置。</p><br/>\n\n<p><strong>準備好後，單擊開始！</strong></p>"
    },
    "navigationBar": {
      "left": {
        "text": "上一個"
      },
      "right": {
        "text": "開始"
      }
    }
  },
  "Card.VoltMX.CreateServicesWebV9.publish": {
    "content": {
      "title": "發布服務",
      "body": "<ol>\n<li>在<strong>數據&amp;服務</strong>面板，旁邊<b>刷新</b> 按鈕，單擊菜單選項。</li>\n<li>選擇<strong>發布項目服務</strong>.<br />Iris 發布服務可能需要一些時間。</li>\n</ol>"
    },
    "navigationBar": {
      "left": {
        "text": "上一個"
      },
      "right": {
        "text": "下一個"
      }
    }
  }
}