{
  "kuid": "7384c2t3-3eaa-47rc-bcu7-8ee9afn4",
  "id": "VoltMX.ConnectAppServWebV9.onNavfunction",
  "content": {
    "title": "PreShow Event for Accounts Form",
    "body": "<ol>\n<li>From the <strong>Project</strong> explorer, navigate to <strong>Responsive Web / Desktop</strong> &gt; <strong>Forms</strong> and select <strong>frmAccount</strong>.</li>\n<li>From the <strong>Properties </strong>panel of Iris, navigate to the <strong>Action</strong> tab.</li>\n<li>For the <strong>preShow</strong> event, click <strong>Edit</strong>.<br /> The <strong>Action Editor </strong>window appears.</li>\n</ol>"
  },
  "pointer": {
    "direction": "left",
    "element": {
      "module": "projectexplorer",
      "path": "project-body\\project\\Responsive Web / Desktop"
    },
    "type": "default"
  },
  "navigationType": "manual",
  "navigationBar": {
    "left": {
      "text": "Previous",
      "enable": true,
      "hide": false
    },
    "right": {
      "text": "Next",
      "enable": true,
      "hide": false
    }
  },
  "navigationCondition": "",
  "position": "BOTTOM_LEFT",
  "meta": {
    "Creator": "Prem Garudadri",
    "CreatedOn": "Thu, 19 Dec 2019 05:24:46 GMT"
  },
  "context": [],
  "localization": {
    "en-us": {
      "content": {
        "title": "PreShow Event for Accounts Form",
        "body": "<ol>\n<li>From the <strong>Project</strong> explorer, navigate to <strong>Responsive Web / Desktop</strong> &gt; <strong>Forms</strong> and select <strong>frmAccount</strong>.</li>\n<li>From the <strong>Properties </strong>panel of Iris, navigate to the <strong>Action</strong> tab.</li>\n<li>For the <strong>preShow</strong> event, click <strong>Edit</strong>.<br /> The <strong>Action Editor </strong>window appears.</li>\n</ol>"
      },
      "navigationBar": {
        "left": {
          "text": "Previous"
        },
        "right": {
          "text": "Next"
        }
      }
    },
    "zh-cn": {
      "content": {
        "title": "帐户表格表",
        "body": "***<ol> \n <li>从<strong> project </strong>探索器，导航到<strong>响应web / desktop </strong>＆gt; <strong>表格</strong>并选择<strong> frmaccount </strong>。</li> \n <li>来自<strong> properties </strong> iris面板，导航到<strong> action </strong> tab。</li> \n <li>对于<strong> Preshow </strong>事件，单击<strong> edit </strong>。 \n </ol>"
      },
      "navigationBar": {
        "left": {
          "text": "以前的"
        },
        "right": {
          "text": "下一个"
        }
      }
    },
    "zh-tw": {
      "content": {
        "title": "帳戶表格表",
        "body": "***<ol> \n <li>從<strong> project </strong>探索器，導航到<strong>響應web / desktop </strong>＆gt; <strong>表格</strong>並選擇<strong> frmaccount </strong>。</li> \n <li>來自<strong> properties </strong> iris面板，導航到<strong> action </strong> tab。</li> \n <li>對於<strong> Preshow </strong>事件，單擊<strong> edit </strong>。 \n </ol>"
      },
      "navigationBar": {
        "left": {
          "text": "以前的"
        },
        "right": {
          "text": "下一個"
        }
      }
    }
  }
}