{
    "kuid": "4e7276t1-46ab-4br8-bcub-c08d0anf",
    "id": "kony.UsingTestRecorder_v9.testPlan2",
    "content": {
        "title": "Modify Default testPlan",
        "body": "<ol>\n<li>From <strong>Project</strong> Explorer, expand <strong>Test Resources</strong> &gt; <strong>Jasmine</strong> &gt; <strong>Mobile</strong> &gt; <strong>Test Plans</strong> and open the <strong>testPlan.js</strong> file.</li>\n<li>Replace the code in the file with the following code:<span style=\"background-color: #999999;\"><br />require([\"Test Plans/ RecipientsApp\"]);<br />/* Write the name of a test plan to execute. <br />Here, RecipientsApp is the name of the Test plan.*/ <br/>require([],function(){require([], function(){require([], function(){jasmine.getEnv().execute(); });});});</span></li>\n<li>Save the file.</li>\n</ol>"
    },
    "pointer": {
        "direction": "left",
        "element": {
            "module": "projectexplorer",
            "path": "project-body\\testresources\\Test Resources\\Jasmine\\Mobile\\Test Plans\\testPlan.js"
        },
        "type": "default"
    },
    "navigationType": "manual",
    "navigationBar": {
        "left": {
            "text": "Previous",
            "enable": true,
            "hide": false
        },
        "right": {
            "text": "Next",
            "enable": true,
            "hide": false
        }
    },
    "navigationCondition": "",
    "position": "BOTTOM_RIGHT",
    "meta": {
        "Creator": "Rashmi Menon",
        "CreatedOn": "Thu, 27 Feb 2020 09:19:55 GMT"
    },
    "context": []
}