{
  "kuid": "3231c0t5-a4af-48rf-bcue-953f25nb",
  "id": "VoltMX.AssignDatatotheSegmentV9.last",
  "content": {
    "title": "Congratulations",
    "body": "<p><strong>Well Done! You have successfully:</strong></p>\n<ul>\n<li>Created a form with a segment</li>\n<li>Added widgets to the segment</li>\n<li>Assigned data to the segment</li>\n</ul>\n<br/>\n<p>To learn more on what you can do with Volt MX Iris, visit <a href='#'onClick='javascript:openURL(\"https://support.hcltechsw.com/\")'>Base Camp</a>.</p>"
  },
  "pointer": {
    "direction": "left",
    "element": "",
    "type": "none"
  },
  "navigationType": "manual",
  "navigationBar": {
    "left": {
      "text": "Previous",
      "enable": true,
      "hide": false
    },
    "right": {
      "text": "Done",
      "enable": true,
      "hide": false
    }
  },
  "navigationCondition": "",
  "position": "CENTER",
  "meta": {
    "Creator": "Rashmi Menon",
    "CreatedOn": "Mon, 25 Nov 2019 11:25:37 GMT"
  },
  "context": [],
  "localization": {
    "en-us": {
      "content": {
        "title": "Congratulations",
        "body": "<p><strong>Well Done! You have successfully:</strong></p>\n<ul>\n<li>Created a form with a segment</li>\n<li>Added widgets to the segment</li>\n<li>Assigned data to the segment</li>\n</ul>\n<br/>\n<p>To learn more on what you can do with Volt MX Iris, visit <a href='#'onClick='javascript:openURL(\"https://support.hcltechsw.com/\")'>Base Camp</a>.</p>"
      },
      "navigationBar": {
        "left": {
          "text": "Previous"
        },
        "right": {
          "text": "Done"
        }
      }
    },
    "zh-cn": {
      "content": {
        "title": "恭喜",
        "body": "***<p> <strong>做得好！ 您已经成功：</strong> </p> \n <ul> \n <li>创建了一个段</li>的表单 \n <li>向片段添加了小部件</li> \n <li>将数据分配给细分</li> \n </ul> \n <br/> \n {13 <"
      },
      "navigationBar": {
        "left": {
          "text": "以前的"
        },
        "right": {
          "text": "完毕"
        }
      }
    },
    "zh-tw": {
      "content": {
        "title": "恭喜",
        "body": "***<p> <strong>做得好！ 您已經成功：</strong> </p> \n <ul> \n <li>創建了一個段</li>的表單 \n <li>向片段添加了小部件</li> \n <li>將數據分配給細分</li> \n </ul> \n <br/> \n {13 <"
      },
      "navigationBar": {
        "left": {
          "text": "以前的"
        },
        "right": {
          "text": "完畢"
        }
      }
    }
  }
}