{
  "kuid": "68edebt2-0ba0-45re-a9ud-5fe90bn6",
  "id": "VoltMX.CreateUIRWV9.createPayees",
  "content": {
    "title": "Create Recipient List Form",
    "body": "<ol>\n<li>From the <b>Storyboard</b> view, select <strong>frmAccount,</strong> and then click the <strong>+ </strong>icon.<br />Iris creates a new form.</li>\n<li>Above the new form, click <strong>Form1</strong>.</li>\n<li>Rename the form from <strong>Form1</strong> to <strong>frmRecipients</strong>.</li>\n<li>Press Enter key or Click on blank area to save the new name.</li></ol>"
  },
  "pointer": {
    "direction": "left",
    "element": {
      "module": "projectexplorer",
      "path": "project-body\\project\\Responsive Web / Desktop\\Forms"
    },
    "type": "default"
  },
  "navigationType": "manual",
  "navigationBar": {
    "left": {
      "text": "Previous",
      "enable": true,
      "hide": false
    },
    "right": {
      "text": "Next",
      "enable": true,
      "hide": false
    }
  },
  "navigationCondition": "",
  "position": "BOTTOM_RIGHT",
  "meta": {
    "Creator": "Prem Garudadri",
    "CreatedOn": "Wed, 18 Dec 2019 16:22:49 GMT"
  },
  "context": [],
  "localization": {
    "en-us": {
      "content": {
        "title": "Create Recipient List Form",
        "body": "<ol>\n<li>From the <b>Storyboard</b> view, select <strong>frmAccount,</strong> and then click the <strong>+ </strong>icon.<br />Iris creates a new form.</li>\n<li>Above the new form, click <strong>Form1</strong>.</li>\n<li>Rename the form from <strong>Form1</strong> to <strong>frmRecipients</strong>.</li>\n<li>Press Enter key or Click on blank area to save the new name.</li></ol>"
      },
      "navigationBar": {
        "left": {
          "text": "Previous"
        },
        "right": {
          "text": "Next"
        }
      }
    },
    "zh-cn": {
      "content": {
        "title": "创建收件人列表表格",
        "body": "<ol> \n <li>从<b>情节板</b>视图，选择<strong> frmaccount，</strong>，然后单击<strong>+ </strong>图标。<br /> iRis创建新表单。</li> \n <li>在新表单上方，单击<strong> form1 </strong>。</li> \n <li>从<strong> form1 </strong>重命名<strong> frmrecipient </strong>。</li> \n <li>按Enter键或单击空白区域以保存新名称。</li> </ol>"
      },
      "navigationBar": {
        "left": {
          "text": "以前的"
        },
        "right": {
          "text": "下一个"
        }
      }
    },
    "zh-tw": {
      "content": {
        "title": "創建收件人列表表格",
        "body": "<ol> \n <li>從<b>情節板</b>視圖，選擇<strong> frmaccount，</strong>，然後單擊<strong>+ </strong>圖標。<br /> iRis創建新表單。</li> \n <li>在新表單上方，單擊<strong> form1 </strong>。</li> \n <li>從<strong> form1 </strong>重命名<strong> frmrecipient </strong>。</li> \n <li>按Enter鍵或單擊空白區域以保存新名稱。</li> </ol>"
      },
      "navigationBar": {
        "left": {
          "text": "以前的"
        },
        "right": {
          "text": "下一個"
        }
      }
    }
  }
}