{
  "Card.VoltMX.IntroductiontoNFIV9.Intro": {
    "content": {
      "title": "NFI簡介",
      "body": "<p> <strong>本機函數接口（NFIS）</strong>是JavaScript包裝器，可幫助應用程序開發人員在Volt MX Iris中實現Android或iOS特定功能。</p> \n <p>在此遠足中，使用Android特定的NFI，您將能夠從應用程序上訪問Android設備上的設備設置。</p>"
    },
    "navigationBar": {
      "left": {
        "text": "以前的"
      },
      "right": {
        "text": "開始"
      }
    }
  },
  "Card.VoltMX.IntroductiontoNFIV9.Intro1": {
    "content": {
      "title": "NFI簡介",
      "body": "<p> <strong>讓我開始！</strong> </p> \n <p>在這次遠足中，我們將：</p> \n <ul> \n <li>配置使用volt mx Iris從應用程序上訪問Android設備上設備設置所需的Android本機函數API。</li> \n <li>在表單控制器中添加代碼以訪問設備設置</li> \n <li>構建，發布和查看應用程序。</li> \n </ul> \n <p> <strong>當您準備就緒時，單擊下一步！</strong> </p>"
    },
    "navigationBar": {
      "left": {
        "text": "以前的"
      },
      "right": {
        "text": "下一個"
      }
    }
  },
  "Card.VoltMX.IntroductiontoNFIV9.NewProject1": {
    "content": {
      "title": "創建一個新項目",
      "body": "<ol> \n <li>從主菜單導航至<strong> project </strong>＆gt; <strong>新項目</strong>。</li> \n <li>來自<strong>您現在想從什麼開始？ </strong>窗口，選擇<strong>本機應用</strong>。</li> \n <li>單擊<strong> Next </strong>。<br/> <b>您從本機應用程序</b>窗口打開。 </li> \n </ol>"
    },
    "navigationBar": {
      "left": {
        "text": "以前的"
      },
      "right": {
        "text": "下一個"
      }
    }
  },
  "Card.VoltMX.IntroductiontoNFIV9.NewProject2": {
    "content": {
      "title": "創建一個新項目",
      "body": "<ol> \n <li>在<strong>項目名稱</strong>下，輸入<strong> myDevicesettings </strong>。</li> \n <li>單擊<strong>創建</strong>。<br />使用一個Flex表單創建一個新應用程序。 <br />應用程序在<strong>故事板</strong>視圖中打開。</li> \n </ol>"
    },
    "navigationBar": {
      "left": {
        "text": "以前的"
      },
      "right": {
        "text": "下一個"
      }
    }
  },
  "Card.VoltMX.IntroductiontoNFIV9.rename": {
    "content": {
      "title": "重命名表格",
      "body": "<ol> \n <li>在<strong>故事板</strong>視圖中，在新表單上方，單擊<strong> form1 </strong>。</li> \n <li>將表單從<strong> form1 </strong>重命名為<strong> deviceettings </strong>。</li> \n <li>將小部件添加到表單上，雙擊表單的空白區域，以<strong> design </strong> view。</li>打開表單 \n </ol>"
    },
    "navigationBar": {
      "left": {
        "text": "以前的"
      },
      "right": {
        "text": "下一個"
      }
    }
  },
  "Card.VoltMX.IntroductiontoNFIV9.addUi": {
    "content": {
      "title": "添加一個按鈕小部件",
      "body": "<ol> \n     <li>從虹膜的左下左下，導航到<strong>默認庫</strong>。</li> \n     <li> <strong>默認庫</strong>旁邊，您將看到<strong>我的庫</strong> tab和搜索圖標。 單擊搜索圖標🔍。</li> \n     <li>在出現的搜索欄中，輸入<strong>按鈕</strong>。</li> \n     <li>從結果中，在<strong>默認</strong>下，查找<strong> button </strong>。</li> \n     <li>拖動<strong>按鈕</strong>窗口小部件上<strong> devicessettings </strong>在畫布上形式。</li> \n     <li>從Iris的上左角，在<strong> Project </strong> explorer中，展開<strong> Mobile </strong>＆gt; <strong> forms </strong>＆gt; <strong> deceseteTtings。</strong> </li> \n     <li>右鍵單擊<strong> decectionEttings </strong>下的按鈕，命名為buttonxxxxx，然後將按鈕從buttonxxxxx重命名為<strong> btnsettings </strong>。</li>。 \n     </ol>"
    },
    "navigationBar": {
      "left": {
        "text": "以前的"
      },
      "right": {
        "text": "下一個"
      }
    }
  },
  "Card.VoltMX.IntroductiontoNFIV9.addUI2": {
    "content": {
      "title": "設計按鈕小部件",
      "body": "***<ol> \n <li>從iris的右上角，在<strong> properties </strong>面板中，單擊<strong> look </strong>。</li> \n <li>修改以下屬性的值： \n <ul> \n <li>在<strong>外觀</strong>部分，<strong>文本：訪問設備設置</strong> </li> \n <li>在<strong> flex </strong>部分，<strong>中心x：50％</strong> </li> {20} \n <li>在<strong> flex </strong>部分，<strong>中心y </strong>：<strong> 50％</strong> </li> {28} \n </ul> \n </li> \n </ol>"
    },
    "navigationBar": {
      "left": {
        "text": "以前的"
      },
      "right": {
        "text": "下一個"
      }
    }
  },
  "Card.VoltMX.IntroductiontoNFIV9.addCode": {
    "content": {
      "title": "將代碼添加到控制器",
      "body": "<ol> \n     <li>下載從<a href='#'onClick='javascript:openURL(\"https://github.com/HCL-TECH-SOFTWARE/volt-mx-tutorials/raw/master/public/samples/NFIpositioncode.zip\")'>在此處</a>的代碼。</li> \n     <li>打開下載的文件並複制其內容。</li> \n     <li>從<strong> project </strong>探索器，展開<strong>移動</strong>＆gt; <strong>控制器</strong>。</li> \n     <li>選擇<strong> deviceetsettingscontroller </strong>。<br />文件在畫布上以編輯模式打開。</li> \n     <li>刪除文件<strong> devesiceettingscontroller </strong>中的所有現有代碼。</li> \n     <li>在<strong> deviceettingscontroller </strong>中輸入複製的代碼。</li> \n     <li>從主菜單中，導航到<strong> project </strong>，然後選擇<strong>保存所有</strong>。</li> \n     </ol>"
    },
    "navigationBar": {
      "left": {
        "text": "以前的"
      },
      "right": {
        "text": "下一個"
      }
    }
  },
  "Card.VoltMX.IntroductiontoNFIV9.eventCode": {
    "content": {
      "title": "將代碼鏈接到UI元素",
      "body": "***<ol> \n <li>從<strong> project </strong>探索器，導航到<strong>移動</strong>＆gt; <strong> forms </strong>> <b> decesiteettings </b>並選擇<strong> btnsettings </strong>。</li> \n <li>在畫布上，選擇按鈕。</li> \n <li>來自<strong>屬性面板</strong>導航到<strong> action </strong> tab。</li> \n <li>在<strong>常規</strong>部分，對於<strong> onClick </strong>事件，單擊<strong> edit </strong>。 31} \n </ol>"
    },
    "navigationBar": {
      "left": {
        "text": "以前的"
      },
      "right": {
        "text": "下一個"
      }
    }
  },
  "Card.VoltMX.IntroductiontoNFIV9.eventCode1": {
    "content": {
      "title": "將代碼鏈接到UI元素",
      "body": "***<ol> \n <li>在搜索欄中輸入<strong> Indoke函數</strong>，然後在<strong>函數</strong>下選擇<strong> Indoke函數</strong> \n 部分。</li> \n <li>從<strong>操作編輯器的右窗格</strong>，對於下拉下<strong>函數名稱</strong>，選擇<strong> opendevicesettings </strong>。</li>。{16} \n <li>單擊<strong>保存</strong>。</li> \n </ol>"
    },
    "navigationBar": {
      "left": {
        "text": "以前的"
      },
      "right": {
        "text": "下一個"
      }
    }
  },
  "Card.VoltMX.IntroductiontoNFIV9.openApp": {
    "content": {
      "title": "連接移動設備",
      "body": "***使用USB電纜將Android移動設備連接到計算機。<br />確保將USB的使用設置為<strong>傳輸</strong> <strong> {3}文件</strong>。"
    },
    "navigationBar": {
      "left": {
        "text": "以前的"
      },
      "right": {
        "text": "下一個"
      }
    }
  },
  "Card.VoltMX.IntroductiontoNFIV9.publish": {
    "content": {
      "title": "發布應用程序",
      "body": "***<ol> \n <li>從主菜單中，導航至<strong>構建</strong>。</li> \n <li>單擊<strong>構建並發布本機</strong>。<br/> <b>用戶必須登錄到鑄造帳戶，然後繼續執行此步驟</b>。<br /> {11} <strong> {12}構建並發布本機</strong> 出現窗口。</li> \n </ol>"
    },
    "navigationBar": {
      "left": {
        "text": "以前的"
      },
      "right": {
        "text": "下一個"
      }
    }
  },
  "Card.VoltMX.IntroductiontoNFIV9.publish1": {
    "content": {
      "title": "發布應用程序",
      "body": "<ol> \n <li>來自<strong> post build action </strong>下拉菜單，選擇<strong>在我的設備/仿真器</strong>上運行。</li> \n <li>從<strong>配置的設備和仿真器</strong>部分，在<strong> Mobile </strong>下，選擇您的移動設備。</li> \n <li>從<strong>構建模式</strong>下拉菜單，選擇<strong> debug </strong>。</li> \n <li>單擊<strong>構建</strong>。</li> \n </ol> \n <p> Iris可能需要幾分鐘才能構建和啟動該應用程序。</p>"
    },
    "navigationBar": {
      "left": {
        "text": "以前的"
      },
      "right": {
        "text": "下一個"
      }
    }
  },
  "Card.VoltMX.IntroductiontoNFIV9.view": {
    "content": {
      "title": "查看應用程序",
      "body": "***<ol> \n <li>在您的移動設備上，成功啟動後，出現<strong> volt mx JavaScript調試器配置</strong>窗口。<br />單擊<strong> cancel </strong>。 \n <li>單擊<strong>訪問設備設置</strong>。<br /> <strong> settings </strong> app in <b>移動</b>設備打開。</li> \n </ol>"
    },
    "navigationBar": {
      "left": {
        "text": "以前的"
      },
      "right": {
        "text": "下一個"
      }
    }
  },
  "Card.VoltMX.IntroductiontoNFIV9.last": {
    "content": {
      "title": "恭喜",
      "body": "<p>您已經成功：</p> \n <ul> <b> \n <li>添加了用於訪問Android設備上設備設置的Android NFI到項目。</li> \n <li>添加了代碼以調用Android NFI。</li> \n <li>在Android設備上構建並查看了應用程序。</li> </b> \n </ul> \n\n <p>您還可以在此處參考NFI <a href='#'onClick='javascript:openURL(\"https://opensource.hcltechsw.com/volt-mx-docs/docs/documentation/Iris/iris_nf_api_dev_guide/content/native_function.html\")'>的文檔</a>。</p>"
    },
    "navigationBar": {
      "left": {
        "text": "以前的"
      },
      "right": {
        "text": "完畢"
      }
    }
  }
}