{
  "Card.VoltMX.IntroductiontoNFIV9.Intro": {
    "content": {
      "title": "NFI简介",
      "body": "<p> <strong>本机函数接口（NFIS）</strong>是JavaScript包装器，可帮助应用程序开发人员在Volt MX Iris中实现Android或iOS特定功能。</p> \n <p>在此远足中，使用Android特定的NFI，您将能够从应用程序上访问Android设备上的设备设置。</p>"
    },
    "navigationBar": {
      "left": {
        "text": "以前的"
      },
      "right": {
        "text": "开始"
      }
    }
  },
  "Card.VoltMX.IntroductiontoNFIV9.Intro1": {
    "content": {
      "title": "NFI简介",
      "body": "<p> <strong>让我开始！</strong> </p> \n <p>在这次远足中，我们将：</p> \n <ul> \n <li>配置使用volt mx Iris从应用程序上访问Android设备上设备设置所需的Android本机函数API。</li> \n <li>在表单控制器中添加代码以访问设备设置</li> \n <li>构建，发布和查看应用程序。</li> \n </ul> \n <p> <strong>当您准备就绪时，单击下一步！</strong> </p>"
    },
    "navigationBar": {
      "left": {
        "text": "以前的"
      },
      "right": {
        "text": "下一个"
      }
    }
  },
  "Card.VoltMX.IntroductiontoNFIV9.NewProject1": {
    "content": {
      "title": "创建一个新项目",
      "body": "<ol> \n <li>从主菜单导航至<strong> project </strong>＆gt; <strong>新项目</strong>。</li> \n <li>来自<strong>您现在想从什么开始？ </strong>窗口，选择<strong>本机应用</strong>。</li> \n <li>单击<strong> Next </strong>。<br/> <b>您从本机应用程序</b>窗口打开。 </li> \n </ol>"
    },
    "navigationBar": {
      "left": {
        "text": "以前的"
      },
      "right": {
        "text": "下一个"
      }
    }
  },
  "Card.VoltMX.IntroductiontoNFIV9.NewProject2": {
    "content": {
      "title": "创建一个新项目",
      "body": "<ol> \n <li>在<strong>项目名称</strong>下，输入<strong> myDevicesettings </strong>。</li> \n <li>单击<strong>创建</strong>。<br />使用一个Flex表单创建一个新应用程序。 <br />应用程序在<strong>故事板</strong>视图中打开。</li> \n </ol>"
    },
    "navigationBar": {
      "left": {
        "text": "以前的"
      },
      "right": {
        "text": "下一个"
      }
    }
  },
  "Card.VoltMX.IntroductiontoNFIV9.rename": {
    "content": {
      "title": "重命名表格",
      "body": "<ol> \n <li>在<strong>故事板</strong>视图中，在新表单上方，单击<strong> form1 </strong>。</li> \n <li>将表单从<strong> form1 </strong>重命名为<strong> deviceettings </strong>。</li> \n <li>将小部件添加到表单上，双击表单的空白区域，以<strong> design </strong> view。</li>打开表单 \n </ol>"
    },
    "navigationBar": {
      "left": {
        "text": "以前的"
      },
      "right": {
        "text": "下一个"
      }
    }
  },
  "Card.VoltMX.IntroductiontoNFIV9.addUi": {
    "content": {
      "title": "添加一个按钮小部件",
      "body": "<ol> \n     <li>从虹膜的左下左下，导航到<strong>默认库</strong>。</li> \n     <li> <strong>默认库</strong>旁边，您将看到<strong>我的库</strong> tab和搜索图标。 单击搜索图标🔍。</li> \n     <li>在出现的搜索栏中，输入<strong>按钮</strong>。</li> \n     <li>从结果中，在<strong>默认</strong>下，查找<strong> button </strong>。</li> \n     <li>拖动<strong>按钮</strong>窗口小部件上<strong> devicessettings </strong>在画布上形式。</li> \n     <li>从Iris的上左角，在<strong> Project </strong> explorer中，展开<strong> Mobile </strong>＆gt; <strong> forms </strong>＆gt; <strong> deceseteTtings。</strong> </li> \n     <li>右键单击<strong> decectionEttings </strong>下的按钮，命名为buttonxxxxx，然后将按钮从buttonxxxxx重命名为<strong> btnsettings </strong>。</li>。 \n     </ol>"
    },
    "navigationBar": {
      "left": {
        "text": "以前的"
      },
      "right": {
        "text": "下一个"
      }
    }
  },
  "Card.VoltMX.IntroductiontoNFIV9.addUI2": {
    "content": {
      "title": "设计按钮小部件",
      "body": "***<ol> \n <li>从iris的右上角，在<strong> properties </strong>面板中，单击<strong> look </strong>。</li> \n <li>修改以下属性的值： \n <ul> \n <li>在<strong>外观</strong>部分，<strong>文本：访问设备设置</strong> </li> \n <li>在<strong> flex </strong>部分，<strong>中心x：50％</strong> </li> {20} \n <li>在<strong> flex </strong>部分，<strong>中心y </strong>：<strong> 50％</strong> </li> {28} \n </ul> \n </li> \n </ol>"
    },
    "navigationBar": {
      "left": {
        "text": "以前的"
      },
      "right": {
        "text": "下一个"
      }
    }
  },
  "Card.VoltMX.IntroductiontoNFIV9.addCode": {
    "content": {
      "title": "将代码添加到控制器",
      "body": "<ol> \n     <li>下载从<a href='#'onClick='javascript:openURL(\"https://github.com/HCL-TECH-SOFTWARE/volt-mx-tutorials/raw/master/public/samples/NFIpositioncode.zip\")'>在此处</a>的代码。</li> \n     <li>打开下载的文件并复制其内容。</li> \n     <li>从<strong> project </strong>探索器，展开<strong>移动</strong>＆gt; <strong>控制器</strong>。</li> \n     <li>选择<strong> deviceetsettingscontroller </strong>。<br />文件在画布上以编辑模式打开。</li> \n     <li>删除文件<strong> devesiceettingscontroller </strong>中的所有现有代码。</li> \n     <li>在<strong> deviceettingscontroller </strong>中输入复制的代码。</li> \n     <li>从主菜单中，导航到<strong> project </strong>，然后选择<strong>保存所有</strong>。</li> \n     </ol>"
    },
    "navigationBar": {
      "left": {
        "text": "以前的"
      },
      "right": {
        "text": "下一个"
      }
    }
  },
  "Card.VoltMX.IntroductiontoNFIV9.eventCode": {
    "content": {
      "title": "将代码链接到UI元素",
      "body": "***<ol> \n <li>从<strong> project </strong>探索器，导航到<strong>移动</strong>＆gt; <strong> forms </strong>> <b> decesiteettings </b>并选择<strong> btnsettings </strong>。</li> \n <li>在画布上，选择按钮。</li> \n <li>来自<strong>属性面板</strong>导航到<strong> action </strong> tab。</li> \n <li>在<strong>常规</strong>部分，对于<strong> onClick </strong>事件，单击<strong> edit </strong>。 31} \n </ol>"
    },
    "navigationBar": {
      "left": {
        "text": "以前的"
      },
      "right": {
        "text": "下一个"
      }
    }
  },
  "Card.VoltMX.IntroductiontoNFIV9.eventCode1": {
    "content": {
      "title": "将代码链接到UI元素",
      "body": "***<ol> \n <li>在搜索栏中输入<strong> Indoke函数</strong>，然后在<strong>函数</strong>下选择<strong> Indoke函数</strong> \n 部分。</li> \n <li>从<strong>操作编辑器的右窗格</strong>，对于下拉下<strong>函数名称</strong>，选择<strong> opendevicesettings </strong>。</li>。{16} \n <li>单击<strong>保存</strong>。</li> \n </ol>"
    },
    "navigationBar": {
      "left": {
        "text": "以前的"
      },
      "right": {
        "text": "下一个"
      }
    }
  },
  "Card.VoltMX.IntroductiontoNFIV9.openApp": {
    "content": {
      "title": "连接移动设备",
      "body": "***使用USB电缆将Android移动设备连接到计算机。<br />确保将USB的使用设置为<strong>传输</strong> <strong> {3}文件</strong>。"
    },
    "navigationBar": {
      "left": {
        "text": "以前的"
      },
      "right": {
        "text": "下一个"
      }
    }
  },
  "Card.VoltMX.IntroductiontoNFIV9.publish": {
    "content": {
      "title": "发布应用程序",
      "body": "***<ol> \n <li>从主菜单中，导航至<strong>构建</strong>。</li> \n <li>单击<strong>构建并发布本机</strong>。<br/> <b>用户必须登录到铸造帐户，然后继续执行此步骤</b>。<br /> {11} <strong> {12}构建并发布本机</strong> 出现窗口。</li> \n </ol>"
    },
    "navigationBar": {
      "left": {
        "text": "以前的"
      },
      "right": {
        "text": "下一个"
      }
    }
  },
  "Card.VoltMX.IntroductiontoNFIV9.publish1": {
    "content": {
      "title": "发布应用程序",
      "body": "<ol> \n <li>来自<strong> post build action </strong>下拉菜单，选择<strong>在我的设备/仿真器</strong>上运行。</li> \n <li>从<strong>配置的设备和仿真器</strong>部分，在<strong> Mobile </strong>下，选择您的移动设备。</li> \n <li>从<strong>构建模式</strong>下拉菜单，选择<strong> debug </strong>。</li> \n <li>单击<strong>构建</strong>。</li> \n </ol> \n <p> Iris可能需要几分钟才能构建和启动该应用程序。</p>"
    },
    "navigationBar": {
      "left": {
        "text": "以前的"
      },
      "right": {
        "text": "下一个"
      }
    }
  },
  "Card.VoltMX.IntroductiontoNFIV9.view": {
    "content": {
      "title": "查看应用程序",
      "body": "***<ol> \n <li>在您的移动设备上，成功启动后，出现<strong> volt mx JavaScript调试器配置</strong>窗口。<br />单击<strong> cancel </strong>。 \n <li>单击<strong>访问设备设置</strong>。<br /> <strong> settings </strong> app in <b>移动</b>设备打开。</li> \n </ol>"
    },
    "navigationBar": {
      "left": {
        "text": "以前的"
      },
      "right": {
        "text": "下一个"
      }
    }
  },
  "Card.VoltMX.IntroductiontoNFIV9.last": {
    "content": {
      "title": "恭喜",
      "body": "<p>您已经成功：</p> \n <ul> <b> \n <li>添加了用于访问Android设备上设备设置的Android NFI到项目。</li> \n <li>添加了代码以调用Android NFI。</li> \n <li>在Android设备上构建并查看了应用程序。</li> </b> \n </ul> \n\n <p>您还可以在此处参考NFI <a href='#'onClick='javascript:openURL(\"https://opensource.hcltechsw.com/volt-mx-docs/docs/documentation/Iris/iris_nf_api_dev_guide/content/native_function.html\")'>的文档</a>。</p>"
    },
    "navigationBar": {
      "left": {
        "text": "以前的"
      },
      "right": {
        "text": "完毕"
      }
    }
  }
}