{
  "Tour.IntroductiontoNFIV9": {
    "description": " यात्रा का विवरण"
  },
  "Hike.VoltMX.IntroductiontoNFIV9": {
    "description": " वृद्धि का विवरण"
  },
  "Card.VoltMX.IntroductiontoNFIV9.addCode": {
    "content": {
      "title": " नियंत्रक में कोड जोड़ें",
      "body": "<ol>\n<li> एनएफआई को लागू करने वाले कोड को यहां से डाउनलोड करें<a href='#'onClick='javascript:openURL(\"https://github.com/HCL-TECH-SOFTWARE/volt-mx-tutorials/raw/master/public/samples/NFIpositioncode.zip\")'> यहाँ</a>.</li>\n<li> डाउनलोड की गई फ़ाइल खोलें और उसकी सामग्री को कॉपी करें।</li>\n<li> से<strong> परियोजना</strong> एक्सप्लोरर, नेविगेट करने के लिए<strong> मोबाइल</strong> &gt;<strong> नियंत्रक</strong>.</li>\n<li> चुनें<strong> डिवाइससेटिंग्सनियंत्रक</strong>.<br /> फ़ाइल कैनवास पर संपादन मोड में खुलती है।</li>\n<li> कॉपी किया गया कोड दर्ज करें<strong> डिवाइससेटिंग्सनियंत्रक</strong>.</li><li> मुख्य मेनू से नेविगेट करें<b> परियोजना</b> और चुनें<b> सभी सहेजें</b>.</li>\n</ol>"
    },
    "navigationBar": {
      "left": {
        "text": " पिछला"
      },
      "right": {
        "text": " अगला"
      }
    }
  },
  "Card.VoltMX.IntroductiontoNFIV9.addUi": {
    "content": {
      "title": " एक बटन विजेट जोड़ें",
      "body": "<ol>\n<li> आइरिस के निचले-बाएँ कोने से, नेविगेट करें<strong> डिफ़ॉल्ट लाइब्रेरी</strong> और सर्च आइकन पर क्लिक करें। सर्च बार में एंटर करें<strong> बटन</strong>.</li>\n<li> परिणामों में से, चुनें<strong> बटन</strong> , और विजेट को<strong> डिवाइससेटिंग्स</strong> कैनवास में फॉर्म।</li>\n<li> आइरिस के ऊपरी-बाएँ कोने से, में<strong> परियोजना</strong> एक्सप्लोरर, विस्तृत करें<strong> मोबाइल</strong> &gt;<strong> प्रपत्र</strong> &gt;<strong> डिवाइस सेटिंग्स।</strong></li>\n<li> नए बटन विजेट पर राइट-क्लिक करें और बटन का नाम बदलें<strong> बीटीएनसेटिंग्स</strong>.</li>\n</ol>"
    },
    "navigationBar": {
      "left": {
        "text": " पिछला"
      },
      "right": {
        "text": " अगला"
      }
    }
  },
  "Card.VoltMX.IntroductiontoNFIV9.addUI2": {
    "content": {
      "title": " बटन विजेट डिज़ाइन करें",
      "body": "<ol>\n<li> आइरिस के ऊपरी-दाएँ कोने से, में<strong> गुण:</strong> पैनल, क्लिक करें<strong> देखो</strong></li>\n<li> निम्नलिखित गुणों के मान को संशोधित करें:<ul>\n<li> के तहत<strong> सूरतसंपत्ति के लिए </strong> अनुभाग,<strong> टेक्स्ट: डिवाइस सेटिंग्स तक पहुंचें</strong></li>\n<li> के तहत<strong> फ्लेक्स</strong> अनुभाग,<strong> केंद्र X: 50%</strong></li>\n<li> के तहत<strong> फ्लेक्स</strong> अनुभाग,<strong> केंद्र Y</strong>: <strong> 50%</strong></li>\n</ul>\n</li>\n</ol>"
    },
    "navigationBar": {
      "left": {
        "text": " पिछला"
      },
      "right": {
        "text": " अगला"
      }
    }
  },
  "Card.VoltMX.IntroductiontoNFIV9.eventCode": {
    "content": {
      "title": " कोड को UI तत्वों से लिंक करें",
      "body": "<ol>\n<li> से<strong> परियोजना</strong> एक्सप्लोरर, नेविगेट करने के लिए<strong> मोबाइल</strong> &gt;<strong> प्रपत्र</strong> > <b> डिवाइससेटिंग्स</b> और चुनें<strong> बीटीएनसेटिंग्स</strong>.</li>\n<li> कैनवास पर, बटन का चयन करें।</li>\n<li> से<strong> गुण पैनल</strong> पर नेविगेट करें<strong> क्रिया</strong> टैब।</li>\n<li> के तहत<strong> सामान्य</strong> अनुभाग, के लिए<strong> ऑनक्लिक</strong> घटना, क्लिक करें<strong> संपादित करें</strong>.<br/> The<b> एक्शन एडिटर</b> विंडो प्रकट होती है।</li>\n</ol>"
    },
    "navigationBar": {
      "left": {
        "text": " पिछला"
      },
      "right": {
        "text": " अगला"
      }
    }
  },
  "Card.VoltMX.IntroductiontoNFIV9.eventCode1": {
    "content": {
      "title": " कोड को UI तत्वों से लिंक करें",
      "body": "<ol>\n<li> से<strong> एक्शन एडिटर</strong> बाएँ मेनू, के अंतर्गत<strong> समारोह:</strong> अनुभाग, चुनें<strong> फ़ंक्शन को आमंत्रित करें</strong>.</li>\n<li> के दाएँ फलक से<strong> एक्शन एडिटर</strong> , ड्रॉप-डाउन के लिए<strong> समारोह का नाम</strong> , चुनें<strong> ओपनडिवाइस सेटिंग्स</strong>.</li>\n<li> क्लिक करें<strong> सहेजें</strong>.</li>\n</ol>"
    },
    "navigationBar": {
      "left": {
        "text": " पिछला"
      },
      "right": {
        "text": " अगला"
      }
    }
  },
  "Card.VoltMX.IntroductiontoNFIV9.Intro": {
    "content": {
      "title": " एनएफआई का परिचय",
      "body": "<p><strong> नेटिव फंक्शन इंटरफेस (NFI)</strong> जावास्क्रिप्ट रैपर हैं जो वोल्ट एमएक्स आईरिस में एंड्रॉइड या आईओएस विशिष्ट सुविधाओं को लागू करने में ऐप डेवलपर की सहायता करते हैं।</p>\n<p> इस वृद्धि में, Android-विशिष्ट NFI का उपयोग करके, आप किसी ऐप से Android डिवाइस पर डिवाइस सेटिंग एक्सेस करने में सक्षम होंगे।</p>"
    },
    "navigationBar": {
      "left": {
        "text": " पिछला"
      },
      "right": {
        "text": " प्रारंभ"
      }
    }
  },
  "Card.VoltMX.IntroductiontoNFIV9.Intro1": {
    "content": {
      "title": " एनएफआई का परिचय",
      "body": "<p><strong> चलिए शुरू करते हैं!</strong></p>\n<p> इस वृद्धि में, हम करेंगे:</p>\n<ul>\n<li> वोल्ट एमएक्स आईरिस का उपयोग करके ऐप से एंड्रॉइड डिवाइस पर डिवाइस सेटिंग्स तक पहुंचने के लिए आवश्यक एंड्रॉइड नेटिव फंक्शन एपीआई को कॉन्फ़िगर करें।</li>\n<li> डिवाइस सेटिंग्स तक पहुंचने के लिए फॉर्म कंट्रोलर में कोड जोड़ें</li>\n<li> ऐप बनाएं, प्रकाशित करें और देखें।</li>\n</ul>\n<p><strong> जब आप तैयार हों, तो अगला क्लिक करें!</strong></p>"
    },
    "navigationBar": {
      "left": {
        "text": " पिछला"
      },
      "right": {
        "text": " अगला"
      }
    }
  },
  "Card.VoltMX.IntroductiontoNFIV9.last": {
    "content": {
      "title": " बधाई",
      "body": "<p> आपने सफलतापूर्वक:</p>\n<ul><b>\n<li> किसी प्रोजेक्ट में एंड्रॉइड डिवाइस पर डिवाइस सेटिंग्स तक पहुंचने के लिए एंड्रॉइड एनएफआई को जोड़ा।</li>\n<li> Android NFI को लागू करने के लिए कोड जोड़ा गया।</li>\n<li> एंड्रॉइड डिवाइस पर एप्लिकेशन को बनाया और देखा।</li></b>\n</ul>\n\n<p> आप एनएफआई के लिए दस्तावेज भी देख सकते हैं<a href='#'onClick='javascript:openURL(\"https://opensource.hcltechsw.com/volt-mx-docs/docs/documentation/Iris/iris_nf_api_dev_guide/content/native_function.html\")'> यहाँ</a>.</p>"
    },
    "navigationBar": {
      "left": {
        "text": " पिछला"
      },
      "right": {
        "text": " हो गया"
      }
    }
  },
  "Card.VoltMX.IntroductiontoNFIV9.NewProject1": {
    "content": {
      "title": " एक नया प्रोजेक्ट बनाएं",
      "body": "<ol>\n<li> नेविगेट करें<strong> परियोजना</strong> &gt;<strong> नई परियोजना</strong>.</li>\n<li> से<strong> आप अभी क्या शुरू करना चाहते हैं?</strong> विंडो, चुनें<strong> मूल ऐप</strong>.</li>\n<li> क्लिक करें<strong> अगला</strong>.<br/> The<b> आपने एक नेटिव ऐप से शुरुआत की</b> विंडो खुलती है।</li>\n</ol>"
    },
    "navigationBar": {
      "left": {
        "text": " पिछला"
      },
      "right": {
        "text": " अगला"
      }
    }
  },
  "Card.VoltMX.IntroductiontoNFIV9.NewProject2": {
    "content": {
      "title": " एक नया प्रोजेक्ट बनाएं",
      "body": "<ol>\n<li> अंडर<strong> परियोजना का नाम</strong> , दर्ज करें<strong> MyDeviceSettings</strong>.</li>\n<li> क्लिक करें<strong> बनाएँ</strong>.<br /> एक फ्लेक्स फॉर्म के साथ एक नया एप्लिकेशन बनाया गया है।<br /> आवेदन में खुलता है<strong> स्टोरीबोर्ड</strong> देखें।</li>\n</ol>"
    },
    "navigationBar": {
      "left": {
        "text": " पिछला"
      },
      "right": {
        "text": " अगला"
      }
    }
  },
  "Card.VoltMX.IntroductiontoNFIV9.openApp": {
    "content": {
      "title": " अपना मोबाइल डिवाइस कनेक्ट करें",
      "body": "<ol>\n<li> USB केबल का उपयोग करके अपने Android मोबाइल डिवाइस को अपने कंप्यूटर से कनेक्ट करें।<br /> सुनिश्चित करें कि USB का उपयोग इस प्रकार सेट है<strong> स्थानांतरण</strong> <strong> फ़ाइलें</strong>.</li>\n</ol>"
    },
    "navigationBar": {
      "left": {
        "text": " पिछला"
      },
      "right": {
        "text": " अगला"
      }
    }
  },
  "Card.VoltMX.IntroductiontoNFIV9.publish": {
    "content": {
      "title": " ऐप प्रकाशित करें",
      "body": "<ol>\n<li> मुख्य मेनू से नेविगेट करें<strong> बिल्ड</strong>.</li>\n<li> क्लिक करें<strong> मूल निवासी बनाएं और प्रकाशित करें</strong>.<br /> The<strong> मूल निवासी बनाएं और प्रकाशित करें</strong> विंडो प्रकट होती है।</li>\n</ol>"
    },
    "navigationBar": {
      "left": {
        "text": " पिछला"
      },
      "right": {
        "text": " अगला"
      }
    }
  },
  "Card.VoltMX.IntroductiontoNFIV9.publish1": {
    "content": {
      "title": " ऐप प्रकाशित करें",
      "body": "<ol>\n<li> से<strong> पोस्ट बिल्ड एक्शन</strong> ड्रॉप-डाउन मेनू, चुनें<strong> मेरे डिवाइस पर चलाएँ</strong>.</li>\n<li> से<strong> कॉन्फ़िगर किए गए डिवाइस</strong> अनुभाग, के अंतर्गत<strong> मोबाइल</strong> अपना मोबाइल चुनें।</li>\n<li> से<strong> बिल्ड मोड</strong> ड्रॉप-डाउन मेनू, चुनें<strong> डीबग</strong>.</li>\n<li> क्लिक करें<strong> बिल्ड</strong>.</li>\n</ol>\n<p> आइरिस को ऐप बनाने और लॉन्च करने में कुछ मिनट लग सकते हैं।</p>"
    },
    "navigationBar": {
      "left": {
        "text": " पिछला"
      },
      "right": {
        "text": " अगला"
      }
    }
  },
  "Card.VoltMX.IntroductiontoNFIV9.rename": {
    "content": {
      "title": " फॉर्म का नाम बदलें",
      "body": "<ol>\n<li> में<strong> स्टोरीबोर्ड</strong> देखें, नए फॉर्म के ऊपर, क्लिक करें<strong> फॉर्म1</strong>.</li>\n<li> फॉर्म का नाम बदलें<strong> डिवाइससेटिंग्स</strong>.</li>\n<li> प्रपत्र में विजेट जोड़ने के लिए, प्रपत्र को खोलने के लिए प्रपत्र पर डबल-क्लिक करें<strong> डिज़ाइन</strong> देखें।</li>\n</ol>"
    },
    "navigationBar": {
      "left": {
        "text": " पिछला"
      },
      "right": {
        "text": " अगला"
      }
    }
  },
  "Card.VoltMX.IntroductiontoNFIV9.view": {
    "content": {
      "title": " ऐप देखें",
      "body": "<ol>\n<li> आपके मोबाइल डिवाइस पर, एक सफल लॉन्च के बाद,<strong> वोल्ट एमएक्स जावास्क्रिप्ट डीबगर कॉन्फ़िगरेशन</strong> विंडो प्रकट होती है।<br /> क्लिक करें<strong> रद्द करें</strong>.</li>\n<li> क्लिक करें<strong> डिवाइस सेटिंग्स तक पहुंचें</strong>.<br /> The<strong> सेटिंग्स</strong> ऐप में<b> मोबाइल</b> डिवाइस खुलता है।</li>\n</ol>"
    },
    "navigationBar": {
      "left": {
        "text": " पिछला"
      },
      "right": {
        "text": " अगला"
      }
    }
  }
}