{
  "Card.VoltMX.CreateServicesV9.Intro": {
    "content": {
      "title": "为后端数据创建服务",
      "body": "<p>在这次远足中，我们将：</p> \n <ul> \n <li>创建并配置存储对象服务<b>帐户</b>和<b>收件人</b>。 \n </li> \n <li>将项目服务发布到运行时服务器。</li> \n </ul> <br /> \n\n <p>在开始之前，完成以下徒步旅行：</p> \n <b> <ol> \n <li> <a class=\"tour-link\" tour=\"7408efte-e2aa-4cr8-a9ub-d7ba36n8\">启动您的第一个移动应用</a> </li> \n <li> <a class=\"tour-link\" tour=\"a617eft5-7ca8-4ard-8eu8-94cdean5\">从集合</a> </li>创建UI \n <li> <a class=\"tour-link\" tour=\"15d8c7t4-cda7-40rb-afu7-345cfcnc\">将身份验证添加到app </a> </li> \n </ol> </b> \n <br/> \n <p>确保您打开与上面徒步旅行2中创建的相同项目。<br />要打开一个封闭的项目，从主菜单中，导航至<strong> project </strong>＆gt; <strong>打开</strong>＆gt; <strong> HCl参考架构</strong>＆gt; <strong>收件人mobapp </strong>。</p> \n <br/> \n <p>确保您下载并提取<a href='#'onClick='javascript:openURL(\"https://github.com/HCL-TECH-SOFTWARE/volt-mx-tutorials/raw/master/public/samples/RecipientsData.zip\")'> colectientsData.zip </a>文件。 注意提取的文件的位置。</p> <br/> \n <strong>准备就绪时，单击“开始”！</strong>"
    },
    "navigationBar": {
      "left": {
        "text": "以前的"
      },
      "right": {
        "text": "开始"
      }
    }
  },
  "Card.VoltMX.CreateServicesV9.createAccountsService": {
    "content": {
      "title": "创建新服务",
      "body": "<ol> \n <li>来自<strong> data＆amp; 服务</strong>面板，展开<strong>项目服务</strong>。</li> \n <li>单击<strong>配置新</strong>。</li> \n <li>在<strong>数据存储</strong>部分下，选择<strong>导入Excel File </strong>。 在进行此步骤之前，用户必须登录到Foundry帐户。 <br />虹膜可能需要一些时间才能打开<strong>编辑对象服务</strong>窗口。</li> \n <li>在<strong>导入文件</strong>对话框中，从提取的文件中拖动<strong> accounts.xls </strong>文件。</li> \n <li>上传文件后，单击<strong>下一个</strong>。</li> \n <li>确保在<strong> excel表名称</strong>下选择<strong>帐户</strong>，然后单击<strong> import </strong>。</li> \n <li>单击<strong>完成</strong>，然后等待<strong>对象成功保存了</strong>咨询消息，然后再进行下一步。 <br /> </br>出现<b>数据模型</b>配置窗口。</li> \n </ol>"
    },
    "navigationBar": {
      "left": {
        "text": "以前的"
      },
      "right": {
        "text": "下一个"
      }
    }
  },
  "Card.VoltMX.CreateServicesV9.configureAccountModel1": {
    "content": {
      "title": "配置数据模型",
      "body": "***<ol> \n <li>从左窗格中选择<strong>数据模型</strong> tab。 帐户</strong>> <strong>字段</strong>，然后选择<strong> accountnumber </strong>。</li> \n <li>在右窗格中，修改以下值。 \n <ul> \n <li>主键：<strong> true </strong> </li> \n </ul> \n </li> \n <li>向下滚动到底部，然后单击＆nbsp; <strong>保存</strong>。</li> \n <li>展开<b>数据模型</b>> <strong>帐户</strong>> <strong>字段</strong>，然后选择<strong> accountName </strong>。</li>。{38} \n <li>在右窗格中，修改以下值。 \n <ul> \n <li>最大长度：<strong> 30 </strong> </li> \n </ul> \n </li> \n <li>向下滚动到底部，然后单击<strong>保存</strong>，然后等待<strong>对象成功保存</strong>咨询消息，然后再进行下一步。</li> \n </ol>"
    },
    "navigationBar": {
      "left": {
        "text": "以前的"
      },
      "right": {
        "text": "下一个"
      }
    }
  },
  "Card.VoltMX.CreateServicesV9.configureAccountModel2": {
    "content": {
      "title": "配置数据模型",
      "body": "***<ol> \n <li>在＆nbsp; <strong>数据模型</strong>，＆nbsp; nbsp; <strong>帐户</strong>＆nbsp;并选择<strong>＆nbsp; fields </strong>。 \n <li>选择＆nbsp; <strong> seqno </strong>的复选框，然后单击＆nbsp; <strong> delete </strong>。</li> \n <li>在＆nbsp; <strong>删除字段＆nbsp; </strong>对话框中，单击＆nbsp; <strong>删除</strong>。</li> \n <li>单击＆nbsp; <strong>保存</strong>并等待<strong>对象成功保存</strong>咨询消息，然后再继续下一步。</li> \n </ol>"
    },
    "navigationBar": {
      "left": {
        "text": "以前的"
      },
      "right": {
        "text": "下一个"
      }
    }
  },
  "Card.VoltMX.CreateServicesV9.configureAccountService": {
    "content": {
      "title": "配置帐户服务",
      "body": "<ol> \n <li>从窗口的左上角，单击服务名称。</li> \n <li>在＆nbsp; <strong>名称</strong> box，type＆nbsp; <strong> accountstorage1 </strong>。</li> \n <li>在＆nbsp; <strong>示例数据</strong>下，从提取的文件中拖动<strong> accounts.zip </strong>文件。</li> \n <li>单击<strong>保存</strong>，然后等待<strong>服务成功保存</strong>咨询消息，然后再进行下一步。</li> \n <li>关闭<strong>编辑对象服务</strong>窗口。<br /> iris可能需要一些时间将服务添加到<strong> project Services </strong>节。</li> \n </ol>"
    },
    "navigationBar": {
      "left": {
        "text": "以前的"
      },
      "right": {
        "text": "下一个"
      }
    }
  },
  "Card.VoltMX.CreateServicesV9.createPayeesService": {
    "content": {
      "title": "创建新服务",
      "body": "***<ol> \n <li>来自<strong> data＆amp; 服务</strong>面板，展开<strong>项目服务</strong>。</li> \n <li>单击<strong>配置新</strong>。</li> \n <li>在<strong>数据存储</strong>部分下，选择<strong>导入Excel File </strong>。<br /> Iris可能需要一些时间才能打开<strong>编辑对象服务</strong>窗口。{19 } \n <li>在<strong>导入文件</strong>窗口中，从提取的文件中拖动<strong> colect.xls </strong>文件。</li> \n <li>上传文件后，单击<strong>下一个</strong>。</li> \n <li>确保在<strong> excel表名称</strong>下选择<strong>收件人</strong>，然后单击<strong> import </strong>。</li>。{37} \n <li>单击<strong>完成</strong>，然后等待<strong>对象成功保存</strong>咨询消息，然后再进行下一步。</li> \n </ol>"
    },
    "navigationBar": {
      "left": {
        "text": "以前的"
      },
      "right": {
        "text": "下一个"
      }
    }
  },
  "Card.VoltMX.CreateServicesV9.configurePayeesModel2": {
    "content": {
      "title": "配置数据模型",
      "body": "***<ol> \n <li>在<strong>数据模型</strong>下，导航至<strong>收件人</strong>，然后选择<strong>字段</strong>。 conterientId </b>，在列<b>主键</b>下，将开关切换为true。 \n <li>选择<strong> seqno </strong>的复选框，然后单击<strong>删除</strong>。</li> \n <li>在<strong>删除字段</strong>对话框中，单击<strong>删除</strong>。</li> \n <li>单击<strong>保存</strong>，然后等待<strong>对象成功保存</strong>咨询消息，然后再进行下一步。</li> \n </ol>"
    },
    "navigationBar": {
      "left": {
        "text": "以前的"
      },
      "right": {
        "text": "下一个"
      }
    }
  },
  "Card.VoltMX.CreateServicesV9.configurePayeesModel1": {
    "content": {
      "title": "配置数据模型",
      "body": "***<ol> \n <li>从左窗格中选择<strong>数据模型</strong> tab。 10}字段</strong>，然后选择<strong> colectID </strong>。</li> \n <li>在右窗格中，修改以下值。 \n <ul> \n <li>类型：<strong>数字</strong> </li> \n <li>自动化：<strong> true </strong> </li> \n </ul> \n </li> \n <li>向下滚动到底部，然后单击<strong>保存</strong>。</li> \n <li>等待<strong>对象成功保存</strong>咨询消息，然后再继续下一步。</li> \n <li>在左窗格中，导航到<strong>数据模型</strong>＆gt; <strong>收件人</strong>＆gt; <strong>字段</strong>，然后选择<strong>电话</strong>。</li> \n <li>在右窗格中，修改以下值。 \n <ul> \n <li>最大长度：<strong> 30 </strong> </li> \n </ul> \n </li> \n <li>向下滚动，然后单击<strong>保存</strong>。</li> \n <li>等待<strong>对象成功保存</strong>咨询消息。</li> \n </ol>"
    },
    "navigationBar": {
      "left": {
        "text": "以前的"
      },
      "right": {
        "text": "下一个"
      }
    }
  },
  "Card.VoltMX.CreateServicesV9.configurePayeesService": {
    "content": {
      "title": "配置服务",
      "body": "***<ol> \n <li>在左上角，单击服务名称。</li> \n <li>在名称框中，键入<strong> colectStorage1 </strong>。</li> \n <li>在<strong>下示例数据</strong>下，从提取的文件中拖动<strong> colect.zip </strong>文件。</li> <li> <b>删除策略</b>选项 16}硬删除</b>。 \n <li>单击<strong>保存</strong>。</li> \n <li>等待<strong>服务成功保存</strong>咨询消息，然后再继续下一步。</strong> \n <li>关闭<strong>编辑对象服务</strong>窗口。<br /> iris可能需要一些时间将服务添加到<strong> project Services </strong>节。</li>。{32} \n </ol>"
    },
    "navigationBar": {
      "left": {
        "text": "以前的"
      },
      "right": {
        "text": "下一个"
      }
    }
  },
  "Card.VoltMX.CreateServicesV9.publishServices": {
    "content": {
      "title": "发布服务",
      "body": "<ol> \n <li>在<strong> data＆amp; 服务</strong>面板，<b>刷新</b>按钮旁边，单击菜单选项。</li> \n <li>选择<strong>发布项目服务</strong>。<br />可能需要一些时间才能让Iris发布服务。</li> \n </ol>"
    },
    "navigationBar": {
      "left": {
        "text": "以前的"
      },
      "right": {
        "text": "下一个"
      }
    }
  },
  "Card.VoltMX.CreateServicesV9.done": {
    "content": {
      "title": "恭喜",
      "body": "***<p>您已经成功：</p> \n <ul> \n <li> <strong>为以下数据创建并配置了服务</strong> \n <ul> \n <li> <strong>帐户</strong> </li> \n <li> <strong>收件人</strong> </li> \n </ul> \n </li> \n <li> <strong>发布了运行时服务器的服务</strong> </li> \n </ul> \n <p>＆nbsp; </p> \n <p>要学习如何将数据映射到应用程序的UI，请查看下一个远足：</p> <a class=\"tour-link\" tour=\"fab6d8ta-91ac-4frc-8fud-14a9f7na\"> <strong> {27} 5.将应用程序UI连接到数据</strong> </a>。"
    },
    "navigationBar": {
      "left": {
        "text": "以前的"
      },
      "right": {
        "text": "完毕"
      }
    }
  }
}