{"Tour.IntroToVoltMXIris":{"description":"Introduction to New Volt MX Iris"},"Hike.HCL.IntroVoltMXIris":{"description":"Introduction to New Volt MX Iris"},"Card.HCL.IntroIris":{"content":{"title":"What's new in Volt MX Iris?","body":"Lorem ipsum dolor sit amet, consectetur adipiscing elit, sed do eiusmod tempor incididunt ut labore et dolore magna aliqua. Ut enim ad minim veniam, quis nostrud exercitation ullamco laboris nisi ut aliquip ex ea commodo consequat. Duis aute irure dolor in reprehenderit in voluptate velit esse cillum dolore eu fugiat nulla pariatur. Excepteur sint occaecat cupidatat non proident, sunt in culpa qui officia deserunt mollit anim id est laborum."},"navigationBar":{"left":{"text":"Previous"},"right":{"text":"Next"}}},"Card.HCL.IrisVisualChanges":{"content":{"title":"Visual Changes 1","body":"Lorem ipsum dolor sit amet, consectetur adipiscing elit, sed do eiusmod tempor incididunt ut labore et dolore magna aliqua. Ut enim ad minim veniam, quis nostrud exercitation ullamco laboris nisi ut aliquip ex ea commodo consequat. Duis aute irure dolor in reprehenderit in voluptate velit esse cillum dolore eu fugiat nulla pariatur. Excepteur sint occaecat cupidatat non proident, sunt in culpa qui officia deserunt mollit anim id est laborum."},"navigationBar":{"left":{"text":"Previous"},"right":{"text":"Next"}}},"Card.HCL.IrisVisualChanges-2":{"content":{"title":"Visual Changes 2","body":"Lorem ipsum dolor sit amet, consectetur adipiscing elit, sed do eiusmod tempor incididunt ut labore et dolore magna aliqua. Ut enim ad minim veniam, quis nostrud exercitation ullamco laboris nisi ut aliquip ex ea commodo consequat. Duis aute irure dolor in reprehenderit in voluptate velit esse cillum dolore eu fugiat nulla pariatur. Excepteur sint occaecat cupidatat non proident, sunt in culpa qui officia deserunt mollit anim id est laborum."},"navigationBar":{"left":{"text":"Previous"},"right":{"text":"Next"}}},"Card.HCL.IrisVisualChanges-3":{"content":{"title":"Visual Changes 3","body":"Lorem ipsum dolor sit amet, consectetur adipiscing elit, sed do eiusmod tempor incididunt ut labore et dolore magna aliqua. Ut enim ad minim veniam, quis nostrud exercitation ullamco laboris nisi ut aliquip ex ea commodo consequat. Duis aute irure dolor in reprehenderit in voluptate velit esse cillum dolore eu fugiat nulla pariatur. Excepteur sint occaecat cupidatat non proident, sunt in culpa qui officia deserunt mollit anim id est laborum."},"navigationBar":{"left":{"text":"Previous"},"right":{"text":"Next"}}},"Card.HCL.IrisVisualChanges-4":{"content":{"title":"Visual Changes 4","body":"Lorem ipsum dolor sit amet, consectetur adipiscing elit, sed do eiusmod tempor incididunt ut labore et dolore magna aliqua. Ut enim ad minim veniam, quis nostrud exercitation ullamco laboris nisi ut aliquip ex ea commodo consequat. Duis aute irure dolor in reprehenderit in voluptate velit esse cillum dolore eu fugiat nulla pariatur. Excepteur sint occaecat cupidatat non proident, sunt in culpa qui officia deserunt mollit anim id est laborum."},"navigationBar":{"left":{"text":"Previous"},"right":{"text":"Next"}}},"Card.HCL.IrisVisualChanges-5":{"content":{"title":"Visual Changes 5","body":"Lorem ipsum dolor sit amet, consectetur adipiscing elit, sed do eiusmod tempor incididunt ut labore et dolore magna aliqua. Ut enim ad minim veniam, quis nostrud exercitation ullamco laboris nisi ut aliquip ex ea commodo consequat. Duis aute irure dolor in reprehenderit in voluptate velit esse cillum dolore eu fugiat nulla pariatur. Excepteur sint occaecat cupidatat non proident, sunt in culpa qui officia deserunt mollit anim id est laborum."},"navigationBar":{"left":{"text":"Previous"},"right":{"text":"Done"}}},"Tour.AddCreateMob_v9":{"description":" Description of Tour"},"Hike.kony.AddCreateMob_v9":{"description":" Description of hike"},"Card.kony.AddCreateMob_v9.conf":{"content":{"title":"Configuring the UI from Action Editor","body":"<ol>\n<li>From the left menu of the <strong>Action Editor</strong>, under the <strong>Widget</strong> section, select <strong>Set Widget Property</strong>.</li>\n<li>From the right pane, under <strong>Mobile Forms</strong> &gt; <strong>frmAddRecipients</strong> > <b>flexAddRecipient</b> > <strong> flexFieldsContainer</strong> &gt; <strong>flexAdd</strong> &gt; <strong>flexBorderedButton</strong>, and then select <strong>btnSquared</strong>.</li>\n<li>In the right pane, modify the following values:\n<ul>\n<li>Property: <strong>Opacity</strong></li>\n<li>Value: <strong>100 %</strong></li>\n</ul>\n</li>\n</ol>"},"navigationBar":{"left":{"text":"Previous"},"right":{"text":"Next"}}},"Card.kony.AddCreateMob_v9.conf2":{"content":{"title":"Adding a Snippet","body":"<ol>\n<li>From the left menu of the <strong>Action Editor</strong>, under the <strong>Function</strong> section, select <strong>Add Snippet</strong>.</li>\n<li>In the right pane, provide the following code:<br /><span style=\"background-color: #999999;\"><strong>self.view.forceLayout();</strong></span></li>\n<li>From the <strong>Action Editor</strong> canvas, under <strong>INVOKE SERVICE</strong> node, select <strong>CALLBACK</strong>.</li>\n</ol>"},"navigationBar":{"left":{"text":"Previous"},"right":{"text":"Next"}}},"Card.kony.AddCreateMob_v9.conf3":{"content":{"title":"Failure Alert","body":"<ol>\n<li>From the left menu of the <strong>Action Editor, </strong>under the <strong>Condition</strong> section, select <strong>Else</strong>.</li>\n<li>From the left menu of the Action Editor, under the <strong>Client</strong> section, select <strong>Show Alert</strong>.</li>\n<li>In the right pane modify the following fields\n<ul>\n<li>Alert Type: <strong>Info</strong></li>\n<li>Alert Message: &ldquo;<strong>Sorry, your payee could not be added successfully. Please try again later.</strong>&rdquo;</li>\n</ul>\n</li><li>Click <b>Save</b>.</li>\n</ol>"},"navigationBar":{"left":{"text":"Previous"},"right":{"text":"Next"}}},"Card.kony.AddCreateMob_v9.createForm":{"content":{"title":"Create Add Recipients Screen","body":"<ol>\n<li>From the <strong>Project</strong> explorer, expand <strong>Mobile</strong>.</li>\n<li>Right-click <strong>Forms</strong> and select <strong>New Form</strong>.</li>\n<li>Right-click on <strong>Form1</strong>, and rename <strong>frmAddRecipient</strong>.</li>\n</ol>"},"navigationBar":{"left":{"text":"Previous"},"right":{"text":"Next"}}},"Card.kony.AddCreateMob_v9.done":{"content":{"title":"Congratulations","body":"<p>You&rsquo;ve successfully:</p>\n<ul>\n<li><strong>Created the create recipients screen</strong></li>\n<li><strong>Created and customized the UI for the create recipients screen</strong></li>\n<li><strong>Added navigation to and from the Create Recipients screen<br /></strong></li>\n</ul>\n<p>For more information about editing the recipients in your app, check out the next hike: <a class=\"tour-link\" tour=\"af52eatb-e7a4-46r0-90u8-cfd0c4n6\"><strong>8. Add Edit Recipients Feature</strong></a>.</p>"},"navigationBar":{"left":{"text":"Previous"},"right":{"text":"Done"}}},"Card.kony.AddCreateMob_v9.intro":{"content":{"title":"Adding Create Recipient","body":"<p><strong>Let&rsquo;s get started!</strong></p>\n<p>In this hike, you will learn how to:</p>\n<ul>\n<li>Create a create payee form</li>\n<li>Create the UI for the create payee form using services</li>\n</ul>\n<p>Before you get started, complete the hike:</p>\n<ol><b>\n<li><a class=\"tour-link\" tour=\"20cbd4t0-03a1-4er1-9dud-98bee3nb\">Import &amp; Launch a Native App</a></li><li><a class=\"tour-link\" tour=\"a617eft5-7ca8-4ard-8eu8-94cdean5\">Create UI from Collections</a></li><li><a class=\"tour-link\" tour=\"15d8c7t4-cda7-40rb-afu7-345cfcnc\">Add Authentication to the App</a></li>\n<li><a class=\"tour-link\" tour=\"a7a762t5-3eac-44r5-8bu2-89b781n1\">Creating Services for a Native App</a> </li>\n<li><a class=\"tour-link\" tour=\"fab6d8ta-91ac-4frc-8fud-14a9f7na\">Connect App UI to Data in a Native App</a></li><li><a class=\"tour-link\" tour=\"9837bat6-6daf-4cr7-a3u9-8aea36n0\">Creating Recipient Details and Delete Feature</a></li></b>\n</ol>\n<p>Ensure that you open the same project that you have created in the previous hikes.</p>\n<p>To open a closed project, from the main menu, navigate to <strong>Project</strong> &gt; <strong>Open</strong> &gt; <strong>Kony Reference Architecture</strong> &gt; <strong>RecipientsMobApp</strong>.</p>\n<p><strong>When you are ready, click Start!</strong></p>"},"navigationBar":{"left":{"text":"Previous"},"right":{"text":"Start"}}},"Card.kony.AddCreateMob_v9.nav":{"content":{"title":"Adding Navigation for Back Button","body":"<ol>\n<li>From the <strong>Project explorer</strong>, navigate to <strong>frmAddRecipient</strong> &gt; <strong>flexAddRecipient</strong> &gt; <strong>flexHeader,</strong> select <strong>headerButtonLeft</strong>.</li>\n<li>From the <strong>Properties</strong> panel, navigate to the <strong>Action </strong>tab.</li>\n<li>For the <strong>onClick</strong> event, click <strong>Edit</strong>. <br />The <strong>Action Editor</strong> window appears.</li>\n</ol>"},"navigationBar":{"left":{"text":"Previous"},"right":{"text":"Next"}}},"Card.kony.AddCreateMob_v9.nav1":{"content":{"title":"Adding Navigation for Back Button","body":"<ol>\n<li>From the <strong>Action Editor</strong> left menu, under the <strong>General</strong> section, select <strong>Navigate to Form</strong>.</li>\n<li>From the right pane of the <strong>Action Editor</strong>, select <strong>frmRecipients</strong>.</li>\n<li>Click <strong>Save</strong>.</li>\n</ol>"},"navigationBar":{"left":{"text":"Previous"},"right":{"text":"Next"}}},"Card.kony.AddCreateMob_v9.nav2":{"content":{"title":"Navigating to Add Recipients Screen","body":"<ol>\n<li>From the <strong>Action Editor</strong> left menu, under the <strong>General </strong>section, select <strong>Navigate to Form</strong>.</li>\n<li>From the right pane of the <strong>Action Editor</strong>, select <strong>frmAddRecipient</strong>.</li>\n<li>Click <strong>Save</strong>.</li>\n</ol>"},"navigationBar":{"left":{"text":"Previous"},"right":{"text":"Next"}}},"Card.kony.AddCreateMob_v9.navAcc":{"content":{"title":"Navigation to Accounts Screen","body":"<ol>\n<li>From the <strong>Project</strong> explorer, navigate to <strong>Mobile</strong> &gt; <strong>Forms</strong> &gt; <strong>frmAddRecipients </strong>&gt;<strong> flexFooter </strong>and select <strong>flxAccounts</strong>.</li>\n<li>From the <strong>Properties</strong> panel, navigate to the <strong>Action </strong>tab.</li>\n<li>Under the <strong>General</strong> section, for the <strong>onClick</strong> event, click <strong>Edit</strong>.<br /> The <strong>Action Editor </strong>window appears.</li>\n</ol>"},"navigationBar":{"left":{"text":"Previous"},"right":{"text":"Next"}}},"Card.kony.AddCreateMob_v9.navAcc2":{"content":{"title":"Navigation to Accounts Screen","body":"<ol>\n<li>From the <strong>Action Editor</strong> left menu, under the <strong>General </strong>section, select <strong>Navigate to Form</strong>.</li>\n<li>From the right pane of the <strong>Action Editor</strong>, select <strong>frmAccount</strong>.</li>\n<li>Click <strong>Save</strong>.</li>\n</ol>"},"navigationBar":{"left":{"text":"Previous"},"right":{"text":"Next"}}},"Card.kony.AddCreateMob_v9.navAdd":{"content":{"title":"Navigating to Add Recipients Screen","body":"<ol>\n<li>From the&nbsp;<strong>Project</strong>explorer, navigate to&nbsp;<strong>Mobile</strong>&nbsp;&gt;&nbsp;<strong>Forms</strong>&nbsp;&gt;&nbsp;<strong>frmRecipients </strong>&gt;<strong>&nbsp;flexRecipientList </strong>&gt;<strong> flexHeader</strong>, and select&nbsp;<strong>headerButtonRight</strong>.</li>\n<li>From the&nbsp;<strong>Properties </strong>panel, navigate to the&nbsp;<strong>Action</strong> tab.</li>\n<li>Under the&nbsp;<strong>General </strong>section, for the&nbsp;<strong>onClick </strong>event, click&nbsp;<strong>Edit</strong>.<br /> The&nbsp;<strong>Action Editor&nbsp;</strong>window appears.</li>\n</ol>"},"navigationBar":{"left":{"text":"Previous"},"right":{"text":"Next"}}},"Card.kony.AddCreateMob_v9.navRec":{"content":{"title":"Navigation to Recipients Screen","body":"<ol>\n<li>From the <strong>Project</strong> explorer, navigate to <strong>Mobile</strong> &gt; <strong>Forms</strong> &gt; <strong>frmAddRecipient </strong>&gt;<strong> flexFooter </strong>and select <strong>flexRecipientSelected</strong>.</li>\n<li>From the <strong>Properties</strong> panel, navigate to the <strong>Action </strong>tab.</li>\n<li>Under the <strong>General</strong> section, for the <strong>onClick</strong> event, click <strong>Edit</strong>.<br /> The <strong>Action Editor </strong>window appears.</li>\n</ol>"},"navigationBar":{"left":{"text":"Previous"},"right":{"text":"Next"}}},"Card.kony.AddCreateMob_v9.navRec2":{"content":{"title":"Navigating to Recipients Screen","body":"<ol>\n<li>From the <strong>Action Editor</strong> left menu, under the <strong>General </strong>section, select <strong>Navigate to Form</strong>.</li>\n<li>From the right pane of the <strong>Action Editor</strong>, select <strong>frmRecipients</strong>.</li>\n<li>Click <strong>Save</strong>.</li>\n</ol>"},"navigationBar":{"left":{"text":"Previous"},"right":{"text":"Next"}}},"Card.kony.AddCreateMob_v9.openApp":{"content":{"title":"Quantum App","body":"<ol>\n<li>Connect your mobile device to your computer using a USB cable.<br /> For an Android mobile device, ensure that the USB is set as <strong>Transfer files</strong>.<br /> For an iOS mobile device, ensure that <strong>trust </strong>has been established between the device and the computer.</li>\n<li>Launch your <strong>Quantum App</strong> on your mobile device.</li>\n<li>Select the <strong>USB</strong> tab.<br/>On a successful connection, <strong>Visualizer</strong> on your computer shows a success prompt.</li>\n</ol>"},"navigationBar":{"left":{"text":"Previous"},"right":{"text":"Next"}}},"Card.kony.AddCreateMob_v9.run":{"content":{"title":"Run the App","body":"<ol>\n<li>From the left navigation bar, click <strong>Run</strong>.<br /> It will take some time for Visualizer to display the <strong>Live Preview is ready</strong> window.</li>\n<li>After Visualizer runs the app, on your <strong>Quantum App</strong>, click <strong>Launch</strong>.</li>\n<li>You may see an <strong>Application Name </strong>text box. If there is a text box, enter <strong>RecipientsMobApp</strong>, and then click <strong>Launch</strong>.</li>\n</ol>"},"navigationBar":{"left":{"text":"Previous"},"right":{"text":"Next"}}},"Card.kony.AddCreateMob_v9.Service1":{"content":{"title":"Setting Initial Value for the Texts","body":"<ol>\n<li>From the <strong>Project</strong> explorer, navigate to <strong>Mobile</strong> &gt; <strong>Forms</strong> and select <strong>frmAddRecipient</strong>.</li>\n<li>From the <strong>Properties </strong>panel, navigate to the <strong>Action </strong>tab.</li>\n<li>Under the <strong>General </strong>section, for <strong>onNavigate</strong> event, click <strong>Edit</strong>.<br /> The <strong>Action Editor </strong>window appears.</li><li>From the top-right corner of the <strong>Action Editor</strong>, select <strong>Design View</strong>.</li>\n</ol>"},"navigationBar":{"left":{"text":"Previous"},"right":{"text":"Next"}}},"Card.kony.AddCreateMob_v9.service2":{"content":{"title":"Setting the Value of First Name","body":"<ol>\n<li>From the left menu of the <strong>Action Editor</strong>, under the <strong>Widget </strong>section, select <strong>Set Widget Property</strong>.</li>\n<li>From the right pane of the <strong>Action Editor</strong>, go to <strong>Mobile Forms</strong> &gt; <strong>frmAddRecipient</strong>&nbsp; &gt; <strong>flexAddRecipient</strong> &gt; <strong>flexFieldsContainer</strong> &gt; <strong>flexFirstName</strong>, and select <strong>tbxFirstName</strong>.</li>\n<li>In the right pane, modify the following values:\n<ul>\n<li>Property: <strong>Text </strong></li>\n<li>leave the <strong>Value </strong>as blank</li>\n</ul>\n</li>\n</ol>"},"navigationBar":{"left":{"text":"Previous"},"right":{"text":"Next"}}},"Card.kony.AddCreateMob_v9.service3":{"content":{"title":"Setting the Value of the Last Name","body":"<ol>\n<li>From the left menu of the <strong>Action Editor</strong>, under the <strong>Widget </strong>section, select <strong>Set Widget Property</strong>.</li>\n<li>From the right pane of the <strong>Action Editor</strong>, go to <strong>Mobile Forms</strong> &gt; <strong>frmAddRecipient</strong> &gt; <strong>flexAddRecipient</strong> &gt; <strong>flexFieldsContainer</strong> &gt; <strong>flexLastName</strong>, and select <strong>tbxLastName</strong>.</li>\n<li>In the right pane, modify the following values:\n<ul>\n<li>Property: <strong>Text </strong></li>\n<li>leave the <strong>Value </strong>as blank</li>\n</ul>\n</li>\n</ol>"},"navigationBar":{"left":{"text":"Previous"},"right":{"text":"Next"}}},"Card.kony.AddCreateMob_v9.service4":{"content":{"title":"Setting the Value of Nick Name","body":"<ol>\n<li>From the left menu of the <strong>Action Editor</strong>, under the <strong>Widget </strong>section, select <strong>Set Widget Property</strong>.</li>\n<li>From the right pane of the <strong>Action Editor</strong>, go to <strong>Mobile Forms</strong> &gt; <strong>frmAddRecipient</strong> &gt; <strong>flexAddRecipient</strong> &gt; <strong>flexFieldsContainer</strong> &gt; <strong>flexNickName</strong>, and select <strong>tbxNickName</strong>.</li>\n<li>In the right pane, modify the following values:\n<ul>\n<li>Property: <strong>Text </strong></li>\n<li>leave the <strong>Value </strong>as blank</li>\n</ul>\n</li>\n</ol>"},"navigationBar":{"left":{"text":"Previous"},"right":{"text":"Next"}}},"Card.kony.AddCreateMob_v9.service5":{"content":{"title":"Setting the Value of Phone Number","body":"<ol>\n<li>From the left menu of the <strong>Action Editor</strong>, under the <strong>Widget</strong> section, select <strong>Set Widget Property</strong>.</li>\n<li>From the right pane of the <strong>Action Editor</strong>, go to <strong>Mobile Forms</strong> &gt; <strong>frmAddRecipient</strong> &gt; <strong>flexAddRecipient</strong> &gt; <strong>flexFieldsContainer</strong> &gt; <strong>flexPhone</strong>, and select <strong>tbxPhone</strong>.</li>\n<li>In the right pane, modify the following values:\n<ul>\n<li>Property: <strong>Text </strong></li>\n<li>leave the <strong>Value </strong>as blank</li>\n</ul>\n</li>\n</ol>"},"navigationBar":{"left":{"text":"Previous"},"right":{"text":"Next"}}},"Card.kony.AddCreateMob_v9.service6":{"content":{"title":"Success Message","body":"<ol>\n<li>From the left menu of the <strong>Action Editor</strong>, under the <strong>Widget</strong> section, select <strong>Set Widget Property</strong>.</li>\n<li>From the right pane of the <strong>Action Editor</strong>, go to <strong>Mobile Forms</strong> &gt; <strong>frmAddRecipient</strong> > <strong>flexAddRecipient</strong> and select <strong>flexSuccessHeader</strong>.</li>\n<li>In the right pane, modify the following values:\n<ul>\n<li>Property: <strong>Visible</strong></li>\n<li>Value: <strong>False</strong></li>\n</ul>\n</li>\n<li>Click <strong>Save</strong>.</li>\n</ol>"},"navigationBar":{"left":{"text":"Previous"},"right":{"text":"Next"}}},"Card.kony.AddCreateMob_v9.serviceCall1":{"content":{"title":"Invoking Create Operation","body":"<ol>\n<li>From the <strong>Project</strong> explorer, navigate to <strong>Mobile</strong> &gt; <strong>Forms </strong>&gt;<strong> frmAddRecipient </strong>&gt; <strong> flexAddRecipient</strong> > <b>flexFieldsContainer</b> > <strong>flexAdd</strong> &gt;<strong> flexSquaredBorderedButton</strong>, and select <strong>btnSquared</strong>.</li>\n<li>From the <strong>Properties </strong>panel, navigate to the <strong>Action </strong>tab.</li>\n<li>Under the <strong>General </strong>section, for <strong>onClick</strong> event, click <strong>Edit</strong>.<br /> The <strong>Action Editor </strong>window appears.</li>\n<li>From the top-right corner of the <strong>Action Editor</strong> window, select the <strong>Design View</strong>.</li>\n</ol>"},"navigationBar":{"left":{"text":"Previous"},"right":{"text":"Next"}}},"Card.kony.AddCreateMob_v9.serviceCall2":{"content":{"title":"Invoking Create Operation","body":"<ol>\n<li>From the left menu of the <strong>Action Editor</strong>, under the <strong>Network</strong> section, select <strong>Loading Indicator</strong>.</li>\n<li>From the left menu of the <strong>Action Editor</strong>, under the  <strong>NETWORK</strong> section, select <strong>Invoke Service</strong>.</li>\n<li>From the right pane of the <strong>Action Editor</strong>, for <strong>Select Service</strong>, from the drop-down list, select <strong>RecipientStorage$Recipients</strong>.</li>\n<li>For <strong>Select Method</strong>, from the drop-down list, select <strong>create</strong>.</li>\n</ol>"},"navigationBar":{"left":{"text":"Previous"},"right":{"text":"Next"}}},"Card.kony.AddCreateMob_v9.serviceCall3":{"content":{"title":"Mapping the Data to Service","body":"<ol>\n<li>In the right pane of the <strong>Action Editor</strong> window, click <strong>Open Mapping Editor</strong>. <br /> The <strong>Mapping Editor</strong> window appears.</li>\n<li>From the left pane of the <strong>Mapping Editor</strong>, expand <strong>Forms </strong>&gt; <strong>frmAddRecipient</strong>.</li>\n<li>From the right pane of the <strong>Mapping Editor</strong>, expand <strong>Services</strong> &gt; <strong>Service - RecipientStorage$Recipients$create</strong>.</li>\n</ol>"},"navigationBar":{"left":{"text":"Previous"},"right":{"text":"Next"}}},"Card.kony.AddCreateMob_v9.serviceCall4":{"content":{"title":"Mapping the Data to Service","body":"<p>In the Mapping Editor, map the following elements from the left pane to the right pane:</p>\n<ul>\n<li>From the left pane of the <strong>Mapping Editor</strong>, expand <strong>TextField &ndash; tbxFirstName</strong>, and select <strong>text{string}</strong>.<br />From the right pane of the <strong>Mapping Editor</strong>, select <strong>FirstName {string}</strong>.</li>\n<li>From the left pane of the <strong>Mapping Editor</strong>, expand <strong>TextField &ndash; tbxLastName</strong>, and select <strong>text{string}</strong>.<br />From the right pane of the <strong>Mapping Editor</strong>, select <strong>LastName {string}</strong>.</li>\n<li>From the left pane of the <strong>Mapping Editor</strong>, expand <strong>TextField &ndash; tbxNickName</strong>, and select <strong>text{string}</strong>.<br />From the right pane of the <strong>Mapping Editor</strong>, select <strong>NickName {string}</strong>.</li>\n<li>From the left pane of the <strong>Mapping Editor</strong>, expand <strong>TextField &ndash; tbxPhone</strong>, and select <strong>text{string}</strong>.<br />From the right pane of the <strong>Mapping Editor</strong>, select <strong>Phone {string}</strong>.</li>\n</ul>"},"navigationBar":{"left":{"text":"Previous"},"right":{"text":"Next"}}},"Card.kony.AddCreateMob_v9.serviceCall5":{"content":{"title":"Invoking Create Operation","body":"<ol>\n<li>From the <strong>Action Editor</strong> canvas, under the <strong>Invoke Service</strong> node, select <strong>Callback</strong>.</li>\n<li>From the left menu of the <strong>Action Editor</strong>, under the <strong>Network</strong> section, select <strong>Loading Indicator</strong>.</li>\n<li>In the right pane of the <strong>Action Editor</strong>, set the Loading Indicator to <strong>Dismiss</strong>.</li>\n</ol>"},"navigationBar":{"left":{"text":"Previous"},"right":{"text":"Next"}}},"Card.kony.AddCreateMob_v9.settingData":{"content":{"title":"Setting the Data","body":"<ol>\n<li>From the left menu of the <strong>Action Editor, </strong>under the <strong>CONDITION</strong> section, select <b>If</b>.</li>\n<li>From the right pane of the Action Editor, under <strong>Add Condition</strong> modify the following values:<br />\n<ul>\n<li>First field &ndash; <strong>Value</strong></li>\n<li>Second field &ndash;&nbsp;<strong>Recipients.opstatus</strong></li>\n<li>Third field &ndash; <strong>Equals</strong></li>\n<li>Fourth field &ndash; <strong>Value</strong></li>\n<li>Fifth field - <strong>0</strong></li>\n</ul>\n</li>\n</ol>"},"navigationBar":{"left":{"text":"Previous"},"right":{"text":"Next"}}},"Card.kony.AddCreateMob_v9.settingData2":{"content":{"title":"Success Message","body":"<ol>\n<li>From the left menu of the Action Editor, under the <strong>Widget</strong>section, select&nbsp;<strong>Set Widget Property</strong>.</li>\n<li>From the right pane, under&nbsp;<strong>Mobile Forms</strong>&nbsp;&gt;&nbsp;<strong>frmAddRecipient&nbsp;</strong>&gt; <strong>flexFieldsContainer</strong>, and select&nbsp;<strong>flexAddSuccessHeader</strong>.</li>\n<li>In the right pane, modify the following values:\n<ul>\n<li>Property:&nbsp;<strong>Visible</strong></li>\n<li>Value:&nbsp;<strong>True</strong></li>\n</ul>\n</li>\n</ol>"},"navigationBar":{"left":{"text":"Previous"},"right":{"text":"Next"}}},"Card.kony.AddCreateMob_v9.settingData3":{"content":{"title":"Setting Button Opacity","body":"<ol>\n<li>From the left menu of the Action Editor, under the <strong>Widget</strong> section, select <strong>Set Widget Property</strong>.</li>\n<li>From the right pane, under <strong>Mobile</strong> &gt; <strong>Forms</strong> &gt; <strong> frmAddRecipient </strong>&gt; <strong> flexAddRecipient</strong> > <b>flexFieldsContainer</b> &gt; <strong>flexAdd </strong>&gt; <strong>flexBorderedButton</strong>, select <strong>btnSquared</strong>.</li>\n<li>In the right pane, modify the following values:\n<ul>\n<li>Property: <strong>Opacity</strong></li>\n<li>Value: <strong>60%</strong></li>\n</ul>\n</li>\n</ol>"},"navigationBar":{"left":{"text":"Previous"},"right":{"text":"Next"}}},"Card.kony.AddCreateMob_v9.settingData4":{"content":{"title":"Setting Delay","body":"<ol>\n<li>From the left menu of the Action Editor, under <strong>FUNCTION</strong> select <strong>Add Snippet</strong>.</li>\n<li>In the right pane of the <strong>Action Editor</strong>, type the following code:<br /><span style=\"background-color: #999999;\"><strong>self.view.forceLayout();</strong></span></li>\n<li>From the left menu of the <strong>Action Editor</strong>, under the <strong>GENERAL</strong> section,&nbsp; select <strong>Set Timeout</strong>.</li>\n<li>Provide the following value:\n<ul>\n<li>Delay: <strong>2</strong></li>\n</ul>\n</li>\n</ol>"},"navigationBar":{"left":{"text":"Previous"},"right":{"text":"Next"}}},"Card.kony.AddCreateMob_v9.settingSuccess":{"content":{"title":"Success Message","body":"<ol>\n<li>From the left menu of the <strong>Action Editor</strong>, under the <strong>Widget</strong> section, select <strong>Set Widget Property.</strong></li>\n<li>From the right pane, under <strong>Mobile</strong> &gt; <strong>Forms</strong> &gt; <strong>frmAddRecipient</strong> > <strong>flexAddRecipient</strong>, select <strong>flexAddSuccessHeader</strong>.</li>\n<li>In the right pane, modify the following values:\n<ul>\n<li>Property: <strong>Visible</strong></li>\n<li>Value: <strong>False</strong></li>\n</ul>\n</li>\n</ol>"},"navigationBar":{"left":{"text":"Previous"},"right":{"text":"Next"}}},"Card.kony.AddCreateMob_v9.uiAddRecipients":{"content":{"title":"UI for Adding Recipients","body":"<ol>\n<li>From the bottom-left corner of Visualizer, navigate to the <strong>Default Library</strong>.</li>\n<li>Next to the Default Library, you will see the <strong>My Libraries </strong>tab and a search icon. <br />Click the search icon.</li>\n<li>In the search bar that appears, enter <strong>AddRecipient</strong>.</li>\n<li>From the results, under <strong>RecipientsMobile</strong>, select <strong>AddRecipient</strong>.</li>\n<li>Drag the <strong>AddRecipient</strong> collection onto the <strong>frmAddRecipient</strong> on the canvas.</li>\n</ol>"},"navigationBar":{"left":{"text":"Previous"},"right":{"text":"Next"}}},"Card.kony.AddCreateMob_v9.view":{"content":{"title":"View the App","body":"<ol>\n<li>Enter the following login credentials in your app.\n<ul>\n<li>Username: <strong>john.doe@temenos.com</strong></li>\n<li>Password: <strong>Temenos@123</strong></li>\n</ul>\n</li>\n<li>Click <strong>Login</strong>.<br /> The <strong>Accounts List</strong> appears.</li>\n<li>Click <strong>Recipients</strong>.<br /> The <strong>Recipient list</strong> appears.</li>\n<li>Click the add <strong>(+) </strong>icon to add a recipient.</li>\n<li>Select a recipient from the list to view their details.<br />From the details page, you can delete the recipient.<br />We will be adding the edit functionality of recipients in the next hike.</li>\n<li>To exit the app on your <strong>mobile</strong> device, swipe two fingers from left to right or shake your mobile device and click <strong>Exit App</strong>.</li>\n</ol>"},"navigationBar":{"left":{"text":"Previous"},"right":{"text":"Next"}}},"Tour.AddLoginServiceMob_v9":{"description":" Description of Tour"},"Hike.kony.addLoginServiceV9":{"description":" Description of hike"},"Card.kony.addLoginServiceV9.addActions":{"content":{"title":"Configure the Actions","body":"<ol>\n<li>From the <strong>Action Editor</strong> canvas, under <strong>Invoke Service: UserAuthentication$login</strong>, select <strong>Success</strong>.</li>\n<li>From the left menu of the <strong>Action Editor</strong>, under <strong>General</strong>, select <strong>Navigate to Form</strong>.</li>\n<li>From the&nbsp;right&nbsp;pane of the <strong>Action Editor</strong>, select the form <strong>frmAccount</strong>.</li>\n<li>Click <strong>Save</strong>.</li>\n</ol>"},"navigationBar":{"left":{"text":"Previous"},"right":{"text":"Next"}}},"Card.kony.addLoginServiceV9.addMapping":{"content":{"title":"Map the Login Operation","body":"<ol><li>From the top right of the <b>Action Editor</b> window, select the <strong>Design View</strong>.</li>\n<li>In the Action Editor canvas,&nbsp;select&nbsp;<strong>Invoke Service: UserAuthentication$login</strong>.</li>\n<li>From the right pane of the <strong>Action Editor</strong>, click <strong>Open Mapping Editor</strong>.<br />The <strong>Mapping Editor</strong> window appears in the right pane of the canvas.</li>\n<li>From the left pane of the&nbsp;<strong>Mapping Editor</strong>, expand&nbsp;<strong>Forms </strong>&gt;&nbsp;<strong>frmLogin</strong>.</li>\n<li>From the right pane of the&nbsp;<strong>Mapping Editor</strong>, expand&nbsp;<strong>Services</strong> &gt;&nbsp;<strong>Service &ndash; UserAuthentication$login</strong>.</li>\n</ol>"},"navigationBar":{"left":{"text":"Previous"},"right":{"text":"Next"}}},"Card.kony.addLoginServiceV9.addService":{"content":{"title":"Add Service to Login Button","body":"<ol>\n<li>From the <strong>Project</strong> explorer, expand <strong>Mobile</strong> &gt; <strong>Forms</strong> and select <strong>frmLogin</strong>.</li>\n<li>From the <strong>Data &amp; Services</strong> panel, expand <strong>Project Services</strong> &gt; <strong>UserAuthentication</strong>&nbsp;and select the <strong>login</strong> operation.</li>\n<li>Drag and drop the <strong>lo</strong><strong>gin</strong> operation on to the <strong>Login</strong> button on the canvas.<br /> It may take some time for Visualizer to add the service to your app.</li>\n<li>From the list of actions, select <strong>Action: onClick</strong>.<br /> The<strong> Action Editor</strong>&nbsp;window appears.</li>\n</ol>"},"navigationBar":{"left":{"text":"Previous"},"right":{"text":"Next"}}},"Card.kony.addLoginServiceV9.addUser":{"content":{"title":"Add User for Authentication","body":"<ol>\n<li>Click&nbsp;<strong>Add User</strong>.<br /> The<strong> Add User&nbsp;</strong>window appears.</li>\n<li>Enter the following values in the respective fields:\n<ul>\n<li>Email/Username:<strong> john.doe@temenos.com</strong></li>\n<li>First Name:<strong> John</strong></li>\n<li>Last Name:<strong> Doe</strong></li>\n<li>Password:<strong> Temenos@123</strong></li>\n<li>Re-Enter Password:<strong> Temenos@123</strong></li>\n<li>From&nbsp;<strong>Add/Select Group</strong>, ensure the checkbox for&nbsp;<strong>Members </strong>is selected from the drop-down.</li>\n</ul></li>\n<li>Click&nbsp;<strong>Add User</strong>.</li>\n</ol>\n<p>A user is added to the repository.<br /> Note the Login credentials for testing.</p>"},"navigationBar":{"left":{"text":"Previous"},"right":{"text":"Next"}}},"Card.Kony.addLoginServiceV9.ConfigureLogout":{"content":{"title":"Configure Logout Parameters","body":"<ol>\n<li>From the top-right corner of your&nbsp;<strong>Action Editor </strong>window, select&nbsp;<strong>Design View</strong>.</li>\n<li>From the left menu of the&nbsp;<strong>Action Editor</strong>, under&nbsp;<strong>Network</strong>, select&nbsp;<strong>Invoke Service</strong>.</li>\n<li>In&nbsp;the right pane of the&nbsp;<strong>Action Editor</strong>, from the <strong>Select Service</strong> drop down, select <strong>UserAuthentication$logout</strong>.</li>\n</ol>"},"navigationBar":{"left":{"text":"Previous"},"right":{"text":"Next"}}},"Card.Kony.addLoginServiceV9.ConfigureLogout1":{"content":{"title":"Configure Logout Parameters","body":"<ol>\n<li>From the Action Editor canvas, under <strong>Invoke Service: UserAuthentication$logout</strong>,&nbsp;click <strong>Success</strong>.</li>\n<li>From the left menu of the&nbsp;<strong>Action Editor</strong>, under&nbsp;<strong>General</strong>, select&nbsp;<strong>&nbsp;Navigate to Form</strong>.</li>\n<li>In&nbsp;the right pane of the&nbsp;<strong>Action Editor</strong>, select <strong>frmLogin</strong>.</li>\n<li>Click&nbsp;<strong>Save</strong>.</li>\n</ol>"},"navigationBar":{"left":{"text":"Previous"},"right":{"text":"Next"}}},"Card.kony.addLoginServiceV9.createService":{"content":{"title":"Create Identity Service","body":"<ol>\n<li>From the <strong>Data &amp; Services</strong><strong>&nbsp;</strong>panel on the top right of your canvas, expand&nbsp;<strong>Project Services</strong>.</li>\n<li>Click&nbsp;<strong>Configure New </strong>to get a list of prepacked services.</li>\n<li>Under the&nbsp;<strong>Authenticate </strong>category, select&nbsp;<strong>User Repository</strong>.<br /> The<strong> Configure Identity Service</strong>&nbsp;window appears.</li>\n<li>Enter the name of the service <strong>UserAuthentication</strong>.</li>\n<li>Click&nbsp;<strong>Save</strong>.</li>\n</ol>"},"navigationBar":{"left":{"text":"Previous"},"right":{"text":"Next"}}},"Card.kony.addLoginServiceV9.deleteActions":{"content":{"title":"Delete Unwanted Actions","body":"<ol>\n<li>From the <strong>Action Editor</strong> canvas, go to <strong>Navigate to Form frmAccount</strong>. Right-click and select <strong>Delete</strong> for this action.</li>\n<li>From the <strong>Action Editor</strong> canvas, navigate to <strong>Invoke Service: UserAuthentication$login</strong> &gt; <strong>Success</strong> &gt; <strong>Show Alert</strong>.&nbsp;Right-click and select <strong>Delete</strong> for this action.</li>\n</ol>"},"navigationBar":{"left":{"text":"Previous"},"right":{"text":"Next"}}},"Card.kony.addLoginServiceV9.done":{"content":{"title":"Congratulations","body":"<p>You have successfully:</p>\n<ul>\n<li><strong>Created an Identity Service</strong></li>\n<li><strong>Integrated it with the Login form</strong></li>\n</ul>\n<p><br /> To add the functionality to create services for the Back-end data, check out the next hike: <a class=\"tour-link\" tour=\"a7a762t5-3eac-44r5-8bu2-89b781n1\"><strong>4. Creating Services for the Back-end data Mobile</strong></a>.</p>"},"navigationBar":{"left":{"text":"Previous"},"right":{"text":"Done"}}},"Card.kony.addLoginServiceV9.Intro":{"content":{"title":"Add Authentication to the App","body":"<p><strong>Let&rsquo;s get started!</strong><br /> In this hike, we will:</p>\n<ul>\n<li>Learn to configure an Identity Service</li>\n<li>Map the Identity Service to the UI elements of an app</li>\n</ul>\n<p>Before getting started, complete these hikes:</p>\n<ol><b>\n<li><a class=\"tour-link\" tour=\"20cbd4t0-03a1-4er1-9dud-98bee3nb\">Import &amp; Launch a Native App</a></li><li><a class=\"tour-link\" tour=\"a617eft5-7ca8-4ard-8eu8-94cdean5\">Create UI from Collections</a></li></b>\n</ol>\n<p>Ensure that you open the same project that you have created in the previous hikes.<br /> To open a closed project, from the main menu, navigate to <strong>Project</strong> &gt; <strong>Open</strong> &gt; <strong>Kony Reference Architecture</strong> &gt; <strong>RecipientsMobApp</strong>.<br /> <br /> <strong>When you are ready, click Start!</strong></p>"},"navigationBar":{"left":{"text":"Previous"},"right":{"text":"Start"}}},"Card.kony.addLoginServiceV9.launch":{"content":{"title":"Launch the App","body":"<ol>\n<li>From the left navigation bar, click <strong>Run</strong>.<br /> It may take some time for Visualizer to display the <strong>Live Preview is ready</strong> window.</li>\n<li>After Visualizer runs the app, on your <strong>Quantum App</strong>, click <strong>Launch</strong>.</li>\n<li>You may see an <strong>Application Name</strong> text box. If there is a text box, enter <strong>RecipientsMobApp</strong> and then click <strong>Launch</strong>.</li>\n</ol>"},"navigationBar":{"left":{"text":"Previous"},"right":{"text":"Next"}}},"Card.kony.addLoginServiceV9.launch1":{"content":{"title":"Run the App","body":"<p>In the previous hike, you could access the Account form without any credentials. Now the app will ask for login credentials.</p>\n<ol>\n<li>Enter the following login credentials in your app:\n<ul>\n<li>Username: <strong>john.doe@temenos.com</strong></li>\n<li>Password: <strong>Temenos@123</strong></li>\n</ul></li>\n<li>Click <strong>Login</strong>.<br /> The <strong>Accounts list</strong>  appears.</li>\n<li>Click&nbsp;<strong>Logout</strong>.&nbsp;<br /> The&nbsp;<strong>Login form</strong> appears.</li>\n<li>To <strong>Exit</strong> the app on your <strong>mobile</strong> device, swipe two fingers from left to right or shake your <strong>mobile</strong> device and click <strong>Exit App</strong>.</li>\n</ol>"},"navigationBar":{"left":{"text":"Previous"},"right":{"text":"Next"}}},"Card.kony.addLoginServiceV9.Logout":{"content":{"title":"Map Logout Parameters to UI","body":"<ol>\n<li>From the&nbsp;<strong>Project&nbsp;</strong>explorer, expand&nbsp;<b>Mobile</b> &gt; <b>Forms</b> > <strong> frmAccount</strong> > <b>flexAccountList</b>  &gt;  <b>flexHeader</b> and select <strong>headerButtonRight</strong>.</li>\n<li>From the <strong>Properties </strong>panel, navigate to the <strong>Action </strong>tab.</li>\n<li>For the <strong>onClick </strong>event, click <strong>Edit</strong>.<br /> The <strong>Action Editor</strong> window appears.</li>\n</ol>"},"navigationBar":{"left":{"text":"Previous"},"right":{"text":"Next"}}},"Card.kony.addLoginServiceV9.mapping":{"content":{"title":"Map Username and Password","body":"<p>Map the following elements from the left pane to the right pane:</p>\n<ul>\n<li>From the left pane, expand <strong>TextField &ndash; txtUserName</strong> and select <strong>text {string}</strong>. From the right pane, select <strong>userid {string}</strong></li>\n<li>From the left pane, expand <strong>TextField &ndash; txtPassword</strong> and select <strong>text {string}</strong>. From the right pane, select <strong>password {string}</strong></li>\n</ul>"},"navigationBar":{"left":{"text":"Previous"},"right":{"text":"Next"}}},"Card.kony.addLoginServiceV9.openApp":{"content":{"title":"Quantum App","body":"<ol>\n<li>Connect your mobile device to your computer using a USB cable.<br /> For Android mobile devices, ensure that the use of USB is set as <strong>Transfer files</strong>.<br /> For iOS mobile devices, ensure that &nbsp;<strong>trust</strong> has been established between your device and your computer.</li>\n<li>Launch the <strong>Quantum App</strong> on your mobile device.</li>\n<li>Select the <strong>USB</strong> tab.\n<br/>On a successful connection, <strong>Visualizer</strong> on your computer shows a success prompt.</li>\n</ol>"},"navigationBar":{"left":{"text":"Previous"},"right":{"text":"Next"}}},"Card.kony.addLoginServiceV9.TestLogin":{"content":{"title":"Test the Service of your App","body":"<ol>\n<li>On the&nbsp;<strong>Configure Identity Service </strong>window, click&nbsp;<strong>TEST LOGIN</strong>.</li>\n<li>Enter the&nbsp;<strong>User ID </strong>(email) and the&nbsp;<strong>Password </strong>you have created.</li>\n<li>Click&nbsp;<strong>SIGN IN</strong>.</li>\n<li>Close the&nbsp;<strong>Configure Identity Service</strong>&nbsp;window to add the service to your application.</li>\n</ol>"},"navigationBar":{"left":{"text":"Previous"},"right":{"text":"Next"}}},"Tour.ConnectAppUItoDataMob_v9":{"description":" Description of Tour"},"Hike.kony.ConnectAppUItoDataMob_v9":{"description":" Description of hike"},"Card.kony.ConnectAppUItoDataMob_v9.dismiss":{"content":{"title":"Dismiss Loading Indicator","body":"<ol>\n<li>From the left menu of the <strong>Action Editor</strong>, under the <strong>Network</strong> section, select&nbsp;<strong>Loading Indicator</strong>.</li>\n<li>From the right pane of the Action Editor, for&nbsp;<strong>Loading Indicator</strong>, select&nbsp;<strong>Dismiss</strong>.</li>\n<li>Click&nbsp;<strong>Save</strong>.</li>\n</ol>"},"navigationBar":{"left":{"text":"Previous"},"right":{"text":"Next"}}},"Card.kony.ConnectAppUItoDataMob_v9.done":{"content":{"title":"Congratulations","body":"<p>You have successfully:</p>\n<ul>\n<li><strong>Integrated Services with the UI elements of the form</strong> </li>\n</ul>\n<p>To learn how to create the Recipient details and add the functionality to delete a recipient, check out the next hike: </p><a class=\"tour-link\" tour=\"db7f07t9-c0a5-4erb-89u0-fab1ean8\"><b>6. Create Recipient Details</b></a>."},"navigationBar":{"left":{"text":"Previous"},"right":{"text":"Done"}}},"Card.kony.ConnectAppUItoDataMob_v9.intro":{"content":{"title":"Connect App UI to Services","body":"<p>In this hike, we will:</p>\n<ul>\n<li>Connect the UI elements of Accounts and Recipients form with the services</li>\n</ul>\n<p>Before you get started, complete the hike:</p>\n<ol><b>\n<li><a class=\"tour-link\" tour=\"20cbd4t0-03a1-4er1-9dud-98bee3nb\">Import &amp; Launch a Native App</a></li><li><a class=\"tour-link\" tour=\"a617eft5-7ca8-4ard-8eu8-94cdean5\">Create UI from Collections</a></li><li><a class=\"tour-link\" tour=\"15d8c7t4-cda7-40rb-afu7-345cfcnc\">Add Authentication to the App</a></li>\n<li><a class=\"tour-link\" tour=\"a7a762t5-3eac-44r5-8bu2-89b781n1\">Creating Services for a Native App</a> </li></b>\n</ol>\n<p>Ensure that you open the same project that you have created in the previous hikes.</p>\n<p>To open a closed project, from the main menu navigate to&nbsp;<strong>Project</strong>&nbsp;&gt;&nbsp;<strong>Open</strong>&nbsp;&gt;&nbsp;<strong>Kony Reference Architecture</strong>&nbsp;&gt;&nbsp;<strong>RecipientsMobApp</strong>. </p><br/>\n<p><strong>When you are ready, click Start!</strong></p>"},"navigationBar":{"left":{"text":"Previous"},"right":{"text":"Start"}}},"Card.kony.ConnectAppUItoDataMob_v9.launch":{"content":{"title":"View the App","body":"<ol>\n<li>Enter the following login credentials in your app:\n<ul>\n<li>Username:&nbsp;<strong>john.doe@temenos.com</strong></li>\n<li>Password:&nbsp;<strong>Temenos@123</strong></li>\n</ul>\n</li>\n<li>Click&nbsp;<strong>Login&nbsp;</strong>to view the list of the accounts.</li>\n<li>Click&nbsp;<strong>Recipients</strong> to view the list of recipients.</li>\n<li>To exit the app on your&nbsp;<strong>mobile </strong>device, swipe two fingers from left to right or shake your&nbsp;<strong>mobile </strong>device and click&nbsp;<strong>Exit App</strong>.</li>\n</ol>"},"navigationBar":{"left":{"text":"Previous"},"right":{"text":"Next"}}},"Card.kony.ConnectAppUItoDataMob_v9.mapping":{"content":{"title":"Add Mapping Action","body":"<ol>\n<li>From the <strong>Action Editor</strong> canvas, under <strong>Invoke Service</strong>, select <strong>Callback</strong>.</li>\n<li>From the left menu of the <strong>Action Editor</strong>, under <strong>Mapping</strong>, select <strong>Add Mapping</strong>.<br />The <strong>Mapping Editor</strong> window appears.</li>\n<li>From the left pane of the <strong>Mapping Editor</strong>, expand <strong>Services</strong> &gt; <strong>Service-AccountStorage$Accounts$get</strong> and select <strong>records{collection}</strong>.</li>\n<li>From the right pane of the <strong>Mapping Editor</strong>, expand <strong>Forms</strong> &gt; <strong>frmAccount</strong> &gt; <strong>Segment-segAccount</strong> &gt; <strong>masterdatamap</strong> and select <strong>rowData{collection}</strong>.</li>\n</ol>"},"navigationBar":{"left":{"text":"Previous"},"right":{"text":"Next"}}},"Card.kony.ConnectAppUItoDataMob_v9.mapping1":{"content":{"title":"Add Mapping to UI Elements","body":"<ol>\n<li>From the left pane of the mapping editor expand <strong>records{collection}.</strong><br/>From the right pane of the mapping editor expand <strong>rowData{collection}.</strong></li>\n<li>Map the following elements in the Mapping Editor from the left pane to the right pane.\n<ul>\n<li>From the left pane of the Mapping Editor, select <strong>AccountName{string}</strong>.<br /> From the right pane of the Mapping Editor, expand <strong>Label-lblAccName</strong> and select <strong>text{string}</strong>.</li>\n<li>From the left pane of the Mapping Editor, select <strong>Balance{string}</strong>.<br /> From the right pane of the Mapping Editor, expand <strong>Label-lblBalance</strong> and select <strong>text{string}</strong>.</li>\n</ul>\n</li>\n</ol>"},"navigationBar":{"left":{"text":"Previous"},"right":{"text":"Next"}}},"Card.kony.ConnectAppUItoDataMob_v9.mappingUI":{"content":{"title":"Mapping Services to UI Elements","body":"<p>Map the following elements in the Mapping Editor from the left pane to the right pane.</p>\n<ul>\n<li>From the left pane of the Mapping Editor, select <strong>RecipientID{number}</strong>.<br />From the right pane of the Mapping Editor, expand <strong>Label-lblPayeeID</strong> and select <strong>text{string}</strong>.</li>\n<li>From the left pane of the Mapping Editor, select <strong>FirstName{string}</strong>.<br />From the right pane of the Mapping Editor, expand <strong>Label-lblFirstName</strong> and <strong>select text{string}</strong>.</li>\n</ul>"},"navigationBar":{"left":{"text":"Previous"},"right":{"text":"Next"}}},"Card.kony.ConnectAppUItoDataMob_v9.mappingUI1":{"content":{"title":"Mapping Services to UI Elements","body":"<ul>\n<li>From the left pane of the Mapping Editor, select <strong>LastName{string}</strong>.<br />From the right pane of the Mapping Editor, expand <strong>Label-lblLastName</strong> and select <strong>text{string}</strong>.</li>\n<li>From the left pane of the Mapping Editor, select <strong>Phone{string}</strong>.<br />From the right pane of the Mapping Editor, expand <strong>Label-lblPhoneNumber</strong> and select <strong>text{string}</strong>.</li>\n</ul>"},"navigationBar":{"left":{"text":"Previous"},"right":{"text":"Next"}}},"Card.kony.ConnectAppUItoDataMob_v9.nav":{"content":{"title":"Navigation from Recipients List","body":"<ol>\n<li>From the <strong>Project explorer</strong>, expand <strong>frmRecipients</strong> &gt; <strong>flexRecipientList</strong> &gt; <strong>flexHeader,</strong>, and select <strong>headerButtonLeft</strong>.</li>\n<li>From the <strong>Properties</strong> panel, navigate to the <strong>Action </strong>tab.</li>\n<li>For the <strong>onClick</strong> event, click <strong>Edit</strong>. <br />The <strong>Action Editor</strong> window appears.</li>\n</ol>"},"navigationBar":{"left":{"text":"Previous"},"right":{"text":"Next"}}},"Card.kony.ConnectAppUItoDataMob_v9.nav1":{"content":{"title":"Navigation from Recipients List Screen","body":"<ol>\n<li>From the <strong>Action Editor</strong> left menu, under the <strong>General</strong> section, select <strong>Navigate to Form</strong>.</li>\n<li>From the right pane, select <strong>frmAccount</strong>.</li>\n<li>Click <strong>Save</strong>.</li>\n</ol>"},"navigationBar":{"left":{"text":"Previous"},"right":{"text":"Next"}}},"Card.kony.ConnectAppUItoDataMob_v9.openApp":{"content":{"title":"Quantum App","body":"<ol>\n<li>Connect your mobile device to your computer using a USB cable.<br /> For Android mobile devices, ensure that the use of USB is set as <strong>Transfer files</strong>.<br /> For iOS mobile devices, ensure that &nbsp;<strong>trust</strong> has been established between your device and your computer.</li>\n<li>Launch the <strong>Quantum App</strong> on your mobile device.</li>\n<li>Select the <strong>USB</strong> tab.\n<br/>On a successful connection, <strong>Visualizer</strong> on your computer shows a success prompt.</li>\n</ol>"},"navigationBar":{"left":{"text":"Previous"},"right":{"text":"Next"}}},"Card.kony.ConnectAppUItoDataMob_v9.preShow1":{"content":{"title":"Invoke Service Action","body":"<ol>\n<li>From the left menu of the&nbsp;<strong>Action Editor</strong>, under the <strong>Network</strong> section, select&nbsp;<strong>Loading Indicator</strong>.</li>\n<li>From the left menu of the&nbsp;<strong>Action Editor</strong>, under the <strong>Network</strong> section, select&nbsp;<strong>Invoke Service</strong>.</li>\n<li>From the right pane of the&nbsp;<strong>Action Editor</strong>, for the <strong>Select Service</strong>, from the drop-down list, select&nbsp;<strong>AccountStorage$Accounts</strong>.</li>\n<li>For the <strong>Select Method</strong>, from the drop-down list, select&nbsp;<strong>get</strong>.</li>\n</ol>"},"navigationBar":{"left":{"text":"Previous"},"right":{"text":"Next"}}},"Card.kony.ConnectAppUItoDataMob_v9.recipients":{"content":{"title":"Adding Service to Recipients Form","body":"<ol>\n<li>From the&nbsp;<strong>Project </strong>explorer, navigate to&nbsp;<strong>Mobile</strong>&nbsp;&gt;&nbsp;<strong>Forms</strong>, and select&nbsp;<strong>frmRecipients</strong>.</li>\n<li>From the top-right corner of Visualizer, navigate to the <strong>Properties&nbsp;</strong>panel and select the <strong>Action </strong>tab.</li>\n<li>Under the <strong>General&nbsp;</strong>section, for the <strong>preShow </strong>event, click <strong>Edit</strong>.<br /> The <strong>Action Editor</strong> window appears.</li><li>From the top-right corner of the <b>Action Editor</b> window, select the <strong>Design View</strong>.</li>\n\n</ol>"},"navigationBar":{"left":{"text":"Previous"},"right":{"text":"Next"}}},"Card.kony.ConnectAppUItoDataMob_v9.recipients1":{"content":{"title":"Invoke Service Action","body":"<ol>\n<li>From the left menu of the&nbsp;<strong>Action Editor</strong>, under the <strong>Network</strong> section, select&nbsp;<strong>Loading Indicator</strong>.</li>\n<li>From the left menu of the&nbsp;<strong>Action Editor</strong>, under the <strong>Network</strong> section, select&nbsp;<strong>Invoke Service</strong>.</li>\n<li>From the right pane of the&nbsp;<strong>Action Editor</strong>, for the <strong>Select Service</strong>, from the drop-down list, select&nbsp;<strong>RecipientStorage$Recipients</strong>.</li>\n<li>For the <strong>Select Method</strong>, from the drop-down list, select&nbsp;<strong>get</strong>.</li>\n</ol>"},"navigationBar":{"left":{"text":"Previous"},"right":{"text":"Next"}}},"Card.kony.ConnectAppUItoDataMob_v9.run":{"content":{"title":"Run the App","body":"<ol>\n<li>From the left Navigation bar, click&nbsp;<strong>Run</strong>.<br /> It will take some time for Visualizer to display the&nbsp;<strong>Live Preview is ready</strong></li>\n<li>After Visualizer runs the app, on your <strong>Quantum App</strong>, click&nbsp;<strong>Launch</strong>.</li>\n<li>You may see an&nbsp;<strong>Application Name&nbsp;</strong>text box. If there is a text box, enter&nbsp;<strong>RecipientsMobApp</strong>, and then click&nbsp;<strong>Launch</strong>.</li>\n</ol>"},"navigationBar":{"left":{"text":"Previous"},"right":{"text":"Next"}}},"Card.kony.ConnectAppUItoDataMob_v9.service1":{"content":{"title":"Invoke Service Action","body":"<ol>\n<li>From the <strong>Action Editor</strong> canvas, under <strong>Invoke Service</strong>, select <strong>Callback</strong>.</li>\n<li>From the left menu of the <strong>Action Editor</strong>, under the <strong>Mapping</strong> section, select <strong>Add Mapping</strong>.\n<br/>The <strong>Mapping Editor</strong> window appears.</li>\n<li>From the left pane of the <strong>Mapping Editor</strong>, expand <strong>Services</strong> &gt; <strong>Service- RecipientStorage$Recipients$get</strong> and select <strong>records{collection}</strong>.</li>\n<li>From the right pane of the <strong>Mapping Editor</strong>, expand <strong>Forms</strong> &gt; <strong>frmRecipient</strong> &gt; <strong>Segment-Recipients</strong> &gt; <strong>masterdatamap</strong> and select <strong>rowData{collection}</strong>.</li>\n<li>Expand <b>records{collection}</b> in the left pane and <b>rowData{collection}</b> in the right pane.</li>\n</ol>"},"navigationBar":{"left":{"text":"Previous"},"right":{"text":"Next"}}},"Card.kony.ConnectAppUItoDataMob_v9.static":{"content":{"title":"Add a Static Expression","body":"<ol>\n<li>From the right pane of the&nbsp;<strong>Mapping Editor</strong>, expand&nbsp;<strong>Label-lblLine&nbsp;</strong>and right-click on&nbsp;<strong>text{string}</strong>and select&nbsp;<strong>Add Expression</strong>.</li>\n<li>In the box that appears, add the following expression:<br /> <span style=\"background-color: #999999;\"><strong>\"\"</strong></span><br /> Click anywhere outside the box to close it.</li>\n<li>From the left menu of the&nbsp;<strong>Action Editor</strong>, under the <strong>Network </strong>section, select&nbsp;<strong>Loading Indicator</strong>.</li>\n<li>From the right pane of the Action Editor, for&nbsp;<strong>Loading Indicator</strong>, select&nbsp;<strong>Dismiss</strong>.</li>\n<li>Click&nbsp;<strong>Save</strong>.</li>\n</ol>"},"navigationBar":{"left":{"text":"Previous"},"right":{"text":"Next"}}},"Card.kony.ConnectAppUItoDataMob_v9_preshow":{"content":{"title":"preShow Event for Accounts Form","body":"<ol>\n<li>From the <strong>Project </strong> explorer, navigate to<strong> Mobile</strong> > <strong>Forms</strong> and select <strong>frmAccount</strong>.</li>\n<li>From the top-right corner of the Visualizer, navigate to the <strong>Properties </strong>panel and select the <strong>Action</strong> tab.</li>\n<li>Under the <strong>General </strong>section, for the <strong>preShow</strong> event, click <strong>Edit</strong>.<br /> The <strong>Action Editor </strong>window appears.</li><li>From the top-right corner of the <b>Action Editor</b> window, select the <strong>Design View</strong>.</li>\n</ol>"},"navigationBar":{"left":{"text":"Previous"},"right":{"text":"Next"}}},"Tour.CreateDetailsNative_v9":{"description":" Description of Tour"},"Hike.kony.CreateDetailsNative_v9":{"description":" Description of hike"},"Card.kony.CreateDetailsNative_v9.deleteFeature":{"content":{"title":"Adding Delete Feature","body":"<ol>\n<li>From the <strong>Project</strong> explorer, expand <strong>Mobile</strong> &gt;<strong> Forms</strong> and select<strong> frmDetails</strong>.</li>\n<li>From the <strong>Data &amp; Services</strong> panel, expand <strong>Project Services </strong>&gt;<strong> RecipientStorage </strong>&gt;<strong> Recipients</strong> and select the <b>delete</b> operation.</li>\n<li>Drop the <strong>delete</strong> operation onto the canvas.<br />This creates the <strong>Delete</strong> button.</li>\n</ol>"},"navigationBar":{"left":{"text":"Previous"},"right":{"text":"Next"}}},"Card.kony.CreateDetailsNative_v9.deleteFeature1":{"content":{"title":"Adding Delete Feature","body":"<ol>\n<li>From the <strong>Project Explorer</strong>, expand <strong>Mobile</strong> &gt; <strong>Forms</strong> &gt; <strong>frmDetails</strong> &gt; <strong>flexFieldsContainer</strong> and select <strong>btnSquared</strong>.</li>\n<li>From <strong>Properties</strong> panel, navigate to the <strong>Action</strong> tab.</li>\n<li>For the <strong>onClick</strong> event, click <strong>Edit</strong>.<br />The <strong>Action Editor</strong> window appears.</li>\n</ol>"},"navigationBar":{"left":{"text":"Previous"},"right":{"text":"Next"}}},"Card.kony.CreateDetailsNative_v9.deleteFeature11":{"content":{"title":"Adding Delete Feature","body":"<ol>\n<li>From the top-right corner of the <strong>Action Editor</strong> window, select <strong>Design View</strong>.</li>\n<li>From the <strong>Action Editor</strong> canvas, select <strong>Invoke Service</strong> (name: <strong>RecipientStorage$Recipients$delete</strong>).</li>\n<li>From the right-pane of the Action editor, select <strong>Open Mapping Editor</strong>. <br />The Mapping Editor window appears.</li>\n</ol>"},"navigationBar":{"left":{"text":"Previous"},"right":{"text":"Next"}}},"Card.kony.CreateDetailsNative_v9.deleteFeature2":{"content":{"title":"Adding Delete Feature","body":"<ol>\n<li>From the left pane of the mapping editor, expand <strong>Forms</strong> &gt; <strong>frmDetails</strong> &gt; <strong>Label - lblRecipientIDValue</strong>, and select <strong>text {string}</strong>.</li>\n<li>From the right pane of the mapping editor, expand <strong>Services</strong> &gt; <strong>RecipientStorage$Recipients$delete</strong>, and select <strong>RecipientID {number}</strong>.</li>\n<li>From the <strong>Action Editor</strong> canvas, select the <strong>IF</strong> condition.</li>\n</ol>"},"navigationBar":{"left":{"text":"Previous"},"right":{"text":"Next"}}},"Card.kony.CreateDetailsNative_v9.deleteFeature21":{"content":{"title":"Adding Delete Feature","body":"<ol>\n<li>From the left menu of the <strong>Action Editor</strong>, under the <strong>Widget</strong> section, select <strong>Set Widget Property</strong>.</li>\n<li>From the right pane, under <strong>Mobile</strong> <strong>Forms</strong> &gt; <strong>frmDetails</strong> &gt; <strong>flexFieldsContainer</strong>, select <strong>flexDeleteSuccessHeader</strong>.</li>\n<li>In the right pane of the mapping editor, provide the following values.\n<ul>\n<li>Property: <strong>Visible</strong></li>\n<li>Value: <strong>True</strong></li>\n</ul>\n</li>\n</ol>"},"navigationBar":{"left":{"text":"Previous"},"right":{"text":"Next"}}},"Card.kony.CreateDetailsNative_v9.deleteFeature3":{"content":{"title":"Adding Delete Feature","body":"<ol>\n<li>From the left menu of the <strong>Action Editor</strong>, under the <strong>Widget</strong> section, select <strong>Set Widget Property</strong>.</li>\n<li>From the right pane, under <strong>Mobile Forms</strong> &gt; <strong>frmDetails</strong> &gt; <strong>flexFieldsContainer</strong>, and select <strong>btnSquared</strong>.</li>\n<li>In the right pane of the mapping editor, provide the following values.\n<ul>\n<li>Property: <strong>Opacity</strong></li>\n<li>Value: <strong>60%</strong></li>\n</ul>\n</li>\n</ol>"},"navigationBar":{"left":{"text":"Previous"},"right":{"text":"Next"}}},"Card.kony.CreateDetailsNative_v9.deleteFeature4":{"content":{"title":"Adding Delete Feature","body":"<ol>\n<li>From the left menu of the Action Editor, under <strong>Function</strong>, select <strong>Add Snippet</strong>.</li>\n<li>On the right pane of the Action Editor, provide the following code:<br /><span style=\"background-color: #999999;\"><strong>self.view.forceLayout();</strong></span></li>\n<li>From the left menu of the Action Editor, under <strong>General,</strong> select <strong>Set Timeout</strong>.</li>\n<li>In the right pane of the mapping editor, provide the following values:\n<ul>\n<li>Delay: <strong>2</strong></li>\n</ul>\n</li>\n</ol>"},"navigationBar":{"left":{"text":"Previous"},"right":{"text":"Next"}}},"Card.kony.CreateDetailsNative_v9.deleteFeature5":{"content":{"title":"Adding Delete Feature","body":"<ol>\n<li>From the left menu of the <strong>Action Editor</strong>, under the <strong>Widget</strong> section, select <strong>Set Widget Property</strong>.</li>\n<li>From the right pane, under <strong>Mobile</strong> <strong>Forms</strong> &gt; <strong>frmDetails </strong>&gt;<strong> flexFieldsContainer</strong>, select <strong>flexDeleteSuccessHeader</strong>.</li>\n<li>In the right pane of the mapping editor, provide the following values.\n<ul>\n<li>Property: <strong>Visible</strong></li>\n<li>Value: <strong>False</strong></li>\n</ul>\n</li>\n</ol>"},"navigationBar":{"left":{"text":"Previous"},"right":{"text":"Next"}}},"Card.kony.CreateDetailsNative_v9.deleteFeature6":{"content":{"title":"Adding Delete Feature","body":"<ol>\n<li>From the left menu of the <strong>Action Editor</strong>, under the <strong>Widget</strong> section, select <strong>Set Widget Property</strong>.</li>\n<li>From the right pane, under <strong>Mobile Forms</strong> &gt; <strong>frmDetails</strong> &gt; <strong>frmFieldsContainer</strong>, and select <strong>btnSquared</strong>.</li>\n<li>In the right pane of the mapping editor, provide the following values.\n<ul>\n<li>Property: <strong>Opacity</strong></li>\n<li>Value: <strong>100%</strong></li>\n</ul>\n</li>\n</ol>"},"navigationBar":{"left":{"text":"Previous"},"right":{"text":"Next"}}},"Card.kony.CreateDetailsNative_v9.deletFeature7":{"content":{"title":"Adding Delete Feature","body":"<ol>\n<li>From the left menu of the <strong>Action Editor</strong>, under <strong>Function</strong>, select&nbsp;<strong>Add Snippet</strong>.</li>\n<li>In the right pane of the Action Editor, provide the following code:<br /><span style=\"background-color: #999999;\"><strong>self.view.forceLayout();</strong></span></li>\n<li>From the left menu of the Action Editor, under <strong>General</strong>, select <strong>Navigate to Form</strong>.</li>\n<li>From the right pane of the Action Editor, select <strong>frmDetails</strong>.</li>\n<li>Click <strong>Save</strong>.</li>\n</ol>"},"navigationBar":{"left":{"text":"Previous"},"right":{"text":"Next"}}},"Card.kony.CreateDetailsNative_v9.done":{"content":{"title":"Congratulations","body":"<p>You&rsquo;ve successfully:</p>\n<ul>\n<li><strong>Created the Recipient detail screen</strong></li>\n<li><strong>Mapped the recipient detail UI to the services<br /></strong></li>\n<li><strong>Implemented navigation to all other forms in the app</strong></li>\n<li><strong>Implemented logout in the recipient details form<br /></strong></li>\n</ul>\n<p>For more information on creating recipients check out the next hike: <a class=\"tour-link\" tour=\"da2bbctf-3ba6-49rf-b2u9-b842dand\"><strong>7. Add Recipients</strong></a>.</p>"},"navigationBar":{"left":{"text":"Previous"},"right":{"text":"Done"}}},"Card.kony.CreateDetailsNative_v9.finalChanges":{"content":{"title":"Delete Extra FlexContainers","body":"<ol>\n<li>From the <strong>Project</strong> <strong>Explorer</strong>, expand <strong>Mobile</strong> &gt; <strong>Forms</strong> &gt; <b>frmDetails</b> > <strong>flexFieldsContainer</strong>, and select <strong>flexFieldsContainer1</strong>.</li>\n<li>Right-click and delete <strong>flexFieldsContainer1</strong>.</li>\n</ol>"},"navigationBar":{"left":{"text":"Previous"},"right":{"text":"Next"}}},"Card.kony.CreateDetailsNative_v9.finalChanges1":{"content":{"title":"Customizing the UI","body":"<ol>\n<li>From the <strong>Project</strong> <strong>Explorer</strong>, expand <strong>Mobile</strong> &gt; <strong>Forms</strong> &gt; <b> frmDetails</b> >\n <strong>flexFieldsContainer</strong> &gt; <strong>flexFooter1</strong> &gt; <strong>flexSquaredBorderedButton</strong>, and select <strong>btnSquared.</strong></li>\n<li>Right-click and cut <strong>btnSquared</strong>.</li>\n<li>From the <strong>Project</strong> <strong>Explorer</strong>, expand <strong>Mobile</strong> &gt; <strong>Forms</strong> &gt; <b>frmDetails</b> > <strong>flexFieldsContainer</strong> and select <b>Paste</b>.</li>\n</ol>"},"navigationBar":{"left":{"text":"Previous"},"right":{"text":"Next"}}},"Card.kony.CreateDetailsNative_v9.finalChanges2":{"content":{"title":"Customizing the UI","body":"<ol>\n<li>From the <strong>Project</strong> <strong>Explorer</strong>, expand <strong>Mobile</strong> &gt; <strong>Forms</strong> &gt; <b>frmDetails</b> > <strong>flexFieldsContainer</strong>, and select <strong>flexFooter1</strong>.</li>\n<li>Right-click and delete <strong>flexFooter1</strong>.</li>\n<li>From the Project Explorer, expand <strong>Mobile</strong> &gt; <strong>Forms</strong> &gt; <b>frmDetails</b> > <strong>flexFieldsContainer</strong> and select <strong>btnSquared</strong>.</li>\n<li>From the <strong>Properties </strong>panel, navigate to the <strong>Look</strong> tab.</li>\n<li>Under the <strong>Flex</strong> section, provide the following values:\n<ul>\n<li>Top: <strong>30%</strong></li>\n<li>Width: <strong>89%</strong></li>\n<li>Height: <strong>7%</strong></li>\n<li>Center X: <strong>50%</strong></li>\n<li>Center Y: <strong>Default</strong></li>\n</ul>\n</li>\n</ol>"},"navigationBar":{"left":{"text":"Previous"},"right":{"text":"Next"}}},"Card.kony.CreateDetailsNative_v9.footer":{"content":{"title":"Configure the Footer of Details Screen","body":"<ol>\n<li>From the <strong>Project </strong>explorer, expand <strong>Mobile</strong> &gt;&nbsp;<strong>Forms</strong>, and select <strong>frmDetails</strong>.</li>\n<li>From the bottom-left of your canvas, navigate to <strong>Default Library</strong>.</li>\n<li>Next to the <strong>Default Library</strong>, you will see the <strong>My Libraries </strong>tab and a search icon. <br />Click the search icon.</li>\n<li>In the search bar that appears, enter <strong>Footer</strong>.</li>\n</ol>"},"navigationBar":{"left":{"text":"Previous"},"right":{"text":"Next"}}},"Card.kony.CreateDetailsNative_v9.footer1":{"content":{"title":"Configure the Footer of Details Screen","body":"<ol>\n<li>From the results, under <strong>RecipientsMobile</strong>, right-click <strong>DetailsFooter </strong>and select <strong>Insert Into</strong>.</li>\n<li>The <b>DetailsFooter</b> is added to the <b>frmDetails</b> form.</li>\n<li>Click <strong>Close</strong> on the <strong>Resolve Conflicts</strong> window.</li>\n</ol>"},"navigationBar":{"left":{"text":"Previous"},"right":{"text":"Next"}}},"Card.kony.CreateDetailsNative_v9.header":{"content":{"title":"Configure the Header of Details Screen","body":"<ol>\n<li>From the <strong>Project </strong>explorer, expand <strong>Mobile</strong> &gt;&nbsp;<strong>Forms</strong>, and select <strong>frmDetails</strong>.</li>\n<li>From the bottom-left of your canvas, navigate to <strong>Default Library</strong>.</li>\n<li>Next to the <strong>Default Library</strong>, you will see the <strong>My Libraries </strong>tab and a search icon. <br />Click the search icon.</li>\n<li>In the search bar that appears, enter <strong>Header</strong>.</li>\n</ol>"},"navigationBar":{"left":{"text":"Previous"},"right":{"text":"Next"}}},"Card.kony.CreateDetailsNative_v9.header1":{"content":{"title":"Configure the Header of Details Screen","body":"<ol>\n<li>From the results, under the <strong>RecipientsMobile</strong> collection, right-click <strong>DetailsHeader </strong>and select <strong>Insert Into</strong>.</li>\n<li>The <b>DetailsHeader</b> is added to the <b>frmDetails</b> form.</li>\n<li>Click <strong>Close</strong> on the <strong>Resolve Conflicts</strong> window.</li>\n</ol>"},"navigationBar":{"left":{"text":"Previous"},"right":{"text":"Next"}}},"Card.kony.CreateDetailsNative_v9.Intro":{"content":{"title":"Create Recipient Detail Screen","body":"<p><strong>Let&rsquo;s get started!</strong></p>\n<p>In this hike, you will learn how to:</p>\n<ul>\n<li>Create a Recipient details form</li>\n<li>Create the UI for the Create Recipient details form using services</li>\n<li>Add the feature for deleting the recipients</li>\n</ul>\n<p>Before you get started, complete the following hikes:</p>\n<ol><b>\n<li><a class=\"tour-link\" tour=\"20cbd4t0-03a1-4er1-9dud-98bee3nb\">Import &amp; Launch a Native App</a></li><li><a class=\"tour-link\" tour=\"a617eft5-7ca8-4ard-8eu8-94cdean5\">Create UI from Collections</a></li><li><a class=\"tour-link\" tour=\"15d8c7t4-cda7-40rb-afu7-345cfcnc\">Add Authentication to the App</a></li>\n<li><a class=\"tour-link\" tour=\"a7a762t5-3eac-44r5-8bu2-89b781n1\">Creating Services for a Native App</a> </li>\n<li><a class=\"tour-link\" tour=\"fab6d8ta-91ac-4frc-8fud-14a9f7na\">Connect App UI to Data in a Native App</a></li></b>\n</ol><br/>\n<p>Ensure that you open the same project that you have created in the previous hikes.</p>\n<p>To open a closed project, from the main menu navigate to <strong>Project</strong> &gt; <strong>Open</strong> &gt; <strong>Kony Reference Architecture</strong> &gt; <strong>RecipientsMobApp</strong>.</p><br/>\n<p><strong>When you are ready, click Start!</strong></p>"},"navigationBar":{"left":{"text":"Previous"},"right":{"text":"Start"}}},"Card.kony.CreateDetailsNative_v9.mapping":{"content":{"title":"Updating the Mapping Editor","body":"<ol>\n<li>From the <b>Project</b> Explorer, select <strong>frmDetails</strong>.</li>\n<li>From the <strong>Properties </strong>panel, navigate to the <strong>Action</strong> tab.</li>\n<li>For the <strong>onMapping</strong> event, click <strong>Edit</strong>.<br /> The <b>Action Editor</b> window appears.</li>\n</ol>"},"navigationBar":{"left":{"text":"Previous"},"right":{"text":"Next"}}},"Card.kony.CreateDetailsNative_v9.mapping1":{"content":{"title":"Updating the Mapping Editor","body":"<ol>\n<li>From the top-right corner of the <strong>Action Editor</strong> window, select <strong>Design View</strong>.</li>\n<li>Select <strong>Invoke Service name: RecipientStorage$Recipients$get</strong>.</li>\n<li>From the right pane, select <strong>Update Filter Query.&nbsp;<br /></strong>The <strong>Mapping Editor </strong>window appears.</li>\n<li>From the right pane of the <strong>Mapping Editor</strong>, expand <strong>Services</strong> &gt; <strong>Service &ndash; RecipientStorage$Recipients$get</strong>.</li>\n<li>Right-click and select <strong>Unbind</strong> for the following fields:\n<ul>\n<li><strong>FirstName {string}</strong></li>\n<li><strong>LastName {string}</strong></li>\n<li><strong>NickName {string}</strong></li>\n<li><strong>Phone {string}</strong></li>\n</ul></li>\n<li>Click <strong>Save</strong>.</li>\n</ol>"},"navigationBar":{"left":{"text":"Previous"},"right":{"text":"Next"}}},"Card.kony.CreateDetailsNative_v9.nav":{"content":{"title":"Add Navigation to Recipients Screen","body":"<ol>\n<li>From the <strong>Project </strong> explorer, navigate to <strong>Mobile</strong> &gt; <strong>Forms</strong> &gt; <strong>frmDetails</strong> &gt; <strong>flexFooter</strong> and select <strong>flxRecipientSelected</strong>.</li>\n<li>From the <strong>Properties</strong> panel, navigate to the <strong>Action </strong>tab.</li>\n<li>For the <strong>onClick</strong> event, click <strong>Edit</strong>. <br />The <strong>Action Editor</strong> window appears.</li>\n</ol>"},"navigationBar":{"left":{"text":"Previous"},"right":{"text":"Next"}}},"Card.kony.CreateDetailsNative_v9.nav1":{"content":{"title":"Add Navigation to Recipients Screen","body":"<ol>\n<li>From the <strong>Action Editor</strong> left menu, under the <strong>General</strong> section, select <strong>Navigate to Form</strong>.</li>\n<li>In the right pane of the <strong>Action Editor</strong>, select <strong>frmRecipients</strong>.</li>\n<li>Click <strong>Save</strong>.</li>\n</ol>"},"navigationBar":{"left":{"text":"Previous"},"right":{"text":"Next"}}},"Card.kony.CreateDetailsNative_v9.nav2":{"content":{"title":"Navigation to Accounts Screen","body":"<ol>\n<li>From the <strong>Project explorer</strong>, navigate to <strong>Mobile</strong> &gt; <strong>Forms</strong> &gt; <strong>frmDetails</strong> &gt; <strong>flexFooter</strong> and select <strong>flxAccounts</strong>.</li>\n<li>From the <strong>Properties</strong> panel, navigate to the <strong>Action </strong>tab.</li>\n<li>For the <strong>onClick</strong> event, click <strong>Edit</strong>. <br />The <strong>Action Editor</strong> window appears.</li>\n</ol>"},"navigationBar":{"left":{"text":"Previous"},"right":{"text":"Next"}}},"Card.kony.CreateDetailsNative_v9.nav3":{"content":{"title":"Add Navigation to Accounts Screen","body":"<ol>\n<li>From the <strong>Action Editor</strong> left menu, under the <strong>General</strong> section, select <strong>Navigate to Form</strong>.</li>\n<li>In the right pane of the <strong>Action Editor</strong>, select <strong>frmAccount</strong>.</li>\n<li>Click <strong>Save</strong>.</li>\n</ol>"},"navigationBar":{"left":{"text":"Previous"},"right":{"text":"Next"}}},"Card.kony.CreateDetailsNative_v9.nav4":{"content":{"title":"Add Navigation for Back Button","body":"<ol>\n<li>From the <strong>Project explorer</strong>, navigate to <strong>frmDetails</strong> &gt; <strong>flexHeader,</strong> select <strong>headerButtonLeft</strong>.</li>\n<li>From the <strong>Properties</strong> panel, navigate to the <strong>Action </strong>tab.</li>\n<li>For the <strong>onClick</strong> event, click <strong>Edit</strong>. <br />The <strong>Action Editor</strong> window appears.</li>\n</ol>"},"navigationBar":{"left":{"text":"Previous"},"right":{"text":"Next"}}},"Card.kony.CreateDetailsNative_v9.nav5":{"content":{"title":"Add Navigation for Back Button","body":"<ol>\n<li>From the <strong>Action Editor</strong> left menu, under the <strong>General</strong> section, select <strong>Navigate to Form</strong>.</li>\n<li>From the right pane of the <strong>Action Editor</strong>, select <strong>frmRecipients</strong>.</li>\n<li>Click <strong>Save</strong>.</li>\n</ol>"},"navigationBar":{"left":{"text":"Previous"},"right":{"text":"Next"}}},"Card.kony.CreateDetailsNative_v9.successheader":{"content":{"title":"Add Success Header","body":"<ol>\n<li>From the <strong>Project </strong>explorer, expand <strong>Mobile</strong> &gt;&nbsp;<strong>Forms</strong>, and select <strong>frmDetails</strong>.</li>\n<li>From the bottom-left of your canvas, navigate to <strong>Default Library</strong>.</li>\n<li>Next to the <strong>Default Library</strong>, you will see the <strong>My Libraries </strong>tab and a search icon. <br />Click the search icon.</li>\n<li>In the search bar that appears, enter <strong>Header</strong>.</li>\n</ol>"},"navigationBar":{"left":{"text":"Previous"},"right":{"text":"Next"}}},"Card.kony.CreateDetailsNative_v9.successheader1":{"content":{"title":"Add Success Header","body":"<ol>\n<li>From the results, under the <strong>RecipientsMobile</strong> collection, right-click <strong>DeleteSuccessHeader </strong>and select <strong>Insert Into</strong>.</li>\n<li>The <b>DeleteSuccessHeader</b> is added to the <b>frmDetails</b> form.</li>\n<li>Click <strong>Close</strong> on the <strong>Resolve Conflicts</strong> window.</li>\n</ol>"},"navigationBar":{"left":{"text":"Previous"},"right":{"text":"Next"}}},"Card.kony.CreateDetailsNative_v9.UIchange1":{"content":{"title":"Recipients Details Screen UI","body":"<ol>\n<li>From the <strong>Data &amp; Services </strong>panel, expand <strong>Project Services</strong> &gt; <strong>RecipientStorage</strong> &gt; <strong>Recipients</strong>.</li>\n<li>Select the <strong>get </strong>operation and drop it on the canvas.<br />The <strong>What would you like to generate? </strong>window appears.</li>\n</ol>"},"navigationBar":{"left":{"text":"Previous"},"right":{"text":"Next"}}},"Card.kony.CreateDetailsNative_v9.UIchange2":{"content":{"title":"Recipients Details Screen UI","body":"<ol>\n<li>From the <strong>What would you like to generate?</strong> window, select <strong>Details Using Response</strong>.</li>\n<li>Click <strong>OK</strong>.<br />A new window appears, asking whether you want to generate navigation from <strong>frmRecipients</strong>.</li>\n<li>Click <strong>Yes</strong>.<br />Visualizer may take some time to load the parameters and generate the UI.<br />The UI for <strong>frmDetails</strong> screen is created.</li>\n</ol>"},"navigationBar":{"left":{"text":"Previous"},"right":{"text":"Next"}}},"Card.kony.CreateDetailsNative_v9.UIchange3":{"content":{"title":"Deleting the Default Header","body":"<ol>\n<li>From the <strong>Project </strong>explorer, navigate to <strong>Mobile</strong> &gt;&nbsp;<strong>Forms</strong> &gt;&nbsp;<strong>frmDetails</strong>.</li>\n<li>Right-click and delete <strong>flexHeader</strong>.</li>\n</ol>"},"navigationBar":{"left":{"text":"Previous"},"right":{"text":"Next"}}},"Card.kony.CreateDetailsNative_v9.UIchange4":{"content":{"title":"Customizing the UI","body":"<ol><li>From the <strong>Project</strong> explorer, navigate to <strong>Mobile</strong> &gt; <strong>Forms</strong> &gt; <strong>frmDetails</strong> and select <b>flexFieldsContainer</b>.</li>\n<li>From the <b>Properties</b> panel, navigate to the <b>Look</b> tab. </li><li>Under the <strong>Dynamic Form</strong> section, for <strong>Fields</strong>, click <strong>Customize</strong>.<br />The <strong>Configure Details</strong> window appears<strong>.</strong></li>\n<li>In the <strong>Configure Details </strong>window, for the <strong>Fields</strong>, provide the following <strong>Display Names</strong>:\n<ul>\n<li><strong>FirstName</strong> field: <strong>First Name</strong></li>\n<li><strong>LastName </strong>field: <strong>Last</strong><strong>Name</strong></li>\n<li><strong>NickName </strong>field: <strong>Nick Name</strong></li>\n<li><strong>Phone </strong>field: <strong>Phone Number</strong></li>\n</ul>\n</li>\n<li>Click <strong>Regenerate</strong>.</li>\n</ol>"},"navigationBar":{"left":{"text":"Previous"},"right":{"text":"Next"}}},"Card.kony.CreateDetailsNative_v9.UIchange5":{"content":{"title":"Recipients Details Screen UI","body":"<ol>\n<li>From the <strong>Project </strong>explorer, expand <strong>Mobile </strong>&gt;&nbsp;<strong>Forms</strong> &gt; <strong>frmDetails</strong> &gt; <strong>flexFieldsContainer</strong>, and select <strong>flexRecipientID</strong>.</li>\n<li>From the <strong>Properties</strong> panel, navigate to the <strong>Look</strong> tab.</li>\n<li>Under the <strong>General </strong>section, for the <strong>Visible</strong> field, select <strong>Off</strong>.</li>\n</ol>"},"navigationBar":{"left":{"text":"Previous"},"right":{"text":"Next"}}},"Card.kony.CreateDetailsNat_v9.createDetailsSc":{"content":{"title":"Create Recipient Details Screen","body":"<ol>\n<li>From the <strong>Project </strong>explorer, expand <strong>Mobile</strong>.</li>\n<li>Right-click <strong>Forms</strong>, and select <strong>New Form</strong>.</li>\n<li>Rename the new form <strong>frmDetails</strong>.</li>\n</ol>"},"navigationBar":{"left":{"text":"Previous"},"right":{"text":"Next"}}},"Card.kony.CreateDetailsScreen_v9.appViewer":{"content":{"title":"Quantum App","body":"<ol>\n<li>Connect your mobile device to your computer using a USB cable.<br /> For an Android mobile device, ensure that the USB is set as <strong>Transfer files</strong>.<br /> For an iOS mobile device, ensure that <strong>trust </strong>has been established between device and computer.</li>\n<li>Launch your <strong>Quantum App</strong> on your mobile device.</li>\n<li>Select the <strong>USB</strong> tab.<br/>On a successful connection, <strong>Visualizer</strong> on your computer shows a success prompt.</li>\n</ol>"},"navigationBar":{"left":{"text":"Previous"},"right":{"text":"Next"}}},"Card.kony.CreateDetailsScreen_v9.run":{"content":{"title":"Run the App","body":"<ol>\n<li>From the left navigation bar, click <strong>Run</strong>.<br /> It will take some time for Visualizer to display the <strong>Live Preview is ready</strong> window.</li>\n<li>After Visualizer runs the app, on your <strong>Quantum App</strong>, click <strong>Launch</strong>.</li>\n<li>You may see an <strong>Application Name </strong>text box. If there is a text box, enter <strong>RecipientsMobApp</strong>, and then click <strong>Launch</strong>.</li>\n</ol>"},"navigationBar":{"left":{"text":"Previous"},"right":{"text":"Next"}}},"Card.kony.CreateDetailsScreen_v9.view":{"content":{"title":"View the App","body":"<ol>\n<li>Enter the following login credentials in your app.\n<ul>\n<li>Username: <strong>john.doe@temenos.com</strong></li>\n<li>Password: <strong>Temenos@123</strong></li>\n</ul>\n</li>\n<li>Click <strong>Login</strong>.<br /> The <strong>Accounts List</strong> appears.</li>\n<li>Click <strong>Recipients</strong>.<br /> The <strong>Recipient list</strong> appears.</li>\n<li>Select a recipient from the list to view their details.<br />From the details page, you can delete the recipient.<br/>You will learn how to create and edit recipients in next hikes.</li>\n<li>To exit the app on your <strong>mobile</strong> device, swipe two fingers from left to right or shake your mobile device and click <strong>Exit App</strong>.</li>\n</ol>"},"navigationBar":{"left":{"text":"Previous"},"right":{"text":"Next"}}},"Tour.CreateServices_V9":{"description":"Create Services for Back-end Data V9"},"Hike.Kony.CreateServicesV9":{"description":"Create Services for Back-end Data V9"},"Card.Kony.CreateServicesV9.configureAccountModel1":{"content":{"title":"Configure the Data Model","body":"<ol>\n<li>From the left pane select the <strong>Data Model</strong> tab.</li><li>Under the <b>Data Model</b> tab, expand  <b>Data Model</b> > <strong>Accounts</strong> > <strong>Fields</strong>, and select <strong>AccountNumber</strong>.</li>\n<li>In the right pane, modify the following values.\n<ul>\n<li>Primary Key: <strong>True</strong></li>\n</ul>\n</li>\n<li>Click&nbsp;<strong>Save</strong>.</li>\n<li>Expand  <b>Data Model</b> > <strong>Accounts</strong> > <strong>Fields</strong>, and select <strong>AccountName</strong>.</li>\n<li>In the right pane, modify the following value.\n<ul>\n<li>Max Length: <strong>30</strong></li>\n</ul>\n</li>\n<li>Click <strong>Save</strong>.</li>\n</ol>"},"navigationBar":{"left":{"text":"Previous"},"right":{"text":"Next"}}},"Card.Kony.CreateServicesV9.configureAccountModel2":{"content":{"title":"Configure the Data Model","body":"<ol>\n<li>Under&nbsp;<strong>Data Model</strong>,&nbsp;navigate to&nbsp;<strong>Accounts</strong>&nbsp;and select<strong>&nbsp;Fields</strong>.</li>\n<li>Select the check-box for&nbsp;<strong>SeqNo</strong>, and then click&nbsp;<strong>Delete</strong>.</li>\n<li>In the&nbsp;<strong>Delete Fields&nbsp;</strong>dialog box, click&nbsp;<strong>Delete</strong>.</li>\n<li>Click&nbsp;<strong>Save</strong>.</li>\n</ol>"},"navigationBar":{"left":{"text":"Previous"},"right":{"text":"Next"}}},"Card.Kony.CreateServicesV9.configureAccountService":{"content":{"title":"Configure the Account Service","body":"<ol>\n<li>From the top-left corner of the window, click the service name.</li>\n<li>In the&nbsp;<strong>Name </strong>box, type&nbsp;<strong>AccountStorage</strong>.</li>\n<li>Under&nbsp;<strong>Sample Data</strong>, drag the <strong>Accounts.zip </strong>file from the extracted files.</li>\n<li>Click <strong>Save</strong>.</li>\n<li>Close the <strong>Edit Object Service </strong>window.<br /> It may take some time for Visualizer to add the service to the <strong>Project Services </strong>section.</li>\n</ol>"},"navigationBar":{"left":{"text":"Previous"},"right":{"text":"Next"}}},"Card.Kony.CreateServicesV9.configurePayeesModel1":{"content":{"title":"Configure the Data Model","body":"<ol>\n<li>From the left pane select the <strong>Data Model</strong> tab.</li><li>Under the Data Model tab, expand  <b>Data Model</b> > <strong>Recipients</strong> > <strong>Fields</strong>, and select<strong> RecipientID</strong>.</li>\n<li>In the right pane, modify the following values.\n<ul>\n<li>Type: <strong>number</strong></li>\n<li>Autogenerated: <strong>true</strong></li>\n</ul>\n</li>\n<li>Click <strong>Save</strong>.</li>\n<li>In the left pane, navigate to <strong>Data Model</strong> &gt; <strong>Recipients</strong> &gt; <strong>Fields</strong>, and then select <strong>Phone</strong>.</li>\n<li>In the right pane, modify the following value.\n<ul>\n<li>Max Length: <strong>30</strong></li>\n</ul>\n</li>\n<li>Click <strong>Save</strong>.</li>\n</ol>"},"navigationBar":{"left":{"text":"Previous"},"right":{"text":"Next"}}},"Card.Kony.CreateServicesV9.configurePayeesModel2":{"content":{"title":"Configure the Data Model","body":"<ol>\n<li>Under <strong>Data Model</strong>, navigate to <strong>Recipients</strong>, and select <strong>Fields</strong>.</li><li>From the right pane, for the field <b>RecipientID</b>, under the column <b>Primary Key</b>, toggle the switch to True.\n<li>Select the check-box for <strong>SeqNo</strong>, and then click <strong>Delete</strong>.</li>\n<li>In the <strong>Delete Fields</strong> dialog, click <strong>Delete</strong>.</li>\n<li>Click <strong>Save</strong>.</li>\n</ol>"},"navigationBar":{"left":{"text":"Previous"},"right":{"text":"Next"}}},"Card.Kony.CreateServicesV9.configurePayeesService":{"content":{"title":"Configure the Service","body":"<ol>\n<li>On the top-left corner, click the service name.</li>\n<li>In the Name box, type <strong>RecipientStorage</strong>.</li>\n<li>Under <strong>Sample Data</strong>, drag the <strong>Recipients.zip</strong> file from the extracted files.</li><li>For the  <b>Delete Strategy</b> option, select <b>Hard Delete</b>.\n<li>Click <strong>Save</strong>.</li>\n<li>Close the <strong>Edit Object Service</strong> window.<br /> It may take some time for Visualizer to add the service to the <strong>Project Services</strong> section.</li>\n</ol>"},"navigationBar":{"left":{"text":"Previous"},"right":{"text":"Next"}}},"Card.Kony.CreateServicesV9.createAccountsService":{"content":{"title":"Create a New Service","body":"<ol>\n<li>From the <strong>Data &amp; Services</strong> panel, expand <strong>Project Services</strong>.</li>\n<li>Click <strong>Configure New</strong>.</li>\n<li>Under the <strong>Data Storage</strong> section, select <strong>Import Excel File</strong>.<br /> Visualizer may take some time to open the <strong>Edit Object Service</strong> window.</li>\n<li>In the <strong>Import File</strong> dialog box, drag the <strong>Accounts.xlsx</strong> file from the extracted files.</li>\n<li>After the file is uploaded, click <strong>Next</strong>.</li>\n<li>Ensure that <strong>Accounts</strong> is selected under <strong>Excel Sheet Name</strong>, and then click <strong>Import</strong>.</li>\n<li>Click <strong>Done</strong>.<br />The <b>Data Model</b> configuration window appears.</li>\n</ol>"},"navigationBar":{"left":{"text":"Previous"},"right":{"text":"Next"}}},"Card.Kony.CreateServicesV9.createPayeesService":{"content":{"title":"Create a New Service","body":"<ol>\n<li>From the <strong>Data &amp; Services</strong> panel, expand <strong>Project Services</strong>.</li>\n<li>Click <strong>Configure New</strong>.</li>\n<li>Under the <strong>Data Storage</strong> section, select <strong>Import Excel File</strong>.<br /> Visualizer may take some time to open the <strong>Edit Object Service</strong> window.</li>\n<li>In the <strong>Import File</strong> window, drag the <strong>Recipients.xlsx</strong> file from the extracted files.</li>\n<li>After the file is uploaded, click <strong>Next</strong>.</li>\n<li>Ensure that <strong>Recipients</strong> is selected under <strong>Excel Sheet Name</strong>, and then click <strong>Import</strong>.</li>\n<li>Click <strong>Done</strong>.</li>\n</ol>"},"navigationBar":{"left":{"text":"Previous"},"right":{"text":"Next"}}},"Card.Kony.CreateServicesV9.done":{"content":{"title":"Congratulations","body":"<p>You have successfully:</p>\n<ul>\n<li><strong>Created and configured services for the following data</strong>\n<ul>\n<li><strong>Accounts</strong></li>\n<li><strong>Recipients</strong></li>\n</ul>\n</li>\n<li><strong>Published the services to a run-time server</strong></li>\n</ul>\n<p>&nbsp;</p>\n<p>To learn how to map the data to the UI of the app, check out the next hike:</p><a class=\"tour-link\" tour=\"fab6d8ta-91ac-4frc-8fud-14a9f7na\"><strong> 5. Connect the App UI to Data</strong></a>."},"navigationBar":{"left":{"text":"Previous"},"right":{"text":"Done"}}},"Card.Kony.CreateServicesV9.Intro":{"content":{"title":"Create Services for Back-end Data","body":"<p>In this hike, we will:</p>\n<ul>\n<li>Create and configure Storage Object Services <b>Accounts</b> and <b> Recipients</b>.\n</li>\n<li>Publish the Project Services to a run-time server.</li>\n</ul><br />\n\n<p>Before you get started, complete the following hikes:</p>\n<b><ol>\n<li><a class=\"tour-link\" tour=\"20cbd4t0-03a1-4er1-9dud-98bee3nb\">Import &amp; Launch a Native App</a></li>\n<li><a class=\"tour-link\" tour=\"a617eft5-7ca8-4ard-8eu8-94cdean5\">Create UI from Collections</a></li>\n<li><a class=\"tour-link\" tour=\"15d8c7t4-cda7-40rb-afu7-345cfcnc\">Add Authentication to the App</a></li>\n</ol></b>\n<br/>\n<p>Ensure that you open the same project that you have created in the previous hikes.<br /> To open a closed project, from the main menu, navigate to <strong>Project</strong> &gt; <strong>Open</strong> &gt; <strong>Kony Reference Architecture</strong> &gt; <strong>RecipientsMobApp</strong>.</p>\n<br/>\n<p>Ensure that you download and extract the <a href='#'onClick='javascript:openURL(\"http://docs.kony.com/hikes/RecipientsData.zip\")'>RecipientsData.zip</a> file. Note the location of the extracted files.</p><br/>\n<strong>When you are ready, click Start!</strong>"},"navigationBar":{"left":{"text":"Previous"},"right":{"text":"Start"}}},"Card.Kony.CreateServicesV9.publishServices":{"content":{"title":"Publish the Services","body":"<ol>\n<li>On the <strong>Data &amp; Services</strong> panel, next to the <b>Refresh</b> button, click the menu option.</li>\n<li>Select <strong>Publish Project Services</strong>.<br /> It may take some time for Visualizer to publish the service.</li>\n</ol>"},"navigationBar":{"left":{"text":"Previous"},"right":{"text":"Next"}}}}