{
  "Card.VoltMX.CreateServicesV9.Intro": {
    "content": {
      "title": "為後端數據創建服務",
      "body": "<p>在這次遠足中，我們將：</p> \n <ul> \n <li>創建並配置存儲對象服務<b>帳戶</b>和<b>收件人</b>。 \n </li> \n <li>將項目服務發佈到運行時服務器。</li> \n </ul> <br /> \n\n <p>在開始之前，完成以下徒步旅行：</p> \n <b> <ol> \n <li> <a class=\"tour-link\" tour=\"7408efte-e2aa-4cr8-a9ub-d7ba36n8\">啟動您的第一個移動應用</a> </li> \n <li> <a class=\"tour-link\" tour=\"a617eft5-7ca8-4ard-8eu8-94cdean5\">從集合</a> </li>創建UI \n <li> <a class=\"tour-link\" tour=\"15d8c7t4-cda7-40rb-afu7-345cfcnc\">將身份驗證添加到app </a> </li> \n </ol> </b> \n <br/> \n <p>確保您打開與上面徒步旅行2中創建的相同項目。<br />要打開一個封閉的項目，從主菜單中，導航至<strong> project </strong>＆gt; <strong>打開</strong>＆gt; <strong> HCl參考架構</strong>＆gt; <strong>收件人mobapp </strong>。</p> \n <br/> \n <p>確保您下載並提取<a href='#'onClick='javascript:openURL(\"https://github.com/HCL-TECH-SOFTWARE/volt-mx-tutorials/raw/master/public/samples/RecipientsData.zip\")'> colectientsData.zip </a>文件。 注意提取的文件的位置。</p> <br/> \n <strong>準備就緒時，單擊“開始”！</strong>"
    },
    "navigationBar": {
      "left": {
        "text": "以前的"
      },
      "right": {
        "text": "開始"
      }
    }
  },
  "Card.VoltMX.CreateServicesV9.createAccountsService": {
    "content": {
      "title": "創建新服務",
      "body": "<ol> \n <li>來自<strong> data＆amp; 服務</strong>面板，展開<strong>項目服務</strong>。</li> \n <li>單擊<strong>配置新</strong>。</li> \n <li>在<strong>數據存儲</strong>部分下，選擇<strong>導入Excel File </strong>。 在進行此步驟之前，用戶必須登錄到Foundry帳戶。 <br />虹膜可能需要一些時間才能打開<strong>編輯對象服務</strong>窗口。</li> \n <li>在<strong>導入文件</strong>對話框中，從提取的文件中拖動<strong> accounts.xls </strong>文件。</li> \n <li>上傳文件後，單擊<strong>下一個</strong>。</li> \n <li>確保在<strong> excel表名稱</strong>下選擇<strong>帳戶</strong>，然後單擊<strong> import </strong>。</li> \n <li>單擊<strong>完成</strong>，然後等待<strong>對象成功保存了</strong>諮詢消息，然後再進行下一步。 <br /> </br>出現<b>數據模型</b>配置窗口。</li> \n </ol>"
    },
    "navigationBar": {
      "left": {
        "text": "以前的"
      },
      "right": {
        "text": "下一個"
      }
    }
  },
  "Card.VoltMX.CreateServicesV9.configureAccountModel1": {
    "content": {
      "title": "配置數據模型",
      "body": "***<ol> \n <li>從左窗格中選擇<strong>數據模型</strong> tab。 帳戶</strong>> <strong>字段</strong>，然後選擇<strong> accountnumber </strong>。</li> \n <li>在右窗格中，修改以下值。 \n <ul> \n <li>主鍵：<strong> true </strong> </li> \n </ul> \n </li> \n <li>向下滾動到底部，然後單擊＆nbsp; <strong>保存</strong>。</li> \n <li>展開<b>數據模型</b>> <strong>帳戶</strong>> <strong>字段</strong>，然後選擇<strong> accountName </strong>。</li>。{38} \n <li>在右窗格中，修改以下值。 \n <ul> \n <li>最大長度：<strong> 30 </strong> </li> \n </ul> \n </li> \n <li>向下滾動到底部，然後單擊<strong>保存</strong>，然後等待<strong>對象成功保存</strong>諮詢消息，然後再進行下一步。</li> \n </ol>"
    },
    "navigationBar": {
      "left": {
        "text": "以前的"
      },
      "right": {
        "text": "下一個"
      }
    }
  },
  "Card.VoltMX.CreateServicesV9.configureAccountModel2": {
    "content": {
      "title": "配置數據模型",
      "body": "***<ol> \n <li>在＆nbsp; <strong>數據模型</strong>，＆nbsp; nbsp; <strong>帳戶</strong>＆nbsp;並選擇<strong>＆nbsp; fields </strong>。 \n <li>選擇＆nbsp; <strong> seqno </strong>的複選框，然後單擊＆nbsp; <strong> delete </strong>。</li> \n <li>在＆nbsp; <strong>刪除字段＆nbsp; </strong>對話框中，單擊＆nbsp; <strong>刪除</strong>。</li> \n <li>單擊＆nbsp; <strong>保存</strong>並等待<strong>對象成功保存</strong>諮詢消息，然後再繼續下一步。</li> \n </ol>"
    },
    "navigationBar": {
      "left": {
        "text": "以前的"
      },
      "right": {
        "text": "下一個"
      }
    }
  },
  "Card.VoltMX.CreateServicesV9.configureAccountService": {
    "content": {
      "title": "配置帳戶服務",
      "body": "<ol> \n <li>從窗口的左上角，單擊服務名稱。</li> \n <li>在＆nbsp; <strong>名稱</strong> box，type＆nbsp; <strong> accountstorage1 </strong>。</li> \n <li>在＆nbsp; <strong>示例數據</strong>下，從提取的文件中拖動<strong> accounts.zip </strong>文件。</li> \n <li>單擊<strong>保存</strong>，然後等待<strong>服務成功保存</strong>諮詢消息，然後再進行下一步。</li> \n <li>關閉<strong>編輯對象服務</strong>窗口。<br /> iris可能需要一些時間將服務添加到<strong> project Services </strong>節。</li> \n </ol>"
    },
    "navigationBar": {
      "left": {
        "text": "以前的"
      },
      "right": {
        "text": "下一個"
      }
    }
  },
  "Card.VoltMX.CreateServicesV9.createPayeesService": {
    "content": {
      "title": "創建新服務",
      "body": "***<ol> \n <li>來自<strong> data＆amp; 服務</strong>面板，展開<strong>項目服務</strong>。</li> \n <li>單擊<strong>配置新</strong>。</li> \n <li>在<strong>數據存儲</strong>部分下，選擇<strong>導入Excel File </strong>。<br /> Iris可能需要一些時間才能打開<strong>編輯對象服務</strong>窗口。{19 } \n <li>在<strong>導入文件</strong>窗口中，從提取的文件中拖動<strong> colect.xls </strong>文件。</li> \n <li>上傳文件後，單擊<strong>下一個</strong>。</li> \n <li>確保在<strong> excel表名稱</strong>下選擇<strong>收件人</strong>，然後單擊<strong> import </strong>。</li>。{37} \n <li>單擊<strong>完成</strong>，然後等待<strong>對象成功保存</strong>諮詢消息，然後再進行下一步。</li> \n </ol>"
    },
    "navigationBar": {
      "left": {
        "text": "以前的"
      },
      "right": {
        "text": "下一個"
      }
    }
  },
  "Card.VoltMX.CreateServicesV9.configurePayeesModel2": {
    "content": {
      "title": "配置數據模型",
      "body": "***<ol> \n <li>在<strong>數據模型</strong>下，導航至<strong>收件人</strong>，然後選擇<strong>字段</strong>。 conterientId </b>，在列<b>主鍵</b>下，將開關切換為true。 \n <li>選擇<strong> seqno </strong>的複選框，然後單擊<strong>刪除</strong>。</li> \n <li>在<strong>刪除字段</strong>對話框中，單擊<strong>刪除</strong>。</li> \n <li>單擊<strong>保存</strong>，然後等待<strong>對象成功保存</strong>諮詢消息，然後再進行下一步。</li> \n </ol>"
    },
    "navigationBar": {
      "left": {
        "text": "以前的"
      },
      "right": {
        "text": "下一個"
      }
    }
  },
  "Card.VoltMX.CreateServicesV9.configurePayeesModel1": {
    "content": {
      "title": "配置數據模型",
      "body": "***<ol> \n <li>從左窗格中選擇<strong>數據模型</strong> tab。 10}字段</strong>，然後選擇<strong> colectID </strong>。</li> \n <li>在右窗格中，修改以下值。 \n <ul> \n <li>類型：<strong>數字</strong> </li> \n <li>自動化：<strong> true </strong> </li> \n </ul> \n </li> \n <li>向下滾動到底部，然後單擊<strong>保存</strong>。</li> \n <li>等待<strong>對象成功保存</strong>諮詢消息，然後再繼續下一步。</li> \n <li>在左窗格中，導航到<strong>數據模型</strong>＆gt; <strong>收件人</strong>＆gt; <strong>字段</strong>，然後選擇<strong>電話</strong>。</li> \n <li>在右窗格中，修改以下值。 \n <ul> \n <li>最大長度：<strong> 30 </strong> </li> \n </ul> \n </li> \n <li>向下滾動，然後單擊<strong>保存</strong>。</li> \n <li>等待<strong>對象成功保存</strong>諮詢消息。</li> \n </ol>"
    },
    "navigationBar": {
      "left": {
        "text": "以前的"
      },
      "right": {
        "text": "下一個"
      }
    }
  },
  "Card.VoltMX.CreateServicesV9.configurePayeesService": {
    "content": {
      "title": "配置服務",
      "body": "***<ol> \n <li>在左上角，單擊服務名稱。</li> \n <li>在名稱框中，鍵入<strong> colectStorage1 </strong>。</li> \n <li>在<strong>下示例數據</strong>下，從提取的文件中拖動<strong> colect.zip </strong>文件。</li> <li> <b>刪除策略</b>選項 16}硬刪除</b>。 \n <li>單擊<strong>保存</strong>。</li> \n <li>等待<strong>服務成功保存</strong>諮詢消息，然後再繼續下一步。</strong> \n <li>關閉<strong>編輯對象服務</strong>窗口。<br /> iris可能需要一些時間將服務添加到<strong> project Services </strong>節。</li>。{32} \n </ol>"
    },
    "navigationBar": {
      "left": {
        "text": "以前的"
      },
      "right": {
        "text": "下一個"
      }
    }
  },
  "Card.VoltMX.CreateServicesV9.publishServices": {
    "content": {
      "title": "發布服務",
      "body": "<ol> \n <li>在<strong> data＆amp; 服務</strong>面板，<b>刷新</b>按鈕旁邊，單擊菜單選項。</li> \n <li>選擇<strong>發布項目服務</strong>。<br />可能需要一些時間才能讓Iris發布服務。</li> \n </ol>"
    },
    "navigationBar": {
      "left": {
        "text": "以前的"
      },
      "right": {
        "text": "下一個"
      }
    }
  },
  "Card.VoltMX.CreateServicesV9.done": {
    "content": {
      "title": "恭喜",
      "body": "***<p>您已經成功：</p> \n <ul> \n <li> <strong>為以下數據創建並配置了服務</strong> \n <ul> \n <li> <strong>帳戶</strong> </li> \n <li> <strong>收件人</strong> </li> \n </ul> \n </li> \n <li> <strong>發布了運行時服務器的服務</strong> </li> \n </ul> \n <p>＆nbsp; </p> \n <p>要學習如何將數據映射到應用程序的UI，請查看下一個遠足：</p> <a class=\"tour-link\" tour=\"fab6d8ta-91ac-4frc-8fud-14a9f7na\"> <strong> {27} 5.將應用程序UI連接到數據</strong> </a>。"
    },
    "navigationBar": {
      "left": {
        "text": "以前的"
      },
      "right": {
        "text": "完畢"
      }
    }
  }
}