{
  "Tour.CreateServices_V9": {
    "description": " बैक-एंड डेटा V9 के लिए सेवाएं बनाएं"
  },
  "Hike.VoltMX.CreateServicesV9": {
    "description": " बैक-एंड डेटा V9 के लिए सेवाएं बनाएं"
  },
  "Card.VoltMX.CreateServicesV9.configureAccountModel1": {
    "content": {
      "title": " डेटा मॉडल कॉन्फ़िगर करें",
      "body": "<ol>\n<li> बाएँ फलक से चुनें<strong> डेटा मॉडल</strong> टैब।</li><li> के तहत<b> डेटा मॉडल</b> टैब, विस्तृत करें<b> डेटा मॉडल</b> > <strong> लेखा</strong> > <strong> फ़ील्ड</strong> , और चुनें<strong> खाता संख्या</strong>.</li>\n<li> दाएँ फलक में, निम्न मानों को संशोधित करें।<ul>\n<li> प्राथमिक कुंजी:<strong> सच</strong></li>\n</ul>\n</li>\n<li> क्लिक करें&nbsp;<strong> सहेजें</strong>.</li>\n<li> विस्तृत करें<b> डेटा मॉडल</b> > <strong> लेखा</strong> > <strong> फ़ील्ड</strong> , और चुनें<strong> खाता नाम</strong>.</li>\n<li> दाएँ फलक में, निम्न मान को संशोधित करें।<ul>\n<li> अधिकतम लंबाई:<strong> 30</strong></li>\n</ul>\n</li>\n<li> क्लिक करें<strong> सहेजें</strong>.</li>\n</ol>"
    },
    "navigationBar": {
      "left": {
        "text": " पिछला"
      },
      "right": {
        "text": " अगला"
      }
    }
  },
  "Card.VoltMX.CreateServicesV9.configureAccountModel2": {
    "content": {
      "title": " डेटा मॉडल कॉन्फ़िगर करें",
      "body": "<ol>\n<li> के अंतर्गत&nbsp;<strong> डेटा मॉडल</strong> ,&nbsp;नेविगेट करें&nbsp;<strong> लेखा</strong> &nbsp;और चुनें<strong> &nbsp;फ़ील्ड</strong>.</li>\n<li> के लिए चेक-बॉक्स का चयन करें&nbsp;<strong> SeqNo</strong> और फिर क्लिक करें&nbsp;<strong> हटाएं</strong>.</li>\n<li> में&nbsp;<strong> फ़ील्ड हटाएं&nbsp;</strong> संवाद बॉक्स, क्लिक करें&nbsp;<strong> हटाएं</strong>.</li>\n<li> क्लिक करें&nbsp;<strong> सहेजें</strong>.</li>\n</ol>"
    },
    "navigationBar": {
      "left": {
        "text": " पिछला"
      },
      "right": {
        "text": " अगला"
      }
    }
  },
  "Card.VoltMX.CreateServicesV9.configureAccountService": {
    "content": {
      "title": " खाता सेवा कॉन्फ़िगर करें",
      "body": "<ol>\n<li> विंडो के ऊपरी-बाएँ कोने से, सेवा के नाम पर क्लिक करें।</li>\n<li> में&nbsp;<strong> नाम:</strong> बॉक्स, टाइप करें&nbsp;<strong> खाता संग्रहण</strong>.</li>\n<li> के अंतर्गत&nbsp;<strong> नमूना डेटा</strong> , खींचें<strong> Accounts.zip</strong> निकाली गई फ़ाइलों से फ़ाइल।</li>\n<li> क्लिक करें<strong> सहेजें</strong>.</li>\n<li> बंद करें<strong> वस्तु सेवा संपादित करें</strong> window.<br /> आइरिस को सेवा जोड़ने में कुछ समय लग सकता है<strong> परियोजना सेवाएं</strong> अनुभाग।</li>\n</ol>"
    },
    "navigationBar": {
      "left": {
        "text": " पिछला"
      },
      "right": {
        "text": " अगला"
      }
    }
  },
  "Card.VoltMX.CreateServicesV9.configurePayeesModel1": {
    "content": {
      "title": " डेटा मॉडल कॉन्फ़िगर करें",
      "body": "<ol>\n<li> बाएँ फलक से चुनें<strong> डेटा मॉडल</strong> टैब।</li><li> डेटा मॉडल टैब के अंतर्गत, विस्तृत करें<b> डेटा मॉडल</b> > <strong> प्राप्तकर्ता</strong> > <strong> फ़ील्ड</strong> , और चुनें<strong> प्राप्तकर्ता आईडी</strong>.</li>\n<li> दाएँ फलक में, निम्न मानों को संशोधित करें।<ul>\n<li> प्रकार:<strong> संख्या</strong></li>\n<li> स्वत: उत्पन्न:<strong> सच</strong></li>\n</ul>\n</li>\n<li> क्लिक करें<strong> सहेजें</strong>.</li>\n<li> बाएँ फलक में नेविगेट करें<strong> डेटा मॉडल</strong> &gt;<strong> प्राप्तकर्ता</strong> &gt;<strong> फ़ील्ड</strong> , और फिर चुनें<strong> फोन</strong>.</li>\n<li> दाएँ फलक में, निम्न मान को संशोधित करें।<ul>\n<li> अधिकतम लंबाई:<strong> 30</strong></li>\n</ul>\n</li>\n<li> क्लिक करें<strong> सहेजें</strong>.</li>\n</ol>"
    },
    "navigationBar": {
      "left": {
        "text": " पिछला"
      },
      "right": {
        "text": " अगला"
      }
    }
  },
  "Card.VoltMX.CreateServicesV9.configurePayeesModel2": {
    "content": {
      "title": " डेटा मॉडल कॉन्फ़िगर करें",
      "body": "<ol>\n<li> अंडर<strong> डेटा मॉडल</strong> नेविगेट करें<strong> प्राप्तकर्ता</strong> , और चुनें<strong> फ़ील्ड</strong>.</li><li> दाएँ फलक से, फ़ील्ड के लिए<b> प्राप्तकर्ता आईडी</b> , कॉलम के नीचे<b> प्राथमिक कुंजी</b> , स्विच को ट्रू पर टॉगल करें।<li> के लिए चेक-बॉक्स का चयन करें<strong> SeqNo</strong> और फिर क्लिक करें<strong> हटाएं</strong>.</li>\n<li> में<strong> फ़ील्ड हटाएं</strong> संवाद, क्लिक करें<strong> हटाएं</strong>.</li>\n<li> क्लिक करें<strong> सहेजें</strong>.</li>\n</ol>"
    },
    "navigationBar": {
      "left": {
        "text": " पिछला"
      },
      "right": {
        "text": " अगला"
      }
    }
  },
  "Card.VoltMX.CreateServicesV9.configurePayeesService": {
    "content": {
      "title": " सेवा को कॉन्फ़िगर करें",
      "body": "<ol>\n<li> ऊपरी-बाएँ कोने पर, सेवा के नाम पर क्लिक करें।</li>\n<li> नाम बॉक्स में, टाइप करें<strong> प्राप्तकर्ता भंडारण</strong>.</li>\n<li> अंडर<strong> नमूना डेटा</strong> , खींचें<strong> प्राप्तकर्ता.ज़िप</strong> निकाली गई फ़ाइलों से फ़ाइल।</li><li> के लिए<b> रणनीति हटाएं</b> विकल्प, चुनें<b> हार्ड डिलीट</b>.\n<li> क्लिक करें<strong> सहेजें</strong>.</li>\n<li> बंद करें<strong> वस्तु सेवा संपादित करें</strong> window.<br /> आइरिस को सेवा जोड़ने में कुछ समय लग सकता है<strong> परियोजना सेवाएं</strong> अनुभाग।</li>\n</ol>"
    },
    "navigationBar": {
      "left": {
        "text": " पिछला"
      },
      "right": {
        "text": " अगला"
      }
    }
  },
  "Card.VoltMX.CreateServicesV9.createAccountsService": {
    "content": {
      "title": " एक नई सेवा बनाएं",
      "body": "<ol>\n<li> से<strong> डेटा &amp; सेवाएं</strong> पैनल, विस्तार करें<strong> परियोजना सेवाएं</strong>.</li>\n<li> क्लिक करें<strong> नया कॉन्फ़िगर करें</strong>.</li>\n<li> के तहत<strong> डेटा संग्रहण</strong> अनुभाग, चुनें<strong> एक्सेल फ़ाइल आयात करें</strong>.<br /> आइरिस को खुलने में कुछ समय लग सकता है<strong> वस्तु सेवा संपादित करें</strong> window.</li>\n<li> में<strong> फ़ाइल आयात करें</strong> डायलॉग बॉक्स, ड्रैग करें<strong> Accounts.xlsx</strong> निकाली गई फ़ाइलों से फ़ाइल।</li>\n<li> फ़ाइल अपलोड होने के बाद, क्लिक करें<strong> अगला</strong>.</li>\n<li> सुनिश्चित करें कि<strong> लेखा</strong> के तहत चुना गया है<strong> एक्सेल शीट का नाम</strong> और फिर क्लिक करें<strong> आयात:</strong>.</li>\n<li> क्लिक करें<strong> हो गया</strong>.<br /> The<b> डेटा मॉडल</b> कॉन्फ़िगरेशन विंडो प्रकट होती है।</li>\n</ol>"
    },
    "navigationBar": {
      "left": {
        "text": " पिछला"
      },
      "right": {
        "text": " अगला"
      }
    }
  },
  "Card.VoltMX.CreateServicesV9.createPayeesService": {
    "content": {
      "title": " एक नई सेवा बनाएं",
      "body": "<ol>\n<li> से<strong> डेटा &amp; सेवाएं</strong> पैनल, विस्तार करें<strong> परियोजना सेवाएं</strong>.</li>\n<li> क्लिक करें<strong> नया कॉन्फ़िगर करें</strong>.</li>\n<li> के तहत<strong> डेटा संग्रहण</strong> अनुभाग, चुनें<strong> एक्सेल फ़ाइल आयात करें</strong>.<br /> आइरिस को खुलने में कुछ समय लग सकता है<strong> वस्तु सेवा संपादित करें</strong> window.</li>\n<li> में<strong> फ़ाइल आयात करें</strong> विंडो, ड्रैग करें<strong> प्राप्तकर्ता.xlsx</strong> निकाली गई फ़ाइलों से फ़ाइल।</li>\n<li> फ़ाइल अपलोड होने के बाद, क्लिक करें<strong> अगला</strong>.</li>\n<li> सुनिश्चित करें कि<strong> प्राप्तकर्ता</strong> के तहत चुना गया है<strong> एक्सेल शीट का नाम</strong> और फिर क्लिक करें<strong> आयात:</strong>.</li>\n<li> क्लिक करें<strong> हो गया</strong>.</li>\n</ol>"
    },
    "navigationBar": {
      "left": {
        "text": " पिछला"
      },
      "right": {
        "text": " अगला"
      }
    }
  },
  "Card.VoltMX.CreateServicesV9.done": {
    "content": {
      "title": " बधाई",
      "body": "<p> आपने सफलतापूर्वक:</p>\n<ul>\n<li><strong> निम्नलिखित डेटा के लिए सेवाओं को बनाया और कॉन्फ़िगर किया गया</strong>\n<ul>\n<li><strong> लेखा</strong></li>\n<li><strong> प्राप्तकर्ता</strong></li>\n</ul>\n</li>\n<li><strong> सेवाओं को एक रन-टाइम सर्वर पर प्रकाशित किया</strong></li>\n</ul>\n<p> &nbsp;</p>\n<p> ऐप के UI में डेटा मैप करने का तरीका जानने के लिए, अगली बढ़ोतरी देखें:</p><a class=\"tour-link\" tour=\"fab6d8ta-91ac-4frc-8fud-14a9f7na\"><strong> 5. ऐप UI को डेटा से कनेक्ट करें</strong></a> ."
    },
    "navigationBar": {
      "left": {
        "text": " पिछला"
      },
      "right": {
        "text": " हो गया"
      }
    }
  },
  "Card.VoltMX.CreateServicesV9.Intro": {
    "content": {
      "title": " बैक-एंड डेटा के लिए सेवाएँ बनाएँ",
      "body": "<p> इस वृद्धि में, हम करेंगे:</p>\n<ul>\n<li> स्टोरेज ऑब्जेक्ट सर्विसेज बनाएं और कॉन्फ़िगर करें<b> लेखा</b> और<b> प्राप्तकर्ता</b>.\n</li>\n<li> प्रोजेक्ट सेवाओं को रन-टाइम सर्वर पर प्रकाशित करें।</li>\n</ul><br />\n\n<p> आरंभ करने से पहले, निम्नलिखित हाइक को पूरा करें:</p>\n<b><ol>\n<li><a class=\"tour-link\" tour=\"7408efte-e2aa-4cr8-a9ub-d7ba36n8\"> अपना पहला मोबाइल ऐप लॉन्च करें</a></li>\n<li><a class=\"tour-link\" tour=\"a617eft5-7ca8-4ard-8eu8-94cdean5\"> संग्रह से UI बनाएं</a></li>\n<li><a class=\"tour-link\" tour=\"15d8c7t4-cda7-40rb-afu7-345cfcnc\"> ऐप में प्रमाणीकरण जोड़ें</a></li>\n</ol></b>\n<br/>\n<p> सुनिश्चित करें कि आपने वही प्रोजेक्ट खोला है जिसे आपने पिछली हाइक में बनाया था।<br /> एक बंद परियोजना को खोलने के लिए, मुख्य मेनू से, नेविगेट करें<strong> परियोजना</strong> &gt;<strong> खुला</strong> &gt;<strong> एचसीएल संदर्भ वास्तुकला</strong> &gt;<strong> प्राप्तकर्ताMobApp</strong>.</p>\n<br/>\n<p> सुनिश्चित करें कि आप डाउनलोड करें और निकालें<a href='#'onClick='javascript:openURL(\"https://github.com/HCL-TECH-SOFTWARE/volt-mx-tutorials/raw/master/public/samples/RecipientsData.zip\")'> प्राप्तकर्ताData.zip</a> file. निकाली गई फ़ाइलों के स्थान पर ध्यान दें।</p><br/>\n<strong> जब आप तैयार हों, तो स्टार्ट पर क्लिक करें!</strong>"
    },
    "navigationBar": {
      "left": {
        "text": " पिछला"
      },
      "right": {
        "text": " प्रारंभ"
      }
    }
  },
  "Card.VoltMX.CreateServicesV9.publishServices": {
    "content": {
      "title": " सेवाओं को प्रकाशित करें",
      "body": "<ol>\n<li> पर<strong> डेटा &amp; सेवाएं</strong> पैनल, बगल में<b> ताज़ा करें</b> बटन, मेनू विकल्प पर क्लिक करें।</li>\n<li> चुनें<strong> प्रोजेक्ट सेवाएँ प्रकाशित करें</strong>.<br /> आइरिस को सेवा प्रकाशित करने में कुछ समय लग सकता है।</li>\n</ol>"
    },
    "navigationBar": {
      "left": {
        "text": " पिछला"
      },
      "right": {
        "text": " अगला"
      }
    }
  }
}