{
    "kuid": "14908f3a-5a3e-4833-b288-35ccaa81",
    "id": "Kony.FirstAppLogin.DragandDrop",
    "content": {
        "title": "UI for the Login Form",
        "body": "<ol><li>From the bottom-left corner of Visualizer, navigate to the <b>Default Library</b>. </li>\n<li>Next to the Default Library, you will see the My Libraries tab and a search icon. Click the search icon.</li><li>In the search bar that appears, enter <b>Login</b>. </li><li>From the results, under <b>ToursMobileCollection</b>, select <b>Login</b>. </li>\n<li> Drag the <b>Login</b> collection onto <b>frmLogin</b> on the canvas.</li></ol>"
    },
    "position": "BOTTOM_RIGHT",
    "navigationType": "manual",
    "navigationCondition": "",
    "pointer": {
        "direction": "left",
        "element": {
            "module": "konylibrary"
        },
        "type": "default"
    },
    "navigationBar": {
        "left": {
            "text": "Previous",
            "hide": false,
            "enable": true
        },
        "right": {
            "text": "Next",
            "enable": true,
            "hide": false
        }
    }
}