{
  "kuid": "0f49e1tf-26a0-47r9-9eu5-1c571en9",
  "id": "VoltMX.createUIMobV9.addUIAccount",
  "content": {
    "title": "UI for Account Form",
    "body": "<ol>\n<li>From the left of the Iris canvas, navigate to the <strong>Default Library</strong>.</li>\n<li>In the search bar that appears, enter <strong>AccountList</strong>.</li>\n<li>From the results, under  <strong>RecipientsMobile</strong>, find <strong>AccountList</strong>.</li>\n<li>Drag the <strong>AccountList </strong>collection onto the <strong>frmAccount</strong> form on the canvas.</li>\n</ol>"
  },
  "pointer": {
    "direction": "left",
    "element": {
      "module": "konylibrary",
      "path": "default-head"
    },
    "type": "default"
  },
  "navigationType": "manual",
  "navigationBar": {
    "left": {
      "text": "Previous",
      "enable": true,
      "hide": false
    },
    "right": {
      "text": "Next",
      "enable": true,
      "hide": false
    }
  },
  "navigationCondition": "",
  "position": "BOTTOM_RIGHT",
  "meta": {
    "Creator": "Rashmi Menon",
    "CreatedOn": "Wed, 18 Dec 2019 06:55:55 GMT"
  },
  "context": [],
  "localization": {
    "en-us": {
      "content": {
        "title": "UI for Account Form",
        "body": "<ol>\n<li>From the left of the Iris canvas, navigate to the <strong>Default Library</strong>.</li>\n<li>In the search bar that appears, enter <strong>AccountList</strong>.</li>\n<li>From the results, under  <strong>RecipientsMobile</strong>, find <strong>AccountList</strong>.</li>\n<li>Drag the <strong>AccountList </strong>collection onto the <strong>frmAccount</strong> form on the canvas.</li>\n</ol>"
      },
      "navigationBar": {
        "left": {
          "text": "Previous"
        },
        "right": {
          "text": "Next"
        }
      }
    },
    "zh-cn": {
      "content": {
        "title": "UI帐户表",
        "body": "<ol> \n <li>从虹膜画布的左侧，导航到<strong>默认库</strong>。</li> \n <li>在出现的搜索栏中，输入<strong> accountList </strong>。</li> \n <li>从结果中，在<strong> contoctients mobile </strong>下，查找<strong> accountList </strong>。</li> \n <li>将<strong>帐户清单</strong>收集到<strong> frmaccount </strong>表格上的canvas。</li> \n </ol>"
      },
      "navigationBar": {
        "left": {
          "text": "以前的"
        },
        "right": {
          "text": "下一个"
        }
      }
    },
    "zh-tw": {
      "content": {
        "title": "UI帳戶表",
        "body": "<ol> \n <li>從虹膜畫布的左側，導航到<strong>默認庫</strong>。</li> \n <li>在出現的搜索欄中，輸入<strong> accountList </strong>。</li> \n <li>從結果中，在<strong> contoctients mobile </strong>下，查找<strong> accountList </strong>。</li> \n <li>將<strong>帳戶清單</strong>收集到<strong> frmaccount </strong>表格上的canvas。</li> \n </ol>"
      },
      "navigationBar": {
        "left": {
          "text": "以前的"
        },
        "right": {
          "text": "下一個"
        }
      }
    }
  }
}