{
  "kuid": "b8d750t1-81a3-40r4-b1u3-5f30ddn4",
  "id": "VoltMX.IntroductiontoSegmentV9.Intro",
  "content": {
    "title": "Introduction to Segment",
    "body": "<b>Let’s get started!</b><br/>\nIn this hike, we will: <br/>\n<ul><li>Create a form with a Segment widget</li>\n<li>Assign data to the Segment widget</li>\n<li>Change the height of the rows of the Segment</li>\n</ul>\n<br/>\n<b>When you’re ready, click Start!</b>"
  },
  "pointer": {
    "direction": "left",
    "element": "",
    "type": "none"
  },
  "navigationType": "manual",
  "navigationBar": {
    "left": {
      "text": "Previous",
      "enable": false,
      "hide": true
    },
    "right": {
      "text": "Start",
      "enable": true,
      "hide": false
    }
  },
  "navigationCondition": "",
  "position": "CENTER",
  "meta": {
    "Creator": "Rashmi Menon",
    "CreatedOn": "Mon, 25 Nov 2019 10:05:50 GMT"
  },
  "context": [],
  "localization": {
    "en-us": {
      "content": {
        "title": "Introduction to Segment",
        "body": "<b>Let’s get started!</b><br/>\nIn this hike, we will: <br/>\n<ul><li>Create a form with a Segment widget</li>\n<li>Assign data to the Segment widget</li>\n<li>Change the height of the rows of the Segment</li>\n</ul>\n<br/>\n<b>When you’re ready, click Start!</b>"
      },
      "navigationBar": {
        "left": {
          "text": "Previous"
        },
        "right": {
          "text": "Start"
        }
      }
    },
    "zh-cn": {
      "content": {
        "title": "细分简介",
        "body": "<b>让我们开始！</b> <br/> \n 在这次远足中，我们将：<br/> \n <ul> <li>创建一个用段窗口</li>的表单 \n <li>将数据分配给段窗口小部件</li> \n <li>更改段</li>的行的高度 \n </ul> \n <br/> \n <b>准备就绪时，单击“开始”！</b>"
      },
      "navigationBar": {
        "left": {
          "text": "以前的"
        },
        "right": {
          "text": "开始"
        }
      }
    },
    "zh-tw": {
      "content": {
        "title": "細分簡介",
        "body": "<b>讓我們開始！</b> <br/> \n 在這次遠足中，我們將：<br/> \n <ul> <li>創建一個用段窗口</li>的表單 \n <li>將數據分配給段窗口小部件</li> \n <li>更改段</li>的行的高度 \n </ul> \n <br/> \n <b>準備就緒時，單擊“開始”！</b>"
      },
      "navigationBar": {
        "left": {
          "text": "以前的"
        },
        "right": {
          "text": "開始"
        }
      }
    }
  }
}