{
  "kuid": "174e3ctb-acab-4br4-94u4-3db602n6",
  "id": "VoltMX.ConnectAppUItoDataMob_v9.recipients",
  "content": {
    "title": "Adding Service to Recipients Form",
    "body": "<ol>\n<li>From the&nbsp;<strong>Project </strong>explorer, navigate to&nbsp;<strong>Mobile</strong>&nbsp;&gt;&nbsp;<strong>Forms</strong>, and select&nbsp;<strong>frmRecipients</strong>.</li>\n<li>From the top-right corner of Iris, navigate to the <strong>Properties&nbsp;</strong>panel and select the <strong>Action </strong>tab.</li>\n<li>Under the <strong>General&nbsp;</strong>section, for the <strong>preShow </strong>event, click <strong>Edit</strong>.<br /> The <strong>Action Editor</strong> window appears.</li><li>From the top-right corner of the <b>Action Editor</b> window, select the <strong>Design View</strong>.</li>\n\n</ol>"
  },
  "pointer": {
    "direction": "left",
    "element": {
      "module": "projectexplorer",
      "path": "project-body\\project\\Mobile\\Forms\\frmRecipients"
    },
    "type": "default"
  },
  "navigationType": "manual",
  "navigationBar": {
    "left": {
      "text": "Previous",
      "enable": true,
      "hide": false
    },
    "right": {
      "text": "Next",
      "enable": true,
      "hide": false
    }
  },
  "navigationCondition": "",
  "position": "BOTTOM_LEFT",
  "meta": {
    "Creator": "Rashmi Menon",
    "CreatedOn": "Mon, 23 Mar 2020 08:14:51 GMT"
  },
  "context": [],
  "localization": {
    "en-us": {
      "content": {
        "title": "Adding Service to Recipients Form",
        "body": "<ol>\n<li>From the&nbsp;<strong>Project </strong>explorer, navigate to&nbsp;<strong>Mobile</strong>&nbsp;&gt;&nbsp;<strong>Forms</strong>, and select&nbsp;<strong>frmRecipients</strong>.</li>\n<li>From the top-right corner of Iris, navigate to the <strong>Properties&nbsp;</strong>panel and select the <strong>Action </strong>tab.</li>\n<li>Under the <strong>General&nbsp;</strong>section, for the <strong>preShow </strong>event, click <strong>Edit</strong>.<br /> The <strong>Action Editor</strong> window appears.</li><li>From the top-right corner of the <b>Action Editor</b> window, select the <strong>Design View</strong>.</li>\n\n</ol>"
      },
      "navigationBar": {
        "left": {
          "text": "Previous"
        },
        "right": {
          "text": "Next"
        }
      }
    },
    "zh-cn": {
      "content": {
        "title": "将服务添加到收件人表格",
        "body": "***<ol> \n <li>来自＆nbsp; <strong> project </strong>资源管理器，导航到＆nbsp; <strong>移动</strong>＆nbsp;＆nbsp;＆nbsp;＆nbsp;＆nbsp;＆nbsp; <strong> forms </strong>和select＆nbsp; <strong> frmrecipients </strong> 9}。 </li> \n <li>从Iris的右上角，导航到<strong>属性＆nbsp; </strong>面板，然后选择<strong>操作</strong> tab。</li> \n <li>在<strong>常规＆nbsp; </strong>部分中，对于<strong> preshow </strong>事件，单击<strong> edit </strong>。 </li> <li>从<b>操作编辑器的顶角</b>窗口，选择<strong>设计视图</strong>。</li> \n\n </ol>"
      },
      "navigationBar": {
        "left": {
          "text": "以前的"
        },
        "right": {
          "text": "下一个"
        }
      }
    },
    "zh-tw": {
      "content": {
        "title": "將服務添加到收件人表格",
        "body": "***<ol> \n <li>來自＆nbsp; <strong> project </strong>資源管理器，導航到＆nbsp; <strong>移動</strong>＆nbsp;＆nbsp;＆nbsp;＆nbsp;＆nbsp;＆nbsp; <strong> forms </strong>和select＆nbsp; <strong> frmrecipients </strong> 9}。 </li> \n <li>從Iris的右上角，導航到<strong>屬性＆nbsp; </strong>面板，然後選擇<strong>操作</strong> tab。</li> \n <li>在<strong>常規＆nbsp; </strong>部分中，對於<strong> preshow </strong>事件，單擊<strong> edit </strong>。 </li> <li>從<b>操作編輯器的頂角</b>窗口，選擇<strong>設計視圖</strong>。</li> \n\n </ol>"
      },
      "navigationBar": {
        "left": {
          "text": "以前的"
        },
        "right": {
          "text": "下一個"
        }
      }
    }
  }
}