{
    "kuid": "004501t4-5da1-42re-b7u5-7964fcn9",
    "id": "VoltMX.CreateUIRWV9.addNavigation5",
    "content": {
        "title": "Add Navigation from Recipients LIst Screen",
        "body": "<ol>\n<li>From the <strong>Project</strong> explorer, navigate to <strong>Responsive Web/Desktop</strong> &gt; <strong>Forms</strong> &gt; <strong>frmRecipients</strong>\n &gt; <b>flxToolbar</b> and select <strong>flxBack</strong>.</li>\n<li>From the <strong>Properties panel</strong>, navigate to the <strong>Action</strong> tab.</li>\n<li>For the <strong>onClick </strong>event, click <strong>Edit</strong>.<br /> The <strong>Action Editor </strong>window appears.</li>\n</ol>"
    },
    "pointer": {
        "direction": "left",
        "element": {
            "module": "projectexplorer",
            "path": "project-body\\project\\Responsive Web / Desktop\\Forms\\frmRecipients"
        },
        "type": "default"
    },
    "navigationType": "manual",
    "navigationBar": {
        "left": {
            "text": "Previous",
            "enable": true,
            "hide": false
        },
        "right": {
            "text": "Next",
            "enable": true,
            "hide": false
        }
    },
    "navigationCondition": "",
    "position": "BOTTOM_LEFT",
    "meta": {
        "Creator": "Prem Garudadri",
        "CreatedOn": "Wed, 18 Dec 2019 16:26:22 GMT"
    },
    "context": []
}