{
  "kuid": "004501t4-5da1-42re-b7u5-7964fcn9",
  "id": "VoltMX.CreateUIRWV9.addNavigation5",
  "content": {
    "title": "Add Navigation from Recipients List Screen",
    "body": "<ol>\n<li>From the <strong>Project</strong> explorer, expand to <strong>Responsive Web / Desktop</strong> &gt; <strong>Forms</strong> &gt; <strong>frmRecipients</strong> &gt;\n<strong>flxRecipientList</strong> &gt; <strong>flxToolbar</strong> and select <strong>flxBack</strong>.</li>\n<li>From the <strong>Properties panel</strong>, navigate to the <strong>Action</strong> tab.</li>\n<li>For the <strong>onClick </strong>event, click <strong>Edit</strong>.<br /> The <strong>Action Editor </strong>window appears.</li>\n</ol>"
  },
  "pointer": {
    "direction": "left",
    "element": {
      "module": "projectexplorer",
      "path": "project-body\\project\\Responsive Web / Desktop\\Forms\\frmRecipients"
    },
    "type": "default",
    "isfixed": false
  },
  "navigationType": "manual",
  "navigationBar": {
    "left": {
      "text": "Previous",
      "enable": true,
      "hide": false
    },
    "right": {
      "text": "Next",
      "enable": true,
      "hide": false
    }
  },
  "navigationCondition": "",
  "position": "BOTTOM_LEFT",
  "meta": {
    "Creator": "Prem Garudadri",
    "CreatedOn": "Wed, 18 Dec 2019 16:26:22 GMT"
  },
  "context": [],
  "localization": {
    "en-us": {
      "content": {
        "title": "Add Navigation from Recipients List Screen",
        "body": "<ol>\n<li>From the <strong>Project</strong> explorer, expand to <strong>Responsive Web / Desktop</strong> &gt; <strong>Forms</strong> &gt; <strong>frmRecipients</strong> &gt;\n<strong>flxRecipientList</strong> &gt; <strong>flxToolbar</strong> and select <strong>flxBack</strong>.</li>\n<li>From the <strong>Properties panel</strong>, navigate to the <strong>Action</strong> tab.</li>\n<li>For the <strong>onClick </strong>event, click <strong>Edit</strong>.<br /> The <strong>Action Editor </strong>window appears.</li>\n</ol>"
      },
      "navigationBar": {
        "left": {
          "text": "Previous"
        },
        "right": {
          "text": "Next"
        }
      }
    },
    "zh-cn": {
      "content": {
        "title": "添加收件人列表屏幕中的导航",
        "body": "***<ol> \n <li>从<strong> project </strong>探索器，扩展到<strong>响应web / desktop </strong>＆gt; <strong>表格</strong>＆gt; <strong> frmrecipient </strong>＆gt; \n <strong> flxRecipientList </strong>＆gt; <strong> flxtoolbar </strong>，然后选择<strong> flxback </strong>。</li> \n <li>从<strong>属性面板</strong>，导航到<strong> action </strong> tab。</li> \n <li>对于<strong> onClick </strong>事件，单击<strong> edit </strong>。 \n </ol>"
      },
      "navigationBar": {
        "left": {
          "text": "以前的"
        },
        "right": {
          "text": "下一个"
        }
      }
    },
    "zh-tw": {
      "content": {
        "title": "添加收件人列表屏幕中的導航",
        "body": "***<ol> \n <li>從<strong> project </strong>探索器，擴展到<strong>響應web / desktop </strong>＆gt; <strong>表格</strong>＆gt; <strong> frmrecipient </strong>＆gt; \n <strong> flxRecipientList </strong>＆gt; <strong> flxtoolbar </strong>，然後選擇<strong> flxback </strong>。</li> \n <li>從<strong>屬性面板</strong>，導航到<strong> action </strong> tab。</li> \n <li>對於<strong> onClick </strong>事件，單擊<strong> edit </strong>。 \n </ol>"
      },
      "navigationBar": {
        "left": {
          "text": "以前的"
        },
        "right": {
          "text": "下一個"
        }
      }
    }
  }
}