{
  "kuid": "f778a8t7-c5a7-47r7-b8ub-de01f9n9",
  "id": "VoltMX.FlexPropertiesV9.AddButton",
  "content": {
    "title": "Add Button to the Form",
    "body": "<ol>\n<li>From the bottom-left of the Iris, navigate to the <strong>Default Library</strong>.</li>\n<li>Next to the <b>Default Library,</b> you will see the <b>My Libraries </b>tab and a search icon. Click the search icon 🔍.</li>\n<li>In the search bar that appears, enter <b>Button.</b></li>\n<li>From the result, under <b>Default, </b>find <b>Button</b>.</li>\n<li> Drag and drop the <strong>Button </strong>widget onto the <strong>frmFlex</strong> form on the canvas.</li>\n<li>From the <b>Project</b> explorer, expand <b>Mobile</b> &gt; <b>Forms</b> &gt; <b>frmFlex</b>.</li>\n<li>Right-click on the button named as <b>ButtonXXXX</b> under <b>frmFlex</b>, Select <b>Rename</b> and rename the button from <b>ButtonXXXX</b> to <b>btnLayout</b>.</li>\n</ol>"
  },
  "pointer": {
    "direction": "left",
    "element": {
      "module": "konylibrary",
      "path": "default-body\\widgets\\default\\Button"
    },
    "type": "default"
  },
  "navigationType": "manual",
  "navigationBar": {
    "left": {
      "text": "Previous",
      "enable": true,
      "hide": false
    },
    "right": {
      "text": "Next",
      "enable": true,
      "hide": false
    }
  },
  "navigationCondition": "",
  "position": "BOTTOM_RIGHT",
  "meta": {
    "Creator": "Rashmi Menon",
    "CreatedOn": "Mon, 25 Nov 2019 08:41:14 GMT"
  },
  "context": [],
  "localization": {
    "en-us": {
      "content": {
        "title": "Add Button to the Form",
        "body": "<ol>\n<li>From the bottom-left of the Iris, navigate to the <strong>Default Library</strong>.</li>\n<li>Next to the <b>Default Library,</b> you will see the <b>My Libraries </b>tab and a search icon. Click the search icon 🔍.</li>\n<li>In the search bar that appears, enter <b>Button.</b></li>\n<li>From the result, under <b>Default, </b>find <b>Button</b>.</li>\n<li> Drag and drop the <strong>Button </strong>widget onto the <strong>frmFlex</strong> form on the canvas.</li>\n<li>From the <b>Project</b> explorer, expand <b>Mobile</b> &gt; <b>Forms</b> &gt; <b>frmFlex</b>.</li>\n<li>Right-click on the button named as <b>ButtonXXXX</b> under <b>frmFlex</b>, Select <b>Rename</b> and rename the button from <b>ButtonXXXX</b> to <b>btnLayout</b>.</li>\n</ol>"
      },
      "navigationBar": {
        "left": {
          "text": "Previous"
        },
        "right": {
          "text": "Next"
        }
      }
    },
    "zh-cn": {
      "content": {
        "title": "将按钮添加到表格",
        "body": "***<ol> \n <li>从虹膜的左下左下，导航到<strong>默认库</strong>。</li> \n <li>在<b>默认库旁边，</b>您将看到<b>我的库</b>选项卡和搜索图标。 单击搜索图标🔍。</li> \n <li>在出现的搜索栏中，输入<b>按钮。</b> </li> \n <li>从结果，在<b>默认下，</b>查找<b>按钮</b>。</li> \n <li>将<strong> button </strong> widt拖放到<strong> frmflex </strong>形式上。</li> \n <li>来自<b> project </b>资源管理器，展开<b>移动</b>＆gt; <b>表格</b>＆gt; <b> frmflex </b>。</li> \n <li>在<b> frmflex </b>下命名为<b> buttonxxxx </b>的按钮上右键单击右键单击，select <b>重命名</b>并重命名<b> buttonxxxx </b> {45}的按钮 } btnlayout </b>。</li> \n </ol>"
      },
      "navigationBar": {
        "left": {
          "text": "以前的"
        },
        "right": {
          "text": "下一个"
        }
      }
    },
    "zh-tw": {
      "content": {
        "title": "將按鈕添加到表格",
        "body": "***<ol> \n <li>從虹膜的左下左下，導航到<strong>默認庫</strong>。</li> \n <li>在<b>默認庫旁邊，</b>您將看到<b>我的庫</b>選項卡和搜索圖標。 單擊搜索圖標🔍。</li> \n <li>在出現的搜索欄中，輸入<b>按鈕。</b> </li> \n <li>從結果，在<b>默認下，</b>查找<b>按鈕</b>。</li> \n <li>將<strong> button </strong> widt拖放到<strong> frmflex </strong>形式上。</li> \n <li>來自<b> project </b>資源管理器，展開<b>移動</b>＆gt; <b>表格</b>＆gt; <b> frmflex </b>。</li> \n <li>在<b> frmflex </b>下命名為<b> buttonxxxx </b>的按鈕上右鍵單擊右鍵單擊，select <b>重命名</b>並重命名<b> buttonxxxx </b> {45}的按鈕 } btnlayout </b>。</li> \n </ol>"
      },
      "navigationBar": {
        "left": {
          "text": "以前的"
        },
        "right": {
          "text": "下一個"
        }
      }
    }
  }
}