{
    "kuid": "b0eed8t1-b3ae-47r9-84u1-b73566n0",
    "id": "VoltMX.CreateEmailIdCompV9.customProp",
    "content": {
        "title": "Add Custom Properties to the Component",
        "body": "<ol>\n<li>From the upper-left corner of Iris, in the <b>Templates</b> explorer, expand <b>Components</b> and select the <b>userEntry.emailField [1.0.0]</b> component. </li>\n<li>From the upper-right corner of Iris, in the <b>Properties</b> panel, go to the <b>Component</b> tab, and click <b>Manage Properties</b>.</li>\n<li>From the <b>Manage Properties</b> window, select the <b>Custom</b> tab, and click the Add icon <img src=\"https://i.ibb.co/m0gc2rs/add-icon.png\" alt=\"add icon\" width=\"13\"\n         height=\"13\">.\n <li>Modify the values of the following properties:</br>\n<ul><li>Property Name: <b>minCharlength</b></li>\n<li>Display Name: <b>Minimum Character Length</b></li>\n<li>Property Type: <b>Integer</b></li>\n<li>Default Value: <b>3</b></li>\n<li>Group: <b>General</b></li>\n<li>Read / Write: <b>Write</b></li></ul></li> \n<li>Click <b>Apply</b>. </li>\n</ol>"
    },
    "pointer": {
        "direction": "left",
        "element": {
            "module": "projectexplorer",
            "css_selector": "div[class *='ktable kwt100 middleleftalign']"
        },
        "type": "default"
    },
    "navigationType": "manual",
    "navigationBar": {
        "left": {
            "text": "Previous",
            "enable": true,
            "hide": false
        },
        "right": {
            "text": "Next",
            "enable": true,
            "hide": false
        }
    },
    "navigationCondition": "",
    "position": "BOTTOM_RIGHT",
    "meta": {
        "Creator": "Rashmi Menon",
        "CreatedOn": "Tue, 26 Nov 2019 06:22:07 GMT"
    },
    "context": []
}