{
  "kuid": "b923cft2-72ac-4dre-87u3-8e8cdbna",
  "id": "VoltMX.CreateServicesWebV9.configurePayModel1",
  "content": {
    "title": "Configure the Payee Model",
    "body": "<ol>\n<li>Under <strong>Data Model</strong>, navigate to <strong>Recipients</strong>, and select <strong>Fields</strong>.</li><li>From the right pane, for the field <b>RecipientID</b>, under the column <b>Primary Key</b>, toggle the switch to True.\n<li>Select the check-box for <strong>SeqNo</strong>, and then click <strong>Delete</strong>.</li>\n<li>In the <strong>Delete Fields</strong> dialog, click <strong>Delete</strong>.</li>\n<li>Click <strong>Save</strong>.</li>\n</ol>"
  },
  "pointer": {
    "direction": "left",
    "element": "",
    "type": "none"
  },
  "navigationType": "manual",
  "navigationBar": {
    "left": {
      "text": "Previous",
      "enable": true,
      "hide": false
    },
    "right": {
      "text": "Next",
      "enable": true,
      "hide": false
    }
  },
  "navigationCondition": "",
  "position": "BOTTOM_RIGHT",
  "meta": {
    "Creator": "Rashmi Menon",
    "CreatedOn": "Thu, 19 Dec 2019 06:28:28 GMT"
  },
  "context": [],
  "localization": {
    "en-us": {
      "content": {
        "title": "Configure the Payee Model",
        "body": "<ol>\n<li>Under <strong>Data Model</strong>, navigate to <strong>Recipients</strong>, and select <strong>Fields</strong>.</li><li>From the right pane, for the field <b>RecipientID</b>, under the column <b>Primary Key</b>, toggle the switch to True.\n<li>Select the check-box for <strong>SeqNo</strong>, and then click <strong>Delete</strong>.</li>\n<li>In the <strong>Delete Fields</strong> dialog, click <strong>Delete</strong>.</li>\n<li>Click <strong>Save</strong>.</li>\n</ol>"
      },
      "navigationBar": {
        "left": {
          "text": "Previous"
        },
        "right": {
          "text": "Next"
        }
      }
    },
    "zh-cn": {
      "content": {
        "title": "配置收款人模型",
        "body": "***<ol> \n <li>在<strong>数据模型</strong>下，导航至<strong>收件人</strong>，然后选择<strong>字段</strong>。 conterientId </b>，在列<b>主键</b>下，将开关切换为true。 \n <li>选择<strong> seqno </strong>的复选框，然后单击<strong>删除</strong>。</li> \n <li>在<strong>删除字段</strong>对话框中，单击<strong>删除</strong>。</li> \n <li>单击<strong>保存</strong>。</li> \n </ol>"
      },
      "navigationBar": {
        "left": {
          "text": "以前的"
        },
        "right": {
          "text": "下一个"
        }
      }
    },
    "zh-tw": {
      "content": {
        "title": "配置收款人模型",
        "body": "***<ol> \n <li>在<strong>數據模型</strong>下，導航至<strong>收件人</strong>，然後選擇<strong>字段</strong>。 conterientId </b>，在列<b>主鍵</b>下，將開關切換為true。 \n <li>選擇<strong> seqno </strong>的複選框，然後單擊<strong>刪除</strong>。</li> \n <li>在<strong>刪除字段</strong>對話框中，單擊<strong>刪除</strong>。</li> \n <li>單擊<strong>保存</strong>。</li> \n </ol>"
      },
      "navigationBar": {
        "left": {
          "text": "以前的"
        },
        "right": {
          "text": "下一個"
        }
      }
    }
  }
}