<?xml version="1.0"?>
<Hike kuid="b0dcc0t1-37ac-41r2-a2ub-455148nf" id="Kony.LaunchYourFirstMobileAppV9" title="Kony.LaunchYourFirstMobileAppV9">
    <Description/>
    <Meta>
        <Creator>Prem Garudadri</Creator>
        <Createdon>Wed, 18 Dec 2019 09:09:36 GMT</Createdon>
    </Meta>
    <Hikecard id="Kony.NewLaunchMobApp.Intro"/>
    <Hikecard id="Kony.NewLaunchMobApp.Import"/>
    <Hikecard id="Kony.NewLaunchMobApp.Import1"/>
    <Hikecard id="Kony.NewLaunchMobApp.explore"/>
    <Hikecard id="Kony.NewLaunchMobApp.explore1"/>
    <Hikecard id="Kony.LaunchYourFirstMobileAppV9.addUser"/>
    <Hikecard id="Kony.NewLaunchMobApp.appViewer"/>
    <Hikecard id="Kony.NewLaunchMobApp.Settings"/>
    <Hikecard id="Kony.NewLaunchMobApp.publish"/>
    <Hikecard id="Kony.NewLaunchMobApp.launch"/>
    <Hikecard id="Kony.NewLaunchMobApp.Viewing"/>
    <Hikecard id="Kony.NewLaunchMobApp.done"/>
</Hike>