<?xml version="1.0"?>
<Hike kuid="c8768068-761f-4ae7-a33a-eaeda692" id="Kony.AuthApp.Mapping" title="Kony.AuthApp.Mapping">
    <Description>Kony.AuthApp.Mapping</Description>
    <Hikecard id="Kony.AuthApp.Intro"/>
    <Hikecard id="Kony.AuthApp.SelectLogin"/>
    <Hikecard id="Kony.AuthApp.SelectLogin1"/>
    <Hikecard id="Kony.AuthApp.MappingEditor"/>
    <Hikecard id="Kony.AuthApp.ConfigureActions"/>
    <Hikecard id="Kony.AuthApp.NavigateToForm"/>
    <Hikecard id="Kony.AuthApp.Mapping.openapp"/>
    <Hikecard id="Kony.AuthApp.Congrats"/>
    <Hikecard id="Kony.AuthApp.Mapping.done"/>
</Hike>