{
  "kuid": "31ee91t1-5ca7-47rc-a5uc-5b7949n6",
  "id": "VoltMX.IntroductiontoSegmentV9.uiImage",
  "content": {
    "title": "Assign Position to the Image",
    "body": "<ol><li>From the <b>Properties</b> panel, navigate to the <b>Look</b> tab.</li>\n<li>Under the <b>Flex</b> section, assign the following values:<ul>\n<li>Left: <b>14 Dp</b></li>\n<li>Width: <b>96 Dp</b></li>\n<li>Height: <b>93 Dp</b></li>\n<li>Center Y: <b>50%</b></li></ul></li></ol>"
  },
  "pointer": {
    "direction": "right",
    "element": {
      "module": "propertieswindow"
    },
    "type": "default"
  },
  "navigationType": "manual",
  "navigationBar": {
    "left": {
      "text": "Previous",
      "enable": true,
      "hide": false
    },
    "right": {
      "text": "Next",
      "enable": true,
      "hide": false
    }
  },
  "navigationCondition": "",
  "position": "BOTTOM_RIGHT",
  "meta": {
    "Creator": "Rashmi Menon",
    "CreatedOn": "Mon, 25 Nov 2019 10:14:20 GMT"
  },
  "context": [],
  "localization": {
    "en-us": {
      "content": {
        "title": "Assign Position to the Image",
        "body": "<ol><li>From the <b>Properties</b> panel, navigate to the <b>Look</b> tab.</li>\n<li>Under the <b>Flex</b> section, assign the following values:<ul>\n<li>Left: <b>14 Dp</b></li>\n<li>Width: <b>96 Dp</b></li>\n<li>Height: <b>93 Dp</b></li>\n<li>Center Y: <b>50%</b></li></ul></li></ol>"
      },
      "navigationBar": {
        "left": {
          "text": "Previous"
        },
        "right": {
          "text": "Next"
        }
      }
    },
    "zh-cn": {
      "content": {
        "title": "将位置分配给图像",
        "body": "***<ol> <li>从<b> properties </b>面板，导航到<b> look </b> tab。</li> \n <li>在<b> flex </b>部分下，分配以下值：<ul> \n <li>左：<b> 14 dp </b> </li> \n <li>宽度：<b> 96 dp </b> </li> \n <li>高度：<b> 93 dp </b> </li> \n <li>中心y：<b> 50％</b> </li> </ul> </li> </ol> {29}"
      },
      "navigationBar": {
        "left": {
          "text": "以前的"
        },
        "right": {
          "text": "下一个"
        }
      }
    },
    "zh-tw": {
      "content": {
        "title": "將位置分配給圖像",
        "body": "***<ol> <li>從<b> properties </b>面板，導航到<b> look </b> tab。</li> \n <li>在<b> flex </b>部分下，分配以下值：<ul> \n <li>左：<b> 14 dp </b> </li> \n <li>寬度：<b> 96 dp </b> </li> \n <li>高度：<b> 93 dp </b> </li> \n <li>中心y：<b> 50％</b> </li> </ul> </li> </ol> {29}"
      },
      "navigationBar": {
        "left": {
          "text": "以前的"
        },
        "right": {
          "text": "下一個"
        }
      }
    }
  }
}