{
  "kuid": "b114c4tb-bdad-45r2-bfu8-9aff60nc",
  "id": "VoltMX.VoltMXOrientationV9.DefaultLibrary",
  "content": {
    "title": "Default Library",
    "body": "<p>The <strong>Default Library </strong>is a collection of widgets, UI components, and icons. The components are the building blocks that allow you to create an app. The icons and components are grouped based on their usage.<br/> Explore the collection by scrolling the list or search for specific items using the search option.</p>"
  },
  "pointer": {
    "direction": "left",
    "element": {
      "module": "konylibrary"
    },
    "type": "default"
  },
  "navigationType": "manual",
  "navigationBar": {
    "left": {
      "text": "Previous",
      "enable": true,
      "hide": false
    },
    "right": {
      "text": "Next",
      "enable": true,
      "hide": false
    }
  },
  "navigationCondition": "",
  "position": "BOTTOM_RIGHT",
  "meta": {
    "Creator": "Rashmi Menon",
    "CreatedOn": "Mon, 25 Nov 2019 06:58:47 GMT"
  },
  "context": [],
  "localization": {
    "en-us": {
      "content": {
        "title": "Default Library",
        "body": "<p>The <strong>Default Library </strong>is a collection of widgets, UI components, and icons. The components are the building blocks that allow you to create an app. The icons and components are grouped based on their usage.<br/> Explore the collection by scrolling the list or search for specific items using the search option.</p>"
      },
      "navigationBar": {
        "left": {
          "text": "Previous"
        },
        "right": {
          "text": "Next"
        }
      }
    },
    "zh-cn": {
      "content": {
        "title": "默认库",
        "body": "<p> <strong>默认库</strong>是小部件，UI组件和图标的集合。 组件是允许您创建应用程序的构建块。 图标和组件根据其用法进行分组。<br/>通过滚动列表或使用搜索选项搜索特定项目来探索集合。</p>"
      },
      "navigationBar": {
        "left": {
          "text": "以前的"
        },
        "right": {
          "text": "下一个"
        }
      }
    },
    "zh-tw": {
      "content": {
        "title": "默認庫",
        "body": "<p> <strong>默認庫</strong>是小部件，UI組件和圖標的集合。 組件是允許您創建應用程序的構建塊。 圖標和組件根據其用法進行分組。<br/>通過滾動列表或使用搜索選項搜索特定項目來探索集合。</p>"
      },
      "navigationBar": {
        "left": {
          "text": "以前的"
        },
        "right": {
          "text": "下一個"
        }
      }
    }
  }
}