{
  "kuid": "b7ff2at9-70a4-40ra-bau4-f4c6d0n9",
  "id": "VoltMX.ApplicationChannelsV9.ChannelWear",
  "content": {
    "title": "Application Channel: Wearables",
    "body": "<ol>From the <b>Project</b> explorer on the top left of your canvas, expand <b>Wearables</b>.<br >\nNotice that the wearables channels are classified into <b>Apple Watch</b> and <b>Android Wear</b>.</li></ol>"
  },
  "pointer": {
    "direction": "left",
    "element": {
      "module": "projectexplorer",
      "path": "project-body\\project\\Wearables"
    },
    "type": "default"
  },
  "navigationType": "manual",
  "navigationBar": {
    "left": {
      "text": "Previous",
      "enable": true,
      "hide": false
    },
    "right": {
      "text": "Next",
      "enable": true,
      "hide": false
    }
  },
  "navigationCondition": "",
  "position": "BOTTOM_RIGHT",
  "meta": {
    "Creator": "Rashmi Menon",
    "CreatedOn": "Tue, 26 Nov 2019 08:12:00 GMT"
  },
  "context": [],
  "localization": {
    "en-us": {
      "content": {
        "title": "Application Channel: Wearables",
        "body": "<ol>From the <b>Project</b> explorer on the top left of your canvas, expand <b>Wearables</b>.<br >\nNotice that the wearables channels are classified into <b>Apple Watch</b> and <b>Android Wear</b>.</li></ol>"
      },
      "navigationBar": {
        "left": {
          "text": "Previous"
        },
        "right": {
          "text": "Next"
        }
      }
    },
    "zh-cn": {
      "content": {
        "title": "应用渠道：可穿戴设备",
        "body": "***<ol>来自<b> project </b>浏览器在画布左上方，展开<b>可穿戴设备</b>。<br > \n 请注意，可穿戴设备通道分为<b> Apple Watch </b>和<b> Android Wear </b>。</li> </ol> {11}"
      },
      "navigationBar": {
        "left": {
          "text": "以前的"
        },
        "right": {
          "text": "下一个"
        }
      }
    },
    "zh-tw": {
      "content": {
        "title": "應用渠道：可穿戴設備",
        "body": "***<ol>來自<b> project </b>瀏覽器在畫布左上方，展開<b>可穿戴設備</b>。<br > \n 請注意，可穿戴設備通道分為<b> Apple Watch </b>和<b> Android Wear </b>。</li> </ol> {11}"
      },
      "navigationBar": {
        "left": {
          "text": "以前的"
        },
        "right": {
          "text": "下一個"
        }
      }
    }
  }
}