{
  "kuid": "0ab413te-97a3-42r7-8eu4-bfb52an3",
  "id": "VoltMX.AuthApp.SelectLogin",
  "content": {
    "title": "Map the Login Operation",
    "body": "<ol>\n<li>From the Project explorer, expand <strong>Responsive Web / Desktop</strong> &gt; <strong>Forms</strong> and select <strong>frmLogin</strong>.</li>\n<li>From the <strong>Data &amp; Services</strong> panel, expand <strong>Project Services</strong> &gt; <strong>UserAuthentication2</strong>&nbsp;and select <strong>login</strong>.</li>\n<li>Drag the <strong>login</strong> operation onto the <strong>Login</strong> button of <strong>frmLogin </strong>on the canvas.<br /> It may take some time for Iris to add the service to your app.</li>\n<li>From the list of actions, select <strong>Action: onClick</strong>.<br /> The<strong> Action Editor</strong> window appears.</li>\n</ol>"
  },
  "pointer": {
    "direction": "left",
    "element": {
      "module": "projectexplorer",
      "path": "project-body\\project\\Responsive Web / Desktop\\Forms\\frmLogin"
    },
    "type": "default"
  },
  "navigationType": "manual",
  "navigationBar": {
    "left": {
      "text": "Previous",
      "enable": true,
      "hide": false
    },
    "right": {
      "text": "Next",
      "enable": true,
      "hide": false
    }
  },
  "navigationCondition": "",
  "position": "BOTTOM_LEFT",
  "meta": {
    "Creator": "Deepti Ravula",
    "CreatedOn": "Thu, 19 Dec 2019 06:40:22 GMT"
  },
  "context": [],
  "localization": {
    "en-us": {
      "content": {
        "title": "Map the Login Operation",
        "body": "<ol>\n<li>From the Project explorer, expand <strong>Responsive Web / Desktop</strong> &gt; <strong>Forms</strong> and select <strong>frmLogin</strong>.</li>\n<li>From the <strong>Data &amp; Services</strong> panel, expand <strong>Project Services</strong> &gt; <strong>UserAuthentication2</strong>&nbsp;and select <strong>login</strong>.</li>\n<li>Drag the <strong>login</strong> operation onto the <strong>Login</strong> button of <strong>frmLogin </strong>on the canvas.<br /> It may take some time for Iris to add the service to your app.</li>\n<li>From the list of actions, select <strong>Action: onClick</strong>.<br /> The<strong> Action Editor</strong> window appears.</li>\n</ol>"
      },
      "navigationBar": {
        "left": {
          "text": "Previous"
        },
        "right": {
          "text": "Next"
        }
      }
    },
    "zh-cn": {
      "content": {
        "title": "映射登录操作",
        "body": "<ol> \n <li>从项目资源管理器中，展开<strong>响应web / desktop </strong>＆gt; <strong>表格</strong>并选择<strong> frmlogin </strong>。</li> \n <li>来自<strong> data＆amp; 服务</strong>面板，展开<strong>项目服务</strong>＆gt; <strong> userauthentication2 </strong>＆nbsp;并选择<strong>登录</strong>。</li> \n <li>将<strong>登录</strong>操作到<strong>登录</strong>按钮<strong> frmlogin </strong>在画布上。<br />可能需要一些时间才能将服务添加到 您的应用程序。</li> \n <li>从动作列表中，选择<strong>动作：onClick </strong>。<br /> <strong> action Editor </strong>窗口出现。</li> \n </ol>"
      },
      "navigationBar": {
        "left": {
          "text": "以前的"
        },
        "right": {
          "text": "下一个"
        }
      }
    },
    "zh-tw": {
      "content": {
        "title": "映射登錄操作",
        "body": "<ol> \n <li>從項目資源管理器中，展開<strong>響應web / desktop </strong>＆gt; <strong>表格</strong>並選擇<strong> frmlogin </strong>。</li> \n <li>來自<strong> data＆amp; 服務</strong>面板，展開<strong>項目服務</strong>＆gt; <strong> userauthentication2 </strong>＆nbsp;並選擇<strong>登錄</strong>。</li> \n <li>將<strong>登錄</strong>操作到<strong>登錄</strong>按鈕<strong> frmlogin </strong>在畫布上。<br />可能需要一些時間才能將服務添加到 您的應用程序。</li> \n <li>從動作列表中，選擇<strong>動作：onClick </strong>。<br /> <strong> action Editor </strong>窗口出現。</li> \n </ol>"
      },
      "navigationBar": {
        "left": {
          "text": "以前的"
        },
        "right": {
          "text": "下一個"
        }
      }
    }
  }
}