{
    "kuid": "0ab413te-97a3-42r7-8eu4-bfb52an3",
    "id": "VoltMX.AuthApp.SelectLogin",
    "content": {
        "title": "Map the Login Operation",
        "body": "<ol>\n<li>From the Project explorer, expand <strong>Responsive Web / Desktop</strong> &gt; <strong>Forms</strong> and select <strong>frmLogin</strong>.</li>\n<li>From the <strong>Data &amp; Services</strong> panel, expand <strong>Project Services</strong> &gt; <strong>UserAuthentication2</strong>&nbsp;and select <strong>login</strong>.</li>\n<li>Drag the <strong>login</strong> operation onto the <strong>Login</strong> button of <strong>frmLogin </strong>on the canvas.<br /> It may take some time for Iris to add the service to your app.</li>\n<li>From the list of actions, select <strong>Action: onClick</strong>.<br /> The<strong> Action Editor</strong> window appears.</li>\n</ol>"
    },
    "pointer": {
        "direction": "left",
        "element": {
            "module": "projectexplorer",
            "path": "project-body\\project\\Responsive Web / Desktop\\Forms\\frmLogin"
        },
        "type": "default"
    },
    "navigationType": "manual",
    "navigationBar": {
        "left": {
            "text": "Previous",
            "enable": true,
            "hide": false
        },
        "right": {
            "text": "Next",
            "enable": true,
            "hide": false
        }
    },
    "navigationCondition": "",
    "position": "BOTTOM_LEFT",
    "meta": {
        "Creator": "Deepti Ravula",
        "CreatedOn": "Thu, 19 Dec 2019 06:40:22 GMT"
    },
    "context": []
}