{
  "Card.VoltMX.UserRepositoryAuthV9.Intro": {
    "content": {
      "title": "用戶存儲庫簡介",
      "body": "在這次遠足中，我們將：<br/> \n <ul> \n <li>添加<b> Volt MX用戶存儲庫</b>作為您應用的身份驗證源</li> \n <li>在您的應用中使用<b> Volt MX用戶存儲庫</b>以授權用戶</li> </ul>"
    },
    "navigationBar": {
      "left": {
        "text": "以前的"
      },
      "right": {
        "text": "開始"
      }
    }
  },
  "Card.VoltMX.UserRepositoryAuthV9.NewProject1": {
    "content": {
      "title": "創建一個新項目",
      "body": "<ol> \n <li>從虹膜的主菜單中，導航到<strong> project </strong>＆gt; <strong>新項目</strong>。</li> \n <li>來自<strong>您現在想從什麼開始？ </strong>窗口，選擇<strong> Web App </strong>。</li> \n <li>單擊<strong> Next </strong>。<br /> <strong>您想先啟動哪個設備大小？</strong>窗口出現。</li> \n <li>選擇<strong>桌面</strong>。</li> \n <li>單擊<strong>下一個</strong>。<br /> <strong>您從Web應用程序開始。 所選的設備尺寸是桌面。 </strong>窗口出現。</li> \n </ol>"
    },
    "navigationBar": {
      "left": {
        "text": "以前的"
      },
      "right": {
        "text": "下一個"
      }
    }
  },
  "Card.VoltMX.UserRepositoryAuthV9.NewProject2": {
    "content": {
      "title": "創建一個新項目",
      "body": "<ol> \n <li> <strong>項目名稱</strong>，enter <strong> userRepository </strong>。</li> \n <li>單擊<strong>創建</strong>。<br />使用一個Flex表單創建一個新應用程序。 <br />應用程序在<strong>故事板</strong>視圖中打開。</li> \n </ol>"
    },
    "navigationBar": {
      "left": {
        "text": "以前的"
      },
      "right": {
        "text": "下一個"
      }
    }
  },
  "Card.VoltMX.UserRepositoryAuthV9.rename": {
    "content": {
      "title": "重命名表格",
      "body": "***<ol> \n <li>在<strong>故事板</strong>視圖中，在新表單上方，單擊<strong> form1 </strong>。</li> \n <li>將表單從<strong> form1 </strong>重命名為<strong> frmlogin </strong>。 \n </ol>"
    },
    "navigationBar": {
      "left": {
        "text": "以前的"
      },
      "right": {
        "text": "下一個"
      }
    }
  },
  "Card.VoltMX.UserRepositoryAuthV9.NewUserRep": {
    "content": {
      "title": "創建一個新的用戶存儲庫",
      "body": "<ol> \n <li>來自<strong> data＆amp; 服務</strong>面板在畫布的右上角，展開<strong>項目服務</strong>。</li> \n <li>單擊<strong>配置新</strong>以獲取預包裝服務的列表。</li> \n <li>在<strong>身份驗證</strong>類別下，選擇<strong>用戶存儲庫</strong>。<br /> <strong> configure Identity Service </strong>窗口出現。</li> \n <li>輸入服務的名稱<strong>僱員</strong>。</li> \n <li>單擊<strong>保存</strong>。</li> \n </ol>"
    },
    "navigationBar": {
      "left": {
        "text": "以前的"
      },
      "right": {
        "text": "下一個"
      }
    }
  },
  "Card.VoltMX.UserRepositoryAuthV9.addUser": {
    "content": {
      "title": "將用戶添加到存儲庫中",
      "body": "<ol> \n <li>單擊<strong>添加用戶</strong>。<br /> <strong>添加用戶</strong>窗口出現。</li> \n <li>填寫以下字段： \n <ul> \n <li>電子郵件/用戶名：<strong> john.doe@woodburn.com </strong> </li> \n <li>名字：<strong> John </strong> </li> \n <li>姓氏：<strong> doe </strong> </li> \n <li>電話：<strong> 9XXXXXXXX0 </strong> </li> \n <li>密碼：<strong> voltmx@123 </strong> </li> \n <li>重新輸入密碼：<strong> voltmx@123 </strong> </li> \n <li>來自<strong> add / select組（s）</strong>，確保從下拉菜單中選擇<strong>成員的複選框</strong>。</li> \n </ul> \n </li> \n <li>單擊<strong>添加用戶</strong>。</li> \n </ol> \n <p>用戶被添加到存儲庫中。<br />注意<strong>用戶名</strong>和<strong> password </strong>測試憑證。</p>"
    },
    "navigationBar": {
      "left": {
        "text": "以前的"
      },
      "right": {
        "text": "下一個"
      }
    }
  },
  "Card.VoltMX.UserRepositoryAuthV9.testLogin": {
    "content": {
      "title": "測試登錄憑據",
      "body": "***<ol> \n <li>在<b>編輯身份服務</b>窗口上，單擊<b>測試登錄</b>。</li> \n <li>輸入<b>用戶ID </b>（email）和<b>密碼</b>您已經創建了。<ul> <li> {13} {13}電子郵件/用戶ID：<b> john.doe@woodburn.com </b> </li> <li>密碼：<b> voltmx@123 </b> </li> {20} </ul> </li> {22} \n <li>單擊<b>在</b>中登錄。</li> <br> \n 關閉<b>編輯身份服務</b>窗口以將服務添加到您的應用程序中。"
    },
    "navigationBar": {
      "left": {
        "text": "以前的"
      },
      "right": {
        "text": "下一個"
      }
    }
  },
  "Card.VoltMX.UserRepositoryAuthV9.loginUI": {
    "content": {
      "title": "創建登錄的UI",
      "body": "***<ol> \n <li>展開<strong>項目服務</strong>＆gt; <strong>員工股票</strong>，然後選擇<strong> login </strong> \n  操作。</li> \n <li>將<strong> login </strong>操作放在<strong> frmlogin </strong>表格上。 } Project Explorer </b>。</li> \n <li>從<strong> project </strong> Explorer，導航到<strong>響應web / desktop </strong>＆gt; <strong>表格</strong>＆gt; <strong> frmlogin </strong>並選擇<strong> flexlogin </strong>。</li> \n <li>導航至<strong>屬性</strong>＆gt; <strong>在畫布的右上方看</strong>。</li> \n <li>設置<strong>寬度</strong>到<strong> 40％</strong>和<strong>中心x </strong> to <strong> 50％</strong>。</li> {48} \n </ol> \n <ol>登錄屏幕是在表單上創建的。</ol>"
    },
    "navigationBar": {
      "left": {
        "text": "以前的"
      },
      "right": {
        "text": "下一個"
      }
    }
  },
  "Card.VoltMX.UserRepositoryAuthV9.HomeForm": {
    "content": {
      "title": "創建新形式",
      "body": "<ol> \n <li>來自<strong> project </strong>資源管理器，導航到<strong>響應式web / desktop> forms </strong>。</li> \n <li>右鍵單擊<strong>表單</strong>，然後選擇新表單。</li> \n <li>右鍵單擊<strong> form1 </strong>，然後選擇<strong>重命名</strong>。</li> \n <li>重命名<strong> form1 </strong>的表單為<strong> frmhome </strong>。</li> \n </ol>"
    },
    "navigationBar": {
      "left": {
        "text": "以前的"
      },
      "right": {
        "text": "下一個"
      }
    }
  },
  "Card.VoltMX.UserRepositoryAuthV9.addUI": {
    "content": {
      "title": "將UI添加到家裡",
      "body": "***<ol> \n <li>導航到<strong>默認庫</strong> tab在您的畫布左下方，然後搜索<strong> label </strong> widget。</li> \n <li>拖動<strong>標籤</strong>窗口小部件在默認的部分下到<strong> frmhome </strong>形式。</li> \n <li>導航到<strong>屬性</strong>面板，然後選擇<strong> look </strong> tab。</li> \n <li>在<strong>外觀</strong>下，修改<strong> text </strong>的值 \n <li>在<strong> flex </strong>下，修改以下屬性的值： \n <ul> \n <li>左：<strong> 35％</strong> </li> \n <li>頂部：<strong> 10％</strong> </li> \n </ul> \n </li> \n </ol>"
    },
    "navigationBar": {
      "left": {
        "text": "以前的"
      },
      "right": {
        "text": "下一個"
      }
    }
  },
  "Card.VoltMX.UserRepositoryAuthV9.mapLogout": {
    "content": {
      "title": "地圖註銷到家",
      "body": "<ol> \n <li>導航到<strong> data＆amp; 服務</strong>面板在畫布的右上角。</li> \n <li>展開<strong>項目服務</strong>＆gt; <strong>員工股票</strong>。</li> \n <li>將<strong> lokout </strong>操作拖放到<strong> frmhome </strong>形式上。</li> \n <li>導航到<strong> project </strong>資源管理器，展開<strong>響應式Web / desktop </strong>＆gt; <strong>表格</strong>＆gt; <strong> frmhome </strong>並選擇<strong> flexlogout </strong>。</li> \n <li>來自<strong>屬性</strong>面板在畫布的右上方，選擇<strong> LOOW </strong>。</li> \n <li>在<strong> flex </strong>下，修改以下屬性的值 \n <ul> \n <li>頂部：<strong> 40％</strong> </li> \n <li>寬度：<strong> 40％</strong> </li> \n <li>中心X：<strong> 50％</strong> </li> \n </ul> \n </li> \n </ol>"
    },
    "navigationBar": {
      "left": {
        "text": "以前的"
      },
      "right": {
        "text": "下一個"
      }
    }
  },
  "Card.VoltMX.UserRepositoryAuthV9.navigationToHome1": {
    "content": {
      "title": "從登錄屏幕上添加導航",
      "body": "***<ol> \n <li>導航至＆nbsp; the＆nbsp; <strong> project </strong>探索器，展開<strong>響應web / desktop </strong>＆gt;＆nbsp;＆nbsp; <strong> form </strong>＆gt; ＆gt;＆nbsp; <strong> flexlogin </strong>並選擇<strong> btnlogin </strong>。</li> \n <li>右鍵單擊<strong> login </strong>在畫布上的按鈕，然後選擇<strong>操作：onClick </strong>。 \n <li>從您<strong>操作編輯器的最高角</strong>窗口，選擇<strong>設計視圖</strong>。</li> \n </ol>"
    },
    "navigationBar": {
      "left": {
        "text": "以前的"
      },
      "right": {
        "text": "下一個"
      }
    }
  },
  "Card.VoltMX.UserRepositoryAuthV9.addNavtoHome": {
    "content": {
      "title": "從登錄屏幕上添加導航",
      "body": "***<ol> \n <li>在<strong>設計視圖</strong>中，導航至<strong>（Invoke Service）（name：employeeuserStore $ login）</strong>，然後選擇<strong> Success </strong>。</li> {8} \n <li>從<strong>操作編輯器</strong>左菜單，在<strong>常規</strong> e節下，選擇<strong>導航至form </strong>。</li> \n <li>從右窗格中選擇<strong> frmhome </strong>。</li> \n <li>導航至<strong>（Invoke Service）（名稱：僱員$ login）</strong>＆gt; <strong>成功</strong>，然後選擇<strong>（show alert）（類型：info）</strong>。</li> \n <li>右鍵單擊並選擇<strong> delete </strong>。</li> \n <li>單擊<strong>保存</strong>。</li> \n </ol>"
    },
    "navigationBar": {
      "left": {
        "text": "以前的"
      },
      "right": {
        "text": "下一個"
      }
    }
  },
  "Card.VoltMX.UserRepositoryAuthV9.addNavtoLogin": {
    "content": {
      "title": "從主屏幕添加導航",
      "body": "***<ol> \n <li>導航到＆nbsp; the＆nbsp; <strong> project </strong>探索器，展開<strong>響應web / desktop </strong>＆gt;＆nbsp;＆nbsp; <strong> form </strong> ＆gt;＆nbsp; <strong> flexlogout </strong>並選擇<strong> btnlogout </strong>。 \n <li>右鍵單擊<strong> lokout </strong>按鈕在畫布上，然後選擇<strong>操作：onClick </strong>。 \n <li>從您<strong>操作編輯器的最高角</strong>窗口，選擇<strong>設計視圖</strong>。</li> \n </ol>"
    },
    "navigationBar": {
      "left": {
        "text": "以前的"
      },
      "right": {
        "text": "下一個"
      }
    }
  },
  "Card.VoltMX.UserRepositoryAuthV9.addNavtoLogin1": {
    "content": {
      "title": "從主屏幕添加導航",
      "body": "***<ol> \n <li>在<strong>設計視圖</strong>中，導航至<strong>（Invoke Service）（name：僱員$ lokout）</strong>，然後選擇<strong> Success </strong>。</li> {8} \n <li>從<strong>操作編輯器</strong>左菜單，在<strong>常規</strong> e節下，選擇<strong>導航至form </strong>。</li> \n <li>從右窗格中選擇<strong> frmlogin </strong>。</li> \n <li>導航到<strong>（Invoke Service）（名稱：僱員$ lokout）</strong>＆gt; <strong>成功</strong>，然後選擇<strong>（show alert）（類型：info）</strong>。</li> \n <li>右鍵單擊並選擇<strong> delete </strong>。</li> \n <li>單擊<strong>保存</strong>。</li> \n </ol>"
    },
    "navigationBar": {
      "left": {
        "text": "以前的"
      },
      "right": {
        "text": "下一個"
      }
    }
  },
  "Card.VoltMX.UserRepositoryAuthV9.settings": {
    "content": {
      "title": "實時預覽設置",
      "body": "<ol> <li>從主菜單中，選擇<b>構建</b>。</li> \n <li>單擊<b>實時預覽設置。</b> </li>"
    },
    "navigationBar": {
      "left": {
        "text": "以前的"
      },
      "right": {
        "text": "下一個"
      }
    }
  },
  "Card.VoltMX.UserRepositoryAuthV9.run": {
    "content": {
      "title": "運行應用程序",
      "body": "***<ol> \n <li>從<strong>實時預覽設置</strong>窗口，選擇<strong>響應web </strong>的複選框。 \n <li>單擊<strong>保存＆amp; 運行</strong>。<br /> iris可能需要一些時間才能顯示<strong> volt mx Iris Preview </strong>窗口。</li> \n </ol>"
    },
    "navigationBar": {
      "left": {
        "text": "以前的"
      },
      "right": {
        "text": "下一個"
      }
    }
  },
  "Card.VoltMX.UserRepositoryAuthV9.view": {
    "content": {
      "title": "查看應用程序",
      "body": "***<ol> \n <li>在應用程序的<strong>登錄</strong>頁面上，輸入您在Volt MX用戶存儲庫中創建的用戶憑據。<br />在應用程序中輸入以下登錄憑證：<br /> <ul> {6} <li>用戶名：<b> john.doe@woodburn.com </b> <li> {11} password：<b> voltmx@123 </b> </li> {14} </ul> </li> {16} {16} \n <li>單擊<strong>登錄</strong>。<br />您將被定向到主頁。</li> \n <li>單擊<strong>註銷</strong>。 <br />您將被重定向到登錄頁面。</li> \n </ol>"
    },
    "navigationBar": {
      "left": {
        "text": "以前的"
      },
      "right": {
        "text": "下一個"
      }
    }
  },
  "Card.VoltMX.UserRepositoryAuthV9.last": {
    "content": {
      "title": "恭喜",
      "body": "您已經成功：<ul> <b> \n <li>用Volt MX用戶存儲庫創建一個應用程序作為身份驗證源</li> \n <li>將用戶添加到存儲庫</li> \n <li>使用Volt MX用戶存儲庫中的登錄憑證訪問該應用程序</li> </b> </ul> \n 有關<b> Volt MX用戶存儲庫的更多詳細信息</b>訪問Volt MX文檔<br> \n <a href='#' onClick='javascript:openURL(\"https://opensource.hcltechsw.com/volt-mx-docs/docs/documentation/Foundry/voltmx_foundry_release_notes/Content/V9_New_Features.html#identity\")'> Volt MX用戶存儲庫</a>"
    },
    "navigationBar": {
      "left": {
        "text": "以前的"
      },
      "right": {
        "text": "完畢"
      }
    }
  }
}