{
  "Card.VoltMX.UserRepositoryAuthV9.Intro": {
    "content": {
      "title": "用户存储库简介",
      "body": "在这次远足中，我们将：<br/> \n <ul> \n <li>添加<b> Volt MX用户存储库</b>作为您应用的身份验证源</li> \n <li>在您的应用中使用<b> Volt MX用户存储库</b>以授权用户</li> </ul>"
    },
    "navigationBar": {
      "left": {
        "text": "以前的"
      },
      "right": {
        "text": "开始"
      }
    }
  },
  "Card.VoltMX.UserRepositoryAuthV9.NewProject1": {
    "content": {
      "title": "创建一个新项目",
      "body": "<ol> \n <li>从虹膜的主菜单中，导航到<strong> project </strong>＆gt; <strong>新项目</strong>。</li> \n <li>来自<strong>您现在想从什么开始？ </strong>窗口，选择<strong> Web App </strong>。</li> \n <li>单击<strong> Next </strong>。<br /> <strong>您想先启动哪个设备大小？</strong>窗口出现。</li> \n <li>选择<strong>桌面</strong>。</li> \n <li>单击<strong>下一个</strong>。<br /> <strong>您从Web应用程序开始。 所选的设备尺寸是桌面。 </strong>窗口出现。</li> \n </ol>"
    },
    "navigationBar": {
      "left": {
        "text": "以前的"
      },
      "right": {
        "text": "下一个"
      }
    }
  },
  "Card.VoltMX.UserRepositoryAuthV9.NewProject2": {
    "content": {
      "title": "创建一个新项目",
      "body": "<ol> \n <li> <strong>项目名称</strong>，enter <strong> userRepository </strong>。</li> \n <li>单击<strong>创建</strong>。<br />使用一个Flex表单创建一个新应用程序。 <br />应用程序在<strong>故事板</strong>视图中打开。</li> \n </ol>"
    },
    "navigationBar": {
      "left": {
        "text": "以前的"
      },
      "right": {
        "text": "下一个"
      }
    }
  },
  "Card.VoltMX.UserRepositoryAuthV9.rename": {
    "content": {
      "title": "重命名表格",
      "body": "***<ol> \n <li>在<strong>故事板</strong>视图中，在新表单上方，单击<strong> form1 </strong>。</li> \n <li>将表单从<strong> form1 </strong>重命名为<strong> frmlogin </strong>。 \n </ol>"
    },
    "navigationBar": {
      "left": {
        "text": "以前的"
      },
      "right": {
        "text": "下一个"
      }
    }
  },
  "Card.VoltMX.UserRepositoryAuthV9.NewUserRep": {
    "content": {
      "title": "创建一个新的用户存储库",
      "body": "<ol> \n <li>来自<strong> data＆amp; 服务</strong>面板在画布的右上角，展开<strong>项目服务</strong>。</li> \n <li>单击<strong>配置新</strong>以获取预包装服务的列表。</li> \n <li>在<strong>身份验证</strong>类别下，选择<strong>用户存储库</strong>。<br /> <strong> configure Identity Service </strong>窗口出现。</li> \n <li>输入服务的名称<strong>雇员</strong>。</li> \n <li>单击<strong>保存</strong>。</li> \n </ol>"
    },
    "navigationBar": {
      "left": {
        "text": "以前的"
      },
      "right": {
        "text": "下一个"
      }
    }
  },
  "Card.VoltMX.UserRepositoryAuthV9.addUser": {
    "content": {
      "title": "将用户添加到存储库中",
      "body": "<ol> \n <li>单击<strong>添加用户</strong>。<br /> <strong>添加用户</strong>窗口出现。</li> \n <li>填写以下字段： \n <ul> \n <li>电子邮件/用户名：<strong> john.doe@woodburn.com </strong> </li> \n <li>名字：<strong> John </strong> </li> \n <li>姓氏：<strong> doe </strong> </li> \n <li>电话：<strong> 9XXXXXXXX0 </strong> </li> \n <li>密码：<strong> voltmx@123 </strong> </li> \n <li>重新输入密码：<strong> voltmx@123 </strong> </li> \n <li>来自<strong> add / select组（s）</strong>，确保从下拉菜单中选择<strong>成员的复选框</strong>。</li> \n </ul> \n </li> \n <li>单击<strong>添加用户</strong>。</li> \n </ol> \n <p>用户被添加到存储库中。<br />注意<strong>用户名</strong>和<strong> password </strong>测试凭证。</p>"
    },
    "navigationBar": {
      "left": {
        "text": "以前的"
      },
      "right": {
        "text": "下一个"
      }
    }
  },
  "Card.VoltMX.UserRepositoryAuthV9.testLogin": {
    "content": {
      "title": "测试登录凭据",
      "body": "***<ol> \n <li>在<b>编辑身份服务</b>窗口上，单击<b>测试登录</b>。</li> \n <li>输入<b>用户ID </b>（email）和<b>密码</b>您已经创建了。<ul> <li> {13} {13}电子邮件/用户ID：<b> john.doe@woodburn.com </b> </li> <li>密码：<b> voltmx@123 </b> </li> {20} </ul> </li> {22} \n <li>单击<b>在</b>中登录。</li> <br> \n 关闭<b>编辑身份服务</b>窗口以将服务添加到您的应用程序中。"
    },
    "navigationBar": {
      "left": {
        "text": "以前的"
      },
      "right": {
        "text": "下一个"
      }
    }
  },
  "Card.VoltMX.UserRepositoryAuthV9.loginUI": {
    "content": {
      "title": "创建登录的UI",
      "body": "***<ol> \n <li>展开<strong>项目服务</strong>＆gt; <strong>员工股票</strong>，然后选择<strong> login </strong> \n  操作。</li> \n <li>将<strong> login </strong>操作放在<strong> frmlogin </strong>表格上。 } Project Explorer </b>。</li> \n <li>从<strong> project </strong> Explorer，导航到<strong>响应web / desktop </strong>＆gt; <strong>表格</strong>＆gt; <strong> frmlogin </strong>并选择<strong> flexlogin </strong>。</li> \n <li>导航至<strong>属性</strong>＆gt; <strong>在画布的右上方看</strong>。</li> \n <li>设置<strong>宽度</strong>到<strong> 40％</strong>和<strong>中心x </strong> to <strong> 50％</strong>。</li> {48} \n </ol> \n <ol>登录屏幕是在表单上创建的。</ol>"
    },
    "navigationBar": {
      "left": {
        "text": "以前的"
      },
      "right": {
        "text": "下一个"
      }
    }
  },
  "Card.VoltMX.UserRepositoryAuthV9.HomeForm": {
    "content": {
      "title": "创建新形式",
      "body": "<ol> \n <li>来自<strong> project </strong>资源管理器，导航到<strong>响应式web / desktop> forms </strong>。</li> \n <li>右键单击<strong>表单</strong>，然后选择新表单。</li> \n <li>右键单击<strong> form1 </strong>，然后选择<strong>重命名</strong>。</li> \n <li>重命名<strong> form1 </strong>的表单为<strong> frmhome </strong>。</li> \n </ol>"
    },
    "navigationBar": {
      "left": {
        "text": "以前的"
      },
      "right": {
        "text": "下一个"
      }
    }
  },
  "Card.VoltMX.UserRepositoryAuthV9.addUI": {
    "content": {
      "title": "将UI添加到家里",
      "body": "***<ol> \n <li>导航到<strong>默认库</strong> tab在您的画布左下方，然后搜索<strong> label </strong> widget。</li> \n <li>拖动<strong>标签</strong>窗口小部件在默认的部分下到<strong> frmhome </strong>形式。</li> \n <li>导航到<strong>属性</strong>面板，然后选择<strong> look </strong> tab。</li> \n <li>在<strong>外观</strong>下，修改<strong> text </strong>的值 \n <li>在<strong> flex </strong>下，修改以下属性的值： \n <ul> \n <li>左：<strong> 35％</strong> </li> \n <li>顶部：<strong> 10％</strong> </li> \n </ul> \n </li> \n </ol>"
    },
    "navigationBar": {
      "left": {
        "text": "以前的"
      },
      "right": {
        "text": "下一个"
      }
    }
  },
  "Card.VoltMX.UserRepositoryAuthV9.mapLogout": {
    "content": {
      "title": "地图注销到家",
      "body": "<ol> \n <li>导航到<strong> data＆amp; 服务</strong>面板在画布的右上角。</li> \n <li>展开<strong>项目服务</strong>＆gt; <strong>员工股票</strong>。</li> \n <li>将<strong> lokout </strong>操作拖放到<strong> frmhome </strong>形式上。</li> \n <li>导航到<strong> project </strong>资源管理器，展开<strong>响应式Web / desktop </strong>＆gt; <strong>表格</strong>＆gt; <strong> frmhome </strong>并选择<strong> flexlogout </strong>。</li> \n <li>来自<strong>属性</strong>面板在画布的右上方，选择<strong> LOOW </strong>。</li> \n <li>在<strong> flex </strong>下，修改以下属性的值 \n <ul> \n <li>顶部：<strong> 40％</strong> </li> \n <li>宽度：<strong> 40％</strong> </li> \n <li>中心X：<strong> 50％</strong> </li> \n </ul> \n </li> \n </ol>"
    },
    "navigationBar": {
      "left": {
        "text": "以前的"
      },
      "right": {
        "text": "下一个"
      }
    }
  },
  "Card.VoltMX.UserRepositoryAuthV9.navigationToHome1": {
    "content": {
      "title": "从登录屏幕上添加导航",
      "body": "***<ol> \n <li>导航至＆nbsp; the＆nbsp; <strong> project </strong>探索器，展开<strong>响应web / desktop </strong>＆gt;＆nbsp;＆nbsp; <strong> form </strong>＆gt; ＆gt;＆nbsp; <strong> flexlogin </strong>并选择<strong> btnlogin </strong>。</li> \n <li>右键单击<strong> login </strong>在画布上的按钮，然后选择<strong>操作：onClick </strong>。 \n <li>从您<strong>操作编辑器的最高角</strong>窗口，选择<strong>设计视图</strong>。</li> \n </ol>"
    },
    "navigationBar": {
      "left": {
        "text": "以前的"
      },
      "right": {
        "text": "下一个"
      }
    }
  },
  "Card.VoltMX.UserRepositoryAuthV9.addNavtoHome": {
    "content": {
      "title": "从登录屏幕上添加导航",
      "body": "***<ol> \n <li>在<strong>设计视图</strong>中，导航至<strong>（Invoke Service）（name：employeeuserStore $ login）</strong>，然后选择<strong> Success </strong>。</li> {8} \n <li>从<strong>操作编辑器</strong>左菜单，在<strong>常规</strong> e节下，选择<strong>导航至form </strong>。</li> \n <li>从右窗格中选择<strong> frmhome </strong>。</li> \n <li>导航至<strong>（Invoke Service）（名称：雇员$ login）</strong>＆gt; <strong>成功</strong>，然后选择<strong>（show alert）（类型：info）</strong>。</li> \n <li>右键单击并选择<strong> delete </strong>。</li> \n <li>单击<strong>保存</strong>。</li> \n </ol>"
    },
    "navigationBar": {
      "left": {
        "text": "以前的"
      },
      "right": {
        "text": "下一个"
      }
    }
  },
  "Card.VoltMX.UserRepositoryAuthV9.addNavtoLogin": {
    "content": {
      "title": "从主屏幕添加导航",
      "body": "***<ol> \n <li>导航到＆nbsp; the＆nbsp; <strong> project </strong>探索器，展开<strong>响应web / desktop </strong>＆gt;＆nbsp;＆nbsp; <strong> form </strong> ＆gt;＆nbsp; <strong> flexlogout </strong>并选择<strong> btnlogout </strong>。 \n <li>右键单击<strong> lokout </strong>按钮在画布上，然后选择<strong>操作：onClick </strong>。 \n <li>从您<strong>操作编辑器的最高角</strong>窗口，选择<strong>设计视图</strong>。</li> \n </ol>"
    },
    "navigationBar": {
      "left": {
        "text": "以前的"
      },
      "right": {
        "text": "下一个"
      }
    }
  },
  "Card.VoltMX.UserRepositoryAuthV9.addNavtoLogin1": {
    "content": {
      "title": "从主屏幕添加导航",
      "body": "***<ol> \n <li>在<strong>设计视图</strong>中，导航至<strong>（Invoke Service）（name：雇员$ lokout）</strong>，然后选择<strong> Success </strong>。</li> {8} \n <li>从<strong>操作编辑器</strong>左菜单，在<strong>常规</strong> e节下，选择<strong>导航至form </strong>。</li> \n <li>从右窗格中选择<strong> frmlogin </strong>。</li> \n <li>导航到<strong>（Invoke Service）（名称：雇员$ lokout）</strong>＆gt; <strong>成功</strong>，然后选择<strong>（show alert）（类型：info）</strong>。</li> \n <li>右键单击并选择<strong> delete </strong>。</li> \n <li>单击<strong>保存</strong>。</li> \n </ol>"
    },
    "navigationBar": {
      "left": {
        "text": "以前的"
      },
      "right": {
        "text": "下一个"
      }
    }
  },
  "Card.VoltMX.UserRepositoryAuthV9.settings": {
    "content": {
      "title": "实时预览设置",
      "body": "<ol> <li>从主菜单中，选择<b>构建</b>。</li> \n <li>单击<b>实时预览设置。</b> </li>"
    },
    "navigationBar": {
      "left": {
        "text": "以前的"
      },
      "right": {
        "text": "下一个"
      }
    }
  },
  "Card.VoltMX.UserRepositoryAuthV9.run": {
    "content": {
      "title": "运行应用程序",
      "body": "***<ol> \n <li>从<strong>实时预览设置</strong>窗口，选择<strong>响应web </strong>的复选框。 \n <li>单击<strong>保存＆amp; 运行</strong>。<br /> iris可能需要一些时间才能显示<strong> volt mx Iris Preview </strong>窗口。</li> \n </ol>"
    },
    "navigationBar": {
      "left": {
        "text": "以前的"
      },
      "right": {
        "text": "下一个"
      }
    }
  },
  "Card.VoltMX.UserRepositoryAuthV9.view": {
    "content": {
      "title": "查看应用程序",
      "body": "***<ol> \n <li>在应用程序的<strong>登录</strong>页面上，输入您在Volt MX用户存储库中创建的用户凭据。<br />在应用程序中输入以下登录凭证：<br /> <ul> {6} <li>用户名：<b> john.doe@woodburn.com </b> <li> {11} password：<b> voltmx@123 </b> </li> {14} </ul> </li> {16} {16} \n <li>单击<strong>登录</strong>。<br />您将被定向到主页。</li> \n <li>单击<strong>注销</strong>。 <br />您将被重定向到登录页面。</li> \n </ol>"
    },
    "navigationBar": {
      "left": {
        "text": "以前的"
      },
      "right": {
        "text": "下一个"
      }
    }
  },
  "Card.VoltMX.UserRepositoryAuthV9.last": {
    "content": {
      "title": "恭喜",
      "body": "您已经成功：<ul> <b> \n <li>用Volt MX用户存储库创建一个应用程序作为身份验证源</li> \n <li>将用户添加到存储库</li> \n <li>使用Volt MX用户存储库中的登录凭证访问该应用程序</li> </b> </ul> \n 有关<b> Volt MX用户存储库的更多详细信息</b>访问Volt MX文档<br> \n <a href='#' onClick='javascript:openURL(\"https://opensource.hcltechsw.com/volt-mx-docs/docs/documentation/Foundry/voltmx_foundry_release_notes/Content/V9_New_Features.html#identity\")'> Volt MX用户存储库</a>"
    },
    "navigationBar": {
      "left": {
        "text": "以前的"
      },
      "right": {
        "text": "完毕"
      }
    }
  }
}