{
  "Tour.UserRepositoryAuthenticationV9": "Description of Tour",
  "Hike.VoltMX.UserRepositoryAuthV9": "Description of hike",
  "Card.VoltMX.UserRepositoryAuthV9.HomeForm": {
    "content": {
      "title": "Create a New Form",
      "body": "<ol>\n<li>From the <strong>Project</strong> explorer, navigate to <strong>Responsive Web / Desktop > Forms</strong>.</li>\n<li>Right-click on <strong>Forms</strong>, and select New Form.</li>\n<li>Right-click on <strong>Form1</strong>, and select <strong>Rename</strong>.</li>\n<li>Rename  the form from <strong>Form1</strong> to <strong>frmHome</strong>.</li>\n</ol>"
    },
    "navigationBar": {
      "left": {
        "text": "Previous"
      },
      "right": {
        "text": "Next"
      }
    }
  },
  "Card.VoltMX.UserRepositoryAuthV9.Intro": {
    "content": {
      "title": "Introduction to User Repository",
      "body": "In this hike, we will:<br/>\n<ul>\n<li>Add <b>Volt MX User Repository</b> as an authentication source to your app</li>\n<li>Use <b>Volt MX User Repository</b> in your app to authorize users</li></ul>"
    },
    "navigationBar": {
      "left": {
        "text": "Previous"
      },
      "right": {
        "text": "Start"
      }
    }
  },
  "Card.VoltMX.UserRepositoryAuthV9.NewProject1": {
    "content": {
      "title": "Create a New Project",
      "body": "<ol>\n<li>From the main menu of the iris, navigate to <strong>Project</strong> &gt; <strong>New Project</strong>.</li>\n<li>From the <strong>What do you want to start with now? </strong>window, select <strong>Web App</strong>.</li>\n<li>Click <strong>Next</strong>.<br />The <strong>Which device size do you want to start building for first?</strong> window appears.</li>\n<li>Select <strong>Desktop</strong>.</li>\n<li>Click <strong>Next</strong>.<br />The <strong>You started with a Web App. Device size selected is Desktop. </strong>window appears.</li>\n</ol>"
    },
    "navigationBar": {
      "left": {
        "text": "Previous"
      },
      "right": {
        "text": "Next"
      }
    }
  },
  "Card.VoltMX.UserRepositoryAuthV9.NewProject2": {
    "content": {
      "title": "Create a New Project",
      "body": "<ol>\n<li>Under <strong>Project Name</strong>, enter <strong>UserRepository</strong>.</li>\n<li>Click <strong>Create</strong>.<br />A new application is created with one flex form. <br />The application opens in the <strong>Storyboard </strong>view.</li>\n</ol>"
    },
    "navigationBar": {
      "left": {
        "text": "Previous"
      },
      "right": {
        "text": "Next"
      }
    }
  },
  "Card.VoltMX.UserRepositoryAuthV9.NewUserRep": {
    "content": {
      "title": "Create a New User Repository",
      "body": "<ol>\n<li>From the <strong>Data &amp; Services</strong> panel on the top right of your canvas, expand <strong>Project Services</strong>.</li>\n<li>Click <strong>Configure New</strong> to get a list of prepacked services.</li>\n<li>Under the <strong>Authenticate</strong> category, select <strong>User Repository</strong>.<br />The <strong>Configure Identity Service</strong> window appears.</li>\n<li>Enter the name of the service <strong>employeeUserStore</strong>.</li>\n<li>Click <strong>Save</strong>.</li>\n</ol>"
    },
    "navigationBar": {
      "left": {
        "text": "Previous"
      },
      "right": {
        "text": "Next"
      }
    }
  },
  "Card.VoltMX.UserRepositoryAuthV9.addNavtoHome": {
    "content": {
      "title": "Add Navigation from Login screen",
      "body": "<ol>\n<li>In the <strong>Design View</strong>, navigate to <strong>(INVOKE SERVICE) (name:employeeUserStore$login)</strong>, and select <strong>Success</strong>.</li>\n<li>From the <strong>Action Editor </strong>left menu, under the <strong>General</strong> section, select <strong>Navigate to Form</strong>.</li>\n<li>Select <strong>frmHome</strong> from the right pane.</li>\n<li>Navigate to <strong>(INVOKE SERVICE) (name:employeeUserStore$login) </strong>&gt; <strong>Success</strong>, and select <strong>(SHOW ALERT) (type: info)</strong>.</li>\n<li>Right-click and select <strong>Delete</strong>.</li>\n<li>Click <strong>Save</strong>.</li>\n</ol>"
    },
    "navigationBar": {
      "left": {
        "text": "Previous"
      },
      "right": {
        "text": "Next"
      }
    }
  },
  "Card.VoltMX.UserRepositoryAuthV9.addNavtoLogin": {
    "content": {
      "title": "Add Navigation from Home Screen",
      "body": "<ol>\n<li>Navigate to&nbsp;the&nbsp;<strong>Project</strong> explorer, expand <strong>Responsive Web / Desktop</strong> &gt;&nbsp;<strong>Forms</strong> &gt;&nbsp;<strong>frmHome</strong> &gt;&nbsp;<strong>flexlogout</strong> and select <strong>btnLOGOUT</strong>.</li>\n<li>Right-click on the <strong>Logout</strong> button on your canvas and select <strong>Action: onClick</strong>.<br />The <strong>Action Editor</strong> window appears.</li>\n<li>From the top-right corner of your <strong>Action Editor</strong> window, select <strong>Design View</strong>.</li>\n</ol>"
    },
    "navigationBar": {
      "left": {
        "text": "Previous"
      },
      "right": {
        "text": "Next"
      }
    }
  },
  "Card.VoltMX.UserRepositoryAuthV9.addNavtoLogin1": {
    "content": {
      "title": "Add Navigation from Home screen",
      "body": "<ol>\n<li>In the <strong>Design View</strong>, navigate to <strong>(INVOKE SERVICE) (name:employeeUserStore$logout)</strong>, and select <strong>Success</strong>.</li>\n<li>From the <strong>Action Editor </strong>left menu, under the <strong>General</strong> section, select <strong>Navigate to Form</strong>.</li>\n<li>Select <strong>frmLogin</strong> from the right pane.</li>\n<li>Navigate to <strong>(INVOKE SERVICE) (name:employeeUserStore$logout) </strong>&gt; <strong>Success</strong>, and select <strong>(SHOW ALERT) (type: info)</strong>.</li>\n<li>Right-click and select <strong>Delete</strong>.</li>\n<li>Click <strong>Save</strong>.</li>\n</ol>"
    },
    "navigationBar": {
      "left": {
        "text": "Previous"
      },
      "right": {
        "text": "Next"
      }
    }
  },
  "Card.VoltMX.UserRepositoryAuthV9.addUI": {
    "content": {
      "title": "Add UI to Home",
      "body": "<ol>\n<li>Navigate to the <strong>Default Library</strong> tab on the bottom left of your canvas and search for the <strong>Label</strong> widget.</li>\n<li>Drag and drop the <strong>Label</strong> widget under Default section onto the <strong>frmHome</strong> form on your canvas.</li>\n<li>Navigate to the <strong>Properties</strong> panel and select the <strong>Look</strong> tab.</li>\n<li>Under <strong>Appearance</strong>, modify the value of <strong>Text</strong>: <strong>Welcome to Home Screen</strong></li>\n<li>Under <strong>Flex</strong>, modify the values of the following properties:\n<ul>\n<li>Left: <strong>35%</strong></li>\n<li>Top: <strong>10%</strong></li>\n</ul>\n</li>\n</ol>"
    },
    "navigationBar": {
      "left": {
        "text": "Previous"
      },
      "right": {
        "text": "Next"
      }
    }
  },
  "Card.VoltMX.UserRepositoryAuthV9.addUser": {
    "content": {
      "title": "Add a User to the Repository",
      "body": "<ol>\n<li>Click <strong>ADD USER</strong>.<br />The <strong>Add User </strong>window appears.</li>\n<li>Fill the following fields:\n<ul>\n<li>Email/Username: <strong>john.doe@woodburn.com</strong></li>\n<li>First Name: <strong>John</strong></li>\n<li>Last Name: <strong>Doe</strong></li>\n<li>Phone: <strong>9XXXXXXXX0</strong></li>\n<li>Password: <strong>VoltMX@123</strong></li>\n<li>Re-Enter Password: <strong>VoltMX@123</strong></li>\n<li>From <strong>Add / Select Group (s)</strong>, ensure the checkbox for <strong>Members</strong> is selected from the drop-down.</li>\n</ul>\n</li>\n<li>Click <strong>ADD USER</strong>.</li>\n</ol>\n<p>A user is added to the repository.<br /> Note the <strong>Username</strong> and <strong>Password</strong> credentials for testing.</p>"
    },
    "navigationBar": {
      "left": {
        "text": "Previous"
      },
      "right": {
        "text": "Next"
      }
    }
  },
  "Card.VoltMX.UserRepositoryAuthV9.last": {
    "content": {
      "title": "Congratulations",
      "body": "You have successfully:<ul><b>\n<li>Created an app with Volt MX User Repository as an authentication source</li>\n<li>Added users to the repository</li>\n<li>Accessed the app using the login credentials from Volt MX User Repository</li></b></ul>\nFor more details on <b>Volt MX User Repository</b> visit Volt MX documentation<br>\n<a href='#' onClick='javascript:openURL(\"https://opensource.hcltechsw.com/volt-mx-docs/docs/documentation/Foundry/voltmx_foundry_user_guide/Content/UserRepositoryIdentityService.html\")'>Volt MX User Repository</a>"
    },
    "navigationBar": {
      "left": {
        "text": "Previous"
      },
      "right": {
        "text": "Done"
      }
    }
  },
  "Card.VoltMX.UserRepositoryAuthV9.loginUI": {
    "content": {
      "title": "Create the UI for Login",
      "body": "<ol>\n<li>Expand <strong>Project Services</strong> &gt; <strong>employeeUserStore</strong> and select the <strong>login</strong> \n operation.</li>\n<li>Drop the <strong>login</strong> operation onto the <strong>frmLogin</strong> form on your canvas.</li><li>Go to the <b>Design</b> page before navigating to the <b>Project Explorer</b>.</li>\n<li>From the <strong>Project</strong> explorer, navigate to <strong>Responsive Web / Desktop</strong> &gt; <strong>Forms</strong> &gt; <strong>frmLogin</strong> and select <strong>flexlogin</strong>.</li>\n<li>Navigate to <strong>Properties</strong> &gt; <strong>Look</strong> on the top right of your canvas.</li>\n<li>Set <strong>Width</strong> to <strong>40%</strong> and <strong>Center X</strong> to <strong>50%</strong>.</li>\n</ol>\n<ol>The login screen is created on the form.</ol>"
    },
    "navigationBar": {
      "left": {
        "text": "Previous"
      },
      "right": {
        "text": "Next"
      }
    }
  },
  "Card.VoltMX.UserRepositoryAuthV9.mapLogout": {
    "content": {
      "title": "Map Logout to Home",
      "body": "<ol>\n<li>Navigate to the <strong>Data &amp; Services</strong> panel on the top right of your canvas.</li>\n<li>Expand <strong>Project Services</strong> &gt; <strong>employeeUserStore</strong>.</li>\n<li>Drag and drop the <strong>logout</strong> operation onto the <strong>frmHome</strong> form on your canvas.</li>\n<li>Navigate to the <strong>Project</strong> explorer, expand <strong>Responsive Web / Desktop</strong> &gt; <strong>Forms</strong> &gt; <strong>frmHome</strong> and select <strong>flexlogout</strong>.</li>\n<li>From the <strong>Properties</strong> panel on the top right of your canvas, select <strong>Look</strong>.</li>\n<li>Under <strong>Flex</strong>, modify the values of the following properties\n<ul>\n<li>Top: <strong>40%</strong></li>\n<li>Width: <strong>40%</strong></li>\n<li>Center X: <strong>50%</strong></li>\n</ul>\n</li>\n</ol>"
    },
    "navigationBar": {
      "left": {
        "text": "Previous"
      },
      "right": {
        "text": "Next"
      }
    }
  },
  "Card.VoltMX.UserRepositoryAuthV9.navigationToHome1": {
    "content": {
      "title": "Add Navigation from Login screen",
      "body": "<ol>\n<li>Navigate to&nbsp;the&nbsp;<strong>Project</strong> explorer, expand <strong>Responsive Web / Desktop</strong> &gt;&nbsp;<strong>Forms</strong> &gt;&nbsp;<strong>frmLogin</strong> &gt;&nbsp;<strong>flexLogin</strong> and select <strong>btnLOGIN</strong>.</li>\n<li>Right-click the <strong>Login</strong> button on your canvas and select <strong>Action: onClick</strong>.<br />The <strong>Action Editor</strong> window appears.</li>\n<li>From the top-right corner of your <strong>Action Editor</strong> window, select <strong>Design View</strong>.</li>\n</ol>"
    },
    "navigationBar": {
      "left": {
        "text": "Previous"
      },
      "right": {
        "text": "Next"
      }
    }
  },
  "Card.VoltMX.UserRepositoryAuthV9.rename": {
    "content": {
      "title": "Rename the Form",
      "body": "<ol>\n<li>In the <strong>Storyboard</strong> view, above the new Form, click <strong>Form1</strong>.</li>\n<li>Rename the form from  <strong>Form1</strong> to <strong>frmLogin</strong>.</li><li>Press Enter key or Click on blank area to save the new name.</li>\n</ol>"
    },
    "navigationBar": {
      "left": {
        "text": "Previous"
      },
      "right": {
        "text": "Next"
      }
    }
  },
  "Card.VoltMX.UserRepositoryAuthV9.run": {
    "content": {
      "title": "Run the App",
      "body": "<ol>\n<li>From the <strong>Live Preview Settings</strong> window, select the checkbox for <strong>Responsive Web</strong>.<br /> Make sure you have unselected all the other platforms and channels.</li>\n<li>Click <strong>Save &amp; Run</strong>.<br />It may take some time for Iris to show the <strong>Volt MX Iris Preview </strong>window.</li>\n</ol>"
    },
    "navigationBar": {
      "left": {
        "text": "Previous"
      },
      "right": {
        "text": "Next"
      }
    }
  },
  "Card.VoltMX.UserRepositoryAuthV9.settings": {
    "content": {
      "title": "Settings for Live Preview",
      "body": "<ol><li>From the main menu, select <b>Build</b>.</li>\n<li>Click <b>Live Preview Settings.</b></li>"
    },
    "navigationBar": {
      "left": {
        "text": "Previous"
      },
      "right": {
        "text": "Next"
      }
    }
  },
  "Card.VoltMX.UserRepositoryAuthV9.testLogin": {
    "content": {
      "title": "Test the Login Credentials",
      "body": "<ol>\n<li>On the <b>Edit Identity Service</b> window, click <b>TEST LOGIN</b>.</li>\n<li>Enter the <b>User ID</b> (email) and the <b>Password</b> you have created.<ul><li>Email/User ID: <b>john.doe@woodburn.com</b></li><li>Password: <b>VoltMX@123</b></li></ul></li>\n<li>Click <b>SIGN IN</b>.</li><br>\nClose the <b>Edit Identity Service</b> window to add the service to your application."
    },
    "navigationBar": {
      "left": {
        "text": "Previous"
      },
      "right": {
        "text": "Next"
      }
    }
  },
  "Card.VoltMX.UserRepositoryAuthV9.view": {
    "content": {
      "title": "View the App",
      "body": "<ol>\n<li>On the <strong>Login</strong> page of your app, enter the user credentials that you have created in the Volt MX User Repository.<br /> Enter the following login credentials in your app: <br /> <ul><li>Username: <b>John.doe@woodburn.com</b></li><li>Password: <b>VoltMX@123</b></li></ul></li>\n<li>Click <strong>Login</strong>.<br />You will be directed to the Home page.</li>\n<li>Click <strong>Logout</strong>. <br /> You will be redirected to the Login page.</li>\n</ol>"
    },
    "navigationBar": {
      "left": {
        "text": "Previous"
      },
      "right": {
        "text": "Next"
      }
    }
  }
}