{
  "Tour.UserRepositoryAuthenticationV9": {
    "description": "旅游描述"
  },
  "Hike.VoltMX.UserRepositoryAuthV9": {
    "description": "徒步说明"
  },
  "Card.VoltMX.UserRepositoryAuthV9.addNavtoHome": {
    "content": {
      "title": "从登录屏幕添加导航",
      "body": "<ol>\n<li>在<strong>设计视图</strong> , 导航到<strong>调用服务名称：employeeUserStore$login</strong> ，然后选择<strong>成功</strong>.</li>\n<li>来自<strong>动作编辑器</strong>左侧菜单，在<strong>一般</strong>部分，选择<strong>导航到表单</strong>.</li>\n<li>选择<strong>frmHome</strong>来自右侧窗格。</li>\n<li>导航到<strong>调用服务名称：employeeUserStore$login</strong>&gt;<strong>成功</strong> ，然后选择<strong>显示警报</strong>.</li>\n<li>右键删除<strong>显示警报</strong>.</li>\n<li>点击<strong>保存</strong>.</li>\n</ol>"
    },
    "navigationBar": {
      "left": {
        "text": "上一个"
      },
      "right": {
        "text": "下一个"
      }
    }
  },
  "Card.VoltMX.UserRepositoryAuthV9.addNavtoLogin": {
    "content": {
      "title": "从主屏幕添加导航",
      "body": "<ol>\n<li>导航到&nbsp;<strong>项目</strong>资源管理器&gt;&nbsp;<strong>响应式网络/桌面</strong>&gt;&nbsp;<strong>表格</strong>并选择<strong>frmHome</strong>.</li>\n<li>右键单击<strong>注销</strong>画布上的按钮并选择<strong>动作：onClick</strong>.<br /><strong>动作编辑器</strong>窗口出现。</li>\n<li>从右上角<strong>动作编辑器</strong>窗口，选择<strong>设计视图</strong>.</li>\n</ol>"
    },
    "navigationBar": {
      "left": {
        "text": "上一个"
      },
      "right": {
        "text": "下一个"
      }
    }
  },
  "Card.VoltMX.UserRepositoryAuthV9.addNavtoLogin1": {
    "content": {
      "title": "从主屏幕添加导航",
      "body": "<ol>\n<li>在<strong>设计视图</strong> , 导航到<strong>调用服务名称：employeeUserStore$logout</strong> ，然后选择<strong>成功</strong>.</li>\n<li>来自<strong>动作编辑器</strong>左侧菜单，在<strong>一般</strong>部分，选择<strong>导航到表单</strong>.</li>\n<li>选择<strong>frmLogin</strong>来自右侧窗格。</li>\n<li>导航到<strong>调用服务名称：employeeUserStore$logout</strong>&gt;<strong>成功</strong> ，然后选择<strong>显示警报</strong>.</li>\n<li>右键删除<strong>显示警报</strong>.</li>\n<li>点击<strong>保存</strong>.</li>\n</ol>"
    },
    "navigationBar": {
      "left": {
        "text": "上一个"
      },
      "right": {
        "text": "下一个"
      }
    }
  },
  "Card.VoltMX.UserRepositoryAuthV9.addUI": {
    "content": {
      "title": "将用户界面添加到主页",
      "body": "<ol>\n<li>导航到<strong>默认库</strong>画布左下角的选项卡并搜索<strong>标签</strong>小部件。</li>\n<li>拖放<strong>标签</strong>小部件到<strong>frmHome</strong>在画布上形成。</li>\n<li>导航到<strong>属性</strong>面板并选择<strong>看</strong>选项卡。</li>\n<li>下<strong>外观</strong>，修改值<strong>文本</strong>: <strong>欢迎来到主屏幕</strong></li>\n<li>下<strong>弹性</strong> ，修改以下属性的值：<ul>\n<li>左：<strong>35%</strong></li>\n<li>顶部：<strong>10%</strong></li>\n</ul>\n</li>\n</ol>"
    },
    "navigationBar": {
      "left": {
        "text": "上一个"
      },
      "right": {
        "text": "下一个"
      }
    }
  },
  "Card.VoltMX.UserRepositoryAuthV9.addUser": {
    "content": {
      "title": "将用户添加到存储库",
      "body": "<ol>\n<li>点击<strong>添加用户</strong>.<br /><strong>添加用户</strong>窗口出现。</li>\n<li>填写以下字段：<ul>\n<li><strong>电子邮件/用户名</strong></li>\n<li><strong>名字</strong></li>\n<li><strong>姓氏</strong></li>\n<li><strong>电话</strong></li>\n<li><strong>密码</strong></li>\n<li><strong>重新输入密码</strong></li>\n<li>来自<strong>添加/选择组</strong> ，确保复选框<strong>成员</strong>从下拉列表中选择。</li>\n</ul>\n</li>\n<li>点击<strong>添加用户</strong>.</li>\n</ol>\n<p>一个用户被添加到存储库。<br />注意<strong>用户名</strong>和<strong>密码</strong>测试凭证。</p>"
    },
    "navigationBar": {
      "left": {
        "text": "上一个"
      },
      "right": {
        "text": "下一个"
      }
    }
  },
  "Card.VoltMX.UserRepositoryAuthV9.HomeForm": {
    "content": {
      "title": "创建一个新表单",
      "body": "<ol>\n<li>来自<strong>项目</strong>画布左上角的资源管理器，导航到<strong>响应式网络/桌面</strong>&gt;<strong>表格</strong>.</li>\n<li>右键单击<strong>表格</strong> ，然后选择<strong>新表格</strong>.</li>\n<li>右击<strong>Form1</strong> ，并重命名表单<strong>frmHome</strong>.</li>\n</ol>"
    },
    "navigationBar": {
      "left": {
        "text": "上一个"
      },
      "right": {
        "text": "下一个"
      }
    }
  },
  "Card.VoltMX.UserRepositoryAuthV9.Intro": {
    "content": {
      "title": "用户存储库简介",
      "body": "在这次徒步旅行中，我们将：<br/>\n<ul>\n<li>添加<b>Volt MX 用户存储库</b>作为应用程序的身份验证源</li>\n<li>使用<b>Volt MX 用户存储库</b>在您的应用中授权用户</li></ul>"
    },
    "navigationBar": {
      "left": {
        "text": "上一个"
      },
      "right": {
        "text": "开始"
      }
    }
  },
  "Card.VoltMX.UserRepositoryAuthV9.last": {
    "content": {
      "title": " 恭喜",
      "body": "您已成功：<ul><b>\n<li>使用 Volt MX 用户存储库作为身份验证源创建了一个应用程序</li>\n<li>将用户添加到存储库</li>\n<li>使用来自 Volt MX 用户存储库的登录凭据访问应用程序</li></b></ul> 有关更多详细信息<b>Volt MX 用户存储库</b>访问 Volt MX 文档<br>\n<a href='#' onClick='javascript:openURL(\"https://opensource.hcltechsw.com/volt-mx-docs/docs/documentation/Foundry/voltmx_foundry_release_notes/Content/V9_New_Features.html#identity\")'>Volt MX 用户存储库</a>"
    },
    "navigationBar": {
      "left": {
        "text": "上一个"
      },
      "right": {
        "text": "完成"
      }
    }
  },
  "Card.VoltMX.UserRepositoryAuthV9.loginUI": {
    "content": {
      "title": "创建登录用户界面",
      "body": "<ol>\n<li>展开<strong>项目服务</strong>&gt;<strong>身份</strong>&gt;<strong>employeeUserStore</strong>并选择<strong>登录</strong>操作。</li>\n<li>删除<strong>登录</strong>操作<strong>frmLogin</strong>在画布上形成。</li>\n<li>导航到<strong>项目</strong>资源管理器><strong>响应式网络/桌面</strong>&gt;<strong>frmLogin</strong>在画布的左上角并选择<strong>flexlogin</strong>.</li>\n<li>导航到<strong>属性</strong>&gt;<strong>看</strong>在画布的右上角。</li>\n<li>设置<strong>宽度</strong>到<strong>40%</strong>和<strong>中心X</strong>到<strong>50%</strong>.</li>\n</ol>\n<ol>在表单上创建登录屏幕。</ol>"
    },
    "navigationBar": {
      "left": {
        "text": "上一个"
      },
      "right": {
        "text": "下一个"
      }
    }
  },
  "Card.VoltMX.UserRepositoryAuthV9.mapLogout": {
    "content": {
      "title": " 将注销映射到主页",
      "body": "<ol>\n<li>导航到<strong>数据&amp;服务</strong>画布右上角的面板。</li>\n<li>展开<strong>项目服务</strong>&gt;<strong>身份</strong>&gt;<strong>employeeUserStore</strong>.</li>\n<li>拖放<strong>注销</strong>操作<strong>frmHome</strong>在画布上形成。</li>\n<li>导航到<strong>项目</strong>资源管理器><strong>响应式网络/桌面</strong>&gt;<strong>frmHome</strong>并选择<strong>flexlogout</strong>.</li>\n<li>来自<strong>属性</strong>画布右上角的面板，选择<strong>看</strong>.</li>\n<li>下<strong>弹性</strong>，修改以下属性的值<ul>\n<li>顶部：<strong>40%</strong></li>\n<li>宽度：<strong>40%</strong></li>\n<li>CenterX：<strong>50%</strong></li>\n</ul>\n</li>\n</ol>"
    },
    "navigationBar": {
      "left": {
        "text": "上一个"
      },
      "right": {
        "text": "下一个"
      }
    }
  },
  "Card.VoltMX.UserRepositoryAuthV9.navigationToHome1": {
    "content": {
      "title": "从登录屏幕添加导航",
      "body": "<ol>\n<li>导航到&nbsp;<strong>项目</strong>资源管理器&gt;&nbsp;<strong>响应式网络/桌面</strong>&gt;&nbsp;<strong>表格</strong>并选择<strong>frmLogin</strong>.</li>\n<li>右键单击<strong>登录</strong>画布上的按钮并选择<strong>动作：onClick</strong>.<br /><strong>动作编辑器</strong>窗口出现。</li>\n<li>从右上角<strong>动作编辑器</strong>窗口，选择<strong>设计视图</strong>.</li>\n</ol>"
    },
    "navigationBar": {
      "left": {
        "text": "上一个"
      },
      "right": {
        "text": "下一个"
      }
    }
  },
  "Card.VoltMX.UserRepositoryAuthV9.NewProject1": {
    "content": {
      "title": "创建一个新项目",
      "body": "<ol>\n<li>导航到<strong>项目</strong>&gt;<strong>新项目</strong>.</li>\n<li>来自<strong> 你现在想从什么开始？</strong>窗口，选择<strong>网络应用</strong>.</li>\n<li>点击<strong>下一个</strong>.<br /><strong>您想首先开始构建哪种设备尺寸？</strong>窗口出现。</li>\n<li>选择<strong>桌面</strong>.</li>\n<li>点击<strong>下一个</strong>.<br /><strong>您从一个 Web 应用程序开始。选择的设备大小是桌面。</strong>窗口出现。</li>\n</ol>"
    },
    "navigationBar": {
      "left": {
        "text": "上一个"
      },
      "right": {
        "text": "下一个"
      }
    }
  },
  "Card.VoltMX.UserRepositoryAuthV9.NewProject2": {
    "content": {
      "title": "创建一个新项目",
      "body": "<ol>\n<li>下<strong>项目名称</strong>，输入<strong>用户存储库</strong>.</li>\n<li>点击<strong>创建</strong>.<br />使用一个 flex 表单创建了一个新应用程序。<br />应用程序在<strong>故事板</strong>查看。</li>\n</ol>"
    },
    "navigationBar": {
      "left": {
        "text": "上一个"
      },
      "right": {
        "text": "下一个"
      }
    }
  },
  "Card.VoltMX.UserRepositoryAuthV9.NewUserRep": {
    "content": {
      "title": "创建一个新的用户存储库",
      "body": "<ol>\n<li>来自<strong>数据&amp;服务</strong>画布右上角的面板，展开<strong>项目服务</strong>.</li>\n<li>点击<strong>配置新</strong>获取预打包服务列表。</li>\n<li> 在<strong>验证</strong>类别，选择<strong>用户存储库</strong>.<br /><strong>配置身份服务</strong>窗口出现。</li>\n<li>输入服务名称<strong>employeeUserStore</strong>.</li>\n<li>点击<strong>保存</strong>.</li>\n</ol>"
    },
    "navigationBar": {
      "left": {
        "text": "上一个"
      },
      "right": {
        "text": "下一个"
      }
    }
  },
  "Card.VoltMX.UserRepositoryAuthV9.rename": {
    "content": {
      "title": "重命名表单",
      "body": "<ol>\n<li>在<strong>故事板</strong>查看，在新表单上方，单击<strong>Form1</strong>.</li>\n<li>重命名表单<strong>frmLogin</strong>.</li>\n<li> 双击表单在<strong>设计</strong>查看。</li>\n</ol>"
    },
    "navigationBar": {
      "left": {
        "text": "上一个"
      },
      "right": {
        "text": "下一个"
      }
    }
  },
  "Card.VoltMX.UserRepositoryAuthV9.run": {
    "content": {
      "title": "运行应用程序",
      "body": "<ol>\n<li>来自<strong>实时预览设置</strong>窗口，选择复选框<strong>响应式网站</strong>.<br />确保您已取消选择所有其他平台和频道。</li>\n<li>点击<strong>保存&amp;跑步</strong>.<br /> Iris 可能需要一些时间才能显示<strong>实时预览已准备就绪</strong>窗口。</li>\n</ol>"
    },
    "navigationBar": {
      "left": {
        "text": "上一个"
      },
      "right": {
        "text": "下一个"
      }
    }
  },
  "Card.VoltMX.UserRepositoryAuthV9.settings": {
    "content": {
      "title": "实时预览设置",
      "body": "<ol><li>从主菜单中，选择<b>构建</b>.</li>\n<li>点击<b>实时预览设置。</b></li>"
    },
    "navigationBar": {
      "left": {
        "text": "上一个"
      },
      "right": {
        "text": "下一个"
      }
    }
  },
  "Card.VoltMX.UserRepositoryAuthV9.testLogin": {
    "content": {
      "title": "测试登录凭据",
      "body": "<ol>\n<li>在<b>配置身份服务</b>窗口，点击<b>测试登录</b>.</li>\n<li>输入<b>用户ID</b>（电子邮件）和<b>密码</b>你已经创建了。</li>\n<li>点击<b>登录</b>.</li><br>关闭<b>配置身份服务</b>将服务添加到您的应用程序的窗口。"
    },
    "navigationBar": {
      "left": {
        "text": "上一个"
      },
      "right": {
        "text": "下一个"
      }
    }
  },
  "Card.VoltMX.UserRepositoryAuthV9.view": {
    "content": {
      "title": "查看应用",
      "body": "<ol>\n<li>在<strong>登录</strong>您的应用程序页面，输入您在 Volt MX 用户存储库中创建的用户凭据。</li>\n<li>点击<strong>登录</strong>.<br />您将被定向到主页。</li>\n<li>点击<strong>注销</strong>. <br />您将被重定向到登录页面。</li>\n</ol>"
    },
    "navigationBar": {
      "left": {
        "text": "上一个"
      },
      "right": {
        "text": "下一个"
      }
    }
  }
}