{
  "kuid": "d75b2at0-e7a5-41r4-aau8-c75768nf",
  "id": "VoltMX.IntrotoActionEditorV9.condBeh4",
  "content": {
    "title": "Add a Warning Alert",
    "body": "<ol>\n<li>From the Action Editor left menu, under the <strong>CLIENT </strong>session, select <strong>Show Alert</strong>.</li>\n<li>Provide the following details in the right pane:\n<ul>\n<li>Set<strong> Alert Type</strong> to&nbsp;<strong>Error</strong></li>\n<li>Under<strong> Alert Title</strong>, enter: <strong>Invalid Email Address</strong></li>\n<li>Under<strong> Yes Label</strong>, enter: <strong>OK</strong></li>\n<li>Under<strong> Alert Message</strong>, enter: <strong>Please Enter a Valid Email Address</strong></li>\n</ul>\n</li>\n</ol>"
  },
  "pointer": {
    "direction": "left",
    "element": "",
    "type": "none"
  },
  "navigationType": "manual",
  "navigationBar": {
    "left": {
      "text": "Previous",
      "enable": true,
      "hide": false
    },
    "right": {
      "text": "Next",
      "enable": true,
      "hide": false
    }
  },
  "navigationCondition": "",
  "position": "BOTTOM_RIGHT",
  "meta": {
    "Creator": "Rashmi Menon",
    "CreatedOn": "Tue, 26 Nov 2019 04:58:26 GMT"
  },
  "context": [],
  "localization": {
    "en-us": {
      "content": {
        "title": "Add a Warning Alert",
        "body": "<ol>\n<li>From the Action Editor left menu, under the <strong>CLIENT </strong>session, select <strong>Show Alert</strong>.</li>\n<li>Provide the following details in the right pane:\n<ul>\n<li>Set<strong> Alert Type</strong> to&nbsp;<strong>Error</strong></li>\n<li>Under<strong> Alert Title</strong>, enter: <strong>Invalid Email Address</strong></li>\n<li>Under<strong> Yes Label</strong>, enter: <strong>OK</strong></li>\n<li>Under<strong> Alert Message</strong>, enter: <strong>Please Enter a Valid Email Address</strong></li>\n</ul>\n</li>\n</ol>"
      },
      "navigationBar": {
        "left": {
          "text": "Previous"
        },
        "right": {
          "text": "Next"
        }
      }
    },
    "zh-cn": {
      "content": {
        "title": "添加警告警报",
        "body": "***<ol> \n <li>从<strong> client </strong>会话下的动作编辑器左菜单中，选择<strong> show arter </strong>。</li> \n <li>在正确的窗格中提供以下细节： \n <ul> \n <li>设置<strong>警报类型</strong> to＆nbsp; <strong> error </strong> </li> {14} \n <li> <strong>警报标题</strong>，Enter：<strong>无效的电子邮件地址</strong> </li> {20} \n <li>在<strong> yes label </strong>，enter：<strong> ok </strong> </li> \n <li>在<strong>下警报消息</strong>，Enter：<strong>请输入有效的电子邮件地址</strong> </li> \n </ul> \n </li> \n </ol>"
      },
      "navigationBar": {
        "left": {
          "text": "以前的"
        },
        "right": {
          "text": "下一个"
        }
      }
    },
    "zh-tw": {
      "content": {
        "title": "添加警告警報",
        "body": "***<ol> \n <li>從<strong> client </strong>會話下的動作編輯器左菜單中，選擇<strong> show arter </strong>。</li> \n <li>在正確的窗格中提供以下細節： \n <ul> \n <li>設置<strong>警報類型</strong> to＆nbsp; <strong> error </strong> </li> {14} \n <li> <strong>警報標題</strong>，Enter：<strong>無效的電子郵件地址</strong> </li> {20} \n <li>在<strong> yes label </strong>，enter：<strong> ok </strong> </li> \n <li>在<strong>下警報消息</strong>，Enter：<strong>請輸入有效的電子郵件地址</strong> </li> \n </ul> \n </li> \n </ol>"
      },
      "navigationBar": {
        "left": {
          "text": "以前的"
        },
        "right": {
          "text": "下一個"
        }
      }
    }
  }
}