{
    "kuid": "a1df4164-d723-4dd5-810f-085d4bb3",
    "id": "Kony.BindDataToApp.MappingElements",
    "content": {
        "title": "Map the Service with UI Elements",
        "body": "<ul>Map the following elements in the Mapping Editor from the left pane to the right pane:\n<li>From the left pane, select <strong>records{collection}</strong>. From the right pane, select <strong>masterdatamap {collection}</strong>.<br />Expand both these collections</li>\n<li>From the left pane, select <strong>Image_URL{string}</strong>. From the right pane, expand <strong>Image &ndash; employeeSegImage</strong> and select <strong>src{string}</strong></li>\n<li>From the left pane, select <strong>Designation{string}</strong>. From the right pane, expand <strong>Label-employeeFieldTitle</strong> and select <strong>text{string}</strong></li>\n</ul>"
    },
    "position": "BOTTOM_RIGHT",
    "navigationType": "manual",
    "navigationCondition": "",
    "pointer": {
        "direction": "left",
        "element": "",
        "type": "none"
    },
    "navigationBar": {
        "left": {
            "text": "Previous",
            "hide": false,
            "enable": true
        },
        "right": {
            "text": "Next",
            "enable": true,
            "hide": false
        }
    }
}