{
  "kuid": "98e14ct5-91a8-42r4-a6ub-b31785n9",
  "id": "VoltMX.IntroductiontoSegmentV9.rowHgt",
  "content": {
    "title": "Change the Row Height of the Segment",
    "body": "<ol><li>From the <b>Project</b> panel, expand <b>Mobile</b> &gt; <b>Forms</b> &gt; <b>frmList</b>, select <b>employeeSegment</b>.</li><li>From the <b>Properties</b> panel, navigate to the <b>Segment</b> tab.</li><li>Under the <b>General</b> section, assign the following value:<br/>Row Height: <b>150 Dp</b>.</li></ol>"
  },
  "pointer": {
    "direction": "left",
    "element": {
      "module": "projectexplorer",
      "css_selector": ".KMenu li ul li ul li ul li div[class *= 'ktable kwt100 middleleftalign']"
    },
    "type": "default"
  },
  "navigationType": "manual",
  "navigationBar": {
    "left": {
      "text": "Previous",
      "enable": true,
      "hide": false
    },
    "right": {
      "text": "Next",
      "enable": true,
      "hide": false
    }
  },
  "navigationCondition": "",
  "position": "BOTTOM_RIGHT",
  "meta": {
    "Creator": "Rashmi Menon",
    "CreatedOn": "Mon, 25 Nov 2019 10:17:30 GMT"
  },
  "context": [],
  "localization": {
    "en-us": {
      "content": {
        "title": "Change the Row Height of the Segment",
        "body": "<ol><li>From the <b>Project</b> panel, expand <b>Mobile</b> &gt; <b>Forms</b> &gt; <b>frmList</b>, select <b>employeeSegment</b>.</li><li>From the <b>Properties</b> panel, navigate to the <b>Segment</b> tab.</li><li>Under the <b>General</b> section, assign the following value:<br/>Row Height: <b>150 Dp</b>.</li></ol>"
      },
      "navigationBar": {
        "left": {
          "text": "Previous"
        },
        "right": {
          "text": "Next"
        }
      }
    },
    "zh-cn": {
      "content": {
        "title": "更改段的行高度",
        "body": "***<ol> <li>从<b> project </b>面板，展开<b>移动</b>＆gt; <b>表格</b>＆gt; <b> frmlist </b>，从<b> properties </b>面板中选择<b> amploeEsegriant </b>。 19}在<b>常规</b>部分下，分配以下值：<br/>行高：<b> 150 dp </b>。</li> </ol>"
      },
      "navigationBar": {
        "left": {
          "text": "以前的"
        },
        "right": {
          "text": "下一个"
        }
      }
    },
    "zh-tw": {
      "content": {
        "title": "更改段的行高度",
        "body": "***<ol> <li>從<b> project </b>面板，展開<b>移動</b>＆gt; <b>表格</b>＆gt; <b> frmlist </b>，從<b> properties </b>面板中選擇<b> amploeEsegriant </b>。 19}在<b>常規</b>部分下，分配以下值：<br/>行高：<b> 150 dp </b>。</li> </ol>"
      },
      "navigationBar": {
        "left": {
          "text": "以前的"
        },
        "right": {
          "text": "下一個"
        }
      }
    }
  }
}