{
    "kuid": "98e14ct5-91a8-42r4-a6ub-b31785n9",
    "id": "VoltMX.IntroductiontoSegmentV9.rowHgt",
    "content": {
        "title": "Change the Row Height of the Segment",
        "body": "<ol><li>From the <b>Project</b> panel, expand <b>Mobile</b> &gt; <b>Forms</b> &gt; <b>frmList</b>, select <b>employeeSegment</b>.</li><li>From the <b>Properties</b> panel, navigate to the <b>Segment</b> tab.</li><li>Under the <b>General</b> section, assign the following value:<br/>Row Height: <b>150 Dp</b>.</li></ol>"
    },
    "pointer": {
        "direction": "left",
        "element": {
            "module": "appcanvas",
            "paneId": "ac-area-one",
            "itemType": "ac-active-shell"
        },
        "type": "default"
    },
    "navigationType": "manual",
    "navigationBar": {
        "left": {
            "text": "Previous",
            "enable": true,
            "hide": false
        },
        "right": {
            "text": "Next",
            "enable": true,
            "hide": false
        }
    },
    "navigationCondition": "",
    "position": "BOTTOM_RIGHT",
    "meta": {
        "Creator": "Rashmi Menon",
        "CreatedOn": "Mon, 25 Nov 2019 10:17:30 GMT"
    },
    "context": []
}