{
  "kuid": "990682t6-e7a4-42rc-bau8-d7f69cnb",
  "id": "VoltMX.NewLaunchMobApp.appViewer",
  "content": {
    "title": "Volt MX App",
    "body": "<ol>\n<li>Connect your <strong>mobile</strong> device to your computer using a USB cable.<br /> For Android mobile devices, ensure that the user of USB is set as <strong>Transfer files</strong>.<br /> For iOS mobile devices, ensure that <strong>trust </strong>has been established between your device and your computer.</li>\n<li>Launch the <strong>Volt MX App</strong> on your <strong>mobile</strong> device.</li>\n<li>Select the <strong>USB</strong> tab. <br />On a successful connection, <strong>Volt MX Iris</strong> on your computer shows a success prompt.</li>\n<li>From the main menu, select <strong>Build</strong>.</li>\n<li>Click <strong>Live Preview Settings</strong>.</li>\n</ol>"
  },
  "pointer": {
    "direction": "left",
    "element": "",
    "type": "none"
  },
  "navigationType": "manual",
  "navigationBar": {
    "left": {
      "text": "Previous",
      "enable": true,
      "hide": false
    },
    "right": {
      "text": "Next",
      "enable": true,
      "hide": false
    }
  },
  "navigationCondition": "",
  "position": "CENTER",
  "meta": {
    "Creator": "Prem Garudadri",
    "CreatedOn": "Wed, 18 Dec 2019 09:21:06 GMT"
  },
  "context": [],
  "localization": {
    "en-us": {
      "content": {
        "title": "Volt MX App",
        "body": "<ol>\n<li>Connect your <strong>mobile</strong> device to your computer using a USB cable.<br /> For Android mobile devices, ensure that the user of USB is set as <strong>Transfer files</strong>.<br /> For iOS mobile devices, ensure that <strong>trust </strong>has been established between your device and your computer.</li>\n<li>Launch the <strong>Volt MX App</strong> on your <strong>mobile</strong> device.</li>\n<li>Select the <strong>USB</strong> tab. <br />On a successful connection, <strong>Volt MX Iris</strong> on your computer shows a success prompt.</li>\n<li>From the main menu, select <strong>Build</strong>.</li>\n<li>Click <strong>Live Preview Settings</strong>.</li>\n</ol>"
      },
      "navigationBar": {
        "left": {
          "text": "Previous"
        },
        "right": {
          "text": "Next"
        }
      }
    },
    "zh-cn": {
      "content": {
        "title": "Volt MX应用程序",
        "body": "***<ol> \n <li>使用USB电缆将您的<strong>移动</strong>设备连接到计算机。<br />对于Android移动设备，请确保将USB的用户设置为<strong>传输文件</strong>。<br /> {7} 对于iOS移动设备，请确保在您的设备和计算机之间建立<strong>信任</strong>。</li> \n <li>在您的<strong>移动</strong>设备上启动<strong> volt mx app </strong>。</li> \n <li>选择<strong> USB </strong>选项卡。 <br />在成功的连接上，<strong>伏特mx iris </strong>在您的计算机上显示成功提示。</li> \n <li>从主菜单中，选择<strong>构建</strong>。</li> \n <li>单击<strong>实时预览设置</strong>。</li> \n </ol>"
      },
      "navigationBar": {
        "left": {
          "text": "以前的"
        },
        "right": {
          "text": "下一个"
        }
      }
    },
    "zh-tw": {
      "content": {
        "title": "Volt MX應用程序",
        "body": "***<ol> \n <li>使用USB電纜將您的<strong>移動</strong>設備連接到計算機。<br />對於Android移動設備，請確保將USB的用戶設置為<strong>傳輸文件</strong>。<br /> {7} 對於iOS移動設備，請確保在您的設備和計算機之間建立<strong>信任</strong>。</li> \n <li>在您的<strong>移動</strong>設備上啟動<strong> volt mx app </strong>。</li> \n <li>選擇<strong> USB </strong>選項卡。 <br />在成功的連接上，<strong>伏特mx iris </strong>在您的計算機上顯示成功提示。</li> \n <li>從主菜單中，選擇<strong>構建</strong>。</li> \n <li>單擊<strong>實時預覽設置</strong>。</li> \n </ol>"
      },
      "navigationBar": {
        "left": {
          "text": "以前的"
        },
        "right": {
          "text": "下一個"
        }
      }
    }
  }
}