{
  "kuid": "8b012et0-0ca4-41rc-8cu8-cb3e2fne",
  "id": "VoltMX.UserRepositoryAuthV9.NewProject1",
  "content": {
    "title": "Create a New Project",
    "body": "<ol>\n<li>From the main menu of the iris, navigate to <strong>Project</strong> &gt; <strong>New Project</strong>.</li>\n<li>From the <strong>What do you want to start with now? </strong>window, select <strong>Web App</strong>.</li>\n<li>Click <strong>Next</strong>.<br />The <strong>Which device size do you want to start building for first?</strong> window appears.</li>\n<li>Select <strong>Desktop</strong>.</li>\n<li>Click <strong>Next</strong>.<br />The <strong>You started with a Web App. Device size selected is Desktop. </strong>window appears.</li>\n</ol>"
  },
  "pointer": {
    "direction": "left",
    "element": "",
    "type": "none"
  },
  "navigationType": "manual",
  "navigationBar": {
    "left": {
      "text": "Previous",
      "enable": true,
      "hide": false
    },
    "right": {
      "text": "Next",
      "enable": true,
      "hide": false
    }
  },
  "navigationCondition": "",
  "position": "BOTTOM_RIGHT",
  "meta": {
    "Creator": "Rashmi Menon",
    "CreatedOn": "Wed, 27 Nov 2019 06:30:18 GMT"
  },
  "context": [],
  "localization": {
    "en-us": {
      "content": {
        "title": "Create a New Project",
        "body": "<ol>\n<li>From the main menu of the iris, navigate to <strong>Project</strong> &gt; <strong>New Project</strong>.</li>\n<li>From the <strong>What do you want to start with now? </strong>window, select <strong>Web App</strong>.</li>\n<li>Click <strong>Next</strong>.<br />The <strong>Which device size do you want to start building for first?</strong> window appears.</li>\n<li>Select <strong>Desktop</strong>.</li>\n<li>Click <strong>Next</strong>.<br />The <strong>You started with a Web App. Device size selected is Desktop. </strong>window appears.</li>\n</ol>"
      },
      "navigationBar": {
        "left": {
          "text": "Previous"
        },
        "right": {
          "text": "Next"
        }
      }
    },
    "zh-cn": {
      "content": {
        "title": "创建一个新项目",
        "body": "<ol> \n <li>从虹膜的主菜单中，导航到<strong> project </strong>＆gt; <strong>新项目</strong>。</li> \n <li>来自<strong>您现在想从什么开始？ </strong>窗口，选择<strong> Web App </strong>。</li> \n <li>单击<strong> Next </strong>。<br /> <strong>您想先启动哪个设备大小？</strong>窗口出现。</li> \n <li>选择<strong>桌面</strong>。</li> \n <li>单击<strong>下一个</strong>。<br /> <strong>您从Web应用程序开始。 所选的设备尺寸是桌面。 </strong>窗口出现。</li> \n </ol>"
      },
      "navigationBar": {
        "left": {
          "text": "以前的"
        },
        "right": {
          "text": "下一个"
        }
      }
    },
    "zh-tw": {
      "content": {
        "title": "創建一個新項目",
        "body": "<ol> \n <li>從虹膜的主菜單中，導航到<strong> project </strong>＆gt; <strong>新項目</strong>。</li> \n <li>來自<strong>您現在想從什麼開始？ </strong>窗口，選擇<strong> Web App </strong>。</li> \n <li>單擊<strong> Next </strong>。<br /> <strong>您想先啟動哪個設備大小？</strong>窗口出現。</li> \n <li>選擇<strong>桌面</strong>。</li> \n <li>單擊<strong>下一個</strong>。<br /> <strong>您從Web應用程序開始。 所選的設備尺寸是桌面。 </strong>窗口出現。</li> \n </ol>"
      },
      "navigationBar": {
        "left": {
          "text": "以前的"
        },
        "right": {
          "text": "下一個"
        }
      }
    }
  }
}