{
    "kuid": "f3fe45t6-b3ae-41rd-9au8-b1c0c2n9",
    "id": "kony.EditPayeeMobile_v9.uiedit",
    "content": {
        "title": "UI for Edit Recipients Screen",
        "body": "<ol>\n<li>From the bottom-left corner of Visualizer, navigate to the <strong>Default Library</strong>.</li>\n<li>Next to the Default Library, you will see the <strong>My Libraries </strong>tab and a search icon. Click the search icon.</li>\n<li>In the search bar that appears, enter <strong>EditRecipient</strong>.</li>\n<li>From the results, under <strong>RecipientsMobile</strong>, select <strong>EditRecipient</strong>.</li>\n<li>Drag the <strong>EditRecipient</strong> collection onto the <strong>frmEditRecipient</strong> on the canvas.</li>\n</ol>"
    },
    "pointer": {
        "direction": "left",
        "element": {
            "module": "konylibrary"
        },
        "type": "default"
    },
    "navigationType": "manual",
    "navigationBar": {
        "left": {
            "text": "Previous",
            "enable": true,
            "hide": false
        },
        "right": {
            "text": "Next",
            "enable": true,
            "hide": false
        }
    },
    "navigationCondition": "",
    "position": "BOTTOM_RIGHT",
    "meta": {
        "Creator": "Rashmi Menon",
        "CreatedOn": "Fri, 28 Feb 2020 11:26:08 GMT"
    },
    "context": []
}