<?xml version="1.0"?>
<Hike kuid="286a07te-b2a3-44r5-abuf-20859anf" id="kony.CreateServicesWebV9" title="kony.CreateServicesWebV9">
    <Description> Description of hike</Description>
    <Meta>
        <Creator>Rashmi Menon</Creator>
        <Createdon>Thu, 19 Dec 2019 06:03:56 GMT</Createdon>
    </Meta>
    <Hikecard id="kony.CreateServicesWebV9.Intro"/>
    <Hikecard id="kony.CreateServicesWebV9.createAccService"/>
    <Hikecard id="kony.CreateServicesWebV9.configureDataModel"/>
    <Hikecard id="kony.CreateServicesWebV9.accountModel"/>
    <Hikecard id="kony.CreateServicesWebV9.configureAcc"/>
    <Hikecard id="kony.CreateServicesWebV9.createPayeeService"/>
    <Hikecard id="kony.CreateServicesWebV9.configurePayModel1"/>
    <Hikecard id="kony.CreateServicesWebV9.configurePayModel"/>
    <Hikecard id="kony.CreateServicesWebV9.configurePayService"/>
    <Hikecard id="kony.CreateServicesWebV9.publish"/>
    <Hikecard id="kony.CreateServicesWebV9.done"/>
</Hike>