{
  "kuid": "a7c118t0-fca8-4crc-bcua-b93f47n4",
  "id": "VoltMX.addLoginServiceV9.launch",
  "content": {
    "title": "Launch the App",
    "body": "<ol>\n<li>From the left navigation bar, click <strong>Run</strong>.<br /> It may take some time for Iris to display the <strong>Live Preview is ready</strong> window.</li>\n<li>After Iris runs the app, on your <strong>Volt MX App</strong>, click <strong>Launch</strong>.</li>\n<li>You may see an <strong>Application Name</strong> text box. If there is a text box, enter <strong>RecipientsMobApp</strong> and then click <strong>Launch</strong>.</li>\n</ol>"
  },
  "pointer": {
    "direction": "left",
    "element": {
      "module": "shortcutbar",
      "itemId": "frmKonyLib_preview"
    },
    "type": "default"
  },
  "navigationType": "manual",
  "navigationBar": {
    "left": {
      "text": "Previous",
      "enable": true,
      "hide": false
    },
    "right": {
      "text": "Next",
      "enable": true,
      "hide": false
    }
  },
  "navigationCondition": "",
  "position": "BOTTOM_RIGHT",
  "meta": {
    "Creator": "Rashmi Menon",
    "CreatedOn": "Wed, 18 Dec 2019 09:33:44 GMT"
  },
  "context": [],
  "localization": {
    "en-us": {
      "content": {
        "title": "Launch the App",
        "body": "<ol>\n<li>From the left navigation bar, click <strong>Run</strong>.<br /> It may take some time for Iris to display the <strong>Live Preview is ready</strong> window.</li>\n<li>After Iris runs the app, on your <strong>Volt MX App</strong>, click <strong>Launch</strong>.</li>\n<li>You may see an <strong>Application Name</strong> text box. If there is a text box, enter <strong>RecipientsMobApp</strong> and then click <strong>Launch</strong>.</li>\n</ol>"
      },
      "navigationBar": {
        "left": {
          "text": "Previous"
        },
        "right": {
          "text": "Next"
        }
      }
    },
    "zh-cn": {
      "content": {
        "title": "启动该应用程序",
        "body": "<ol> \n <li>从左导航栏中，单击<strong>运行</strong>。<br />可能需要一些时间才能让Iris显示<strong> Live Preview已准备就绪</strong>窗口。</li> \n <li>虹膜在您的<strong> volt mx app </strong>上运行应用程序后，单击<strong>启动</strong>。</li> \n <li>您可能会看到<strong>应用程序名称</strong>文本框。 如果有一个文本框，请输入<strong> colectientsmobapp </strong>，然后单击<strong>启动</strong>。</li> \n </ol>"
      },
      "navigationBar": {
        "left": {
          "text": "以前的"
        },
        "right": {
          "text": "下一个"
        }
      }
    },
    "zh-tw": {
      "content": {
        "title": "啟動該應用程序",
        "body": "<ol> \n <li>從左導航欄中，單擊<strong>運行</strong>。<br />可能需要一些時間才能讓Iris顯示<strong> Live Preview已準備就緒</strong>窗口。</li> \n <li>虹膜在您的<strong> volt mx app </strong>上運行應用程序後，單擊<strong>啟動</strong>。</li> \n <li>您可能會看到<strong>應用程序名稱</strong>文本框。 如果有一個文本框，請輸入<strong>收件人mobapp </strong>，然後單擊<strong>啟動</strong>。</li> \n </ol>"
      },
      "navigationBar": {
        "left": {
          "text": "以前的"
        },
        "right": {
          "text": "下一個"
        }
      }
    }
  }
}