{
    "kuid": "fda158t2-d7a7-45r5-9bu3-4a15dcnb",
    "id": "Kony.ResponsiveBreakV9.optLayNickName",
    "content": {
        "title": "Optimizing the Layout of Nick Name",
        "body": "<ol>\n<li>From the <strong>Project</strong> explorer, expand <strong>frmAddRecipient </strong>&gt;<strong> flxAddRecipient </strong>&gt;<strong> flxEntryFields</strong>, and select <strong>flxNickName</strong>.</li>\n<li>From the <strong>Properties</strong> panel, navigate to the <strong>Look </strong>tab.</li>\n<li>Under the <strong>Flex</strong> section, modify the following values:<br />\n<ul>\n<li>Width: <strong>240 Dp</strong></li>\n<li>Top: <strong>24 Dp</strong></li>\n</ul>\n</li>\n</ol>"
    },
    "pointer": {
        "direction": "right",
        "element": {
            "module": "propertieswindow",
            "itemType": "pw-property",
            "info": {
                "propertyName": "Top",
                "sectionDOMId": "frmKonyLib_pwwgvbx-flex",
                "tabName": "Look"
            }
        },
        "type": "default"
    },
    "navigationType": "manual",
    "navigationBar": {
        "left": {
            "text": "Previous",
            "enable": true,
            "hide": false
        },
        "right": {
            "text": "Next",
            "enable": true,
            "hide": false
        }
    },
    "navigationCondition": "",
    "position": "BOTTOM_RIGHT",
    "meta": {
        "Creator": "Rashmi Menon",
        "CreatedOn": "Sat, 29 Feb 2020 03:36:52 GMT"
    },
    "context": []
}