{
    "kuid": "f505f619-b96d-4653-bdc6-c40f6da3",
    "id": "Kony.ModifyEmployeeDirectory.OSMapping2",
    "content": {
        "title": "Map Services to UI Elements",
        "body": "<ul><li>From the left pane, select <b>Designation {string}</b>. From the right pane, expand <b>Label – employeeTitleLabel</b> and select <b>text {string}</b></li>\n<li> From the left pane, select <b>Email {string}</b>. From the right pane, expand <b>Label – employeeDetailsValue1</b> and select <b>text {string}</b> </li>\n<li> From the left pane, select <b>Primary_Phone {string}</b>. From the right pane, expand <b>Label – employeeDetailsValue2</b> and select <b>text {string}</b></li>\n<li> From the left pane, select <b>Department {string}</b>. From the right pane, expand <b>Label – employeeDetailsValue3</b> and select <b>text {string}</b> </li>\n<li> From the left pane, select <b>Manager_Name {string}</b>. From the right pane, expand <b>Label – employeeDetailsValue4</b> and select <b>text {string}</b> </li></ul>"
    },
    "position": "TOP_RIGHT",
    "navigationType": "manual",
    "navigationCondition": "",
    "pointer": {
        "direction": "left",
        "element": "",
        "type": "none"
    },
    "navigationBar": {
        "left": {
            "text": "Previous",
            "hide": false,
            "enable": true
        },
        "right": {
            "text": "Next",
            "enable": true,
            "hide": false
        }
    }
}