{
    "kuid": "e50295t0-7cae-4bre-bfu9-6e6403n2",
    "id": "VoltMX.NewHikeCard",
    "content": {
        "title": "Card Title",
        "body": "Card Information Body"
    },
    "pointer": {
        "direction": "left",
        "element": "",
        "type": "none"
    },
    "navigationType": "manual",
    "navigationBar": {
        "left": {
            "text": "Previous",
            "enable": true,
            "hide": false
        },
        "right": {
            "text": "Next",
            "enable": true,
            "hide": false
        }
    },
    "navigationCondition": "",
    "position": "BOTTOM_RIGHT",
    "meta": {
        "Creator": "Anonymous",
        "CreatedOn": "Fri, 18 Jun 2021 07:35:06 GMT"
    },
    "context": []
}