{
  "kuid": "6c8f76t6-bfa9-4frf-a1u9-243ae6nd",
  "id": "VoltMX.addLoginServiceV9.mapping",
  "content": {
    "title": "Map Username and Password",
    "body": "<p>Map the following elements from the left pane to the right pane:</p>\n<ul>\n<li>From the left pane, expand <strong>TextField &ndash; txtUserName</strong> and select <strong>text {string}</strong>. From the right pane, select <strong>userid {string}</strong></li>\n<li>From the left pane, expand <strong>TextField &ndash; txtPassword</strong> and select <strong>text {string}</strong>. From the right pane, select <strong>password {string}</strong></li>\n</ul>"
  },
  "pointer": {
    "direction": "left",
    "element": "",
    "type": "none"
  },
  "navigationType": "manual",
  "navigationBar": {
    "left": {
      "text": "Previous",
      "enable": true,
      "hide": false
    },
    "right": {
      "text": "Next",
      "enable": true,
      "hide": false
    }
  },
  "navigationCondition": "",
  "position": "BOTTOM_RIGHT",
  "meta": {
    "Creator": "Rashmi Menon",
    "CreatedOn": "Fri, 20 Dec 2019 05:58:55 GMT"
  },
  "context": [],
  "localization": {
    "en-us": {
      "content": {
        "title": "Map Username and Password",
        "body": "<p>Map the following elements from the left pane to the right pane:</p>\n<ul>\n<li>From the left pane, expand <strong>TextField &ndash; txtUserName</strong> and select <strong>text {string}</strong>. From the right pane, select <strong>userid {string}</strong></li>\n<li>From the left pane, expand <strong>TextField &ndash; txtPassword</strong> and select <strong>text {string}</strong>. From the right pane, select <strong>password {string}</strong></li>\n</ul>"
      },
      "navigationBar": {
        "left": {
          "text": "Previous"
        },
        "right": {
          "text": "Next"
        }
      }
    },
    "zh-cn": {
      "content": {
        "title": "地图用户名和密码",
        "body": "<p>映射以下元素从左窗格到右窗格：</p> \n <ul> \n <li>从左窗格中展开<strong> textfield＆ndash; txtusername </strong>，然后选择<strong>文本{string} </strong>。 从右窗格中，选择<strong> userId {string} </strong> </li> \n <li>从左窗格中展开<strong> textfield＆ndash; txtpassword </strong>，然后选择<strong>文本{string} </strong>。 从右窗格中，选择<strong>密码{string} </strong> </li> \n </ul>"
      },
      "navigationBar": {
        "left": {
          "text": "以前的"
        },
        "right": {
          "text": "下一个"
        }
      }
    },
    "zh-tw": {
      "content": {
        "title": "地圖用戶名和密碼",
        "body": "<p>映射以下元素從左窗格到右窗格：</p> \n <ul> \n <li>從左窗格中展開<strong> textfield＆ndash; txtusername </strong>，然後選擇<strong>文本{string} </strong>。 從右窗格中，選擇<strong> userId {string} </strong> </li> \n <li>從左窗格中展開<strong> textfield＆ndash; txtpassword </strong>，然後選擇<strong>文本{string} </strong>。 從右窗格中，選擇<strong>密碼{string} </strong> </li> \n </ul>"
      },
      "navigationBar": {
        "left": {
          "text": "以前的"
        },
        "right": {
          "text": "下一個"
        }
      }
    }
  }
}