{
  "kuid": "ea1d3ft2-57a1-44r9-a0u6-831194na",
  "id": "VoltMX.IntrotoSegmentTempV9.addingImg",
  "content": {
    "title": "Add Image to the Template",
    "body": "<ol>\n<li>Navigate to the <strong>Default Library</strong> tab on the bottom left of your Iris.</li>\n<li>Next to the <strong>Default Library</strong>, you will see the <strong>My Libraries</strong> tab and a search icon <img src=\"https://i.ibb.co/gmMPVjC/search-Icon.png\" alt=\"search icon\" width=\"14\" height=\"14\" />. Click the search icon.</li>\n<li>In the search bar that appears, enter <strong>Image</strong>.</li>\n<li>From the results, under <strong>Default</strong>, select <strong>Image</strong>.</li>\n<li>Drag the <strong>Image</strong> widget onto <strong>flxSeg</strong> on the canvas.</li>\n<li>From the <strong>Templates</strong> explorer, right-click on the image named as <b>ImageXXXX</b> under <b>Segments</b>, select <strong>Rename</strong>.</li>\n<li>Rename the image from <b>ImageXXXX</b> to  <strong>imgEmployee</strong>.</li>\n</ol>"
  },
  "pointer": {
    "direction": "left",
    "element": {
      "module": "konylibrary",
      "path": "default-body\\widgets\\default\\Image"
    },
    "type": "default"
  },
  "navigationType": "manual",
  "navigationBar": {
    "left": {
      "text": "Previous",
      "enable": true,
      "hide": false
    },
    "right": {
      "text": "Next",
      "enable": true,
      "hide": false
    }
  },
  "navigationCondition": "",
  "position": "BOTTOM_RIGHT",
  "meta": {
    "Creator": "Rashmi Menon",
    "CreatedOn": "Mon, 25 Nov 2019 11:44:44 GMT"
  },
  "context": [],
  "localization": {
    "en-us": {
      "content": {
        "title": "Add Image to the Template",
        "body": "<ol>\n<li>Navigate to the <strong>Default Library</strong> tab on the bottom left of your Iris.</li>\n<li>Next to the <strong>Default Library</strong>, you will see the <strong>My Libraries</strong> tab and a search icon <img src=\"https://i.ibb.co/gmMPVjC/search-Icon.png\" alt=\"search icon\" width=\"14\" height=\"14\" />. Click the search icon.</li>\n<li>In the search bar that appears, enter <strong>Image</strong>.</li>\n<li>From the results, under <strong>Default</strong>, select <strong>Image</strong>.</li>\n<li>Drag the <strong>Image</strong> widget onto <strong>flxSeg</strong> on the canvas.</li>\n<li>From the <strong>Templates</strong> explorer, right-click on the image named as <b>ImageXXXX</b> under <b>Segments</b>, select <strong>Rename</strong>.</li>\n<li>Rename the image from <b>ImageXXXX</b> to  <strong>imgEmployee</strong>.</li>\n</ol>"
      },
      "navigationBar": {
        "left": {
          "text": "Previous"
        },
        "right": {
          "text": "Next"
        }
      }
    },
    "zh-cn": {
      "content": {
        "title": "将图像添加到模板中",
        "body": "***<ol> \n <li>导航到<strong>默认库</strong>在您的虹膜左下方。</li> \n <li> <strong>默认库</strong>旁边，您将看到<strong>我的库</strong> tab和搜索图标<img src=\"https://i.ibb.co/gmMPVjC/search-Icon.png\" alt=\"search icon\" width=\"14\" height=\"14\" />。 单击搜索图标。</li> \n <li>在出现的搜索栏中，输入<strong> image </strong>。</li> \n <li>从结果中，在<strong>默认</strong>下，选择<strong> image </strong>。</li> \n <li>将<strong> image </strong>窗口小部件拖到<strong> flxseg </strong>上。</li> \n <li>来自<strong>模板</strong>探索器，右键单击<b> imagexxxx </b>下<b> segments </b>下的图像，select <strong> rename </strong>。 \n <li>从<b> imagexxxx </b>重命名图像到<strong> imgemployee </strong>。</li> \n </ol>"
      },
      "navigationBar": {
        "left": {
          "text": "以前的"
        },
        "right": {
          "text": "下一个"
        }
      }
    },
    "zh-tw": {
      "content": {
        "title": "將圖像添加到模板中",
        "body": "***<ol> \n <li>導航到<strong>默認庫</strong>在您的虹膜左下方。</li> \n <li> <strong>默認庫</strong>旁邊，您將看到<strong>我的庫</strong> tab和搜索圖標<img src=\"https://i.ibb.co/gmMPVjC/search-Icon.png\" alt=\"search icon\" width=\"14\" height=\"14\" />。 單擊搜索圖標。</li> \n <li>在出現的搜索欄中，輸入<strong> image </strong>。</li> \n <li>從結果中，在<strong>默認</strong>下，選擇<strong> image </strong>。</li> \n <li>將<strong> image </strong>窗口小部件拖到<strong> flxseg </strong>上。</li> \n <li>來自<strong>模板</strong>探索器，右鍵單擊<b> imagexxxx </b>下<b> segments </b>下的圖像，select <strong> rename </strong>。 \n <li>從<b> imagexxxx </b>重命名圖像到<strong> imgemployee </strong>。</li> \n </ol>"
      },
      "navigationBar": {
        "left": {
          "text": "以前的"
        },
        "right": {
          "text": "下一個"
        }
      }
    }
  }
}