{
    "kuid": "c58342t3-12aa-47r4-acua-b46922nc",
    "id": "VoltMX.CreateServicesV9.configurePayeesModel2",
    "content": {
        "title": "Configure the Data Model",
        "body": "<ol>\n<li>Under <strong>Data Model</strong>, navigate to <strong>Recipients</strong>, and select <strong>Fields</strong>.</li><li>From the right pane, for the field <b>RecipientID</b>, under the column <b>Primary Key</b>, toggle the switch to True.\n<li>Select the check-box for <strong>SeqNo</strong>, and then click <strong>Delete</strong>.</li>\n<li>In the <strong>Delete Fields</strong> dialog, click <strong>Delete</strong>.</li>\n<li>Click <strong>Save</strong> and wait for the <strong>Object Saved Successfully</strong> advisory message before proceeding to the next step.</li>\n</ol>"
    },
    "pointer": {
        "direction": "left",
        "element": "",
        "type": "none"
    },
    "navigationType": "manual",
    "navigationBar": {
        "left": {
            "text": "Previous",
            "enable": true,
            "hide": false
        },
        "right": {
            "text": "Next",
            "enable": true,
            "hide": false
        }
    },
    "navigationCondition": "",
    "position": "BOTTOM_RIGHT",
    "meta": {
        "Creator": "Sparsh Srivastava",
        "CreatedOn": "Wed, 18 Dec 2019 09:09:44 GMT"
    },
    "context": []
}