{
  "kuid": "460dcdt3-1fa5-44re-94u6-3908c7n1",
  "id": "VoltMX.CreateUIRWV9.addNav4",
  "content": {
    "title": "Adding Navigation to Accounts Screen",
    "body": "<ol><li>From the <strong>Action Editor</strong> left menu, under the <strong>GENERAL </strong>section, select <strong>Navigate to Form</strong><strong>.<br /></strong></li>\n<li>In the right pane of the <strong>Action Editor</strong>, select <strong>frmAccount</strong>.</li><li>Click <strong>Save</strong>.</li>\n</ol>"
  },
  "pointer": {
    "direction": "left",
    "element": {
      "module": "actioneditor",
      "itemType": "ae-action-type",
      "info": {
        "actionType": "Navigate to Form"
      }
    },
    "type": "default",
    "isFixed": false
  },
  "navigationType": "manual",
  "navigationBar": {
    "left": {
      "text": "Previous",
      "enable": true,
      "hide": false
    },
    "right": {
      "text": "Next",
      "enable": true,
      "hide": false
    }
  },
  "navigationCondition": "",
  "position": "BOTTOM_LEFT",
  "meta": {
    "Creator": "Rashmi Menon",
    "CreatedOn": "Tue, 24 Mar 2020 09:22:42 GMT"
  },
  "context": [],
  "localization": {
    "en-us": {
      "content": {
        "title": "Adding Navigation to Accounts Screen",
        "body": "<ol><li>From the <strong>Action Editor</strong> left menu, under the <strong>GENERAL </strong>section, select <strong>Navigate to Form</strong><strong>.<br /></strong></li>\n<li>In the right pane of the <strong>Action Editor</strong>, select <strong>frmAccount</strong>.</li><li>Click <strong>Save</strong>.</li>\n</ol>"
      },
      "navigationBar": {
        "left": {
          "text": "Previous"
        },
        "right": {
          "text": "Next"
        }
      }
    },
    "zh-cn": {
      "content": {
        "title": "将导航添加到帐户屏幕",
        "body": "***<ol> <li>从<strong>操作编辑器</strong>左菜单下，在<strong>常规</strong> e节下，选择<strong>导航至form </strong> <strong>。<br /> {9} </strong> {10} {10} </li> \n <li>在<strong>操作编辑器的右窗格中，选择<strong> frmaccount </strong>。 \n </ol>"
      },
      "navigationBar": {
        "left": {
          "text": "以前的"
        },
        "right": {
          "text": "下一个"
        }
      }
    },
    "zh-tw": {
      "content": {
        "title": "將導航添加到帳戶屏幕",
        "body": "***<ol> <li>從<strong>操作編輯器</strong>左菜單下，在<strong>常規</strong> e節下，選擇<strong>導航至form </strong> <strong>。<br /> {9} </strong> {10} {10} </li> \n <li>在<strong>操作編輯器的右窗格中，選擇<strong> frmaccount </strong>。 \n </ol>"
      },
      "navigationBar": {
        "left": {
          "text": "以前的"
        },
        "right": {
          "text": "下一個"
        }
      }
    }
  }
}