{
  "Card.VoltMX.VoltMXOrientationV9.introduction": {
    "content": {
      "title": "Volt MX Iris简介",
      "body": "<p>了解<strong> Volt MX Iris </strong>功能，这些功能可以帮助您以简单的步骤构建应用而无需编写任何代码。</p>"
    },
    "navigationBar": {
      "left": {
        "text": "以前的"
      },
      "right": {
        "text": "开始"
      }
    }
  },
  "Card.VoltMX.VoltMXOrientationV9.view": {
    "content": {
      "title": "Volt MX Iris的不同视图",
      "body": "<p>成功导入应用程序后，您可以探索应用程序中的不同表单。</p> \n <p>应用程序首先在<strong>故事板</strong>视图中打开。 您可以在此视图中查看应用程序中的不同表单及其连接。</p> \n <p>查看每个窗口小部件的<strong>属性</strong>以形式，双击任何表单以转到<strong>设计</strong>视图。 您还可以选择<strong>设计</strong>选项卡以导航到<strong>设计</strong>视图。</p>"
    },
    "navigationBar": {
      "left": {
        "text": "以前的"
      },
      "right": {
        "text": "下一个"
      }
    }
  },
  "Card.VoltMX.VoltMXOrientationV9.ProjectExplorer": {
    "content": {
      "title": "项目资源管理器",
      "body": "<p> <strong> project </strong> Explorer包含为响应式Web，移动Web和本机（Android和iOS）创建应用程序的选项。 使用每个频道中的表单，您可以创建应用程序的用户界面。</p>"
    },
    "navigationBar": {
      "left": {
        "text": "以前的"
      },
      "right": {
        "text": "下一个"
      }
    }
  },
  "Card.VoltMX.VoltMXOrientationV9.canvas": {
    "content": {
      "title": "帆布",
      "body": "<p> <b> canvas </b>是设计应用程序的工作区域。 通过从其下拉菜单中选择设备和平台，您可以在不离开Volt MX Iris的情况下查看应用程序在设备上的外观。</p>"
    },
    "navigationBar": {
      "left": {
        "text": "以前的"
      },
      "right": {
        "text": "下一个"
      }
    }
  },
  "Card.VoltMX.VoltMXOrientationV9.DefaultLibrary": {
    "content": {
      "title": "默认库",
      "body": "<p> <strong>默认库</strong>是小部件，UI组件和图标的集合。 组件是允许您创建应用程序的构建块。 图标和组件根据其用法进行分组。<br/>通过滚动列表或使用搜索选项搜索特定项目来探索集合。</p>"
    },
    "navigationBar": {
      "left": {
        "text": "以前的"
      },
      "right": {
        "text": "下一个"
      }
    }
  },
  "Card.VoltMX.VoltMXOrientationV9.PropertiesPanel": {
    "content": {
      "title": "属性面板",
      "body": "<p> <strong> properties </strong>面板可让您更改<strong> canvas </strong>上表单和小部件的布局和外观和感觉。</p>"
    },
    "navigationBar": {
      "left": {
        "text": "以前的"
      },
      "right": {
        "text": "下一个"
      }
    }
  },
  "Card.VoltMX.VoltMXOrientationV9.DataPanel": {
    "content": {
      "title": "数据和服务面板",
      "body": "<p> <strong> data＆amp; 服务</strong>面板使您可以将后端数据服务链接到应用程序的用户界面元素。 <strong>数据＆amp; 服务</strong>面板可帮助您在应用中添加服务。</p>"
    },
    "navigationBar": {
      "left": {
        "text": "以前的"
      },
      "right": {
        "text": "下一个"
      }
    }
  },
  "Card.VoltMX.VoltMXOrientationV9.Console": {
    "content": {
      "title": "安慰",
      "body": "<p> <strong>控制台</strong>显示Volt MX Iris的每项活动的运行记录。 它还通过在初始化服务，构建应用或启动应用程序时显示错误，告知您任何失败的操作。</p>"
    },
    "navigationBar": {
      "left": {
        "text": "以前的"
      },
      "right": {
        "text": "下一个"
      }
    }
  },
  "Card.VoltMX.VoltMXOrientationV9.Build": {
    "content": {
      "title": "建造",
      "body": "<p> <strong>构建</strong>菜单可帮助您预览应用程序或构建并将其发布到您的Volt MX Cloud帐户。 您可以直播您的应用程序或在Volt MX应用程序上预览。</p>"
    },
    "navigationBar": {
      "left": {
        "text": "以前的"
      },
      "right": {
        "text": "完毕"
      }
    }
  }
}