{
  "Card.VoltMX.VoltMXOrientationV9.introduction": {
    "content": {
      "title": "Volt MX Iris簡介",
      "body": "<p>了解<strong> Volt MX Iris </strong>功能，這些功能可以幫助您以簡單的步驟構建應用而無需編寫任何代碼。</p>"
    },
    "navigationBar": {
      "left": {
        "text": "以前的"
      },
      "right": {
        "text": "開始"
      }
    }
  },
  "Card.VoltMX.VoltMXOrientationV9.view": {
    "content": {
      "title": "Volt MX Iris的不同視圖",
      "body": "<p>成功導入應用程序後，您可以探索應用程序中的不同表單。</p> \n <p>應用程序首先在<strong>故事板</strong>視圖中打開。 您可以在此視圖中查看應用程序中的不同表單及其連接。</p> \n <p>查看每個窗口小部件的<strong>屬性</strong>以形式，雙擊任何表單以轉到<strong>設計</strong>視圖。 您還可以選擇<strong>設計</strong>選項卡以導航到<strong>設計</strong>視圖。</p>"
    },
    "navigationBar": {
      "left": {
        "text": "以前的"
      },
      "right": {
        "text": "下一個"
      }
    }
  },
  "Card.VoltMX.VoltMXOrientationV9.ProjectExplorer": {
    "content": {
      "title": "項目資源管理器",
      "body": "<p> <strong> project </strong> Explorer包含為響應式Web，移動Web和本機（Android和iOS）創建應用程序的選項。 使用每個頻道中的表單，您可以創建應用程序的用戶界面。</p>"
    },
    "navigationBar": {
      "left": {
        "text": "以前的"
      },
      "right": {
        "text": "下一個"
      }
    }
  },
  "Card.VoltMX.VoltMXOrientationV9.canvas": {
    "content": {
      "title": "帆布",
      "body": "<p> <b> canvas </b>是設計應用程序的工作區域。 通過從其下拉菜單中選擇設備和平台，您可以在不離開Volt MX Iris的情況下查看應用程序在設備上的外觀。</p>"
    },
    "navigationBar": {
      "left": {
        "text": "以前的"
      },
      "right": {
        "text": "下一個"
      }
    }
  },
  "Card.VoltMX.VoltMXOrientationV9.DefaultLibrary": {
    "content": {
      "title": "默認庫",
      "body": "<p> <strong>默認庫</strong>是小部件，UI組件和圖標的集合。 組件是允許您創建應用程序的構建塊。 圖標和組件根據其用法進行分組。<br/>通過滾動列表或使用搜索選項搜索特定項目來探索集合。</p>"
    },
    "navigationBar": {
      "left": {
        "text": "以前的"
      },
      "right": {
        "text": "下一個"
      }
    }
  },
  "Card.VoltMX.VoltMXOrientationV9.PropertiesPanel": {
    "content": {
      "title": "屬性面板",
      "body": "<p> <strong> properties </strong>面板可讓您更改<strong> canvas </strong>上表單和小部件的佈局和外觀和感覺。</p>"
    },
    "navigationBar": {
      "left": {
        "text": "以前的"
      },
      "right": {
        "text": "下一個"
      }
    }
  },
  "Card.VoltMX.VoltMXOrientationV9.DataPanel": {
    "content": {
      "title": "數據和服務面板",
      "body": "<p> <strong> data＆amp; 服務</strong>面板使您可以將後端數據服務鏈接到應用程序的用戶界面元素。 <strong>數據＆amp; 服務</strong>面板可幫助您在應用中添加服務。</p>"
    },
    "navigationBar": {
      "left": {
        "text": "以前的"
      },
      "right": {
        "text": "下一個"
      }
    }
  },
  "Card.VoltMX.VoltMXOrientationV9.Console": {
    "content": {
      "title": "安慰",
      "body": "<p> <strong>控制台</strong>顯示Volt MX Iris的每項活動的運行記錄。 它還通過在初始化服務，構建應用程序或啟動應用程序時顯示錯誤來告知您任何失敗的操作。</p>"
    },
    "navigationBar": {
      "left": {
        "text": "以前的"
      },
      "right": {
        "text": "下一個"
      }
    }
  },
  "Card.VoltMX.VoltMXOrientationV9.Build": {
    "content": {
      "title": "建造",
      "body": "<p> <strong>構建</strong>菜單可幫助您預覽應用程序或構建並將其發佈到您的Volt MX Cloud帳戶。 您可以直播您的應用程序或在Volt MX應用程序上預覽。</p>"
    },
    "navigationBar": {
      "left": {
        "text": "以前的"
      },
      "right": {
        "text": "完畢"
      }
    }
  }
}