{
  "kuid": "aff823td-2bab-4drd-a4u6-4bdde8n8",
  "id": "VoltMX.createUIMobV9.addNav6",
  "content": {
    "title": "Add Navigation from Recipients Form",
    "body": "<ol>\n<li>From the <strong>Action Editor</strong> left menu, under the <strong>General </strong>section, select <strong>Navigate to Form</strong>.</li>\n<li>In the right pane of the <strong>Action Editor</strong>, select <strong>frmAccount</strong>.</li>\n<li>Click <strong>Save</strong>.</li>\n</ol>"
  },
  "pointer": {
    "direction": "left",
    "element": {
      "module": "actioneditor",
      "itemType": "ae-action-type",
      "info": {
        "actionType": "Navigate to Form"
      }
    },
    "type": "default",
    "isFixed": false
  },
  "navigationType": "manual",
  "navigationBar": {
    "left": {
      "text": "Previous",
      "enable": true,
      "hide": false
    },
    "right": {
      "text": "Next",
      "enable": true,
      "hide": false
    }
  },
  "navigationCondition": "",
  "position": "BOTTOM_LEFT",
  "meta": {
    "Creator": "Rashmi Menon",
    "CreatedOn": "Wed, 18 Dec 2019 08:43:14 GMT"
  },
  "context": [],
  "localization": {
    "en-us": {
      "content": {
        "title": "Add Navigation from Recipients Form",
        "body": "<ol>\n<li>From the <strong>Action Editor</strong> left menu, under the <strong>General </strong>section, select <strong>Navigate to Form</strong>.</li>\n<li>In the right pane of the <strong>Action Editor</strong>, select <strong>frmAccount</strong>.</li>\n<li>Click <strong>Save</strong>.</li>\n</ol>"
      },
      "navigationBar": {
        "left": {
          "text": "Previous"
        },
        "right": {
          "text": "Next"
        }
      }
    },
    "zh-cn": {
      "content": {
        "title": "添加收件人表格的导航",
        "body": "***<ol> \n <li>从<strong>操作编辑器</strong>左菜单，在<strong>常规</strong>章节下，选择<strong>导航至form </strong>。</li> \n <li>在<strong>操作编辑器的右窗格中，选择<strong> frmaccount </strong>。</li> \n <li>单击<strong>保存</strong>。</li> \n </ol>"
      },
      "navigationBar": {
        "left": {
          "text": "以前的"
        },
        "right": {
          "text": "下一个"
        }
      }
    },
    "zh-tw": {
      "content": {
        "title": "添加收件人表格的導航",
        "body": "***<ol> \n <li>從<strong>操作編輯器</strong>左菜單，在<strong>常規</strong>章節下，選擇<strong>導航至form </strong>。</li> \n <li>在<strong>操作編輯器的右窗格中，選擇<strong> frmaccount </strong>。</li> \n <li>單擊<strong>保存</strong>。</li> \n </ol>"
      },
      "navigationBar": {
        "left": {
          "text": "以前的"
        },
        "right": {
          "text": "下一個"
        }
      }
    }
  }
}