<?xml version="1.0"?>
<Hike kuid="9c09e016-0487-48c4-b165-65fa1930" id="Kony.BindDataToApp" title="Kony.BindDataToApp">
    <Description>Kony.BindDataToApp</Description>
    <Hikecard id="Kony.BindDataToApp.intro"/>
    <Hikecard id="Kony.BindDataToApp.MappingServiceData"/>
    <Hikecard id="Kony.BindDataToApp.BindinServiceWithUIElments"/>
    <Hikecard id="Kony.BindDataToApp.MappingElements"/>
    <Hikecard id="Kony.BindDataToApp.map2"/>
    <Hikecard id="Kony.BindDataToApp.openapp"/>
    <Hikecard id="Kony.BindDataToApp.Complete"/>
    <Hikecard id="Kony.BindDataToApp.done"/>
</Hike>