{
    "kuid": "f30c78t9-38ae-4cr7-b2uc-ac62f8nc",
    "id": "VoltMX.CreateDetailsScreen_v9.deleteFeature",
    "content": {
        "title": "Adding Delete Feature",
        "body": "<ol>\n<li>From the <strong>Project</strong> explorer, expand <strong>Responsive Web/Desktop</strong> &gt; <strong>Forms</strong> &gt; <strong>frmDetails</strong> &gt; <strong>flexFieldsContainer</strong> &gt; <strong>flxButtons</strong>, and select <strong>btnDelete</strong>.</li>\n<li>From the <strong>Data &amp; Services </strong>panel, expand <strong>Project Services</strong> &gt; <strong>RecipientStorage</strong> &gt; <strong>Recipients</strong>.</li>\n<li>Select the <strong>delete</strong> operation and drop it onto the <strong>Delete</strong> button on the canvas.</li>\n<li>From the list of actions that appear, select<strong> Action:onClick</strong>.<br />The <strong>Action Editor</strong> window appears.</li>\n</ol>"
    },
    "pointer": {
        "direction": "left",
        "element": {
            "module": "projectexplorer",
            "path": "project-body\\project\\Responsive Web / Desktop\\Forms\\frmPayeeDetails"
        },
        "type": "default"
    },
    "navigationType": "manual",
    "navigationBar": {
        "left": {
            "text": "Previous",
            "enable": true,
            "hide": false
        },
        "right": {
            "text": "Next",
            "enable": true,
            "hide": false
        }
    },
    "navigationCondition": "",
    "position": "BOTTOM_RIGHT",
    "meta": {
        "Creator": "Rashmi Menon",
        "CreatedOn": "Fri, 21 Feb 2020 08:48:15 GMT"
    },
    "context": []
}