{
  "Tour.PubishAppEnterpriseStoreV9": "Description of Tour",
  "Hike.VoltMX.PubishAppEnterpriseStoreV9": "Description of hike",
  "Card.VoltMX.PubishAppEnterpriseStoreV9.Intro": {
    "content": {
      "title": "Publish an App to Enterprise Store",
      "body": "<p><strong>Let&rsquo;s get started!</strong></p><br/>\n<p>In this hike, you will learn how to publish an app to the <strong>Enterprise App Store </strong>for Android.</p><br/>\n<p>Before you get started, complete the hike:</p>\n<ol><b>\n<li><a class=\"tour-link\" tour=\"7408efte-e2aa-4cr8-a9ub-d7ba36n8\">Launch your First Mobile App</a></li>\n</b></ol><br/>\n<p>Ensure that you open the same project that you have created in the hikes 1 above.</p>\n<p>To open a closed project, from the main menu, navigate to <strong>Project</strong> &gt; <strong>Open</strong> &gt; <strong>HCL Reference Architecture</strong> &gt; <b>RecipientsMobile</b>.</p><br/>\n<p><strong>When you are ready, click Start!</strong></p>"
    },
    "navigationBar": {
      "left": {
        "text": "Previous"
      },
      "right": {
        "text": "Start"
      }
    }
  },
  "Card.VoltMX.PubishAppEnterpriseStoreV9.done": {
    "content": {
      "title": "Congratulations",
      "body": "<p>You&rsquo;ve successfully:</p>\n<ul><b>\n<li><strong>Built and published an app to the Enterprise App Store</strong></li>\n<li><strong>Previewed the app on a mobile device</strong></li></b>\n</ul><br/>\n<p>To learn more on what you can do with Volt MX Iris, visit <a href='#'onClick='javascript:openURL(\"https://support.hcltechsw.com/\")'>Base Camp</a>.</p>"
    },
    "navigationBar": {
      "left": {
        "text": "Previous"
      },
      "right": {
        "text": "Done"
      }
    }
  },
  "Card.VoltMX.PubishAppEnterpriseStoreV9.explore": {
    "content": {
      "title": "Explore the App",
      "body": "<ol>\n<li>After you have installed the app, open the app. <br/>From the <b>Volt MX JavaScript Debugger Configuration</b> window, select <b>Cancel</b>.</li><li>Enter the following login credentials in your app.\n<ul>\n<li>Username: <b>john.doe@woodburn.com</b></li>\n<li>Password: <b>VoltMX@123</b></li>\n</ul>\n</li>\n<li>Click <strong>Login</strong>.<br /> The <b>Account list</b> appears.</li>\n<li>Click&nbsp;<strong>Recipients</strong>.&nbsp;<br /> The&nbsp;<strong>Recipient list</strong> appears.</li>\n<li>Click Add<strong>(+)</strong>, to add a&nbsp;recipient to your account.</li>\n<li>Select&nbsp;a recipient from the list to view their details.<br /> From the details page, you can edit or delete the recipient.</li>\n</ol>"
    },
    "navigationBar": {
      "left": {
        "text": "Previous"
      },
      "right": {
        "text": "Next"
      }
    }
  },
  "Card.VoltMX.PubishAppEnterpriseStoreV9.iOS": {
    "content": {
      "title": "Enterprise Store in iOS",
      "body": "<p>For building and publishing an app in the release mode, you must meet the following platform-specific prerequisites:</p>\n<ul>\n<li>If you build the app for the <strong>iOS</strong> in the Release mode, you must provide the Mobile Provision, .P12 certificate, P12 password, and the Development method. To provide these details, navigate to <strong>Project Settings</strong> &gt; <strong>Native</strong> &gt; <strong>iPhone/iPad</strong>. For more details on iOS configurations, click <a href='#'onClick='javascript:openURL(\"https://support.hcltechsw.com/csm?id=kb_article&sysparm_article=KB0083760\")'>here</a>.</li>\n<li>If you build the app for <strong>Android</strong> in Release mode, you must provide the Android signing details. To do so, go to <strong>Project Settings</strong> &gt; <strong>Native</strong> &gt; <strong>Android Mobile/Tablet</strong>. For more details on Android signing details, click <a href='#'onClick='javascript:openURL(\"https://support.hcltechsw.com/csm?id=kb_article&sysparm_article=KB0083782\")'>here</a>.</li>\n</ul>\n<p><br /> For information on how to publish the app to the Enterprise App Store in Release mode for iOS and Android, refer  <a href='#'onClick='javascript:openURL(\"https://opensource.hcltechsw.com/volt-mx-docs/docs/documentation/Iris/iris_user_guide/Content/EAS.html\")'>Iris User Guide</a>.</p>"
    },
    "navigationBar": {
      "left": {
        "text": "Previous"
      },
      "right": {
        "text": "Next"
      }
    }
  },
  "Card.VoltMX.PubishAppEnterpriseStoreV9.publish": {
    "content": {
      "title": "Publish a Native Android App",
      "body": "<ol>\n<li>From the main menu, select <strong>Build</strong>.</li>\n<li>Click <strong>Build and Publish Native</strong>.<br /> The <strong>Build and Publish Native</strong> window appears.</li>\n</ol>"
    },
    "navigationBar": {
      "left": {
        "text": "Previous"
      },
      "right": {
        "text": "Next"
      }
    }
  },
  "Card.VoltMX.PubishAppEnterpriseStoreV9.publish2": {
    "content": {
      "title": "Publish the App",
      "body": "<ol>\n<li>For the <strong>Post Build Action</strong>, from the drop-down list, select <strong>Publish to my App Store</strong>.</li>\n<li>Under <strong>Mobile</strong>, select the checkbox for <strong>Android</strong>.<br /> Ensure that you have unselected the checkboxes for all the other platforms and channels.</li>\n<li>For the <strong>Build Mode</strong>, from the drop-down list, select <strong>Debug</strong>.</li>\n<li>Click <strong>Build</strong>.<strong><br /> </strong>It may take some time for Iris to build the app.<br /> After the app is published, the <strong>Your App is ready</strong> window appears.</li>\n</ol>"
    },
    "navigationBar": {
      "left": {
        "text": "Previous"
      },
      "right": {
        "text": "Next"
      }
    }
  },
  "Card.VoltMX.PubishAppEnterpriseStoreV9.view": {
    "content": {
      "title": "View the App",
      "body": "<ol>\n<li>From the <strong>Your App is ready </strong>window, you have two options to view the <strong>Enterprise App Store </strong>on your mobile device:\n<ul>\n<li><strong>Launch from your App Store</strong></li>\n<li><strong>Scan QR Code with Device Camera</strong></li>\n</ul></li>\n<li>Enter the link given under <strong>Launch from your App Store</strong> or scan the QR code in your mobile device to open the Enterprise App Store.</li>\n<li>Click <strong>GET</strong> next to the app name <b>RecipientsMobile</b>.</li>\n<li>The installation file for the mobile app downloads to your mobile device.<br/>\nInstall this file to open and view the app.</li>\n</ol>"
    },
    "navigationBar": {
      "left": {
        "text": "Previous"
      },
      "right": {
        "text": "Next"
      }
    }
  }
}