{
  "Tour.PubishAppEnterpriseStoreV9": {
    "description": " यात्रा का विवरण"
  },
  "Hike.VoltMX.PubishAppEnterpriseStoreV9": {
    "description": " वृद्धि का विवरण"
  },
  "Card.VoltMX.PubishAppEnterpriseStoreV9.done": {
    "content": {
      "title": " बधाई",
      "body": "<p> आपने सफलतापूर्वक:</p>\n<ul><b>\n<li><strong> एंटरप्राइज़ ऐप स्टोर में एक ऐप बनाया और प्रकाशित किया</strong></li>\n<li><strong> मोबाइल डिवाइस पर ऐप का पूर्वावलोकन किया</strong></li></b>\n</ul><br/>\n<p> वोल्ट एमएक्स आईरिस के साथ आप क्या कर सकते हैं, इसके बारे में अधिक जानने के लिए, यहां जाएं<a href='#'onClick='javascript:openURL(\"https://support.hcltechsw.com/\")'> बेस कैंप</a>.</p>"
    },
    "navigationBar": {
      "left": {
        "text": " पिछला"
      },
      "right": {
        "text": " हो गया"
      }
    }
  },
  "Card.VoltMX.PubishAppEnterpriseStoreV9.explore": {
    "content": {
      "title": " ऐप का अन्वेषण करें",
      "body": "<ol>\n<li> ऐप इंस्टॉल करने के बाद, ऐप खोलें।<br/> से<b> वोल्ट एमएक्स जावास्क्रिप्ट डीबगर कॉन्फ़िगरेशन</b> विंडो, चुनें<b> रद्द करें</b>.</li><li> अपने ऐप में निम्नलिखित लॉगिन क्रेडेंशियल दर्ज करें।<ul>\n<li> उपयोगकर्ता नाम:<b> john.doe@woodburn.com</b></li>\n<li> पासवर्ड:<b> वोल्टएमएक्स@123</b></li>\n</ul>\n</li>\n<li> क्लिक करें<strong> लॉगिन</strong>.<br /> The<b> खाता सूची</b> प्रकट होता है।</li>\n<li> क्लिक करें&nbsp;<strong> प्राप्तकर्ता</strong> .&nbsp;<br /> द&nbsp;<strong> प्राप्तकर्ता सूची</strong> प्रकट होता है।</li>\n<li> जोड़ें पर क्लिक करें<strong> (+)</strong> अपने खाते में प्राप्तकर्ता जोड़ने के लिए।</li>\n<li> प्राप्तकर्ता का विवरण देखने के लिए सूची से&nbsp;चुनें।<br /> विवरण पृष्ठ से, आप प्राप्तकर्ता को संपादित या हटा सकते हैं।</li>\n</ol>"
    },
    "navigationBar": {
      "left": {
        "text": " पिछला"
      },
      "right": {
        "text": " अगला"
      }
    }
  },
  "Card.VoltMX.PubishAppEnterpriseStoreV9.Intro": {
    "content": {
      "title": " एंटरप्राइज़ स्टोर पर एक ऐप प्रकाशित करें",
      "body": "<p><strong> चलिए शुरू करते हैं!</strong></p><br/>\n<p> इस हाइक में, आप सीखेंगे कि ऐप को कैसे प्रकाशित किया जाए<strong> एंटरप्राइज़ ऐप स्टोर</strong> Android के लिए।</p><br/>\n<p> आरंभ करने से पहले, वृद्धि पूरी करें:</p>\n<ol><b>\n<li><a class=\"tour-link\" tour=\"7408efte-e2aa-4cr8-a9ub-d7ba36n8\"> अपना पहला मोबाइल ऐप लॉन्च करें</a></li>\n</b></ol><br/>\n<p> सुनिश्चित करें कि आपने वही प्रोजेक्ट खोला है जिसे आपने पिछली बढ़ोतरी में बनाया था।</p>\n<p> एक बंद परियोजना को खोलने के लिए, मुख्य मेनू से, नेविगेट करें<strong> परियोजना</strong> &gt;<strong> खुला</strong> &gt;<strong> एचसीएल संदर्भ वास्तुकला</strong> &gt;<b> प्राप्तकर्तामोबाइल</b>.</p><br/>\n<p><strong> जब आप तैयार हों, तो स्टार्ट पर क्लिक करें!</strong></p>"
    },
    "navigationBar": {
      "left": {
        "text": " पिछला"
      },
      "right": {
        "text": " प्रारंभ"
      }
    }
  },
  "Card.VoltMX.PubishAppEnterpriseStoreV9.iOS": {
    "content": {
      "title": " आईओएस में एंटरप्राइज स्टोर",
      "body": "<p> रिलीज़ मोड में ऐप बनाने और प्रकाशित करने के लिए, आपको निम्नलिखित प्लेटफ़ॉर्म-विशिष्ट पूर्वापेक्षाएँ पूरी करनी होंगी:</p>\n<ul>\n<li> यदि आप इसके लिए ऐप बनाते हैं<strong> आईओएस</strong> रिलीज़ मोड में, आपको मोबाइल प्रावधान, .P12 प्रमाणपत्र, P12 पासवर्ड और विकास विधि प्रदान करनी होगी। ये विवरण प्रदान करने के लिए, नेविगेट करें<strong> परियोजना सेटिंग्स</strong> &gt;<strong> मूल निवासी</strong> &gt;<strong> आईफोन/आईपैड</strong> . IOS कॉन्फ़िगरेशन के बारे में अधिक जानकारी के लिए, क्लिक करें<a href='#'onClick='javascript:openURL(\"https://support.hcltechsw.com/csm?id=kb_article&sysparm_article=KB0083760\")'> यहाँ</a>.</li>\n<li> यदि आप इसके लिए ऐप बनाते हैं<strong> Android</strong> रिलीज़ मोड में, आपको Android साइनिंग विवरण प्रदान करना होगा। ऐसा करने के लिए, पर जाएँ<strong> परियोजना सेटिंग्स</strong> &gt;<strong> मूल निवासी</strong> &gt;<strong> Android मोबाइल/टैबलेट</strong> . Android साइनिंग विवरण के बारे में अधिक जानकारी के लिए, क्लिक करें<a href='#'onClick='javascript:openURL(\"https://support.hcltechsw.com/csm?id=kb_article&sysparm_article=KB0083782\")'> यहाँ</a>.</li>\n</ul>\n<p><br /> आईओएस और एंड्रॉइड के लिए रिलीज मोड में एंटरप्राइज़ ऐप स्टोर में ऐप को कैसे प्रकाशित करें, इस बारे में जानकारी के लिए, देखें<a href='#'onClick='javascript:openURL(\"https://opensource.hcltechsw.com/volt-mx-docs/docs/documentation/Iris/iris_user_guide/Content/EAS.html\")'> आइरिस यूजर गाइड</a>.</p>"
    },
    "navigationBar": {
      "left": {
        "text": " पिछला"
      },
      "right": {
        "text": " अगला"
      }
    }
  },
  "Card.VoltMX.PubishAppEnterpriseStoreV9.publish": {
    "content": {
      "title": " एक मूल Android ऐप प्रकाशित करें",
      "body": "<ol>\n<li> मुख्य मेनू से, चुनें<strong> बिल्ड</strong>.</li>\n<li> क्लिक करें<strong> मूल निवासी बनाएं और प्रकाशित करें</strong>.<br /> The<strong> मूल निवासी बनाएं और प्रकाशित करें</strong> विंडो प्रकट होती है।</li>\n</ol>"
    },
    "navigationBar": {
      "left": {
        "text": " पिछला"
      },
      "right": {
        "text": " अगला"
      }
    }
  },
  "Card.VoltMX.PubishAppEnterpriseStoreV9.publish2": {
    "content": {
      "title": " ऐप प्रकाशित करें",
      "body": "<ol>\n<li> के लिए<strong> पोस्ट बिल्ड एक्शन</strong> ड्रॉप-डाउन सूची से, चुनें<strong> मेरे ऐप स्टोर पर प्रकाशित करें</strong>.</li>\n<li> अंडर<strong> मोबाइल</strong> के लिए चेकबॉक्स चुनें<strong> Android</strong>.<br /> सुनिश्चित करें कि आपने अन्य सभी प्लेटफार्मों और चैनलों के लिए चेकबॉक्स को अचयनित किया है।</li>\n<li> के लिए<strong> बिल्ड मोड</strong> ड्रॉप-डाउन सूची से, चुनें<strong> डीबग</strong>.</li>\n<li> क्लिक करें<strong> बिल्ड</strong>.<strong><br /> </strong> आइरिस को ऐप बनाने में कुछ समय लग सकता है।<br /> ऐप प्रकाशित होने के बाद,<strong> आपका ऐप तैयार है</strong> विंडो प्रकट होती है।</li>\n</ol>"
    },
    "navigationBar": {
      "left": {
        "text": " पिछला"
      },
      "right": {
        "text": " अगला"
      }
    }
  },
  "Card.VoltMX.PubishAppEnterpriseStoreV9.view": {
    "content": {
      "title": " ऐप देखें",
      "body": "<ol>\n<li> से<strong> आपका ऐप तैयार है</strong> विंडो, आपके पास देखने के लिए दो विकल्प हैं<strong> एंटरप्राइज़ ऐप स्टोर</strong> आपके मोबाइल डिवाइस पर:<ul>\n<li><strong> अपने ऐप स्टोर से लॉन्च करें</strong></li>\n<li><strong> डिवाइस कैमरा के साथ QR कोड स्कैन करें</strong></li>\n</ul></li>\n<li> नीचे दिए गए लिंक को दर्ज करें<strong> अपने ऐप स्टोर से लॉन्च करें</strong> या एंटरप्राइज़ ऐप स्टोर खोलने के लिए अपने मोबाइल डिवाइस में क्यूआर कोड को स्कैन करें।</li>\n<li> क्लिक करें<strong> GET</strong> ऐप के नाम के आगे<b> प्राप्तकर्तामोबाइल</b>.</li>\n<li> मोबाइल ऐप के लिए इंस्टॉलेशन फ़ाइल आपके मोबाइल डिवाइस पर डाउनलोड हो जाती है।<br/> ऐप को खोलने और देखने के लिए इस फाइल को इंस्टॉल करें।</li>\n</ol>"
    },
    "navigationBar": {
      "left": {
        "text": " पिछला"
      },
      "right": {
        "text": " अगला"
      }
    }
  }
}