{
    "kuid": "824d9d20-c741-47b0-8e2f-d6b3847f",
    "id": "Kony.EmpDirPreview.Intro",
    "content": {
        "title": "<center>Preview an App in Kony Quantum App</center>",
        "body": "<b> Let’s get started!</b>\n<br/>In this hike, we will show you how to preview the Employee Directory  app on your mobile device. <br/><br/>Before getting started, complete these hikes: <ol>\n<li><a class=\"tour-link\" tour=\"9a890157-717d-42ec-9140-c37dbdd75157\"><b>Import & Launch a Native App</b></a></li>\n<li><a class=\"tour-link\" tour=\"3f3935dc-8c50-4cc3-81a9-b0b9235fa5d4\"><b>Create UI from Collections</b></a></li>\n<li><a class=\"tour-link\" tour=\"285ada12-ff18-4766-937c-82594775\"><strong>Connect the App UI to Data</strong></a></li>\n<li><a class=\"tour-link\" tour=\"34e4ef3e-15c0-40ac-a55d-b32c0707\"><strong>Add Login Service</strong></a></li>\n<li><a class=\"tour-link\" tour=\"59a3910b-e120-468d-8e7e-b763baed\"><b>Add a Details Form</b></a></li></ol>\n<br/>Ensure that you open the same project that you have created in the previous hikes.<br/>To open a closed project,  from the main menu, navigate to <b>Project</b> > <b>Open</b> > <b>Kony Reference Architecture</b> > <b>EmpDirectoryMob</b>.<br/> <br/>\n<b>When you are ready, click Start!</b>"
    },
    "position": "CENTER",
    "navigationType": "manual",
    "navigationCondition": "",
    "pointer": {
        "direction": "left",
        "element": "",
        "type": "none"
    },
    "navigationBar": {
        "left": {
            "text": "",
            "hide": true,
            "enable": false
        },
        "right": {
            "text": "Start",
            "enable": true,
            "hide": false
        }
    }
}