{
    "kuid": "289309t0-e6ab-49r1-82u5-a8d8ffn3",
    "id": "VoltMX.CreateDetailsScreen_v9.deleteFeature1",
    "content": {
        "title": "Adding Delete Feature",
        "body": "<ol>\n<li>In the <strong>Action Editor</strong> window, from the left pane of the mapping editor, expand <strong>Forms</strong> &gt; <strong>frmDetails</strong> &gt; <strong>Label-lblRecipientIDValue</strong>, and select <strong>text{string}</strong>.</li>\n<li>From the right pane of the mapping editor, expand <strong>Services</strong> &gt; <strong>RecipientStorage2$Recipients$delete</strong>, and select <strong>RecipientID{number}</strong>.<br />An alert appears. Click <strong>OK.</strong></li>\n<li>From the top-right of the <strong>Action Editor</strong> window, select the <strong>Design View</strong>.</li>\n</ol>"
    },
    "pointer": {
        "direction": "left",
        "element": "",
        "type": "none"
    },
    "navigationType": "manual",
    "navigationBar": {
        "left": {
            "text": "Previous",
            "enable": true,
            "hide": false
        },
        "right": {
            "text": "Next",
            "enable": true,
            "hide": false
        }
    },
    "navigationCondition": "",
    "position": "BOTTOM_LEFT",
    "meta": {
        "Creator": "Rashmi Menon",
        "CreatedOn": "Fri, 21 Feb 2020 09:46:56 GMT"
    },
    "context": []
}