{
  "kuid": "288c88t9-caad-46r7-8cu8-517832nb",
  "id": "VoltMX.CreateEmailIdCompV9.createCont6",
  "content": {
    "title": "Design the Button Widget",
    "body": "<ol>\n<li>From the upper-right corner of Iris, in the <strong>Properties</strong> panel, click  <strong>Look</strong>.</li>\n<li>Under the <strong>Appearance</strong> section, modify the value of the following property:\n<ul>\n<li>Text: <strong> Submit </strong></li>\n</ul>\n</li>\n<li>Under the <strong>Flex</strong> section, modify the values of the following properties:<br />\n<ul>\n<li>Top: <strong>60%</strong></li>\n<li>Width: <strong> 300 Dp</strong></li>\n<li>Center X: <strong>50% </strong></li>\n</ul>\n</li>\n</ol>"
  },
  "pointer": {
    "direction": "right",
    "element": {
      "module": "propertieswindow",
      "css_selector": ".kcell ul li div[id ='frmKonyLib_Look_A']"
    },
    "type": "default"
  },
  "navigationType": "manual",
  "navigationBar": {
    "left": {
      "text": "Previous",
      "enable": true,
      "hide": false
    },
    "right": {
      "text": "Next",
      "enable": true,
      "hide": false
    }
  },
  "navigationCondition": "",
  "position": "BOTTOM_RIGHT",
  "meta": {
    "Creator": "Rashmi Menon",
    "CreatedOn": "Tue, 26 Nov 2019 05:57:48 GMT"
  },
  "context": [],
  "localization": {
    "en-us": {
      "content": {
        "title": "Design the Button Widget",
        "body": "<ol>\n<li>From the upper-right corner of Iris, in the <strong>Properties</strong> panel, click  <strong>Look</strong>.</li>\n<li>Under the <strong>Appearance</strong> section, modify the value of the following property:\n<ul>\n<li>Text: <strong> Submit </strong></li>\n</ul>\n</li>\n<li>Under the <strong>Flex</strong> section, modify the values of the following properties:<br />\n<ul>\n<li>Top: <strong>60%</strong></li>\n<li>Width: <strong> 300 Dp</strong></li>\n<li>Center X: <strong>50% </strong></li>\n</ul>\n</li>\n</ol>"
      },
      "navigationBar": {
        "left": {
          "text": "Previous"
        },
        "right": {
          "text": "Next"
        }
      }
    },
    "zh-cn": {
      "content": {
        "title": "设计按钮小部件",
        "body": "<ol> \n <li>从iris的右上角，在<strong> properties </strong>面板中，单击<strong> look </strong>。</li> \n <li>在<strong>外观</strong>部分下，修改以下属性的值： \n <ul> \n <li>文本：<strong>提交</strong> </li> \n </ul> \n </li> \n <li>在<strong> flex </strong>部分下，修改以下属性的值：<br /> \n <ul> \n <li>顶部：<strong> 60％</strong> </li> \n <li>宽度：<strong> 300 dp </strong> </li> \n <li>中心x：<strong> 50％</strong> </li> \n </ul> \n </li> \n </ol>"
      },
      "navigationBar": {
        "left": {
          "text": "以前的"
        },
        "right": {
          "text": "下一个"
        }
      }
    },
    "zh-tw": {
      "content": {
        "title": "設計按鈕小部件",
        "body": "<ol> \n <li>從iris的右上角，在<strong> properties </strong>面板中，單擊<strong> look </strong>。</li> \n <li>在<strong>外觀</strong>部分下，修改以下屬性的值： \n <ul> \n <li>文本：<strong>提交</strong> </li> \n </ul> \n </li> \n <li>在<strong> flex </strong>部分下，修改以下屬性的值：<br /> \n <ul> \n <li>頂部：<strong> 60％</strong> </li> \n <li>寬度：<strong> 300 dp </strong> </li> \n <li>中心x：<strong> 50％</strong> </li> \n </ul> \n </li> \n </ol>"
      },
      "navigationBar": {
        "left": {
          "text": "以前的"
        },
        "right": {
          "text": "下一個"
        }
      }
    }
  }
}