{
    "kuid": "1ada4ft5-a1a3-46r0-8cud-fa45fcn4",
    "id": "VoltMX.CreateDetailsNative_v9.finalChanges",
    "content": {
        "title": "Delete Extra FlexContainers",
        "body": "<ol>\n<li>From the <strong>Project</strong> <strong>Explorer</strong>, expand <strong>Mobile</strong> &gt; <strong>Forms</strong> &gt; <b>frmDetails</b> > <strong>flexFieldsContainer</strong>, and select <strong>flexFieldsContainer1</strong>.</li>\n<li>Right-click and click delete <strong>flexFieldsContainer1</strong> .</li>\n<li>Click <strong>Ok</strong> button to proceed</li>\n</ol>"
    },
    "pointer": {
        "direction": "left",
        "element": {
            "module": "projectexplorer",
            "path": "project-body\\project\\Mobile\\Forms\\frmDetails\\flexFieldsContainer"
        },
        "type": "default"
    },
    "navigationType": "manual",
    "navigationBar": {
        "left": {
            "text": "Previous",
            "enable": true,
            "hide": false
        },
        "right": {
            "text": "Next",
            "enable": true,
            "hide": false
        }
    },
    "navigationCondition": "",
    "position": "BOTTOM_RIGHT",
    "meta": {
        "Creator": "Rashmi Menon",
        "CreatedOn": "Mon, 24 Feb 2020 11:33:46 GMT"
    },
    "context": []
}