{
  "kuid": "9ef82ct8-3faa-46r4-9cu8-2a251cn5",
  "id": "VoltMX.IntrotoActionEditorV9.condBeh1",
  "content": {
    "title": "Adding Sign Up",
    "body": "<ol>\n<li>Select the<strong> Sign Up </strong>button on canvas.</li>\n<li>Navigate to the <strong> Properties </strong>Panel and click <strong> Action </strong>.</li><li>For the <strong> onClick </strong>event, click <strong>Edit</strong>.\n<br /></strong>The <strong>Action Editor</strong> window appears.</li><li>From the top-right corner of the <strong>Action Editor</strong>, select the <strong>Design View</strong>.</li></ol>"
  },
  "pointer": {
    "direction": "left",
    "element": {
      "module": "appcanvas",
      "paneId": "ac-area-one",
      "itemType": "ac-highlighted-widget"
    },
    "type": "default"
  },
  "navigationType": "manual",
  "navigationBar": {
    "left": {
      "text": "Previous",
      "enable": true,
      "hide": false
    },
    "right": {
      "text": "Next",
      "enable": true,
      "hide": false
    }
  },
  "navigationCondition": "",
  "position": "BOTTOM_LEFT",
  "meta": {
    "Creator": "Rashmi Menon",
    "CreatedOn": "Tue, 26 Nov 2019 04:43:47 GMT"
  },
  "context": [],
  "localization": {
    "en-us": {
      "content": {
        "title": "Adding Sign Up",
        "body": "<ol>\n<li>Select the<strong> Sign Up </strong>button on canvas.</li>\n<li>Navigate to the <strong> Properties </strong>Panel and click <strong> Action </strong>.</li><li>For the <strong> onClick </strong>event, click <strong>Edit</strong>.\n<br /></strong>The <strong>Action Editor</strong> window appears.</li><li>From the top-right corner of the <strong>Action Editor</strong>, select the <strong>Design View</strong>.</li></ol>"
      },
      "navigationBar": {
        "left": {
          "text": "Previous"
        },
        "right": {
          "text": "Next"
        }
      }
    },
    "zh-cn": {
      "content": {
        "title": "添加注册",
        "body": "***<ol> \n <li>在画布上选择<strong>注册</strong>按钮。</li> \n <li>导航到<strong>属性</strong>面板，然后单击<strong>操作</strong>。 \n <br /> </strong> <strong>动作编辑器</strong>窗口出现。 }。</li> </ol>"
      },
      "navigationBar": {
        "left": {
          "text": "以前的"
        },
        "right": {
          "text": "下一个"
        }
      }
    },
    "zh-tw": {
      "content": {
        "title": "添加註冊",
        "body": "***<ol> \n <li>在畫布上選擇<strong>註冊</strong>按鈕。</li> \n <li>導航到<strong>屬性</strong>面板，然後單擊<strong>操作</strong>。 \n <br /> </strong> <strong>動作編輯器</strong>窗口出現。 }。</li> </ol>"
      },
      "navigationBar": {
        "left": {
          "text": "以前的"
        },
        "right": {
          "text": "下一個"
        }
      }
    }
  }
}