{
  "kuid": "b4c4ect9-1aa7-4cr6-bbu4-01e45an8",
  "id": "VoltMX.CreateServicesV9.Intro",
  "content": {
    "title": "Create Services for Back-end Data",
    "body": "<p>In this hike, we will:</p>\n<ul>\n<li>Create and configure Storage Object Services <b>Accounts</b> and <b> Recipients</b>.\n</li>\n<li>Publish the Project Services to a run-time server.</li>\n</ul><br />\n\n<p>Before you get started, complete the following hikes:</p>\n<b><ol>\n<li><a class=\"tour-link\" tour=\"7408efte-e2aa-4cr8-a9ub-d7ba36n8\">Launch your First Mobile App</a></li>\n<li><a class=\"tour-link\" tour=\"a617eft5-7ca8-4ard-8eu8-94cdean5\">Create UI from Collections</a></li>\n<li><a class=\"tour-link\" tour=\"15d8c7t4-cda7-40rb-afu7-345cfcnc\">Add Authentication to the App</a></li>\n</ol></b>\n<br/>\n<p>Ensure that you open the same project that you have created in the hikes 2 above.<br /> To open a closed project, from the main menu, navigate to <strong>Project</strong> &gt; <strong>Open</strong> &gt; <strong>HCL Reference Architecture</strong> &gt; <strong>RecipientsMobApp</strong>.</p>\n<br/>\n<p>Ensure that you download and extract the <a href='#'onClick='javascript:openURL(\"https://github.com/HCL-TECH-SOFTWARE/volt-mx-tutorials/raw/master/public/samples/RecipientsData.zip\")'>RecipientsData.zip</a> file. Note the location of the extracted files.</p><br/>\n<strong>When you are ready, click Start!</strong>"
  },
  "pointer": {
    "direction": "left",
    "element": "",
    "type": "none",
    "isfixed": true
  },
  "navigationType": "manual",
  "navigationBar": {
    "left": {
      "text": "Previous",
      "enable": false,
      "hide": true
    },
    "right": {
      "text": "Start",
      "enable": true,
      "hide": false
    }
  },
  "navigationCondition": "",
  "position": "CENTER",
  "meta": {
    "Creator": "Sparsh Srivastava",
    "CreatedOn": "Wed, 18 Dec 2019 08:58:42 GMT"
  },
  "context": [],
  "localization": {
    "en-us": {
      "content": {
        "title": "Create Services for Back-end Data",
        "body": "<p>In this hike, we will:</p>\n<ul>\n<li>Create and configure Storage Object Services <b>Accounts</b> and <b> Recipients</b>.\n</li>\n<li>Publish the Project Services to a run-time server.</li>\n</ul><br />\n\n<p>Before you get started, complete the following hikes:</p>\n<b><ol>\n<li><a class=\"tour-link\" tour=\"7408efte-e2aa-4cr8-a9ub-d7ba36n8\">Launch your First Mobile App</a></li>\n<li><a class=\"tour-link\" tour=\"a617eft5-7ca8-4ard-8eu8-94cdean5\">Create UI from Collections</a></li>\n<li><a class=\"tour-link\" tour=\"15d8c7t4-cda7-40rb-afu7-345cfcnc\">Add Authentication to the App</a></li>\n</ol></b>\n<br/>\n<p>Ensure that you open the same project that you have created in the hikes 2 above.<br /> To open a closed project, from the main menu, navigate to <strong>Project</strong> &gt; <strong>Open</strong> &gt; <strong>HCL Reference Architecture</strong> &gt; <strong>RecipientsMobApp</strong>.</p>\n<br/>\n<p>Ensure that you download and extract the <a href='#'onClick='javascript:openURL(\"https://github.com/HCL-TECH-SOFTWARE/volt-mx-tutorials/raw/master/public/samples/RecipientsData.zip\")'>RecipientsData.zip</a> file. Note the location of the extracted files.</p><br/>\n<strong>When you are ready, click Start!</strong>"
      },
      "navigationBar": {
        "left": {
          "text": "Previous"
        },
        "right": {
          "text": "Start"
        }
      }
    },
    "zh-cn": {
      "content": {
        "title": "为后端数据创建服务",
        "body": "<p>在这次远足中，我们将：</p> \n <ul> \n <li>创建并配置存储对象服务<b>帐户</b>和<b>收件人</b>。 \n </li> \n <li>将项目服务发布到运行时服务器。</li> \n </ul> <br /> \n\n <p>在开始之前，完成以下徒步旅行：</p> \n <b> <ol> \n <li> <a class=\"tour-link\" tour=\"7408efte-e2aa-4cr8-a9ub-d7ba36n8\">启动您的第一个移动应用</a> </li> \n <li> <a class=\"tour-link\" tour=\"a617eft5-7ca8-4ard-8eu8-94cdean5\">从集合</a> </li>创建UI \n <li> <a class=\"tour-link\" tour=\"15d8c7t4-cda7-40rb-afu7-345cfcnc\">将身份验证添加到app </a> </li> \n </ol> </b> \n <br/> \n <p>确保您打开与上面徒步旅行2中创建的相同项目。<br />要打开一个封闭的项目，从主菜单中，导航至<strong> project </strong>＆gt; <strong>打开</strong>＆gt; <strong> HCl参考架构</strong>＆gt; <strong>收件人mobapp </strong>。</p> \n <br/> \n <p>确保您下载并提取<a href='#'onClick='javascript:openURL(\"https://github.com/HCL-TECH-SOFTWARE/volt-mx-tutorials/raw/master/public/samples/RecipientsData.zip\")'> colectientsData.zip </a>文件。 注意提取的文件的位置。</p> <br/> \n <strong>准备就绪时，单击“开始”！</strong>"
      },
      "navigationBar": {
        "left": {
          "text": "以前的"
        },
        "right": {
          "text": "开始"
        }
      }
    },
    "zh-tw": {
      "content": {
        "title": "為後端數據創建服務",
        "body": "<p>在這次遠足中，我們將：</p> \n <ul> \n <li>創建並配置存儲對象服務<b>帳戶</b>和<b>收件人</b>。 \n </li> \n <li>將項目服務發佈到運行時服務器。</li> \n </ul> <br /> \n\n <p>在開始之前，完成以下徒步旅行：</p> \n <b> <ol> \n <li> <a class=\"tour-link\" tour=\"7408efte-e2aa-4cr8-a9ub-d7ba36n8\">啟動您的第一個移動應用</a> </li> \n <li> <a class=\"tour-link\" tour=\"a617eft5-7ca8-4ard-8eu8-94cdean5\">從集合</a> </li>創建UI \n <li> <a class=\"tour-link\" tour=\"15d8c7t4-cda7-40rb-afu7-345cfcnc\">將身份驗證添加到app </a> </li> \n </ol> </b> \n <br/> \n <p>確保您打開與上面徒步旅行2中創建的相同項目。<br />要打開一個封閉的項目，從主菜單中，導航至<strong> project </strong>＆gt; <strong>打開</strong>＆gt; <strong> HCl參考架構</strong>＆gt; <strong>收件人mobapp </strong>。</p> \n <br/> \n <p>確保您下載並提取<a href='#'onClick='javascript:openURL(\"https://github.com/HCL-TECH-SOFTWARE/volt-mx-tutorials/raw/master/public/samples/RecipientsData.zip\")'> colectientsData.zip </a>文件。 注意提取的文件的位置。</p> <br/> \n <strong>準備就緒時，單擊“開始”！</strong>"
      },
      "navigationBar": {
        "left": {
          "text": "以前的"
        },
        "right": {
          "text": "開始"
        }
      }
    }
  }
}