{
    "kuid": "48b7d3t6-2fa0-43r2-a9u4-f530d4n4",
    "id": "VoltMX.ConnectAppUItoDataMob_v9.mapping1",
    "content": {
        "title": "Add Mapping to UI Elements",
        "body": "<ol>\n<li>From the left pane of the mapping editor expand <strong>records{collection}.</strong><br/>From the right pane of the mapping editor expand <strong>rowData{collection}.</strong></li>\n<li>Map the following elements in the Mapping Editor from the left pane to the right pane.\n<ul>\n<li>From the left pane of the Mapping Editor, select <strong>AccountName{string}</strong>.<br /> From the right pane of the Mapping Editor, expand <strong>Label-lblAccName</strong> and select <strong>text{string}</strong>.</li>\n<li>From the left pane of the Mapping Editor, select <strong>Balance{string}</strong>.<br /> From the right pane of the Mapping Editor, expand <strong>Label-lblBlnce</strong> and select <strong>text{string}</strong>.</li>\n</ul>\n</li>\n</ol>"
    },
    "pointer": {
        "direction": "left",
        "element": "",
        "type": "none"
    },
    "navigationType": "manual",
    "navigationBar": {
        "left": {
            "text": "Previous",
            "enable": true,
            "hide": false
        },
        "right": {
            "text": "Next",
            "enable": true,
            "hide": false
        }
    },
    "navigationCondition": "",
    "position": "CENTER",
    "meta": {
        "Creator": "Rashmi Menon",
        "CreatedOn": "Mon, 23 Mar 2020 08:08:14 GMT"
    },
    "context": []
}