{
    "kuid": "67d523te-c2ae-40r3-b5uc-470d86n4",
    "id": "Kony.NewLaunchWebApp.done",
    "content": {
        "title": "Explore the App",
        "body": "<p>You have successfully:</p>\n<ul>\n<li><strong>Imported a Web app</strong></li>\n<li><strong>Launched the app on a computer using the Live Preview</strong></li>\n</ul><br/>\n<p>To learn how to create this app on your own, check out the next hike: <a class=\"tour-link\" tour=\"220f01t3-bda6-40r0-92uf-56631bnb\"><b>2. Create UI from Collections</b></a>.</p>"
    },
    "pointer": {
        "direction": "left",
        "element": "",
        "type": "none"
    },
    "navigationType": "manual",
    "navigationBar": {
        "left": {
            "text": "Previous",
            "enable": true,
            "hide": false
        },
        "right": {
            "text": "Done",
            "enable": true,
            "hide": false
        }
    },
    "navigationCondition": "",
    "position": "CENTER",
    "meta": {
        "Creator": "Prem Garudadri",
        "CreatedOn": "Wed, 18 Dec 2019 16:10:40 GMT"
    },
    "context": []
}