{
    "kuid": "ce8d4b88-dd70-40af-8d1a-85be08d1",
    "id": "Kony.AuthApp.SelectLogin",
    "content": {
        "title": "Map the Login Operation",
        "body": "<ol><li>From the <b>Project</b> explorer, navigate to <b>Mobile</b> > <b>Forms</b> > <b>frmLogin</b>.</li><li>On the canvas, select the <b>Login</b> button.</li>\n</ol>"
    },
    "position": "BOTTOM_RIGHT",
    "navigationType": "manual",
    "navigationCondition": "",
    "pointer": {
        "direction": "left",
        "element": {
            "module": "projectexplorer",
            "path": "project-body\\project\\Mobile\\Forms\\frmLogin"
        },
        "type": "default"
    },
    "navigationBar": {
        "left": {
            "text": "Previous",
            "hide": false,
            "enable": true
        },
        "right": {
            "text": "Next",
            "enable": true,
            "hide": false
        }
    }
}