{
    "kuid": "7fbad4t7-07a9-4dr6-99u0-ed50f6n9",
    "id": "Kony.AuthApp.ConfigureLogout",
    "content": {
        "title": "Configure Logout Parameters",
        "body": "<ol>\n<li>From the top-right corner of your <strong>Action Editor </strong>window, select <strong>Design View</strong>.</li>\n<li>From the left menu of the <strong>Action Editor</strong>, under the <strong>Network</strong> section, select <strong>Invoke Service</strong>.</li>\n<li>In the right pane of the <strong>Action Editor</strong>, from the <strong>Select Service</strong> drop-down, select <strong>UserAuthentication$logout</strong>.</li>\n</ol>"
    },
    "pointer": {
        "direction": "left",
        "element": {
            "module": "actioneditor",
            "itemType": "ae-action-type",
            "info": {
                "actionType": "Invoke Service"
            }
        },
        "type": "default"
    },
    "navigationType": "manual",
    "navigationBar": {
        "left": {
            "text": "Previous",
            "enable": true,
            "hide": false
        },
        "right": {
            "text": "Next",
            "enable": true,
            "hide": false
        }
    },
    "navigationCondition": "",
    "position": "BOTTOM_RIGHT",
    "meta": {
        "Creator": "Deepti Ravula",
        "CreatedOn": "Thu, 19 Dec 2019 06:42:37 GMT"
    },
    "context": []
}