{
    "kuid": "f24b1etb-86ac-41r0-81uf-3b248bn1",
    "id": "VoltMX.IntroductionToInternationalV9.view",
    "content": {
        "title": "Launch the App",
        "body": "<ol>\n<li>On your <strong>mobile </strong>device, after successful launch, the <strong>Volt MX JavaScript Debugger Configuration </strong>window appears.<br /> Click <strong>Cancel</strong>.</li>\n<li>The Login form appears in the default locale layout.</li>\n<li>Close the application.</li>\n<li>Change the language of the device to <strong>Spanish (United States)</strong>.</li>\n<li>Open the application <strong>RecipientsMobile</strong><br /> The Login form now appears in Spanish.</li>\n</ol>"
    },
    "pointer": {
        "direction": "left",
        "element": "",
        "type": "none"
    },
    "navigationType": "manual",
    "navigationBar": {
        "left": {
            "text": "Previous",
            "enable": true,
            "hide": false
        },
        "right": {
            "text": "Next",
            "enable": true,
            "hide": false
        }
    },
    "navigationCondition": "",
    "position": "BOTTOM_RIGHT",
    "meta": {
        "Creator": "Rashmi Menon",
        "CreatedOn": "Thu, 05 Dec 2019 06:05:49 GMT"
    },
    "context": []
}