{
  "kuid": "f24b1etb-86ac-41r0-81uf-3b248bn1",
  "id": "VoltMX.IntroductionToInternationalV9.view",
  "content": {
    "title": "Launch the App",
    "body": "<ol>\n<li>On your <strong>mobile </strong>device, after successful launch, the <strong>Volt MX JavaScript Debugger Configuration </strong>window appears.<br /> Click <strong>Cancel</strong>.</li>\n<li>The Login form appears in the default locale layout.</li>\n<li>Close the application.</li>\n<li>Change the language of the device to <strong>Spanish (United States)</strong><span hk-tooltip='Español (Estados Unidos)'><img src=\"https://i.ibb.co/Dfkmg6k/Button-Info-icon.png\" alt=\"Button-Info-icon\" width=\"10\" height=\"10\" /></span></li>\n<li>Open the application <strong>RecipientsMobile</strong><br /> The Login form now appears in Spanish.</li>\n</ol>"
  },
  "pointer": {
    "direction": "left",
    "element": "",
    "type": "none"
  },
  "navigationType": "manual",
  "navigationBar": {
    "left": {
      "text": "Previous",
      "enable": true,
      "hide": false
    },
    "right": {
      "text": "Next",
      "enable": true,
      "hide": false
    }
  },
  "navigationCondition": "",
  "position": "BOTTOM_RIGHT",
  "meta": {
    "Creator": "Rashmi Menon",
    "CreatedOn": "Thu, 05 Dec 2019 06:05:49 GMT"
  },
  "context": [],
  "localization": {
    "en-us": {
      "content": {
        "title": "Launch the App",
        "body": "<ol>\n<li>On your <strong>mobile </strong>device, after successful launch, the <strong>Volt MX JavaScript Debugger Configuration </strong>window appears.<br /> Click <strong>Cancel</strong>.</li>\n<li>The Login form appears in the default locale layout.</li>\n<li>Close the application.</li>\n<li>Change the language of the device to <strong>Spanish (United States)</strong><span hk-tooltip='Español (Estados Unidos)'><img src=\"https://i.ibb.co/Dfkmg6k/Button-Info-icon.png\" alt=\"Button-Info-icon\" width=\"10\" height=\"10\" /></span></li>\n<li>Open the application <strong>RecipientsMobile</strong><br /> The Login form now appears in Spanish.</li>\n</ol>"
      },
      "navigationBar": {
        "left": {
          "text": "Previous"
        },
        "right": {
          "text": "Next"
        }
      }
    },
    "zh-cn": {
      "content": {
        "title": "启动该应用程序",
        "body": "***<ol> \n <li>在您的<strong>移动</strong>设备上，成功启动后，<strong> volt mx javascript调试器配置</strong>窗口出现。<br />单击<strong> cancel </strong>。 \n <li>登录表格出现在默认场所布局中。</li> \n <li>关闭应用程序。</li> \n <li>将设备的语言更改为<strong>西班牙语（美国）</strong> <span hk-tooltip='Español (Estados Unidos)'> <img src=\"https://i.ibb.co/Dfkmg6k/Button-Info-icon.png\" alt=\"Button-Info-icon\" width=\"10\" height=\"10\" /> </span> {19} </li> {20} \n <li>打开应用程序<strong>收件人mobile </strong> <br />登录表单现在以西班牙语出现。</li> \n </ol>"
      },
      "navigationBar": {
        "left": {
          "text": "以前的"
        },
        "right": {
          "text": "下一个"
        }
      }
    },
    "zh-tw": {
      "content": {
        "title": "啟動該應用程序",
        "body": "***<ol> \n <li>在您的<strong>移動</strong>設備上，成功啟動後，<strong> volt mx javascript調試器配置</strong>窗口出現。<br />單擊<strong> cancel </strong>。 \n <li>登錄表格出現在默認場所佈局中。</li> \n <li>關閉應用程序。</li> \n <li>將設備的語言更改為<strong>西班牙語（美國）</strong> <span hk-tooltip='Español (Estados Unidos)'> <img src=\"https://i.ibb.co/Dfkmg6k/Button-Info-icon.png\" alt=\"Button-Info-icon\" width=\"10\" height=\"10\" /> </span> {19} </li> {20} \n <li>打開應用程序<strong>收件人mobile </strong> <br />登錄表單現在以西班牙語出現。</li> \n </ol>"
      },
      "navigationBar": {
        "left": {
          "text": "以前的"
        },
        "right": {
          "text": "下一個"
        }
      }
    }
  }
}