{
  "Tour.CreateEmailIdComponentV9": {
    "description": "旅游描述"
  },
  "Hike.VoltMX.CreateEmailIdCompV9": {
    "description": "徒步说明"
  },
  "Card.VoltMX.CreateEmailIdCompV9.addActionBtn": {
    "content": {
      "title": "向联系人中的按钮添加操作",
      "body": "<ol>\n<li>从虹膜的左上角，在<b>项目</b>资源管理器，展开<b>手机</b> > <b>表格</b> > <b>联系方式</b>并选择<b>提交</b>按钮。</li>\n<li>从 Iris 的右上角，在<b>属性</b>面板，点击<b>行动</b>.</li>\n<li>对于<b>点击</b>事件，点击<b>编辑</b>.<br/><b>动作编辑器</b>窗口出现。</li>\n</ol>"
    },
    "navigationBar": {
      "left": {
        "text": "上一个"
      },
      "right": {
        "text": "下一个"
      }
    }
  },
  "Card.VoltMX.CreateEmailIdCompV9.addAlert": {
    "content": {
      "title": "添加警报",
      "body": "<ol>\n<li>来自<strong>动作编辑器</strong>左侧菜单，下<strong>客户端</strong>，选择<strong>显示警报</strong>.</li>\n<li>在右侧窗格中输入以下详细信息：<br />\n<ul>\n<li>警报类型：<strong>信息</strong></li>\n<li>警报标题：<strong> 您的邮箱已添加！</strong></li>\n<li>是标签：<strong>好的</strong></li>\n<li>警报消息：<strong> 邮箱已验证并添加</strong>.</li>\n</ul>\n</li>\n<li>点击<strong>保存</strong>.</li>\n</ol>"
    },
    "navigationBar": {
      "left": {
        "text": "上一个"
      },
      "right": {
        "text": "下一个"
      }
    }
  },
  "Card.VoltMX.CreateEmailIdCompV9.addCustom": {
    "content": {
      "title": "向组件添加自定义事件",
      "body": "<ol>\n<li>从虹膜的左上角，在<b>模板</b>资源管理器，展开<b>组件</b>然后选择<b>userEntry.emailField</b>. </li>\n<li>从 Iris 的右上角，在<b>属性</b>面板，点击<b>行动</b> ，然后，单击<b>管理事件</b>.</li>\n<li>来自<b>管理事件</b>窗口，选择<b>自定义</b> 选项卡，然后单击添加图标<img src=\"https://i.ibb.co/m0gc2rs/add-icon.png\" alt=\"add icon\" width=\"13\"\n         height=\"13\">. </li>\n<li>下<b>引发的事件</b>，输入<b>onValidationSuccess</b>.</li>\n<li>点击添加图标<img src=\"https://i.ibb.co/m0gc2rs/add-icon.png\" alt=\"add icon\" width=\"13\"\n         height=\"13\">再次。在下面<b>引发的事件</b>，输入<b>onValidationFailed</b>. </li>\n<li>点击<b>申请</b>.</li>\n</ol>"
    },
    "navigationBar": {
      "left": {
        "text": "上一个"
      },
      "right": {
        "text": "下一个"
      }
    }
  },
  "Card.VoltMX.CreateEmailIdCompV9.build": {
    "content": {
      "title": "构建应用程序",
      "body": "<ol>\n<li>从主菜单，转到<b>构建</b>并选择<b>实时预览设置</b>.</li>\n<li>在<b>实时预览设置</b>窗下<b>本地</b> , 选择操作系统旁边的复选框<b>手机</b>您要在其上查看应用程序的设备。<br/>例如：<b>iOS</b>和<b>安卓</b><br/>确保您已取消选中所有其他平台和频道的复选框。<li>点击<b>保存并运行</b>.<br/> Iris 可能需要一些时间才能显示<b>实时预览已准备就绪</b>窗口。"
    },
    "navigationBar": {
      "left": {
        "text": "上一个"
      },
      "right": {
        "text": "下一个"
      }
    }
  },
  "Card.VoltMX.CreateEmailIdCompV9.code": {
    "content": {
      "title": "输入代码",
      "body": "<ol>\n<li>从<a href='#'onClick='javascript:openURL(\"https://github.com/HCL-TECH-SOFTWARE/volt-mx-tutorials/raw/master/public/samples/createComponent.zip\")'>这里</a>.</li>\n<li>从虹膜的左上角，在<strong>模板</strong>资源管理器下<strong>模块</strong>，打开<strong>emailFieldController.js</strong>文件。</li>\n<li>打开并解压缩下载的 zip 文件并从中复制代码。</li><li>替换现有代码<strong>emailFieldController.js</strong>带有复制代码的文件。</li>\n<li>从主菜单，转到<strong>项目</strong> ，然后选择<strong>保存</strong>.</li>\n</ol>"
    },
    "navigationBar": {
      "left": {
        "text": "上一个"
      },
      "right": {
        "text": "下一个"
      }
    }
  },
  "Card.VoltMX.CreateEmailIdCompV9.ComponentUI1": {
    "content": {
      "title": "创建一个组件",
      "body": "<ol>\n<li>从 Iris 的左上角，转到<b>模板</b>资源管理器。</li>\n<li>右键单击<b>组件</b>然后选择<b>新</b> > <b>有合同</b>. </li>\n<li>输入以下详细信息：<br/>\n<ul><li>命名空间：<b>userEntry</b></li><li>姓名：<b>emailField</b></li></ul></li>\n<li>点击<b>好的</b>. </li>\n<li>一个<b>emailField</b>默认情况下创建弹性容器。来自<b>模板</b>资源管理器，展开<b>组件</b> > <b>userEntry.emailField</b>并选择<b>emailField</b>弹性容器。</li>\n<li>来自<b>属性</b>面板，点击<b>看</b>.</li><li> 在<b>弹性</b> 部分，修改以下属性的值：<br/>\n<ul><li>顶部：<b>190 Dp</b></li>\n<li>身高：<b>30%</b></li>\n<li>宽度：<b>100%</b></li></ul></li>\n</ol>"
    },
    "navigationBar": {
      "left": {
        "text": "上一个"
      },
      "right": {
        "text": "下一个"
      }
    }
  },
  "Card.VoltMX.CreateEmailIdCompV9.ComponentUI2": {
    "content": {
      "title": "添加文本框小部件",
      "body": "<ol>\n<li>从 Iris 的左下角，转到<b>默认库</b>然后点击搜索图标<img src=\"https://i.ibb.co/gmMPVjC/search-Icon.png\" alt=\"search icon\" width=\"14\"\nheight=\"14\"></li><li>在搜索栏中，清除任何以前的文本并输入<b>文本框</b>. </li>\n<li>从结果中，选择<b>文本框</b> ，将小部件拖放到<b>emailField</b>画布中的弹性容器。</li>\n<li>右键单击新文本框小部件并重命名文本框<b>txtEmailID</b>.</li>\n</ol>"
    },
    "navigationBar": {
      "left": {
        "text": "上一个"
      },
      "right": {
        "text": "下一个"
      }
    }
  },
  "Card.VoltMX.CreateEmailIdCompV9.COmponentUI3": {
    "content": {
      "title": "设计文本框小部件",
      "body": "<ol><li>从 Iris 的右上角，在<b>属性</b>面板，点击<b>看</b>.</li>\n<li> 在<b>弹性</b> 部分，修改以下属性的值：<ul><li>顶部：<b>30%</b></li>\n<li>宽度：<b>300 Dp</b></li>\n<li>身高：<b>40 Dp</b></li>\n<li>中心X：<b>50%</b></li></ul></li></ol>"
    },
    "navigationBar": {
      "left": {
        "text": "上一个"
      },
      "right": {
        "text": "下一个"
      }
    }
  },
  "Card.VoltMX.CreateEmailIdCompV9.componentUI4": {
    "content": {
      "title": "添加标签小部件",
      "body": "<ol>\n<li>来自<strong>模板</strong>资源管理器，导航到<strong>组件</strong>&gt;<strong>userEntry.emailField</strong>并选择<strong>emailField</strong>.</li>\n<li>从 Iris 的左下角，转到<strong>默认库</strong>然后点击搜索图标<img src=\"https://i.ibb.co/gmMPVjC/search-Icon.png\" alt=\"search icon\" width=\"13\" height=\"13\" />.</li>\n<li>在搜索栏中，清除任何以前的文本并输入<strong>标签</strong>.</li>\n<li>从结果中，选择<strong>标签</strong> ，将小部件拖放到<strong>emailField</strong>画布中的弹性容器。</li>\n<li>来自<strong>项目</strong>资源管理器，右键单击新标签小部件并重命名标签<strong>底部标签</strong>.</li>\n</ol>"
    },
    "navigationBar": {
      "left": {
        "text": "上一个"
      },
      "right": {
        "text": "下一个"
      }
    }
  },
  "Card.VoltMX.CreateEmailIdCompV9.componentUI5": {
    "content": {
      "title": "设计标签小部件",
      "body": "<ol><li>从 Iris 的右上角，在<b>属性</b>面板，点击<b>看</b>. </li><li> 在<b>一般</b>部分，用于<b>可见</b>属性，选择<b>关闭</b>.</li>\n<li> 在<b>外观</b> 部分，修改以下属性的值：<br/>\n<ul><li>文本：<b>电子邮件ID无效</b></li></ul></li>\n<li> 在<b>弹性</b> 部分，修改以下属性的值：<ul><li>左：<b>10%</b></li>\n<li>顶部：<b>54%</b></li></ul></li>\n\n</ol>"
    },
    "navigationBar": {
      "left": {
        "text": "上一个"
      },
      "right": {
        "text": "下一个"
      }
    }
  },
  "Card.VoltMX.CreateEmailIdCompV9.createCont1": {
    "content": {
      "title": "设计标签小部件",
      "body": "<ol>\n<li>来自<strong>属性</strong>面板，点击<strong>看</strong>.</li>\n<li> 在<strong>外观</strong> 部分，修改以下属性的值：<ul>\n<li>对于<strong>内容对齐</strong>属性，选择<strong>中心</strong>和<strong>中</strong></li>\n<li>对于<strong>文本</strong> 属性，在文本框中输入<strong> 联系我们</strong></li>\n</ul>\n</li>\n<li> 在<strong>弹性</strong> 部分，修改以下属性的值：<br />\n<ul>\n<li>左：<strong>0 Dp</strong></li>\n<li>顶部：<strong>0 Dp</strong></li>\n<li>宽度：<strong>100%</strong></li>\n</ul>\n</li>\n</ol>"
    },
    "navigationBar": {
      "left": {
        "text": "上一个"
      },
      "right": {
        "text": "下一个"
      }
    }
  },
  "Card.VoltMX.CreateEmailIdCompV9.createCont2": {
    "content": {
      "title": "设计标签小部件",
      "body": "<ol><li>在<b>属性</b>面板，点击<b>皮肤</b>.</li>\n<li> 在<b>背景</b> 部分，修改以下属性的值：<br/>\n<ul><li>对于<b>类型</b>属性，选择<b>单色</b></li>\n<li>对于<b>颜色</b> 属性，点击旁边的方块修改<b>#</b>值<b>51b4ed</b></li>\n<li>对于<b>不透明度</b> 属性，在文本框中输入<b>100</b></li></ul></li>\n</ol>"
    },
    "navigationBar": {
      "left": {
        "text": "上一个"
      },
      "right": {
        "text": "下一个"
      }
    }
  },
  "Card.VoltMX.CreateEmailIdCompV9.createCont3": {
    "content": {
      "title": "添加文本框小部件",
      "body": "<ol>\n<li>从 Iris 的左下角，转到<b>默认库</b>然后点击搜索图标<img src=\"https://i.ibb.co/gmMPVjC/search-Icon.png\" alt=\"search icon\" width=\"13\"\nheight=\"13\"> \n . </li><li>在搜索栏中，清除任何以前的文本并输入<b>文本框</b>.</li>\n<li>从结果中，选择<b>文本框</b>. </li><li>将小部件拖放到<b>联系方式</b>在画布中形成。</li> \n<li>来自<b>项目</b>资源管理器，右键单击新的文本框小部件并重命名<b>txtName</b>.</li>\n</ol>"
    },
    "navigationBar": {
      "left": {
        "text": "上一个"
      },
      "right": {
        "text": "下一个"
      }
    }
  },
  "Card.VoltMX.CreateEmailIdCompV9.createCont4": {
    "content": {
      "title": "设计文本框小部件",
      "body": "<ol>\n<li>从 Iris 的右上角，在<b>属性</b>面板，点击<b>看</b>.</li> \n <li> 在<b>弹性</b> 部分，修改以下属性的值：<br/>\n<ul><li>顶部：<b>20%</b></li>\n<li>宽度：<b>300 Dp</b></li>\n<li>中心X：<b>50%</b></li></ul></li>\n</ol>"
    },
    "navigationBar": {
      "left": {
        "text": "上一个"
      },
      "right": {
        "text": "下一个"
      }
    }
  },
  "Card.VoltMX.CreateEmailIdCompV9.createCont5": {
    "content": {
      "title": "添加按钮小部件",
      "body": "<ol>\n<li>从 Iris 的左下角，转到<b>默认库</b> ，并从搜索栏中清除上一个。</li>\n<li>拖放<b>按钮</b>小部件到<b>联系方式</b>在画布中形成。</li>\n<li>来自<b>项目</b>资源管理器，右键单击新按钮小部件，并重命名按钮<b>提交</b>.</li>\n</ol>"
    },
    "navigationBar": {
      "left": {
        "text": "上一个"
      },
      "right": {
        "text": "下一个"
      }
    }
  },
  "Card.VoltMX.CreateEmailIdCompV9.createCont6": {
    "content": {
      "title": "设计按钮小部件",
      "body": "<ol>\n<li>从 Iris 的右上角，在<strong>属性</strong>面板，点击<strong>看</strong>.</li>\n<li> 在<strong>外观</strong> 部分，修改以下属性的值：<ul>\n<li>文本：<strong>提交</strong></li>\n</ul>\n</li>\n<li> 在<strong>弹性</strong> 部分，修改以下属性的值：<br />\n<ul>\n<li>顶部：<strong>60%</strong></li>\n<li>宽度：<strong>300 Dp</strong></li>\n<li>中心X：<strong>50%</strong></li>\n</ul>\n</li>\n</ol>"
    },
    "navigationBar": {
      "left": {
        "text": "上一个"
      },
      "right": {
        "text": "下一个"
      }
    }
  },
  "Card.VoltMX.CreateEmailIdCompV9.customProp": {
    "content": {
      "title": "向组件添加自定义属性",
      "body": "<ol>\n<li>从虹膜的左上角，在<b>模板</b>资源管理器，展开<b>组件</b>并选择<b>userEntry.emailField</b>组件。</li>\n<li>从 Iris 的右上角，在<b>属性</b>面板，转到<b>组件</b>选项卡，然后单击<b>管理属性</b>.</li>\n<li>来自<b>管理属性</b>窗口，选择<b>自定义</b> 选项卡，然后单击添加图标<img src=\"https://i.ibb.co/m0gc2rs/add-icon.png\" alt=\"add icon\" width=\"13\"\n         height=\"13\">.\n <li>修改以下属性的值：</br>\n<ul><li>属性名称：<b>minCharlength</b></li>\n<li>显示名称：<b>最小字符长度</b></li>\n<li>属性类型：<b>整数</b></li>\n<li>默认值：<b>3</b></li>\n<li>组：<b>一般</b></li>\n<li>读/写：<b>写</b></li></ul></li> \n<li>点击<b>申请</b>. </li>\n</ol>"
    },
    "navigationBar": {
      "left": {
        "text": "上一个"
      },
      "right": {
        "text": "下一个"
      }
    }
  },
  "Card.VoltMX.CreateEmailIdCompV9.done": {
    "content": {
      "title": " 恭喜",
      "body": "您已成功：<ul><li><b>创建了一个 emailID 组件</b></li>\n<li><b>将组件插入“联系我们”表单中</b></li>\n<li><b>更改组件属性并查看它在表单中的显示方式</b></li><br/>\n\n<p>要了解有关 Volt MX Iris 的更多信息，请访问<a href='#'onClick='javascript:openURL(\"https://support.hcltechsw.com/\")'>大本营</a>.</p>"
    },
    "navigationBar": {
      "left": {
        "text": "上一个"
      },
      "right": {
        "text": "完成"
      }
    }
  },
  "Card.VoltMX.CreateEmailIdCompV9.explore": {
    "content": {
      "title": "探索应用",
      "body": "<p>您现在可以在您的<strong>手机</strong>设备。</p>\n<ol>\n<li>在带有占位符的文本框中输入您的用户名和有效的电子邮件地址：<strong>电子邮件ID</strong>.</li>\n<li>点击<strong>提交</strong>.</li>\n<li>现在在带有占位符的文本框中输入无效的电子邮件地址：<strong>电子邮件ID</strong>.<br/>消息<strong>电子邮件ID无效</strong>出现。</li>\n</ol>"
    },
    "navigationBar": {
      "left": {
        "text": "上一个"
      },
      "right": {
        "text": "下一个"
      }
    }
  },
  "Card.VoltMX.CreateEmailIdCompV9.Insert": {
    "content": {
      "title": "将组件插入联系表格",
      "body": "<ol>\n<li>从虹膜的左上角，在<strong>项目</strong>资源管理器，展开<strong>手机</strong>&gt;<strong>表格</strong>并选择<strong>联系方式</strong>表格。</li>\n<li>转到<strong>模板</strong>资源管理器并展开<strong>组件</strong>&gt;<strong>userEntry.emailField</strong>.</li>\n<li>右键单击<strong>userEntry.emailField</strong>组件并选择<strong>插入</strong>.</li>\n</ol>\n<p>该组件现已添加到<strong>联系方式</strong>表格。</p>"
    },
    "navigationBar": {
      "left": {
        "text": "上一个"
      },
      "right": {
        "text": "下一个"
      }
    }
  },
  "Card.VoltMX.CreateEmailIdCompV9.Intro": {
    "content": {
      "title": "组件介绍",
      "body": "<b>让我们开始吧！</b><br/><br/> 在这个导览游中，您将<br/>\n<ul><li>创建一个<b>电子邮件ID</b>组件</li><li>将组件添加到<b> 联系我们</b>表格</li>\n<li> 修改组件属性，看看变化在<b> 联系我们</b>表格</li></ul><br/>\n<b>准备好后，单击开始！</b>"
    },
    "navigationBar": {
      "left": {
        "text": "上一个"
      },
      "right": {
        "text": "开始"
      }
    }
  },
  "Card.VoltMX.CreateEmailIdCompV9.link2": {
    "content": {
      "title": "为 iPhone 的 TextBox 小部件添加操作",
      "body": "<ol>\n<li>从 Iris 的右上角，在<strong>属性</strong>面板，点击<strong>行动</strong>。在下面<strong> iPhone</strong>，点击<strong>编辑</strong>对于<strong>onEndEditing</strong>事件。<br /><strong>动作编辑器</strong>窗口出现。</li>\n<li>来自<strong>动作编辑器</strong>左侧菜单，下<strong>功能</strong>，选择<strong>调用函数</strong>.</li>\n<li>从右侧窗格<strong>动作编辑器</strong>，下<strong>函数名称</strong>，选择<strong>onTextEdit</strong>函数。</li>\n<li>点击<strong>保存</strong>.</li>\n</ol>"
    },
    "navigationBar": {
      "left": {
        "text": "上一个"
      },
      "right": {
        "text": "下一个"
      }
    }
  },
  "Card.VoltMX.CreateEmailIdCompV9.linkCodetoWidgets": {
    "content": {
      "title": "向文本框小部件添加操作",
      "body": "<ol>\n<li>从虹膜的左上角，在<strong>模板</strong>资源管理器，展开<strong>组件</strong>&gt;<strong>userEntry.emailField</strong>&gt;<strong>emailField</strong>并选择<strong>txtEmailID</strong>文本框。</li>\n<li>从 Iris 的右上角，在<strong>属性</strong>面板，点击<strong>行动</strong> ，然后点击<strong>编辑</strong>对于<strong>完成</strong>事件。<br /><strong>动作编辑器</strong>窗口出现。</li>\n<li>来自<strong>动作编辑器</strong>左菜单，下<strong>功能</strong>，选择<strong>调用函数</strong>.</li>\n<li>从右侧窗格<strong>动作编辑器</strong>，下<strong>函数名称</strong>，选择<strong>onTextEdit</strong>函数。</li>\n<li>点击<strong>保存</strong>.</li>\n</ol>"
    },
    "navigationBar": {
      "left": {
        "text": "上一个"
      },
      "right": {
        "text": "下一个"
      }
    }
  },
  "Card.VoltMX.CreateEmailIdCompV9.modifyComp": {
    "content": {
      "title": "向组件添加占位符",
      "body": "<ol>\n<li>从虹膜的左上角，在<strong>模板</strong>资源管理器，展开<strong>组件</strong>并选择组件<strong>userEntry.emailField</strong>.</li>\n<li>从 Iris 的右上角，在<strong>属性</strong>面板，单击<strong>组件</strong>选项卡。</li>\n<li>将占位符值修改为<strong>电子邮件ID</strong>.</li>\n</ol>\n<p>您会注意到占位符值现在在<strong>联系方式</strong>也有表格。</p>"
    },
    "navigationBar": {
      "left": {
        "text": "上一个"
      },
      "right": {
        "text": "下一个"
      }
    }
  },
  "Card.VoltMX.CreateEmailIdCompV9.NewProject1": {
    "content": {
      "title": "创建一个新项目",
      "body": "<ol>\n<li>导航到<strong>项目</strong>&gt;<strong>新项目</strong>创建一个新项目。</li>\n<li>在<strong> 你现在想从什么开始？</strong>窗口，选择<strong>本机应用程序</strong>.</li>\n<li>点击<strong>下一个</strong>.<br/><b>您从本机应用程序开始</b>窗口打开。</li>\n</ol>"
    },
    "navigationBar": {
      "left": {
        "text": "上一个"
      },
      "right": {
        "text": "下一个"
      }
    }
  },
  "Card.VoltMX.CreateEmailIdCompV9.NewProject2": {
    "content": {
      "title": "创建一个新项目",
      "body": "<ol>\n<li>下<strong>项目名称</strong>，输入<strong>创建组件</strong>.</li>\n<li>点击<strong>创建</strong>.<br />使用一个 flex 表单创建了一个新应用程序。<br />应用程序在<strong>故事板</strong>查看。</li>\n</ol>"
    },
    "navigationBar": {
      "left": {
        "text": "上一个"
      },
      "right": {
        "text": "下一个"
      }
    }
  },
  "Card.VoltMX.CreateEmailIdCompV9.passThroughEvent": {
    "content": {
      "title": "向组件添加传递事件",
      "body": "<ol>\n<li>从虹膜的左上角，在<strong>模板</strong>资源管理器，展开<strong>组件</strong>&gt;<strong>userEntry.emailField</strong>并选择<strong>txtEmailID</strong>文本框。</li>\n<li>从 Iris 的右上角，在<strong>属性</strong>面板，点击<strong>行动</strong>.</li>\n<li>右键单击<strong>onTouchEnd</strong>事件，然后选择<strong>向组件添加事件</strong>.</li>\n</ol>"
    },
    "navigationBar": {
      "left": {
        "text": "上一个"
      },
      "right": {
        "text": "下一个"
      }
    }
  },
  "Card.VoltMX.CreateEmailIdCompV9.PassThruProp": {
    "content": {
      "title": "向组件添加传递属性",
      "body": "<ol>\n<li>从虹膜的左上角，在<b>模板</b>资源管理器，展开<b>组件</b> > <b>userEntry.emailField</b>并选择<b>txtEmailID</b>文本框。</li> \n<li>从 Iris 的右上角，在<b>属性</b>面板，点击<b>文本框</b>. </li>\n<li> 在<b>一般</b> 部分，右键单击以下属性并选择<b>向组件添加属性</b>.\n<ul><li> <b>最大字符数</b></li>\n<li><b>占位符</b></li></ul></li>\n</ol>"
    },
    "navigationBar": {
      "left": {
        "text": "上一个"
      },
      "right": {
        "text": "下一个"
      }
    }
  },
  "Card.VoltMX.CreateEmailIdCompV9.preview": {
    "content": {
      "title": "查看应用",
      "body": "<ol>\n<li>连接您的<b>手机</b>使用 USB 电缆将设备连接到您的计算机。<br/>Android<b>手机</b>设备，确保使用USB<b>传输文件</b>.<br/>适用于iOS<b>手机</b>设备，确保一个<b>信任</b>已在您的设备和计算机之间建立。<li>启动<b>Volt MX 应用程序</b>在你的<b>手机</b>设备。</li>\n<li>选择<b>USB</b>选项卡。</li>\n<li> 连接成功后，电脑上的 Iris 会显示成功提示。</li>\n<li>输入应用名称<b>创建组件</b>然后点击<b>启动</b>.</li>\n</ol>"
    },
    "navigationBar": {
      "left": {
        "text": "上一个"
      },
      "right": {
        "text": "下一个"
      }
    }
  },
  "Card.VoltMX.CreateEmailIdCompV9.rename": {
    "content": {
      "title": "创建用户界面",
      "body": "<ol>\n<li>在<strong>故事板</strong>查看，在新表单上方，单击<strong>Form1</strong>.</li>\n<li>重命名表单<strong>联系方式</strong>.</li>\n<li>要向表单添加小部件，请双击表单以在<strong>设计</strong>查看。</li>\n<li>从 Iris 的左下角，转到<strong>默认库</strong>然后点击搜索图标<img src=\"https://i.ibb.co/gmMPVjC/search-Icon.png\" alt=\"search icon\" width=\"13\" height=\"13\" />。在搜索栏中，输入<strong>标签</strong>.</li>\n<li>从结果中，选择<strong>标签</strong> ，将小部件拖放到<strong>联系方式</strong>画布上的表格。</li>\n</ol>"
    },
    "navigationBar": {
      "left": {
        "text": "上一个"
      },
      "right": {
        "text": "下一个"
      }
    }
  }
}