{
  "Card.VoltMX.CreateEmailIdCompV9.Intro": {
    "content": {
      "title": "组件简介",
      "body": "***<b> \n 让我们开始吧！ \n </b> <br/> <br/> \n 在这次引导之旅中，您将 \n  <br/> \n <ul> <li> \n 创建一个<b>电子邮件ID </b>组件</li> <li>将组件添加到<b> \n </li> \n <li>修改组件属性，看看<b>中的更改如何与我们联系</b>表单 \n </li> </ul> <br/> \n <b>准备就绪时，单击“开始”！</b>"
    },
    "navigationBar": {
      "left": {
        "text": "以前的"
      },
      "right": {
        "text": "开始"
      }
    }
  },
  "Card.VoltMX.CreateEmailIdCompV9.NewProject1": {
    "content": {
      "title": "创建一个新项目",
      "body": "<ol> \n <li>导航至<strong> project </strong>＆gt; <strong>新项目</strong>创建一个新项目。</li> \n <li>在<strong>中您想从现在开始什么？ </strong>窗口，选择<strong>本机应用</strong>。</li> \n <li>单击<strong> Next </strong>。<br/> <b>您从本机应用程序</b>窗口打开。 </li> \n </ol>"
    },
    "navigationBar": {
      "left": {
        "text": "以前的"
      },
      "right": {
        "text": "下一个"
      }
    }
  },
  "Card.VoltMX.CreateEmailIdCompV9.NewProject2": {
    "content": {
      "title": "创建一个新项目",
      "body": "<ol> \n <li> <strong>项目名称</strong>，enter <strong> createComponent </strong>。</li> \n <li>单击<strong>创建</strong>。<br />使用一个Flex表单创建一个新应用程序。 <br />应用程序在<strong>故事板</strong>视图中打开。</li> \n </ol>"
    },
    "navigationBar": {
      "left": {
        "text": "以前的"
      },
      "right": {
        "text": "下一个"
      }
    }
  },
  "Card.VoltMX.CreateEmailIdCompV9.rename": {
    "content": {
      "title": "创建UI",
      "body": "<ol> \n <li>在<strong>故事板</strong>视图中，在新表单上方，单击<strong> form1 </strong>。</li> \n <li>将表单从<b> form1 </b>重命名为<strong> contact </strong>。</li> \n <li>将小部件添加到表单中，双击表单上以打开<strong> design </strong>视图中的表单。</li> \n <li>从虹膜的下左角，转到<strong>默认库</strong>，然后单击搜索图标<img src=\"https://i.ibb.co/gmMPVjC/search-Icon.png\" alt=\"search icon\" width=\"13\" height=\"13\" />。 在搜索栏中，输入<strong>标签</strong>。</li> \n <li>从结果中，<b>默认，</b>选择<strong> label </strong>。</li> \n <li>将小部件拖到<strong> contact </strong>表单上。</li> \n </ol>"
    },
    "navigationBar": {
      "left": {
        "text": "以前的"
      },
      "right": {
        "text": "下一个"
      }
    }
  },
  "Card.VoltMX.CreateEmailIdCompV9.createCont1": {
    "content": {
      "title": "设计标签小部件",
      "body": "***<ol> \n <li>来自<strong> properties </strong>面板，单击<strong> look </strong>。</li> \n <li>在<strong>外观</strong>部分下，修改以下属性的值： \n <ul> \n <li>对于<strong> content Align </strong>属性，选择<strong>中心</strong>和<strong>中间</strong> </li> {18} \n <li>对于<strong>文本</strong>属性，在文本框中，输入<strong>与我们联系</strong> </li> \n </ul> \n </li> \n <li>在<strong> flex </strong>部分下，修改以下属性的值：<br /> \n <ul> \n <li>左：<strong> 0 dp </strong> </li> \n <li>顶部：<strong> 0 dp </strong> </li> \n <li>宽度：<strong> 100％</strong> </li> \n </ul> \n </li> \n </ol>"
    },
    "navigationBar": {
      "left": {
        "text": "以前的"
      },
      "right": {
        "text": "下一个"
      }
    }
  },
  "Card.VoltMX.CreateEmailIdCompV9.createCont2": {
    "content": {
      "title": "设计标签小部件",
      "body": "***<ol> <li>在<b> properties </b>面板中，单击<b> skin </b>。</li> \n <li>在<b>背景</b>部分下，修改以下属性的值：<br/> \n <ul> <li>对于<b> type </b>属性，选择<b>单色</b> </li> {17} \n <li>对于<b>颜色</b>属性，单击其旁边的正方形，然后将<b>＃</b>值修改为<b> 51b4ed </b> </li> {25} \n <li>对于<b>不透明度</b>属性，在文本框中，输入<b> 100 </b> </li> {31} </ul> </li> {33} \n </ol>"
    },
    "navigationBar": {
      "left": {
        "text": "以前的"
      },
      "right": {
        "text": "下一个"
      }
    }
  },
  "Card.VoltMX.CreateEmailIdCompV9.createCont3": {
    "content": {
      "title": "添加文本框窗口小部件",
      "body": "***<ol> \n <li>从虹膜的下左角，转到<b>默认库</b>，然后在搜索栏中单击搜索图标<img src=\"https://i.ibb.co/gmMPVjC/search-Icon.png\" alt=\"search icon\" width=\"13\"\nheight=\"13\">。</li> <li> <b> textbox </b>。</li> \n <li>从结果中，<b>默认，</b>选择<b> textbox </b>。 </li> <li>将小部件拖放到<b> contact </b>形式中。</li> \n <li>从<b> project </b>探索器，导航到<b>移动</b>＆gt; <b>表格</b>＆gt; <b> contact </b>。 </b>。</li> \n </ol>"
    },
    "navigationBar": {
      "left": {
        "text": "以前的"
      },
      "right": {
        "text": "下一个"
      }
    }
  },
  "Card.VoltMX.CreateEmailIdCompV9.createCont4": {
    "content": {
      "title": "设计文本框窗口小部件",
      "body": "<ol> \n <li>从iris的右上角，在<b> properties </b>面板中，单击<b> look </b>。</li> \n  <li>在<b> flex </b>部分下，修改以下属性的值：<br/> \n <ul> <li>顶部：<b> 20％</b> </li> \n <li>宽度：<b> 300 dp </b> </li> \n <li>中心x：<b> 50％</b> </li> </ul> </li> \n <li>从Iris的上右角，在<strong>属性</strong>面板中，单击<strong>文本框</strong>。 </li> \n <li>将占位符值修改为<strong>用户名</strong>。</li> \n </ol>"
    },
    "navigationBar": {
      "left": {
        "text": "以前的"
      },
      "right": {
        "text": "下一个"
      }
    }
  },
  "Card.VoltMX.CreateEmailIdCompV9.createCont5": {
    "content": {
      "title": "添加一个按钮小部件",
      "body": "***<ol> \n <li>从虹膜的下左角，转到<b>默认库</b>，然后从搜索栏中清除先前。 </li> \n <li>将<b>按钮</b>窗口拖放到<b> contact </b>形式中的canvas中。</li> \n <li>从<b> project </b>探索器，导航到<b>移动</b>＆gt; <b>表格</b>＆gt; <b>访问</b>在新按钮窗口上右键单击。</li> <li>将按钮从<b> buttonxxxx </b>重命名为<b>提交</b>。</li>。{26}。 \n </ol>"
    },
    "navigationBar": {
      "left": {
        "text": "以前的"
      },
      "right": {
        "text": "下一个"
      }
    }
  },
  "Card.VoltMX.CreateEmailIdCompV9.createCont6": {
    "content": {
      "title": "设计按钮小部件",
      "body": "<ol> \n <li>从iris的右上角，在<strong> properties </strong>面板中，单击<strong> look </strong>。</li> \n <li>在<strong>外观</strong>部分下，修改以下属性的值： \n <ul> \n <li>文本：<strong>提交</strong> </li> \n </ul> \n </li> \n <li>在<strong> flex </strong>部分下，修改以下属性的值：<br /> \n <ul> \n <li>顶部：<strong> 60％</strong> </li> \n <li>宽度：<strong> 300 dp </strong> </li> \n <li>中心x：<strong> 50％</strong> </li> \n </ul> \n </li> \n </ol>"
    },
    "navigationBar": {
      "left": {
        "text": "以前的"
      },
      "right": {
        "text": "下一个"
      }
    }
  },
  "Card.VoltMX.CreateEmailIdCompV9.ComponentUI1": {
    "content": {
      "title": "创建一个组件",
      "body": "***<ol> \n <li>从虹膜的左上角，转到<b>模板</b> explorer。</li> \n <li>右键单击<b>组件</b>，然后选择<b> new </b>> <b>与Contract </b>进行选择。 </li> \n <li>输入以下详细信息：<br/> \n <ul> <li>命名空间：<b> userEntry </b> </li> <li> {20}名称：<b> emailfield </b> </li> {23} </ul> </li> {25} {25} \n <li>单击<b> OK </b>。 </li> \n <li> a <b> emailfield </b> Flex容器默认创建。 从<b>模板</b> Explorer，展开<b>组件</b>> <b> userentry.email.emailfield [1.0.0] </b>，然后选择<b> emailfield </b> {40} flex container。 \n <li>来自<b> properties </b>面板，单击<b> look </b>。 } \n <ul> <li>顶部：<b> 190 dp </b> </li> \n <li>高度：<b> 30％</b> </li> \n <li>宽度：<b> 100％</b> </li> </ul> </li> \n </ol>"
    },
    "navigationBar": {
      "left": {
        "text": "以前的"
      },
      "right": {
        "text": "下一个"
      }
    }
  },
  "Card.VoltMX.CreateEmailIdCompV9.ComponentUI2": {
    "content": {
      "title": "添加文本框窗口小部件",
      "body": "***<ol> \n <li>从虹膜的下左角，转到<b>默认库</b>，然后在搜索栏中单击搜索图标<img src=\"https://i.ibb.co/gmMPVjC/search-Icon.png\" alt=\"search icon\" width=\"14\"\nheight=\"14\"> </li> <li> {6} } TextBox </b>。 </li> \n <li>从结果中，在<b>默认下，</b>选择<b> textbox </b>。 。</li> \n <li>从<b>模板</b>探索器，导航到<b>组件</b>＆gt; <b> userentry.emailfield [1.0.0] </b>＆gt; <b> emailfield </b>。</li> <li>在新的文本框窗口上右键单击。</li> <li>从<b> textfieldfieldxxxxxxxxxxxxxxxxxxxxxxxxxxxxxxxxxxxxxxxxxxxxxxxxxxxxxxxxxxxxxxxxxxxxxxxxxxxxxxxxxxxxxxxxxxxxxxxxxxxxxxxxxxxxxxxxxxxxxxxxxxxxxxxxxxxxxxxxxxxxxxxxxxxxxxxxxxxxxxxxxxxxxxxxx <b> txtemailid}的文本框的 。</li> \n </ol>"
    },
    "navigationBar": {
      "left": {
        "text": "以前的"
      },
      "right": {
        "text": "下一个"
      }
    }
  },
  "Card.VoltMX.CreateEmailIdCompV9.COmponentUI3": {
    "content": {
      "title": "设计文本框窗口小部件",
      "body": "***<ol> <li>从iris的右上角，在<b> properties </b>面板中，单击<b> LOOW </b>。</li> \n <li>在<b> flex </b>部分下，修改以下属性的值： \n <ul> <li>顶部：<b> 30％</b> </li> \n <li>宽度：<b> 300 dp </b> </li> \n <li>高度：<b> 40 dp </b> </li> \n <li>中心x：<b> 50％</b> </li> </ul> </li> </ol> {29}"
    },
    "navigationBar": {
      "left": {
        "text": "以前的"
      },
      "right": {
        "text": "下一个"
      }
    }
  },
  "Card.VoltMX.CreateEmailIdCompV9.componentUI4": {
    "content": {
      "title": "添加标签小部件",
      "body": "***<ol> \n <li>从<strong>模板</strong>探索器，导航到<strong>组件</strong>＆gt; <strong> userentry.emailfield [1.0.0] </strong>，然后选择<strong> emailfield </strong>。</li> \n <li>从虹膜的下左角，转到<strong>默认库</strong>，然后单击搜索图标<img src=\"https://i.ibb.co/gmMPVjC/search-Icon.png\" alt=\"search icon\" width=\"13\" height=\"13\" />。</li> \n <li>在搜索栏中，清除任何以前的文本，然后输入<strong>标签</strong>。</li> \n <li>从结果中，在<b>默认下，</b>选择<strong> label </strong>。 。</li> \n <li>从<b>模板</b>探索器，导航到<b>组件</b>＆gt; <b> userentry.emailfield [1.0.0] </b>＆gt; <b> emailfield </b>右键单击新标签窗口小部件。</li> <li>将标签从<b> labelxxxx </b>重命名为<strong> bottomLabel </strong>。 \n </ol>"
    },
    "navigationBar": {
      "left": {
        "text": "以前的"
      },
      "right": {
        "text": "下一个"
      }
    }
  },
  "Card.VoltMX.CreateEmailIdCompV9.componentUI5": {
    "content": {
      "title": "设计标签小部件",
      "body": "***<ol> <li>从Iris的上右角，在<b>属性</b>面板中，单击<b> LOOW </b>。 </li> <li>在<b>常规</b>部分，对于<b>可见</b>属性，选择<b> off </b>。</li> \n <li>在<b>外观</b>部分下，修改以下属性的值：<br/> \n <ul> <li>文本：<b>无效的电子邮件id </b> </li> </ul> </li> {25} \n <li>在<b> flex </b>部分下，修改以下属性的值： \n <ul> <li>左：<b> 10％</b> </li> \n <li>顶部：<b> 54％</b> </li> </ul> </li> \n\n </ol>"
    },
    "navigationBar": {
      "left": {
        "text": "以前的"
      },
      "right": {
        "text": "下一个"
      }
    }
  },
  "Card.VoltMX.CreateEmailIdCompV9.Insert": {
    "content": {
      "title": "将组件插入接触表格",
      "body": "<ol> \n <li>从虹膜的上左角，在<strong> project </strong> explorer中，展开<strong>移动</strong>＆gt; <strong>表格</strong>，然后选择<strong>联系</strong>表格。</li> \n <li>转到<strong>模板</strong> Explorer，然后展开<strong>组件</strong>＆gt; <strong> userentry.emailfield [1.0.0] </strong>。</li> \n <li>右键单击<strong> userentry.emailfield [1.0.0] </strong>组件，然后选择<strong>插入</strong>。</li> \n </ol> \n <p>现在将组件添加到<strong> contact </strong>表格。</p>"
    },
    "navigationBar": {
      "left": {
        "text": "以前的"
      },
      "right": {
        "text": "下一个"
      }
    }
  },
  "Card.VoltMX.CreateEmailIdCompV9.PassThruProp": {
    "content": {
      "title": "将通过属性添加到组件",
      "body": "***<ol> \n <li>从Iris的上左角，在<b>模板</b>探索器中，展开<b>组件</b>> <b> {6} userEntry.email.email.email.email.emailfield [1.0.0] </b> {7}＆gt; <b> emailfield </b>，然后选择<b> txtemailid </b>文本框。 </li> \n <li>从Iris的上右角，在<b>属性</b>面板中，单击<b>文本框</b>。 </li> \n <li>在<b>常规</b>部分下，右键单击以下属性，然后选择<b>将属性添加到组件</b>。 \n <ul> <li> <b> max字符</b> </li> \n <li> <b>占位符</b> </li> </ul> </li> \n </ol>"
    },
    "navigationBar": {
      "left": {
        "text": "以前的"
      },
      "right": {
        "text": "下一个"
      }
    }
  },
  "Card.VoltMX.CreateEmailIdCompV9.customProp": {
    "content": {
      "title": "将自定义属性添加到组件",
      "body": "***<ol> \n <li>从Iris的上左角，在<b>模板</b>探索器中，展开<b>组件</b>，然后选择<b> userentry.email.email.email.emailfield [1.0.0] </b>组件。 </li> \n <li>从iris的上右角，在<b>属性</b>面板中，转到<b> component </b> tab，然后单击<b>管理属性</b>。</li>。{16} \n <li>从<b>管理属性</b>窗口，选择<b>自定义</b>选项卡，然后单击添加图标<img src=\"https://i.ibb.co/m0gc2rs/add-icon.png\" alt=\"add icon\" width=\"13\"\n         height=\"13\">。 \n  <li>修改以下属性的值：</br> \n <ul> <li>属性名称：<b> mincharlength </b> </li> \n <li>显示名称：<b>最小字符长度</b> </li> \n <li>属性类型：<b> Integer </b> </li> \n <li>默认值：<b> 3 </b> </li> \n <li>组：<b>常规</b> </li> \n <li>读 /写：<b>写</b> </li> </ul> </li> \n <li>单击<b>应用</b>。 </li> \n </ol>"
    },
    "navigationBar": {
      "left": {
        "text": "以前的"
      },
      "right": {
        "text": "下一个"
      }
    }
  },
  "Card.VoltMX.CreateEmailIdCompV9.passThroughEvent": {
    "content": {
      "title": "将通过事件添加到组件",
      "body": "<ol> \n <li>从虹膜的上左角，在<strong>模板</strong>探索器中，展开<strong>组件</strong>＆gt; <strong> userentry.emailfield [1.0.0] </strong>＆gt; <b> emailfield </b>，然后选择<strong> txtemailid </strong> textbox。</li> \n <li>从iris的右上角，在<strong> properties </strong>面板中，单击<strong> action </strong>。</li> \n <li>右键单击<strong> onTouchend </strong>事件，然后选择<strong>将事件添加到组件</strong>。</li> \n </ol>"
    },
    "navigationBar": {
      "left": {
        "text": "以前的"
      },
      "right": {
        "text": "下一个"
      }
    }
  },
  "Card.VoltMX.CreateEmailIdCompV9.addCustom": {
    "content": {
      "title": "将自定义事件添加到组件",
      "body": "***<ol> \n <li>从iris的上左角，在<b>模板</b>探索器中，展开<b>组件</b>，然后选择一个 \n  组件<b> userentry.emailfield [1.0.0] </b>。 </li> \n <li>从Iris的上右角，在<b>属性</b>面板中，单击<b> action </b>，然后单击<b>管理事件</b>。</li>。{16} \n <li>从<b>管理事件</b>窗口，选择<b>自定义</b>选项卡，然后单击添加图标<img src=\"https://i.ibb.co/m0gc2rs/add-icon.png\" alt=\"add icon\" width=\"13\"\n         height=\"13\">。 </li> \n <li>在<b>凸起事件</b>下，输入<b> onValidationsUccess </b>。</li> \n <li>再次单击添加图标<img src=\"https://i.ibb.co/m0gc2rs/add-icon.png\" alt=\"add icon\" width=\"13\"\n         height=\"13\">。 在<b>提出事件</b>下，输入<b> onValidationFailed </b>。 </li> \n <li>单击<b>应用</b>。</li> \n </ol>"
    },
    "navigationBar": {
      "left": {
        "text": "以前的"
      },
      "right": {
        "text": "下一个"
      }
    }
  },
  "Card.VoltMX.CreateEmailIdCompV9.code": {
    "content": {
      "title": "输入代码",
      "body": "<ol> \n <li>从<a href='#'onClick='javascript:openURL(\"https://github.com/HCL-TECH-SOFTWARE/volt-mx-tutorials/raw/master/public/samples/createComponent.zip\")'>此处</a>下载电子邮件验证代码。</li> \n <li>从iris的上左角，在<strong>模板</strong> explorer中，在<strong>模块下</strong>，Open <strong> emailfieldcontroller.js </strong> file。</li> \n <li>打开并提取下载的zip文件并从中复制代码。</li> <li>用复制代码替换<strong> emailfieldcontroller.js </strong>文件中的现有代码。</li> \n <li>从主菜单中，转到<strong> project </strong>，然后选择<strong>保存</strong>。</li> \n </ol>"
    },
    "navigationBar": {
      "left": {
        "text": "以前的"
      },
      "right": {
        "text": "下一个"
      }
    }
  },
  "Card.VoltMX.CreateEmailIdCompV9.linkCodetoWidgets": {
    "content": {
      "title": "将操作添加到文本框窗口小部件",
      "body": "***<ol> \n <li>从虹膜的上左角，在<strong>模板</strong>探索器中，展开<strong>组件</strong>＆gt; <strong> userentry.emailfield [1.0.0] </strong>＆gt; <strong> emailfield </strong>，然后选择<strong> txtemailid </strong> textbox。</li> \n <li>从iris的右上角，在<strong> properties </strong>面板中，单击<strong> action </strong>，然后单击<strong> edit </strong> indone </strong> 事件。<br /> <strong>操作编辑器</strong>窗口出现。</li> \n <li>来自<strong>操作编辑器</strong>左菜单，在<strong>函数</strong>下，选择<strong> Indoke function </strong>。</li> \n <li>从<strong>操作编辑器的右窗格</strong>，在<strong>函数名称</strong>下，选择<strong> intextedit </strong>函数。</li>} \n <li>单击<strong>保存</strong>。</li> \n </ol>"
    },
    "navigationBar": {
      "left": {
        "text": "以前的"
      },
      "right": {
        "text": "下一个"
      }
    }
  },
  "Card.VoltMX.CreateEmailIdCompV9.link2": {
    "content": {
      "title": "将操作添加到iPhone的Textbox小部件",
      "body": "***<ol> \n <li>从Iris的上右角，在<strong>属性</strong>面板中，单击<strong> action </strong>。 在<strong> iPhone </strong>下，单击<strong>编辑</strong> <strong> ondendediting </strong>事件。 \n <li>来自<strong>操作编辑器</strong>左菜单，在<strong>函数</strong>下，选择<strong> Indoke函数</strong>。</li> \n <li>从<strong>操作编辑器的右窗格</strong>，在<strong>函数名称</strong>下，选择<strong> ontextedit </strong>函数。</li> \n <li>单击<strong>保存</strong>。</li> \n </ol>"
    },
    "navigationBar": {
      "left": {
        "text": "以前的"
      },
      "right": {
        "text": "下一个"
      }
    }
  },
  "Card.VoltMX.CreateEmailIdCompV9.addActionBtn": {
    "content": {
      "title": "将操作添加到接触中的按钮",
      "body": "***<ol> \n <li>从iris的上左角，在<b> project </b>探险家中，展开<b>移动</b>> <b> {6} forms </b>> <b>> {8} contact </b>并选择{9} <b>提交</b>按钮。</li> \n <li>从iris的右上角，在<b> properties </b>面板中，单击<b> action </b>。</li> \n <li>对于<b> onClick </b>事件，单击<b> edit </b>。 \n </ol>"
    },
    "navigationBar": {
      "left": {
        "text": "以前的"
      },
      "right": {
        "text": "下一个"
      }
    }
  },
  "Card.VoltMX.CreateEmailIdCompV9.addAlert": {
    "content": {
      "title": "添加警报",
      "body": "***<ol> \n <li>来自<strong>操作编辑器</strong>左菜单，在<strong> client </strong>下，选择<strong> show arter </strong>。</li>。{8} \n <li>在右窗格中输入以下详细信息：<br /> \n <ul> \n <li>警报类型：<strong> info </strong> </li> \n <li>警报标题：<strong>您的电子邮件已添加！ </strong> </li> \n <li>是标签：<strong> OK </strong> </li> \n <li>警报消息：<strong>电子邮件已被验证并添加</strong>。</li> \n </ul> \n </li> \n <li>单击<strong>保存</strong>。</li> \n </ol>"
    },
    "navigationBar": {
      "left": {
        "text": "以前的"
      },
      "right": {
        "text": "下一个"
      }
    }
  },
  "Card.VoltMX.CreateEmailIdCompV9.modifyComp": {
    "content": {
      "title": "在组件中添加一个占位符",
      "body": "<ol> \n <li>从Iris的上左角，在<strong>模板</strong> Explorer中，展开<strong>组件</strong>，然后选择component <strong> userentry.email.email.email.emailfield [1.0.0] </strong>。 </li> \n <li>从iris的右上角，在<strong> properties </strong>面板中，单击<strong> component </strong> tab。</li> \n <li>将占位符值修改为<strong>电子邮件ID </strong>。</li> \n </ol> \n <p>您会注意到占位符值现在在<strong> contact </strong>表单中修改。</p>"
    },
    "navigationBar": {
      "left": {
        "text": "以前的"
      },
      "right": {
        "text": "下一个"
      }
    }
  },
  "Card.VoltMX.CreateEmailIdCompV9.build": {
    "content": {
      "title": "构建应用程序",
      "body": "<ol> \n <li>从主菜单中，转到<b>构建</b>，然后选择<b> Live Preview设置</b>。</li> \n <li>在<b> Live Preview设置</b>窗口中，在<b>本机</b>下，选择要查看应用程序的<b>移动</b>设备的OS旁边的复选框。 <br/> \n 例如：<b> ios </b>和<b> android </b> <br/> \n 确保您未选择所有其他平台和频道的复选框。 \n <li>单击<b>保存并运行</b>。<br/> \n 虹膜可能需要一些时间才能显示<b>实时预览已准备就绪</b>窗口。"
    },
    "navigationBar": {
      "left": {
        "text": "以前的"
      },
      "right": {
        "text": "下一个"
      }
    }
  },
  "Card.VoltMX.CreateEmailIdCompV9.preview": {
    "content": {
      "title": "查看应用程序",
      "body": "<ol> \n <li>使用USB电缆将您的<b>移动</b>设备连接到计算机。<br/> \n 对于Android <b>移动</b>设备，请确保使用USB为<b>传输文件</b>。<br/> \n 对于iOS <b>移动</b>设备，请确保在您的设备和计算机之间建立了<b>信任</b>。 \n <li>在您的<b>移动</b>设备上启动<b> volt mx app </b>。</li> \n <li>选择<b> USB </b> TAB。</li> \n <li>在成功的连接上，计算机上的虹膜显示了成功提示。</li> \n <li>输入应用名称<b> createComponent </b>，然后单击<b>启动</b>。</li> \n </ol>"
    },
    "navigationBar": {
      "left": {
        "text": "以前的"
      },
      "right": {
        "text": "下一个"
      }
    }
  },
  "Card.VoltMX.CreateEmailIdCompV9.explore": {
    "content": {
      "title": "探索应用程序",
      "body": "<p>您现在可以在<strong>移动</strong>设备上查看应用程序。</p> \n <ol> \n <li>在文本框中输入您的用户名和有效的电子邮件地址。</li> \n <li>单击<strong>提交</strong>。</li> \n <li>现在在文本框中输入无效的电子邮件地址。<br/> \n 消息<strong>出现无效的电子邮件ID </strong>。</li> \n </ol>"
    },
    "navigationBar": {
      "left": {
        "text": "以前的"
      },
      "right": {
        "text": "下一个"
      }
    }
  },
  "Card.VoltMX.CreateEmailIdCompV9.done": {
    "content": {
      "title": "恭喜",
      "body": "你已经成功了： \n <ul> <li> <b>创建一个emailID组件</b> </li> \n <li> <b>将组件插入联系人</b> </li> \n <li> <b>更改了组件属性，并查看其以</b> </li> <br/>的形式出现 \n\n <p>要了解有关您可以使用Volt MX Iris做什么的更多信息，请访问<a href='#'onClick='javascript:openURL(\"https://support.hcltechsw.com/\")'>大本营</a>。</p>"
    },
    "navigationBar": {
      "left": {
        "text": "以前的"
      },
      "right": {
        "text": "完毕"
      }
    }
  }
}