{
  "Tour.CreateEmailIdComponentV9": "Description of Tour",
  "Hike.VoltMX.CreateEmailIdCompV9": "Description of hike",
  "Card.VoltMX.CreateEmailIdCompV9.COmponentUI3": {
    "content": {
      "title": "Design the TextBox Widget",
      "body": "<ol><li>From the upper-right corner of Iris, in the <b>Properties</b> panel, click <b>Look</b>.</li>\n<li>Under the <b>Flex</b> section, modify the values of the following properties:\n<ul><li> Top: <b>30%</b></li>\n<li> Width: <b> 300 Dp</b></li>\n<li> Height: <b> 40 Dp</b></li>\n<li>Center X: <b> 50%</b></li></ul></li></ol>"
    },
    "navigationBar": {
      "left": {
        "text": "Previous"
      },
      "right": {
        "text": "Next"
      }
    }
  },
  "Card.VoltMX.CreateEmailIdCompV9.ComponentUI1": {
    "content": {
      "title": "Create a Component",
      "body": "<ol>\n<li>From the upper-left corner of Iris, go to the <b>Templates</b> explorer.</li>\n<li>Right-click on <b>Components</b> and  select <b>New</b> > <b>with Contract</b>. </li>\n<li>Enter the following details:<br/>\n<ul><li>Namespace: <b>userEntry</b></li><li> Name: <b>emailField</b></li></ul></li>\n<li>Click <b>OK</b>. </li>\n<li>An <b>emailField</b> flex container is created by default. From the <b>Templates</b> explorer, expand <b>Components</b> > <b>userEntry.emailField [1.0.0]</b> and select the <b>emailField</b> flex container.</li>\n<li>From the <b>Properties</b> panel, click  <b>Look</b>.</li><li>Under the <b>Flex</b> section, modify the values of the following properties:<br/>\n<ul><li>Top: <b>190 Dp</b></li>\n<li>Height: <b>30%</b></li>\n<li>Width: <b>100%</b></li></ul></li>\n</ol>"
    },
    "navigationBar": {
      "left": {
        "text": "Previous"
      },
      "right": {
        "text": "Next"
      }
    }
  },
  "Card.VoltMX.CreateEmailIdCompV9.ComponentUI2": {
    "content": {
      "title": "Add a TextBox Widget",
      "body": "<ol>\n<li>From the lower-left corner of Iris, go to the <b>Default Library</b> and click the search icon <img src=\"https://i.ibb.co/gmMPVjC/search-Icon.png\" alt=\"search icon\" width=\"14\"\nheight=\"14\"></li><li>In the search bar, clear any previous text and enter <b>TextBox</b>. </li>\n<li> From the results, under <b>Default, </b>select <b>TextBox</b>.</li><li>Drag and drop the widget onto the <b>emailField</b> flex container in the canvas.</li>\n<li>From the <b>Templates</b> explorer, navigate to <b>Components</b> &gt; <b>userEntry.emailField [1.0.0]</b> &gt; <b>emailField</b>.</li><li>Right-click on the new text box widget.</li><li>Rename the text box from <b>TextFieldXXXX</b> to <b>txtEmailID</b>.</li>\n</ol>"
    },
    "navigationBar": {
      "left": {
        "text": "Previous"
      },
      "right": {
        "text": "Next"
      }
    }
  },
  "Card.VoltMX.CreateEmailIdCompV9.Insert": {
    "content": {
      "title": "Insert Component into the Contact Form",
      "body": "<ol>\n<li>From the upper-left corner of Iris, in the <strong>Project</strong> explorer, expand <strong>Mobile</strong> &gt; <strong>Forms</strong> and select the <strong>Contact</strong> form.</li>\n<li>Go to the <strong>Templates</strong> explorer and expand <strong>Components</strong> &gt; <strong>userEntry.emailField [1.0.0]</strong>.</li>\n<li>Right-click on the <strong>userEntry.emailField [1.0.0]</strong>  component and select<strong> Insert into</strong>.</li>\n</ol>\n<p>The component is now added to the <strong>Contact </strong>form.</p>"
    },
    "navigationBar": {
      "left": {
        "text": "Previous"
      },
      "right": {
        "text": "Next"
      }
    }
  },
  "Card.VoltMX.CreateEmailIdCompV9.Intro": {
    "content": {
      "title": "Introduction to Components",
      "body": "<b>\nLet’s get started!\n</b><br/><br/>\nIn this guided tour, you will\n <br/>\n<ul><li>\nCreate an <b>email ID</b> component </li><li>Add the component to the <b>Contact Us</b> form\n</li>\n<li> Modify the component properties and see how the changes appear in the <b>Contact Us</b> form\n</li></ul><br/>\n<b>When you are ready, click Start!</b>"
    },
    "navigationBar": {
      "left": {
        "text": "Previous"
      },
      "right": {
        "text": "Start"
      }
    }
  },
  "Card.VoltMX.CreateEmailIdCompV9.NewProject1": {
    "content": {
      "title": "Create a New Project",
      "body": "<ol>\n<li>Navigate to <strong>Project</strong> &gt; <strong>New Project</strong> to create a new project.</li>\n<li>In the <strong>What do you want to start with now? </strong>window, select <strong>Native App</strong>.</li>\n<li>Click <strong>Next</strong>.<br/>The <b>You started with a Native App</b> window opens. </li>\n</ol>"
    },
    "navigationBar": {
      "left": {
        "text": "Previous"
      },
      "right": {
        "text": "Next"
      }
    }
  },
  "Card.VoltMX.CreateEmailIdCompV9.NewProject2": {
    "content": {
      "title": "Create a New Project",
      "body": "<ol>\n<li>Under <strong>Project Name</strong>, enter <strong>CreateComponent</strong>.</li>\n<li>Click <strong>Create</strong>.<br />A new application is created with one flex form. <br />The application opens in the <strong>Storyboard </strong>view.</li>\n</ol>"
    },
    "navigationBar": {
      "left": {
        "text": "Previous"
      },
      "right": {
        "text": "Next"
      }
    }
  },
  "Card.VoltMX.CreateEmailIdCompV9.PassThruProp": {
    "content": {
      "title": "Add Pass Through Properties to the Component",
      "body": "<ol>\n<li>From the upper-left corner of Iris, in the <b>Templates</b> explorer, expand <b>Components</b> > <b>userEntry.emailField [1.0.0]</b> &gt; <b>emailField</b> and select the <b>txtEmailID</b> text box. </li> \n<li>From the upper-right corner of Iris, in the <b>Properties</b> panel, click <b>Text Box</b>. </li>\n<li>Under the <b>General</b> section, right-click on the following properties and select <b> Add Property to Component</b>.\n<ul><li> <b>Max characters</b></li>\n<li><b>Placeholder</b></li></ul></li>\n</ol>"
    },
    "navigationBar": {
      "left": {
        "text": "Previous"
      },
      "right": {
        "text": "Next"
      }
    }
  },
  "Card.VoltMX.CreateEmailIdCompV9.addActionBtn": {
    "content": {
      "title": "Add Action to Button in Contact",
      "body": "<ol>\n<li>From the upper-left corner of Iris, in the <b>Project</b> explorer, expand <b>Mobile</b> > <b>Forms</b> > <b>Contact</b> and select the <b>Submit</b> button.</li>\n<li> From the upper-right corner of Iris, in the <b>Properties</b> panel, click <b>Action</b>.</li>\n<li>For the <b>onClick</b> event, click <b>Edit</b>.<br/>The <b>Action Editor</b> window appears.</li>\n</ol>"
    },
    "navigationBar": {
      "left": {
        "text": "Previous"
      },
      "right": {
        "text": "Next"
      }
    }
  },
  "Card.VoltMX.CreateEmailIdCompV9.addAlert": {
    "content": {
      "title": "Add an Alert",
      "body": "<ol>\n<li>From the <strong>Action Editor</strong> left menu, under <strong>Client</strong>, select <strong>Show Alert</strong>.</li>\n<li>Enter the following details in the right pane:<br />\n<ul>\n<li>Alert Type: <strong>Info</strong></li>\n<li>Alert Title: <strong>Your Email has been added! </strong></li>\n<li>Yes Label: <strong>OK</strong></li>\n<li>Alert Message: <strong>Email has been verified and added</strong>.</li>\n</ul>\n</li>\n<li>Click <strong>Save</strong>.</li>\n</ol>"
    },
    "navigationBar": {
      "left": {
        "text": "Previous"
      },
      "right": {
        "text": "Next"
      }
    }
  },
  "Card.VoltMX.CreateEmailIdCompV9.addCustom": {
    "content": {
      "title": "Add Custom Events to the Component",
      "body": "<ol>\n<li>From the upper-left corner of Iris, in the <b>Templates</b> explorer, expand <b>Components</b> and select the \n component <b>userEntry.emailField [1.0.0]</b>. </li>\n<li> From the upper-right corner of Iris, in the <b>Properties</b> panel, click <b>Action</b>, and then, click <b>Manage Events</b>.</li>\n<li>From the <b>Manage Events</b> window, select the <b>Custom</b> tab, and then  click the Add icon <img src=\"https://i.ibb.co/m0gc2rs/add-icon.png\" alt=\"add icon\" width=\"13\"\n         height=\"13\">. </li>\n<li>Under <b>Raised Events</b>, enter <b>onValidationSuccess</b>.</li>\n<li>Click the Add icon <img src=\"https://i.ibb.co/m0gc2rs/add-icon.png\" alt=\"add icon\" width=\"13\"\n         height=\"13\"> again. Under <b>Raised Events</b>, enter <b>onValidationFailed</b>. </li>\n<li>Click <b>Apply</b>.</li>\n</ol>"
    },
    "navigationBar": {
      "left": {
        "text": "Previous"
      },
      "right": {
        "text": "Next"
      }
    }
  },
  "Card.VoltMX.CreateEmailIdCompV9.build": {
    "content": {
      "title": "Build the App",
      "body": "<ol>\n<li>From the main menu, go to <b>Build</b> and select <b>Live Preview Settings</b>.</li>\n<li>In the <b>Live Preview Settings</b> window, under <b>Native</b>, select checkboxes next to OS of the <b>mobile</b> device on which you are going to view the app.<br/>\nFor example: <b>iOS</b> and <b>Android</b><br/>\nEnsure that you have unselected the checkboxes for all other platforms and channels.\n<li>Click <b>Save & Run</b>.<br/>\nIt may take some time for the Iris to show the <b>Live Preview is ready</b> window."
    },
    "navigationBar": {
      "left": {
        "text": "Previous"
      },
      "right": {
        "text": "Next"
      }
    }
  },
  "Card.VoltMX.CreateEmailIdCompV9.code": {
    "content": {
      "title": "Enter the Code",
      "body": "<ol>\n<li>Download the code for email validation  from <a href='#'onClick='javascript:openURL(\"https://github.com/HCL-TECH-SOFTWARE/volt-mx-tutorials/raw/master/public/samples/createComponent.zip\")'>here</a>.</li>\n<li>From the upper-left corner of Iris, in the <strong>Templates</strong> explorer, expand Components and expand the component <strong>userEntry.emailField [1.0.0]</strong>. Under <strong>Modules</strong>, open <strong>emailFieldController.js</strong> file.</li>\n<li>Open and extract the downloaded zip file and copy the code from it.</li><li>Replace the existing code in <strong>emailFieldController.js</strong> file with the copied code.</li>\n<li>From the main menu, go to <strong>Project</strong>, and select <strong>Save</strong>.</li>\n</ol>"
    },
    "navigationBar": {
      "left": {
        "text": "Previous"
      },
      "right": {
        "text": "Next"
      }
    }
  },
  "Card.VoltMX.CreateEmailIdCompV9.componentUI4": {
    "content": {
      "title": "Add a Label Widget",
      "body": "<ol>\n<li>From the <strong>Templates</strong> explorer, navigate to <strong>Components</strong> &gt; <strong>userEntry.emailField [1.0.0]</strong> and select <strong>emailField</strong>.</li>\n<li>From the lower-left corner of Iris, go to the <strong>Default Library</strong> and click on the search icon <img src=\"https://i.ibb.co/gmMPVjC/search-Icon.png\" alt=\"search icon\" width=\"13\" height=\"13\" />.</li>\n<li>In the search bar, clear any previous text and enter <strong>Label</strong>.</li>\n<li>From the results, under <b>Default, </b>select <strong>Label</strong>.</li><li>Drag and drop the widget onto the <strong>emailField</strong> flex container in the canvas.</li>\n<li>From the <b>Templates</b> explorer, navigate to <b>Components</b> &gt; <b>userEntry.emailField [1.0.0]</b> &gt; <b>emailField</b> right-click on the new label widget.</li><li>Rename the label from <b>LabelXXXX</b> to <strong>BottomLabel</strong>.</li>\n</ol>"
    },
    "navigationBar": {
      "left": {
        "text": "Previous"
      },
      "right": {
        "text": "Next"
      }
    }
  },
  "Card.VoltMX.CreateEmailIdCompV9.componentUI5": {
    "content": {
      "title": "Design the Label Widget",
      "body": "<ol><li>From the upper-right corner of Iris, in the <b>Properties</b> panel, click <b>Look</b>. </li><li>Under the <b>General</b> section, for the <b>Visible</b> property, select <b>Off</b>.</li>\n<li>Under the <b>Appearance</b> section, modify the values of the following properties:<br/>\n<ul><li> Text: <b> Invalid email ID </b></li></ul></li>\n<li>Under the <b>Flex</b> section, modify the values of the following properties:\n<ul><li>Left: <b> 10% </b></li>\n<li>Top: <b>54%</b></li></ul></li>\n\n</ol>"
    },
    "navigationBar": {
      "left": {
        "text": "Previous"
      },
      "right": {
        "text": "Next"
      }
    }
  },
  "Card.VoltMX.CreateEmailIdCompV9.createCont1": {
    "content": {
      "title": "Design the Label Widget",
      "body": "<ol>\n<li>From the <strong>Properties</strong> panel, click <strong>Look</strong>.</li>\n<li>Under the <strong>Appearance</strong> section, modify the value of the following properties:\n<ul>\n<li>For the <strong>Content Align</strong> property, select <strong>Center</strong> and <strong>Middle</strong></li>\n<li>For the <strong>Text</strong> property, in the text box, enter <strong>Contact Us </strong></li>\n</ul>\n</li>\n<li>Under the <strong>Flex</strong> section, modify the value of the following properties:<br />\n<ul>\n<li>Left: <strong>0 Dp </strong></li>\n<li>Top: <strong>0 Dp </strong></li>\n<li>Width: <strong>100% </strong></li>\n</ul>\n</li>\n</ol>"
    },
    "navigationBar": {
      "left": {
        "text": "Previous"
      },
      "right": {
        "text": "Next"
      }
    }
  },
  "Card.VoltMX.CreateEmailIdCompV9.createCont2": {
    "content": {
      "title": "Design the Label Widget",
      "body": "<ol><li>In the <b>Properties</b> panel, click <b>Skin</b>.</li>\n<li>Under the <b>BackGround</b> section, modify the values of the following properties:<br/>\n<ul><li>For the <b>Type</b> property, select <b>Single Color</b></li>\n<li>For the <b>Color</b> property, click the square next to it and modify the <b>#</b> value to <b>51b4ed</b></li>\n<li>For the <b>Opacity</b> property, in the text box, enter <b>100</b></li></ul></li>\n</ol>"
    },
    "navigationBar": {
      "left": {
        "text": "Previous"
      },
      "right": {
        "text": "Next"
      }
    }
  },
  "Card.VoltMX.CreateEmailIdCompV9.createCont3": {
    "content": {
      "title": "Add a TextBox Widget",
      "body": "<ol>\n<li>From the lower-left corner of Iris, go to the <b>Default Library</b> and click on the search icon <img src=\"https://i.ibb.co/gmMPVjC/search-Icon.png\" alt=\"search icon\" width=\"13\"\nheight=\"13\">.</li><li>In the search bar, clear any previous text and enter <b>TextBox</b>.</li>\n<li>From the results, under <b>Default, </b>select <b>TextBox</b>. </li><li>Drag and drop the widget onto the <b>Contact</b> form in the canvas.</li> \n<li>From the <b>Project</b> explorer, navigate to <b>Mobile</b> &gt; <b>Forms</b> &gt; <b>Contact</b>.</li><li>Right-click on the widget <b>TextFieldXXXX</b>.</li><li>Rename the  widget from <b>TextFieldXXXX</b> to <b>txtName</b>.</li>\n</ol>"
    },
    "navigationBar": {
      "left": {
        "text": "Previous"
      },
      "right": {
        "text": "Next"
      }
    }
  },
  "Card.VoltMX.CreateEmailIdCompV9.createCont4": {
    "content": {
      "title": "Design the TextBox Widget",
      "body": "<ol>\n<li>From the upper-right corner of Iris, in the <b>Properties</b> panel, click <b>Look</b>.</li> \n <li>Under the <b>Flex</b> section, modify the values of the following properties:<br/>\n<ul><li>Top: <b>20%</b></li>\n<li>Width: <b>300 Dp</b></li>\n<li>Center X: <b>50%</b></li></ul></li>\n<li>From the upper-right corner of Iris, in the <strong>Properties</strong> panel, click <strong>Text Box</strong>. </li>\n<li>Modify the placeholder value to <strong>User Name</strong>.</li>\n</ol>"
    },
    "navigationBar": {
      "left": {
        "text": "Previous"
      },
      "right": {
        "text": "Next"
      }
    }
  },
  "Card.VoltMX.CreateEmailIdCompV9.createCont5": {
    "content": {
      "title": "Add a Button Widget",
      "body": "<ol>\n<li>From the lower-left corner of Iris, go to the <b>Default library</b>, and clear the previous from the search bar. </li>\n<li>Drag and drop the <b>Button</b> widget onto the <b>Contact</b> form in the canvas.</li>\n<li>From the <b>Project</b> explorer, navigate to <b>Mobile</b> &gt; <b>Forms</b> &gt; <b>Contact</b> right-click on the new button widget.</li><li>Rename the button from <b>ButtonXXXX</b> to <b>Submit</b>.</li>\n</ol>"
    },
    "navigationBar": {
      "left": {
        "text": "Previous"
      },
      "right": {
        "text": "Next"
      }
    }
  },
  "Card.VoltMX.CreateEmailIdCompV9.createCont6": {
    "content": {
      "title": "Design the Button Widget",
      "body": "<ol>\n<li>From the upper-right corner of Iris, in the <strong>Properties</strong> panel, click  <strong>Look</strong>.</li>\n<li>Under the <strong>Appearance</strong> section, modify the value of the following property:\n<ul>\n<li>Text: <strong> Submit </strong></li>\n</ul>\n</li>\n<li>Under the <strong>Flex</strong> section, modify the values of the following properties:<br />\n<ul>\n<li>Top: <strong>60%</strong></li>\n<li>Width: <strong> 300 Dp</strong></li>\n<li>Center X: <strong>50% </strong></li>\n</ul>\n</li>\n</ol>"
    },
    "navigationBar": {
      "left": {
        "text": "Previous"
      },
      "right": {
        "text": "Next"
      }
    }
  },
  "Card.VoltMX.CreateEmailIdCompV9.customProp": {
    "content": {
      "title": "Add Custom Properties to the Component",
      "body": "<ol>\n<li>From the upper-left corner of Iris, in the <b>Templates</b> explorer, expand <b>Components</b> and select the <b>userEntry.emailField [1.0.0]</b> component. </li>\n<li>From the upper-right corner of Iris, in the <b>Properties</b> panel, go to the <b>Component</b> tab, and click <b>Manage Properties</b>.</li>\n<li>From the <b>Manage Properties</b> window, select the <b>Custom</b> tab, and click the Add icon <img src=\"https://i.ibb.co/m0gc2rs/add-icon.png\" alt=\"add icon\" width=\"13\"\n         height=\"13\">.\n <li>Modify the values of the following properties:</br>\n<ul><li>Property Name: <b>minCharlength</b></li>\n<li>Display Name: <b>Minimum Character Length</b></li>\n<li>Property Type: <b>Integer</b></li>\n<li>Default Value: <b>3</b></li>\n<li>Group: <b>General</b></li>\n<li>Read / Write: <b>Write</b></li></ul></li> \n<li>Click <b>Apply</b>. </li>\n</ol>"
    },
    "navigationBar": {
      "left": {
        "text": "Previous"
      },
      "right": {
        "text": "Next"
      }
    }
  },
  "Card.VoltMX.CreateEmailIdCompV9.done": {
    "content": {
      "title": "Congratulations",
      "body": "You have successfully:\n<ul><li><b>Created an emailID component</b></li>\n<li><b>Inserted the component into the Contact Us form</b></li>\n<li><b>Changed Component properties and see how it appears in the form</b></li><br/>\n\n<p>To learn more on what you can do with Volt MX Iris, visit <a href='#'onClick='javascript:openURL(\"https://support.hcltechsw.com/\")'>Base Camp</a>.</p>"
    },
    "navigationBar": {
      "left": {
        "text": "Previous"
      },
      "right": {
        "text": "Done"
      }
    }
  },
  "Card.VoltMX.CreateEmailIdCompV9.explore": {
    "content": {
      "title": "Explore the App",
      "body": "<p>You will now be able to view the app on your <strong>mobile</strong> device.</p>\n<ol>\n<li>Enter your username and a valid email address in the textbox.</li>\n<li>Click <strong>Submit</strong>.</li>\n<li>Now enter an invalid email address in the textbox.<br/>\nThe message <strong>Invalid email ID</strong> appears.</li>\n</ol>"
    },
    "navigationBar": {
      "left": {
        "text": "Previous"
      },
      "right": {
        "text": "Next"
      }
    }
  },
  "Card.VoltMX.CreateEmailIdCompV9.link2": {
    "content": {
      "title": "Add Action to TextBox Widget for iPhone",
      "body": "<ol>\n<li>From the upper-right corner of Iris, in the <strong>Properties</strong> panel, click <strong>Action</strong>. Under <strong>iPhone</strong>, click <strong>Edit</strong> for the <strong>onEndEditing</strong> event.<br />The <strong>Action Editor</strong> window appears.</li>\n<li>From the <strong>Action Editor</strong> left menu, under <strong>Function</strong>, select <strong>Invoke Function</strong>.</li>\n<li>From the right pane of the <strong>Action Editor</strong>, under <strong>Function Name</strong>, select the <strong>onTextEdit</strong> function.</li>\n<li>Click <strong>Save</strong>.</li>\n</ol>"
    },
    "navigationBar": {
      "left": {
        "text": "Previous"
      },
      "right": {
        "text": "Next"
      }
    }
  },
  "Card.VoltMX.CreateEmailIdCompV9.linkCodetoWidgets": {
    "content": {
      "title": "Add Action to TextBox Widget",
      "body": "<ol>\n<li>From the upper-left corner of Iris, in the <strong>Templates</strong> explorer, expand <strong>Components</strong> &gt; <strong>userEntry.emailField [1.0.0] </strong> &gt; <strong>emailField</strong> and select the <strong>txtEmailID</strong> textbox.</li>\n<li>From the upper-right corner of Iris, in the <strong>Properties</strong> panel, click <strong>Action</strong>, then click <strong>Edit</strong> for the <strong>onDone</strong> event.<br />The <strong>Action Editor</strong> window appears.</li>\n<li>From the <strong>Action Editor </strong>left menu, under <strong>Function</strong>, select <strong>Invoke Function</strong>.</li>\n<li>From the right pane of the <strong>Action Editor</strong>, under <strong>Function Name</strong>, select the <strong>onTextEdit</strong> function.</li>\n<li>Click <strong>Save</strong>.</li>\n</ol>"
    },
    "navigationBar": {
      "left": {
        "text": "Previous"
      },
      "right": {
        "text": "Next"
      }
    }
  },
  "Card.VoltMX.CreateEmailIdCompV9.modifyComp": {
    "content": {
      "title": "Add a Placeholder to the Component",
      "body": "<ol>\n<li>From the upper-left corner of Iris, in the <strong>Templates</strong> explorer, expand <strong>Components</strong> and select the component <strong>userEntry.emailField [1.0.0]</strong>.</li>\n<li>From the upper-right corner of Iris, in the<strong> Properties</strong> panel, click the <strong>Component</strong> tab.</li>\n<li>Modify the placeholder value to <strong>Email ID</strong>.</li>\n</ol>\n<p>You will notice that the placeholder value is now modified in the <strong>Contact</strong> form also.</p>"
    },
    "navigationBar": {
      "left": {
        "text": "Previous"
      },
      "right": {
        "text": "Next"
      }
    }
  },
  "Card.VoltMX.CreateEmailIdCompV9.passThroughEvent": {
    "content": {
      "title": "Add Pass Through Events to the Components",
      "body": "<ol>\n<li>From the upper-left corner of Iris, in the <strong>Templates</strong> explorer, expand <strong>Components</strong> &gt; <strong>userEntry.emailField [1.0.0]</strong> &gt; <b>emailField</b> and select the <strong>txtEmailID</strong> textbox.</li>\n<li>From the upper-right corner of Iris, in the <strong>Properties</strong> panel, click <strong>Action</strong>.</li>\n<li>Right-click on the <strong>onTouchEnd</strong> event, and select <strong>Add Event to Component</strong>.</li>\n</ol>"
    },
    "navigationBar": {
      "left": {
        "text": "Previous"
      },
      "right": {
        "text": "Next"
      }
    }
  },
  "Card.VoltMX.CreateEmailIdCompV9.preview": {
    "content": {
      "title": "View the App",
      "body": "<ol>\n<li>Connect your <b>mobile</b> device to your computer using a USB cable.<br/>\nFor Android <b>mobile</b> device, ensure that the use of USB is <b>Transfer files</b>.<br/>\nFor iOS <b>mobile</b> device, ensure that a <b>trust</b> has been established between your device and your computer.\n<li>Launch the <b>Volt MX App</b> on your <b>mobile</b> device.</li>\n<li>Select the <b>USB</b> tab.</li>\n<li>On successful connection, the Iris on your computer shows a success prompt.</li>\n<li>Enter the app name <b>CreateComponent</b> and click <b>Launch</b>.</li>\n</ol>"
    },
    "navigationBar": {
      "left": {
        "text": "Previous"
      },
      "right": {
        "text": "Next"
      }
    }
  },
  "Card.VoltMX.CreateEmailIdCompV9.rename": {
    "content": {
      "title": "Create the UI",
      "body": "<ol>\n<li>In the <strong>Storyboard</strong> view, above the new Form, click <strong>Form1</strong>.</li>\n<li>Rename the form from <b>Form1 </b>to <strong>Contact</strong>.</li>\n<li>To add widgets to the form, double-click on the form to open the form in <strong>Design </strong>view.</li>\n<li>From the lower-left corner of Iris, go to the <strong>Default Library</strong> and click on the search icon <img src=\"https://i.ibb.co/gmMPVjC/search-Icon.png\" alt=\"search icon\" width=\"13\" height=\"13\" /> . In the search bar, enter <strong>Label</strong>.</li>\n<li>From the results, under <b>Default, </b>select <strong>Label</strong>.</li>\n<li>Drag and drop the widget onto the <strong>Contact</strong> form on the canvas.</li>\n</ol>"
    },
    "navigationBar": {
      "left": {
        "text": "Previous"
      },
      "right": {
        "text": "Next"
      }
    }
  }
}