{
  "Card.VoltMX.CreateEmailIdCompV9.Intro": {
    "content": {
      "title": "組件簡介",
      "body": "***<b> \n 讓我們開始吧！ \n </b> <br/> <br/> \n 在這次引導之旅中，您將 \n  <br/> \n <ul> <li> \n 創建一個<b>電子郵件ID </b>組件</li> <li>將組件添加到<b> \n </li> \n <li>修改組件屬性，看看<b>中的更改如何與我們聯繫</b>表單 \n </li> </ul> <br/> \n <b>準備就緒時，單擊“開始”！</b>"
    },
    "navigationBar": {
      "left": {
        "text": "以前的"
      },
      "right": {
        "text": "開始"
      }
    }
  },
  "Card.VoltMX.CreateEmailIdCompV9.NewProject1": {
    "content": {
      "title": "創建一個新項目",
      "body": "<ol> \n <li>導航至<strong> project </strong>＆gt; <strong>新項目</strong>創建一個新項目。</li> \n <li>在<strong>中您想從現在開始什麼？ </strong>窗口，選擇<strong>本機應用</strong>。</li> \n <li>單擊<strong> Next </strong>。<br/> <b>您從本機應用程序</b>窗口打開。 </li> \n </ol>"
    },
    "navigationBar": {
      "left": {
        "text": "以前的"
      },
      "right": {
        "text": "下一個"
      }
    }
  },
  "Card.VoltMX.CreateEmailIdCompV9.NewProject2": {
    "content": {
      "title": "創建一個新項目",
      "body": "<ol> \n <li> <strong>項目名稱</strong>，Enter <strong> createComponent </strong>。</li> \n <li>單擊<strong>創建</strong>。<br />使用一個Flex表單創建一個新應用程序。 <br />應用程序在<strong>故事板</strong>視圖中打開。</li> \n </ol>"
    },
    "navigationBar": {
      "left": {
        "text": "以前的"
      },
      "right": {
        "text": "下一個"
      }
    }
  },
  "Card.VoltMX.CreateEmailIdCompV9.rename": {
    "content": {
      "title": "創建UI",
      "body": "<ol> \n <li>在<strong>故事板</strong>視圖中，在新表單上方，單擊<strong> form1 </strong>。</li> \n <li>將表單從<b> form1 </b>重命名為<strong> contact </strong>。</li> \n <li>將小部件添加到表單中，雙擊表單上以打開<strong> design </strong>視圖中的表單。</li> \n <li>從虹膜的下左角，轉到<strong>默認庫</strong>，然後單擊搜索圖標<img src=\"https://i.ibb.co/gmMPVjC/search-Icon.png\" alt=\"search icon\" width=\"13\" height=\"13\" />。 在搜索欄中，輸入<strong>標籤</strong>。</li> \n <li>從結果中，<b>默認，</b>選擇<strong> label </strong>。</li> \n <li>將小部件拖到<strong> contact </strong>表單上。</li> \n </ol>"
    },
    "navigationBar": {
      "left": {
        "text": "以前的"
      },
      "right": {
        "text": "下一個"
      }
    }
  },
  "Card.VoltMX.CreateEmailIdCompV9.createCont1": {
    "content": {
      "title": "設計標籤小部件",
      "body": "***<ol> \n <li>來自<strong> properties </strong>面板，單擊<strong> look </strong>。</li> \n <li>在<strong>外觀</strong>部分下，修改以下屬性的值： \n <ul> \n <li>對於<strong> content Align </strong>屬性，選擇<strong>中心</strong>和<strong>中間</strong> </li> {18} \n <li>對於<strong>文本</strong>屬性，在文本框中，輸入<strong>與我們聯繫</strong> </li> \n </ul> \n </li> \n <li>在<strong> flex </strong>部分下，修改以下屬性的值：<br /> \n <ul> \n <li>左：<strong> 0 dp </strong> </li> \n <li>頂部：<strong> 0 dp </strong> </li> \n <li>寬度：<strong> 100％</strong> </li> \n </ul> \n </li> \n </ol>"
    },
    "navigationBar": {
      "left": {
        "text": "以前的"
      },
      "right": {
        "text": "下一個"
      }
    }
  },
  "Card.VoltMX.CreateEmailIdCompV9.createCont2": {
    "content": {
      "title": "設計標籤小部件",
      "body": "***<ol> <li>在<b> properties </b>面板中，單擊<b> skin </b>。</li> \n <li>在<b>背景</b>部分下，修改以下屬性的值：<br/> \n <ul> <li>對於<b>類型</b>屬性，選擇<b>單色</b> </li> {17} \n <li>對於<b>顏色</b>屬性，單擊其旁邊的正方形，然後將<b>＃</b>值修改為<b> 51b4ed </b> </li> {25} \n <li>對於<b>不透明度</b>屬性，在文本框中，輸入<b> 100 </b> </li> {31} </ul> </li> {33} \n </ol>"
    },
    "navigationBar": {
      "left": {
        "text": "以前的"
      },
      "right": {
        "text": "下一個"
      }
    }
  },
  "Card.VoltMX.CreateEmailIdCompV9.createCont3": {
    "content": {
      "title": "添加文本框窗口小部件",
      "body": "***<ol> \n <li>從虹膜的下左角，轉到<b>默認庫</b>，然後在搜索欄中單擊搜索圖標<img src=\"https://i.ibb.co/gmMPVjC/search-Icon.png\" alt=\"search icon\" width=\"13\"\nheight=\"13\">。</li> <li> <b> textbox </b>。</li> \n <li>從結果中，<b>默認，</b>選擇<b> textbox </b>。 </li> <li>將小部件拖放到<b> contact </b>形式中。</li> \n <li>從<b> project </b>探索器，導航到<b>移動</b>＆gt; <b>表格</b>＆gt; <b> contact </b>。 </b>。</li> \n </ol>"
    },
    "navigationBar": {
      "left": {
        "text": "以前的"
      },
      "right": {
        "text": "下一個"
      }
    }
  },
  "Card.VoltMX.CreateEmailIdCompV9.createCont4": {
    "content": {
      "title": "設計文本框窗口小部件",
      "body": "<ol> \n <li>從iris的右上角，在<b> properties </b>面板中，單擊<b> look </b>。</li> \n  <li>在<b> flex </b>部分下，修改以下屬性的值：<br/> \n <ul> <li>頂部：<b> 20％</b> </li> \n <li>寬度：<b> 300 dp </b> </li> \n <li>中心x：<b> 50％</b> </li> </ul> </li> \n <li>從Iris的上右角，在<strong>屬性</strong>面板中，單擊<strong>文本框</strong>。 </li> \n <li>將佔位符值修改為<strong>用戶名</strong>。</li> \n </ol>"
    },
    "navigationBar": {
      "left": {
        "text": "以前的"
      },
      "right": {
        "text": "下一個"
      }
    }
  },
  "Card.VoltMX.CreateEmailIdCompV9.createCont5": {
    "content": {
      "title": "添加一個按鈕小部件",
      "body": "***<ol> \n <li>從虹膜的下左角，轉到<b>默認庫</b>，然後從搜索欄中清除先前。 </li> \n <li>將<b>按鈕</b>窗口拖放到<b> contact </b>形式中的canvas中。</li> \n <li>從<b> project </b>探索器，導航到<b>移動</b>＆gt; <b>表格</b>＆gt; <b>訪問</b>在新按鈕窗口上右鍵單擊。</li> <li>將按鈕從<b> buttonxxxx </b>重命名為<b>提交</b>。</li>。{26}。 \n </ol>"
    },
    "navigationBar": {
      "left": {
        "text": "以前的"
      },
      "right": {
        "text": "下一個"
      }
    }
  },
  "Card.VoltMX.CreateEmailIdCompV9.createCont6": {
    "content": {
      "title": "設計按鈕小部件",
      "body": "<ol> \n <li>從iris的右上角，在<strong> properties </strong>面板中，單擊<strong> look </strong>。</li> \n <li>在<strong>外觀</strong>部分下，修改以下屬性的值： \n <ul> \n <li>文本：<strong>提交</strong> </li> \n </ul> \n </li> \n <li>在<strong> flex </strong>部分下，修改以下屬性的值：<br /> \n <ul> \n <li>頂部：<strong> 60％</strong> </li> \n <li>寬度：<strong> 300 dp </strong> </li> \n <li>中心x：<strong> 50％</strong> </li> \n </ul> \n </li> \n </ol>"
    },
    "navigationBar": {
      "left": {
        "text": "以前的"
      },
      "right": {
        "text": "下一個"
      }
    }
  },
  "Card.VoltMX.CreateEmailIdCompV9.ComponentUI1": {
    "content": {
      "title": "創建一個組件",
      "body": "***<ol> \n <li>從虹膜的左上角，轉到<b>模板</b> explorer。</li> \n <li>右鍵單擊<b>組件</b>，然後選擇<b> new </b>> <b>與Contract </b>進行選擇。 </li> \n <li>輸入以下詳細信息：<br/> \n <ul> <li>命名空間：<b> userEntry </b> </li> <li> {20}名稱：<b> emailfield </b> </li> {23} </ul> </li> {25} {25} \n <li>單擊<b> OK </b>。 </li> \n <li> a <b> emailfield </b> Flex容器默認創建。 從<b>模板</b> Explorer，展開<b>組件</b>> <b> userentry.email.emailfield [1.0.0] </b>，然後選擇<b> emailfield </b> {40} flex container。 \n <li>來自<b> properties </b>面板，單擊<b> look </b>。 } \n <ul> <li>頂部：<b> 190 dp </b> </li> \n <li>高度：<b> 30％</b> </li> \n <li>寬度：<b> 100％</b> </li> </ul> </li> \n </ol>"
    },
    "navigationBar": {
      "left": {
        "text": "以前的"
      },
      "right": {
        "text": "下一個"
      }
    }
  },
  "Card.VoltMX.CreateEmailIdCompV9.ComponentUI2": {
    "content": {
      "title": "添加文本框窗口小部件",
      "body": "***<ol> \n <li>從虹膜的下左角，轉到<b>默認庫</b>，然後在搜索欄中單擊搜索圖標<img src=\"https://i.ibb.co/gmMPVjC/search-Icon.png\" alt=\"search icon\" width=\"14\"\nheight=\"14\"> </li> <li> {6} } TextBox </b>。 </li> \n <li>從結果中，在<b>默認下，</b>選擇<b> textbox </b>。 。</li> \n <li>從<b>模板</b>探索器，導航到<b>組件</b>＆gt; <b> userentry.emailfield [1.0.0] </b>＆gt; <b> emailfield </b>。</li> <li>在新的文本框窗口上右鍵單擊。</li> <li>從<b> textfieldfieldxxxxxxxxxxxxxxxxxxxxxxxxxxxxxxxxxxxxxxxxxxxxxxxxxxxxxxxxxxxxxxxxxxxxxxxxxxxxxxxxxxxxxxxxxxxxxxxxxxxxxxxxxxxxxxxxxxxxxxxxxxxxxxxxxxxxxxxxxxxxxxxxxxxxxxxxxxxxxxxxxxxxxxxxx <b> txtemailid}的文本框的 。</li> \n </ol>"
    },
    "navigationBar": {
      "left": {
        "text": "以前的"
      },
      "right": {
        "text": "下一個"
      }
    }
  },
  "Card.VoltMX.CreateEmailIdCompV9.COmponentUI3": {
    "content": {
      "title": "設計文本框窗口小部件",
      "body": "***<ol> <li>從iris的右上角，在<b> properties </b>面板中，單擊<b> LOOW </b>。</li> \n <li>在<b> flex </b>部分下，修改以下屬性的值： \n <ul> <li>頂部：<b> 30％</b> </li> \n <li>寬度：<b> 300 dp </b> </li> \n <li>高度：<b> 40 dp </b> </li> \n <li>中心x：<b> 50％</b> </li> </ul> </li> </ol> {29}"
    },
    "navigationBar": {
      "left": {
        "text": "以前的"
      },
      "right": {
        "text": "下一個"
      }
    }
  },
  "Card.VoltMX.CreateEmailIdCompV9.componentUI4": {
    "content": {
      "title": "添加標籤小部件",
      "body": "***<ol> \n <li>從<strong>模板</strong>探索器，導航到<strong>組件</strong>＆gt; <strong> userentry.emailfield [1.0.0] </strong>，然後選擇<strong> emailfield </strong>。</li> \n <li>從虹膜的下左角，轉到<strong>默認庫</strong>，然後單擊搜索圖標<img src=\"https://i.ibb.co/gmMPVjC/search-Icon.png\" alt=\"search icon\" width=\"13\" height=\"13\" />。</li> \n <li>在搜索欄中，清除任何以前的文本，然後輸入<strong>標籤</strong>。</li> \n <li>從結果中，在<b>默認下，</b>選擇<strong> label </strong>。 。</li> \n <li>從<b>模板</b>探索器，導航到<b>組件</b>＆gt; <b> userentry.emailfield [1.0.0] </b>＆gt; <b> emailfield </b>右鍵單擊新標籤窗口小部件。</li> <li>將標籤從<b> labelxxxx </b>重命名為<strong> bottomLabel </strong>。 \n </ol>"
    },
    "navigationBar": {
      "left": {
        "text": "以前的"
      },
      "right": {
        "text": "下一個"
      }
    }
  },
  "Card.VoltMX.CreateEmailIdCompV9.componentUI5": {
    "content": {
      "title": "設計標籤小部件",
      "body": "***<ol> <li>從Iris的上右角，在<b>屬性</b>面板中，單擊<b> LOOW </b>。 </li> <li>在<b>常規</b>部分，對於<b>可見</b>屬性，選擇<b> off </b>。</li> \n <li>在<b>外觀</b>部分下，修改以下屬性的值：<br/> \n <ul> <li>文本：<b>無效的電子郵件id </b> </li> </ul> </li> {25} \n <li>在<b> flex </b>部分下，修改以下屬性的值： \n <ul> <li>左：<b> 10％</b> </li> \n <li>頂部：<b> 54％</b> </li> </ul> </li> \n\n </ol>"
    },
    "navigationBar": {
      "left": {
        "text": "以前的"
      },
      "right": {
        "text": "下一個"
      }
    }
  },
  "Card.VoltMX.CreateEmailIdCompV9.Insert": {
    "content": {
      "title": "將組件插入接觸表格",
      "body": "<ol> \n <li>從虹膜的上左角，在<strong> project </strong> explorer中，展開<strong>移動</strong>＆gt; <strong>表格</strong>，然後選擇<strong>聯繫</strong>表格。</li> \n <li>轉到<strong>模板</strong> Explorer，然後展開<strong>組件</strong>＆gt; <strong> userentry.emailfield [1.0.0] </strong>。</li> \n <li>右鍵單擊<strong> userentry.emailfield [1.0.0] </strong>組件，然後選擇<strong>插入</strong>。</li> \n </ol> \n <p>現在將組件添加到<strong> contact </strong>表格。</p>"
    },
    "navigationBar": {
      "left": {
        "text": "以前的"
      },
      "right": {
        "text": "下一個"
      }
    }
  },
  "Card.VoltMX.CreateEmailIdCompV9.PassThruProp": {
    "content": {
      "title": "將通過屬性添加到組件",
      "body": "***<ol> \n <li>從Iris的上左角，在<b>模板</b>探索器中，展開<b>組件</b>> <b> {6} userEntry.email.email.email.email.emailfield [1.0.0] </b> {7}＆gt; <b> emailfield </b>，然後選擇<b> txtemailid </b>文本框。 </li> \n <li>從Iris的上右角，在<b>屬性</b>面板中，單擊<b>文本框</b>。 </li> \n <li>在<b>常規</b>部分下，右鍵單擊以下屬性，然後選擇<b>將屬性添加到組件</b>。 \n <ul> <li> <b> max字符</b> </li> \n <li> <b>佔位符</b> </li> </ul> </li> \n </ol>"
    },
    "navigationBar": {
      "left": {
        "text": "以前的"
      },
      "right": {
        "text": "下一個"
      }
    }
  },
  "Card.VoltMX.CreateEmailIdCompV9.customProp": {
    "content": {
      "title": "將自定義屬性添加到組件",
      "body": "***<ol> \n <li>從Iris的上左角，在<b>模板</b>探索器中，展開<b>組件</b>，然後選擇<b> userentry.email.email.email.emailfield [1.0.0] </b>組件。 </li> \n <li>從iris的上右角，在<b>屬性</b>面板中，轉到<b> component </b> tab，然後單擊<b>管理屬性</b>。</li>。{16} \n <li>從<b>管理屬性</b>窗口，選擇<b>自定義</b>選項卡，然後單擊添加圖標<img src=\"https://i.ibb.co/m0gc2rs/add-icon.png\" alt=\"add icon\" width=\"13\"\n         height=\"13\">。 \n  <li>修改以下屬性的值：</br> \n <ul> <li>屬性名稱：<b> mincharlength </b> </li> \n <li>顯示名稱：<b>最小字符長度</b> </li> \n <li>屬性類型：<b> Integer </b> </li> \n <li>默認值：<b> 3 </b> </li> \n <li>組：<b>常規</b> </li> \n <li>讀 /寫：<b>寫</b> </li> </ul> </li> \n <li>單擊<b>應用</b>。 </li> \n </ol>"
    },
    "navigationBar": {
      "left": {
        "text": "以前的"
      },
      "right": {
        "text": "下一個"
      }
    }
  },
  "Card.VoltMX.CreateEmailIdCompV9.passThroughEvent": {
    "content": {
      "title": "將通過事件添加到組件",
      "body": "<ol> \n <li>從虹膜的上左角，在<strong>模板</strong>探索器中，展開<strong>組件</strong>＆gt; <strong> userentry.emailfield [1.0.0] </strong>＆gt; <b> emailfield </b>，然後選擇<strong> txtemailid </strong> textbox。</li> \n <li>從iris的右上角，在<strong> properties </strong>面板中，單擊<strong> action </strong>。</li> \n <li>右鍵單擊<strong> onTouchend </strong>事件，然後選擇<strong>將事件添加到組件</strong>。</li> \n </ol>"
    },
    "navigationBar": {
      "left": {
        "text": "以前的"
      },
      "right": {
        "text": "下一個"
      }
    }
  },
  "Card.VoltMX.CreateEmailIdCompV9.addCustom": {
    "content": {
      "title": "將自定義事件添加到組件",
      "body": "***<ol> \n <li>從iris的上左角，在<b>模板</b>探索器中，展開<b>組件</b>，然後選擇一個 \n  組件<b> userentry.emailfield [1.0.0] </b>。 </li> \n <li>從Iris的上右角，在<b>屬性</b>面板中，單擊<b> action </b>，然後單擊<b>管理事件</b>。</li>。{16} \n <li>從<b>管理事件</b>窗口，選擇<b>自定義</b>選項卡，然後單擊添加圖標<img src=\"https://i.ibb.co/m0gc2rs/add-icon.png\" alt=\"add icon\" width=\"13\"\n         height=\"13\">。 </li> \n <li>在<b>凸起事件</b>下，輸入<b> onValidationsUccess </b>。</li> \n <li>再次單擊添加圖標<img src=\"https://i.ibb.co/m0gc2rs/add-icon.png\" alt=\"add icon\" width=\"13\"\n         height=\"13\">。 在<b>提出事件</b>下，輸入<b> onValidationFailed </b>。 </li> \n <li>單擊<b>應用</b>。</li> \n </ol>"
    },
    "navigationBar": {
      "left": {
        "text": "以前的"
      },
      "right": {
        "text": "下一個"
      }
    }
  },
  "Card.VoltMX.CreateEmailIdCompV9.code": {
    "content": {
      "title": "輸入代碼",
      "body": "<ol> \n <li>從<a href='#'onClick='javascript:openURL(\"https://github.com/HCL-TECH-SOFTWARE/volt-mx-tutorials/raw/master/public/samples/createComponent.zip\")'>此處</a>下載電子郵件驗證代碼。</li> \n <li>從iris的上左角，在<strong>模板</strong> explorer中，在<strong>模塊下</strong>，Open <strong> emailfieldcontroller.js </strong> file。</li> \n <li>打開並提取下載的zip文件並從中復制代碼。</li> <li>用複制代碼替換<strong> emailfieldcontroller.js </strong>文件中的現有代碼。</li> \n <li>從主菜單中，轉到<strong> project </strong>，然後選擇<strong>保存</strong>。</li> \n </ol>"
    },
    "navigationBar": {
      "left": {
        "text": "以前的"
      },
      "right": {
        "text": "下一個"
      }
    }
  },
  "Card.VoltMX.CreateEmailIdCompV9.linkCodetoWidgets": {
    "content": {
      "title": "將操作添加到文本框窗口小部件",
      "body": "***<ol> \n <li>從虹膜的上左角，在<strong>模板</strong>探索器中，展開<strong>組件</strong>＆gt; <strong> userentry.emailfield [1.0.0] </strong>＆gt; <strong> emailfield </strong>，然後選擇<strong> txtemailid </strong> textbox。</li> \n <li>從iris的右上角，在<strong> properties </strong>面板中，單擊<strong> action </strong>，然後單擊<strong> edit </strong> indone </strong> 事件。<br /> <strong>操作編輯器</strong>窗口出現。</li> \n <li>來自<strong>操作編輯器</strong>左菜單，在<strong>函數</strong>下，選擇<strong> Indoke function </strong>。</li> \n <li>從<strong>操作編輯器的右窗格</strong>，在<strong>函數名稱</strong>下，選擇<strong> intextedit </strong>函數。</li>} \n <li>單擊<strong>保存</strong>。</li> \n </ol>"
    },
    "navigationBar": {
      "left": {
        "text": "以前的"
      },
      "right": {
        "text": "下一個"
      }
    }
  },
  "Card.VoltMX.CreateEmailIdCompV9.link2": {
    "content": {
      "title": "將操作添加到iPhone的Textbox小部件",
      "body": "***<ol> \n <li>從Iris的上右角，在<strong>屬性</strong>面板中，單擊<strong> action </strong>。 在<strong> iPhone </strong>下，單擊<strong>編輯</strong> <strong> ondendediting </strong>事件。 \n <li>來自<strong>操作編輯器</strong>左菜單，在<strong>函數</strong>下，選擇<strong> Indoke函數</strong>。</li> \n <li>從<strong>操作編輯器的右窗格</strong>，在<strong>函數名稱</strong>下，選擇<strong> ontextedit </strong>函數。</li> \n <li>單擊<strong>保存</strong>。</li> \n </ol>"
    },
    "navigationBar": {
      "left": {
        "text": "以前的"
      },
      "right": {
        "text": "下一個"
      }
    }
  },
  "Card.VoltMX.CreateEmailIdCompV9.addActionBtn": {
    "content": {
      "title": "將操作添加到接觸中的按鈕",
      "body": "***<ol> \n <li>從iris的上左角，在<b> project </b>探險家中，展開<b>移動</b>> <b> {6} forms </b>> <b>> {8} contact </b>並選擇{9} <b>提交</b>按鈕。</li> \n <li>從iris的右上角，在<b> properties </b>面板中，單擊<b> action </b>。</li> \n <li>對於<b> onClick </b>事件，單擊<b> edit </b>。 \n </ol>"
    },
    "navigationBar": {
      "left": {
        "text": "以前的"
      },
      "right": {
        "text": "下一個"
      }
    }
  },
  "Card.VoltMX.CreateEmailIdCompV9.addAlert": {
    "content": {
      "title": "添加警報",
      "body": "***<ol> \n <li>來自<strong>操作編輯器</strong>左菜單，在<strong> client </strong>下，選擇<strong> show arter </strong>。</li>。{8} \n <li>在右窗格中輸入以下詳細信息：<br /> \n <ul> \n <li>警報類型：<strong> info </strong> </li> \n <li>警報標題：<strong>您的電子郵件已添加！ </strong> </li> \n <li>是標籤：<strong> OK </strong> </li> \n <li>警報消息：<strong>電子郵件已被驗證並添加</strong>。</li> \n </ul> \n </li> \n <li>單擊<strong>保存</strong>。</li> \n </ol>"
    },
    "navigationBar": {
      "left": {
        "text": "以前的"
      },
      "right": {
        "text": "下一個"
      }
    }
  },
  "Card.VoltMX.CreateEmailIdCompV9.modifyComp": {
    "content": {
      "title": "在組件中添加一個佔位符",
      "body": "<ol> \n <li>從Iris的上左角，在<strong>模板</strong> Explorer中，展開<strong>組件</strong>，然後選擇component <strong> userentry.email.email.email.emailfield [1.0.0] </strong>。 </li> \n <li>從iris的右上角，在<strong> properties </strong>面板中，單擊<strong> component </strong> tab。</li> \n <li>將佔位符值修改為<strong>電子郵件ID </strong>。</li> \n </ol> \n <p>您會注意到佔位符值現在在<strong> contact </strong>表單中修改。</p>"
    },
    "navigationBar": {
      "left": {
        "text": "以前的"
      },
      "right": {
        "text": "下一個"
      }
    }
  },
  "Card.VoltMX.CreateEmailIdCompV9.build": {
    "content": {
      "title": "構建應用程序",
      "body": "<ol> \n <li>從主菜單中，轉到<b>構建</b>，然後選擇<b> Live Preview設置</b>。</li> \n <li>在<b> Live Preview設置</b>窗口中，在<b>本機</b>下，選擇要查看應用程序的<b>移動</b>設備的OS旁邊的複選框。 <br/> \n 例如：<b> ios </b>和<b> android </b> <br/> \n 確保您未選擇所有其他平台和頻道的複選框。 \n <li>單擊<b>保存並運行</b>。<br/> \n 虹膜可能需要一些時間才能顯示<b>實時預覽已準備就緒</b>窗口。"
    },
    "navigationBar": {
      "left": {
        "text": "以前的"
      },
      "right": {
        "text": "下一個"
      }
    }
  },
  "Card.VoltMX.CreateEmailIdCompV9.preview": {
    "content": {
      "title": "查看應用程序",
      "body": "<ol> \n <li>使用USB電纜將您的<b>移動</b>設備連接到計算機。<br/> \n 對於Android <b>移動</b>設備，請確保使用USB為<b>傳輸文件</b>。<br/> \n 對於iOS <b>移動</b>設備，請確保在您的設備和計算機之間建立了<b>信任</b>。 \n <li>在您的<b>移動</b>設備上啟動<b> volt mx app </b>。</li> \n <li>選擇<b> USB </b> TAB。</li> \n <li>在成功的連接上，計算機上的虹膜顯示了成功提示。</li> \n <li>輸入應用名稱<b> createComponent </b>，然後單擊<b>啟動</b>。</li> \n </ol>"
    },
    "navigationBar": {
      "left": {
        "text": "以前的"
      },
      "right": {
        "text": "下一個"
      }
    }
  },
  "Card.VoltMX.CreateEmailIdCompV9.explore": {
    "content": {
      "title": "探索應用程序",
      "body": "<p>您現在可以在<strong>移動</strong>設備上查看應用程序。</p> \n <ol> \n <li>在文本框中輸入您的用戶名和有效的電子郵件地址。</li> \n <li>單擊<strong>提交</strong>。</li> \n <li>現在在文本框中輸入無效的電子郵件地址。<br/> \n 消息<strong>出現無效的電子郵件ID </strong>。</li> \n </ol>"
    },
    "navigationBar": {
      "left": {
        "text": "以前的"
      },
      "right": {
        "text": "下一個"
      }
    }
  },
  "Card.VoltMX.CreateEmailIdCompV9.done": {
    "content": {
      "title": "恭喜",
      "body": "你已經成功了： \n <ul> <li> <b>創建一個emailID組件</b> </li> \n <li> <b>將組件插入聯繫人</b> </li> \n <li> <b>更改了組件屬性，並查看其以</b> </li> <br/>的形式出現 \n\n <p>要了解有關您可以使用Volt MX Iris做什麼的更多信息，請訪問<a href='#'onClick='javascript:openURL(\"https://support.hcltechsw.com/\")'>大本營</a>。</p>"
    },
    "navigationBar": {
      "left": {
        "text": "以前的"
      },
      "right": {
        "text": "完畢"
      }
    }
  }
}