{
  "kuid": "3cd0f0t7-49a8-4frf-b4ue-61d38bnd",
  "id": "VoltMX.CreateEmailIdCompV9.COmponentUI3",
  "content": {
    "title": "Design the TextBox Widget",
    "body": "<ol><li>From the upper-right corner of Iris, in the <b>Properties</b> panel, click <b>Look</b>.</li>\n<li>Under the <b>Flex</b> section, modify the values of the following properties:\n<ul><li> Top: <b>30%</b></li>\n<li> Width: <b> 300 Dp</b></li>\n<li> Height: <b> 40 Dp</b></li>\n<li>Center X: <b> 50%</b></li></ul></li></ol>"
  },
  "pointer": {
    "direction": "right",
    "element": {
      "module": "propertieswindow",
      "css_selector": ".kcell ul li div[id ='frmKonyLib_Look_A']"
    },
    "type": "default"
  },
  "navigationType": "manual",
  "navigationBar": {
    "left": {
      "text": "Previous",
      "enable": true,
      "hide": false
    },
    "right": {
      "text": "Next",
      "enable": true,
      "hide": false
    }
  },
  "navigationCondition": "",
  "position": "BOTTOM_RIGHT",
  "meta": {
    "Creator": "Rashmi Menon",
    "CreatedOn": "Tue, 26 Nov 2019 06:12:38 GMT"
  },
  "context": [],
  "localization": {
    "en-us": {
      "content": {
        "title": "Design the TextBox Widget",
        "body": "<ol><li>From the upper-right corner of Iris, in the <b>Properties</b> panel, click <b>Look</b>.</li>\n<li>Under the <b>Flex</b> section, modify the values of the following properties:\n<ul><li> Top: <b>30%</b></li>\n<li> Width: <b> 300 Dp</b></li>\n<li> Height: <b> 40 Dp</b></li>\n<li>Center X: <b> 50%</b></li></ul></li></ol>"
      },
      "navigationBar": {
        "left": {
          "text": "Previous"
        },
        "right": {
          "text": "Next"
        }
      }
    },
    "zh-cn": {
      "content": {
        "title": "设计文本框窗口小部件",
        "body": "***<ol> <li>从iris的右上角，在<b> properties </b>面板中，单击<b> LOOW </b>。</li> \n <li>在<b> flex </b>部分下，修改以下属性的值： \n <ul> <li>顶部：<b> 30％</b> </li> \n <li>宽度：<b> 300 dp </b> </li> \n <li>高度：<b> 40 dp </b> </li> \n <li>中心x：<b> 50％</b> </li> </ul> </li> </ol> {29}"
      },
      "navigationBar": {
        "left": {
          "text": "以前的"
        },
        "right": {
          "text": "下一个"
        }
      }
    },
    "zh-tw": {
      "content": {
        "title": "設計文本框窗口小部件",
        "body": "***<ol> <li>從iris的右上角，在<b> properties </b>面板中，單擊<b> LOOW </b>。</li> \n <li>在<b> flex </b>部分下，修改以下屬性的值： \n <ul> <li>頂部：<b> 30％</b> </li> \n <li>寬度：<b> 300 dp </b> </li> \n <li>高度：<b> 40 dp </b> </li> \n <li>中心x：<b> 50％</b> </li> </ul> </li> </ol> {29}"
      },
      "navigationBar": {
        "left": {
          "text": "以前的"
        },
        "right": {
          "text": "下一個"
        }
      }
    }
  }
}