{
  "kuid": "052cb1t6-87a7-40rb-96ue-324cf1n4",
  "id": "VoltMX.ConnectAppUItoDataMob_v9.done",
  "content": {
    "title": "Congratulations",
    "body": "<p>You have successfully:</p>\n<ul>\n<li><strong>Integrated Services with the UI elements of the form</strong> </li>\n</ul>\n<p>To learn how to create the Recipient details and add the functionality to delete a recipient, check out the next hike: </p><a class=\"tour-link\" tour=\"db7f07t9-c0a5-4erb-89u0-fab1ean8\"><b>6. Create Recipient Details</b></a>."
  },
  "pointer": {
    "direction": "left",
    "element": "",
    "type": "none"
  },
  "navigationType": "manual",
  "navigationBar": {
    "left": {
      "text": "Previous",
      "enable": true,
      "hide": false
    },
    "right": {
      "text": "Done",
      "enable": true,
      "hide": false
    }
  },
  "navigationCondition": "",
  "position": "CENTER",
  "meta": {
    "Creator": "Rashmi Menon",
    "CreatedOn": "Mon, 23 Mar 2020 08:51:33 GMT"
  },
  "context": [],
  "localization": {
    "en-us": {
      "content": {
        "title": "Congratulations",
        "body": "<p>You have successfully:</p>\n<ul>\n<li><strong>Integrated Services with the UI elements of the form</strong> </li>\n</ul>\n<p>To learn how to create the Recipient details and add the functionality to delete a recipient, check out the next hike: </p><a class=\"tour-link\" tour=\"db7f07t9-c0a5-4erb-89u0-fab1ean8\"><b>6. Create Recipient Details</b></a>."
      },
      "navigationBar": {
        "left": {
          "text": "Previous"
        },
        "right": {
          "text": "Done"
        }
      }
    },
    "zh-cn": {
      "content": {
        "title": "恭喜",
        "body": "***<p>您已经成功：</p> \n <ul> \n <li> <strong>集成服务与表格</strong> </li>的UI元素 \n </ul> \n <p>学习如何创建收件人详细信息并添加功能以删除收件人，请查看下一个徒步旅行：</p> <a class=\"tour-link\" tour=\"db7f07t9-c0a5-4erb-89u0-fab1ean8\"> {10} <b> 6。 创建收件人详细信息</b> </a>。"
      },
      "navigationBar": {
        "left": {
          "text": "以前的"
        },
        "right": {
          "text": "完毕"
        }
      }
    },
    "zh-tw": {
      "content": {
        "title": "恭喜",
        "body": "***<p>您已經成功：</p> \n <ul> \n <li> <strong>集成服務與表格</strong> </li>的UI元素 \n </ul> \n <p>學習如何創建收件人詳細信息並添加功能以刪除收件人，請查看下一個徒步旅行：</p> <a class=\"tour-link\" tour=\"db7f07t9-c0a5-4erb-89u0-fab1ean8\"> {10} <b> 6。 創建收件人詳細信息</b> </a>。"
      },
      "navigationBar": {
        "left": {
          "text": "以前的"
        },
        "right": {
          "text": "完畢"
        }
      }
    }
  }
}