{
    "kuid": "052cb1t6-87a7-40rb-96ue-324cf1n4",
    "id": "VoltMX.ConnectAppUItoDataMob_v9.done",
    "content": {
        "title": "Congratulations",
        "body": "<p>You have successfully:</p>\n<ul>\n<li><strong>Integrated Services with the UI elements of the form</strong> </li>\n</ul>\n<p>To learn how to create the Recipient details and add the functionality to delete a recipient, check out the next hike: </p><a class=\"tour-link\" tour=\"db7f07t9-c0a5-4erb-89u0-fab1ean8\"><b>6. Create Recipient Details</b></a>."
    },
    "pointer": {
        "direction": "left",
        "element": "",
        "type": "none"
    },
    "navigationType": "manual",
    "navigationBar": {
        "left": {
            "text": "Previous",
            "enable": true,
            "hide": false
        },
        "right": {
            "text": "Done",
            "enable": true,
            "hide": false
        }
    },
    "navigationCondition": "",
    "position": "CENTER",
    "meta": {
        "Creator": "Rashmi Menon",
        "CreatedOn": "Mon, 23 Mar 2020 08:51:33 GMT"
    },
    "context": []
}