{
    "kuid": "271e82t2-32a7-4cra-a0u3-4cd917n0",
    "id": "Kony.BindDataToApp.done",
    "content": {
        "title": "Done",
        "body": "<p>You have successfully:</p>\n<ul>\n<li><strong>Created an object service</strong></li>\n<li><strong>Integrated the services with the UI elements of the form</strong></li>\n</ul>\n<p><br />To learn how to add authentication to your app,<br /> check out the next hike: <a class=\"tour-link\" tour=\"34e4ef3e-15c0-40ac-a55d-b32c0707\"><strong>4. Add Login Service</strong>.</a></p>"
    },
    "pointer": {
        "direction": "left",
        "element": "",
        "type": "none"
    },
    "navigationType": "manual",
    "navigationBar": {
        "left": {
            "text": "Previous",
            "enable": true,
            "hide": false
        },
        "right": {
            "text": "Done",
            "enable": true,
            "hide": false
        }
    },
    "navigationCondition": "",
    "position": "CENTER",
    "meta": {
        "Creator": "Rashmi Menon",
        "CreatedOn": "Thu, 24 Jan 2019 08:53:36 GMT"
    },
    "context": []
}