{
  "kuid": "1372aat3-07a1-4brc-b9u9-380122n7",
  "id": "VoltMX.CreateEmailIdCompV9.createCont3",
  "content": {
    "title": "Add a TextBox Widget",
    "body": "<ol>\n<li>From the lower-left corner of Iris, go to the <b>Default Library</b> and click on the search icon <img src=\"https://i.ibb.co/gmMPVjC/search-Icon.png\" alt=\"search icon\" width=\"13\"\nheight=\"13\">.</li><li>In the search bar, clear any previous text and enter <b>TextBox</b>.</li>\n<li>From the results, under <b>Default, </b>select <b>TextBox</b>. </li><li>Drag and drop the widget onto the <b>Contact</b> form in the canvas.</li> \n<li>From the <b>Project</b> explorer, navigate to <b>Mobile</b> &gt; <b>Forms</b> &gt; <b>Contact</b>.</li><li>Right-click on the widget <b>TextFieldXXXX</b>.</li><li>Rename the  widget from <b>TextFieldXXXX</b> to <b>txtName</b>.</li>\n</ol>"
  },
  "pointer": {
    "direction": "left",
    "element": {
      "module": "konylibrary",
      "path": "default-head"
    },
    "type": "default"
  },
  "navigationType": "manual",
  "navigationBar": {
    "left": {
      "text": "Previous",
      "enable": true,
      "hide": false
    },
    "right": {
      "text": "Next",
      "enable": true,
      "hide": false
    }
  },
  "navigationCondition": "",
  "position": "BOTTOM_RIGHT",
  "meta": {
    "Creator": "Rashmi Menon",
    "CreatedOn": "Tue, 26 Nov 2019 05:53:44 GMT"
  },
  "context": [],
  "localization": {
    "en-us": {
      "content": {
        "title": "Add a TextBox Widget",
        "body": "<ol>\n<li>From the lower-left corner of Iris, go to the <b>Default Library</b> and click on the search icon <img src=\"https://i.ibb.co/gmMPVjC/search-Icon.png\" alt=\"search icon\" width=\"13\"\nheight=\"13\">.</li><li>In the search bar, clear any previous text and enter <b>TextBox</b>.</li>\n<li>From the results, under <b>Default, </b>select <b>TextBox</b>. </li><li>Drag and drop the widget onto the <b>Contact</b> form in the canvas.</li> \n<li>From the <b>Project</b> explorer, navigate to <b>Mobile</b> &gt; <b>Forms</b> &gt; <b>Contact</b>.</li><li>Right-click on the widget <b>TextFieldXXXX</b>.</li><li>Rename the  widget from <b>TextFieldXXXX</b> to <b>txtName</b>.</li>\n</ol>"
      },
      "navigationBar": {
        "left": {
          "text": "Previous"
        },
        "right": {
          "text": "Next"
        }
      }
    },
    "zh-cn": {
      "content": {
        "title": "添加文本框窗口小部件",
        "body": "***<ol> \n <li>从虹膜的下左角，转到<b>默认库</b>，然后在搜索栏中单击搜索图标<img src=\"https://i.ibb.co/gmMPVjC/search-Icon.png\" alt=\"search icon\" width=\"13\"\nheight=\"13\">。</li> <li> <b> textbox </b>。</li> \n <li>从结果中，<b>默认，</b>选择<b> textbox </b>。 </li> <li>将小部件拖放到<b> contact </b>形式中。</li> \n <li>从<b> project </b>探索器，导航到<b>移动</b>＆gt; <b>表格</b>＆gt; <b> contact </b>。 </b>。</li> \n </ol>"
      },
      "navigationBar": {
        "left": {
          "text": "以前的"
        },
        "right": {
          "text": "下一个"
        }
      }
    },
    "zh-tw": {
      "content": {
        "title": "添加文本框窗口小部件",
        "body": "***<ol> \n <li>從虹膜的下左角，轉到<b>默認庫</b>，然後在搜索欄中單擊搜索圖標<img src=\"https://i.ibb.co/gmMPVjC/search-Icon.png\" alt=\"search icon\" width=\"13\"\nheight=\"13\">。</li> <li> <b> textbox </b>。</li> \n <li>從結果中，<b>默認，</b>選擇<b> textbox </b>。 </li> <li>將小部件拖放到<b> contact </b>形式中。</li> \n <li>從<b> project </b>探索器，導航到<b>移動</b>＆gt; <b>表格</b>＆gt; <b> contact </b>。 </b>。</li> \n </ol>"
      },
      "navigationBar": {
        "left": {
          "text": "以前的"
        },
        "right": {
          "text": "下一個"
        }
      }
    }
  }
}