{
    "kuid": "9ede4et5-5ba9-4fr8-83ub-f1babfnc",
    "id": "kony.IntrotoActionEditorV9.condBeh3",
    "content": {
        "title": "Condition for Sign Up",
        "body": "<p>You will notice that <strong>Equals </strong>and&nbsp;<strong>Widget Property </strong>appears in the next two drop-downs.</p>\n<ol>\n<li>Click on the drop-down in which&nbsp;<strong>Widget</strong> <strong>Property</strong>&nbsp;is mentioned and change it to <strong>Value</strong>.</li>\n<li>In the next textbox enter:\n<p style=\"background-color: lightyellow; padding-left: 5%;\">\"\"</p>\n</li>\n</ol>\n<p>You are now checking if the Email field is empty.</p>"
    },
    "pointer": {
        "direction": "left",
        "element": "",
        "type": "none"
    },
    "navigationType": "manual",
    "navigationBar": {
        "left": {
            "text": "Previous",
            "enable": true,
            "hide": false
        },
        "right": {
            "text": "Next",
            "enable": true,
            "hide": false
        }
    },
    "navigationCondition": "",
    "position": "BOTTOM_RIGHT",
    "meta": {
        "Creator": "Rashmi Menon",
        "CreatedOn": "Tue, 26 Nov 2019 04:55:20 GMT"
    },
    "context": []
}