{
  "kuid": "221ec4t0-2eaf-41r6-beu9-129777nd",
  "id": "VoltMX.AddaSalesforceServiceV9.importObj",
  "content": {
    "title": "Import Objects from Salesforce App",
    "body": "<p>Notice that the objects in your salesforce account appear on the <b>Import Objects from Backend</b> window.</p>\n<ol><li>Select the <b>Account</b> object from the list.</li>\n<li>Click <b>Next</b> button to import the account object.</li></ol>"
  },
  "pointer": {
    "direction": "left",
    "element": "",
    "type": "none"
  },
  "navigationType": "manual",
  "navigationBar": {
    "left": {
      "text": "Previous",
      "enable": true,
      "hide": false
    },
    "right": {
      "text": "Next",
      "enable": true,
      "hide": false
    }
  },
  "navigationCondition": "",
  "position": "BOTTOM_LEFT",
  "meta": {
    "Creator": "Rashmi Menon",
    "CreatedOn": "Wed, 27 Nov 2019 08:47:51 GMT"
  },
  "context": [],
  "localization": {
    "en-us": {
      "content": {
        "title": "Import Objects from Salesforce App",
        "body": "<p>Notice that the objects in your salesforce account appear on the <b>Import Objects from Backend</b> window.</p>\n<ol><li>Select the <b>Account</b> object from the list.</li>\n<li>Click <b>Next</b> button to import the account object.</li></ol>"
      },
      "navigationBar": {
        "left": {
          "text": "Previous"
        },
        "right": {
          "text": "Next"
        }
      }
    },
    "zh-cn": {
      "content": {
        "title": "从Salesforce应用程序导入对象",
        "body": "<p>请注意，您的salesforce帐户中的对象出现在<b>从后端</b>窗口导入对象。</p> \n <ol> <li>从列表中选择<b>帐户</b>对象。</li> \n <li>单击<b>下一个</b>按钮以导入帐户对象。</li> </ol>"
      },
      "navigationBar": {
        "left": {
          "text": "以前的"
        },
        "right": {
          "text": "下一个"
        }
      }
    },
    "zh-tw": {
      "content": {
        "title": "從Salesforce應用程序導入對象",
        "body": "<p>請注意，您的salesforce帳戶中的對像出現在<b>從後端</b>窗口導入對象。</p> \n <ol> <li>從列表中選擇<b>帳戶</b>對象。</li> \n <li>單擊<b>下一個</b>按鈕以導入帳戶對象。</li> </ol>"
      },
      "navigationBar": {
        "left": {
          "text": "以前的"
        },
        "right": {
          "text": "下一個"
        }
      }
    }
  }
}