{
  "kuid": "f3f116t9-99a3-40rd-b8u9-34eb5cn9",
  "id": "VoltMX.InternationalWithLayoutV9.enable2",
  "content": {
    "title": "Configure Locales",
    "body": "<ol>In the <strong>Configure Internationalization </strong>window, click <strong>Configure Locales</strong>.<br /> The <strong>Configure Locales </strong>window appears with the Predefined tab open by default.\n</ol>"
  },
  "pointer": {
    "direction": "left",
    "element": "",
    "type": "none"
  },
  "navigationType": "manual",
  "navigationBar": {
    "left": {
      "text": "Previous",
      "enable": true,
      "hide": false
    },
    "right": {
      "text": "Next",
      "enable": true,
      "hide": false
    }
  },
  "navigationCondition": "",
  "position": "BOTTOM_RIGHT",
  "meta": {
    "Creator": "Rashmi Menon",
    "CreatedOn": "Thu, 05 Dec 2019 06:25:06 GMT"
  },
  "context": [],
  "localization": {
    "en-us": {
      "content": {
        "title": "Configure Locales",
        "body": "<ol>In the <strong>Configure Internationalization </strong>window, click <strong>Configure Locales</strong>.<br /> The <strong>Configure Locales </strong>window appears with the Predefined tab open by default.\n</ol>"
      },
      "navigationBar": {
        "left": {
          "text": "Previous"
        },
        "right": {
          "text": "Next"
        }
      }
    },
    "zh-cn": {
      "content": {
        "title": "配置语言环境",
        "body": "<ol>在<strong>配置国际化</strong>窗口中，单击<strong>配置locales </strong>。<br /> <strong>配置configure locales </strong>窗口在默认情况下显示为预定的选项卡。 \n </ol>"
      },
      "navigationBar": {
        "left": {
          "text": "以前的"
        },
        "right": {
          "text": "下一个"
        }
      }
    },
    "zh-tw": {
      "content": {
        "title": "配置語言環境",
        "body": "<ol>在<strong>配置國際化</strong>窗口中，單擊<strong>配置locales </strong>。<br /> <strong>配置configure locales </strong>窗口在默認情況下顯示為預定的選項卡。 \n </ol>"
      },
      "navigationBar": {
        "left": {
          "text": "以前的"
        },
        "right": {
          "text": "下一個"
        }
      }
    }
  }
}