{
  "kuid": "4a64fct7-4aa5-44ra-bfua-6675a8nd",
  "id": "VoltMX.AddCreatePayeeWeb_v9.navigate1",
  "content": {
    "title": "Navigating from Recipients Screen",
    "body": "<ol>\n<li>From the left menu of the&nbsp;<strong>Action Editor</strong>, under the <strong>General</strong> section, select <strong>Navigate to Form</strong>.</li>\n<li>From the right pane, select <strong>frmAddRecipient</strong>.</li>\n<li>Click <strong>Save</strong>.</li>\n</ol>"
  },
  "pointer": {
    "direction": "left",
    "element": {
      "module": "actioneditor",
      "itemType": "ae-action-type",
      "info": {
        "actionType": "Navigate to Form"
      }
    },
    "type": "default"
  },
  "navigationType": "manual",
  "navigationBar": {
    "left": {
      "text": "Previous",
      "enable": true,
      "hide": false
    },
    "right": {
      "text": "Next",
      "enable": true,
      "hide": false
    }
  },
  "navigationCondition": "",
  "position": "BOTTOM_LEFT",
  "meta": {
    "Creator": "Rashmi Menon",
    "CreatedOn": "Tue, 25 Feb 2020 04:57:53 GMT"
  },
  "context": [],
  "localization": {
    "en-us": {
      "content": {
        "title": "Navigating from Recipients Screen",
        "body": "<ol>\n<li>From the left menu of the&nbsp;<strong>Action Editor</strong>, under the <strong>General</strong> section, select <strong>Navigate to Form</strong>.</li>\n<li>From the right pane, select <strong>frmAddRecipient</strong>.</li>\n<li>Click <strong>Save</strong>.</li>\n</ol>"
      },
      "navigationBar": {
        "left": {
          "text": "Previous"
        },
        "right": {
          "text": "Next"
        }
      }
    },
    "zh-cn": {
      "content": {
        "title": "从收件人屏幕导航",
        "body": "***<ol> \n <li>从＆nbsp; <strong>操作编辑器的左菜单中，在<strong>常规</strong>部分下，选择<strong>导航至form </strong>。</li>。{8} \n <li>从右窗格中，选择<strong> frmaddrecipient </strong>。</li> \n <li>单击<strong>保存</strong>。</li> \n </ol>"
      },
      "navigationBar": {
        "left": {
          "text": "以前的"
        },
        "right": {
          "text": "下一个"
        }
      }
    },
    "zh-tw": {
      "content": {
        "title": "從收件人屏幕導航",
        "body": "***<ol> \n <li>從＆nbsp; <strong>操作編輯器的左菜單中，在<strong>常規</strong>部分下，選擇<strong>導航至form </strong>。</li>。{8} \n <li>從右窗格中，選擇<strong> frmaddrecipient </strong>。</li> \n <li>單擊<strong>保存</strong>。</li> \n </ol>"
      },
      "navigationBar": {
        "left": {
          "text": "以前的"
        },
        "right": {
          "text": "下一個"
        }
      }
    }
  }
}