{
    "kuid": "684f4ctb-2aaa-49r5-8eu2-d527fcne",
    "id": "VoltMX.ConnectAppServWebV9.mapping1",
    "content": {
        "title": "Map the Service Data",
        "body": "<ol>\n<li>From the <strong>Action Editor</strong> canvas, under <strong>Invoke Service</strong>, select <strong>Callback</strong>.</li>\n<li>Enter <strong>Add Mapping</strong> the sear bar and select <strong>Add Mapping</strong> under the Mapping section.<br /> The <strong>Mapping Editor</strong> window appears on the right pane of the <strong>Action Editor</strong>.</li>\n<li>From the left pane of the <strong>Mapping Editor</strong>, expand <strong>Services</strong> &gt; <strong>Service-AccountStorage01$Accounts$get</strong>, and select <strong>records{collection}</strong>.</li>\n<li>From the right pane of the <strong>Mapping Editor</strong>, expand <strong>Forms </strong>&gt; <strong>frmAccount</strong> &gt; <strong>Segment-segAccountList</strong> &gt; <strong>masterdatamap</strong>, and select <strong>rowData{collection}</strong>.</li><li>Expand both <strong>records{collection}</strong> and <strong>rowData{collection}</strong>.</li>\n<li>Kindly check ,all mapping is successfully performed before moving to next card .</li>\n</ol>"
    },
    "pointer": {
        "direction": "left",
        "element": "",
        "type": "none"
    },
    "navigationType": "manual",
    "navigationBar": {
        "left": {
            "text": "Previous",
            "enable": true,
            "hide": false
        },
        "right": {
            "text": "Next",
            "enable": true,
            "hide": false
        }
    },
    "navigationCondition": "",
    "position": "CENTER",
    "meta": {
        "Creator": "Prem Garudadri",
        "CreatedOn": "Thu, 19 Dec 2019 05:53:43 GMT"
    },
    "context": []
}