{
  "kuid": "38c875td-63ac-46rd-9cu3-e374dfna",
  "id": "VoltMX.ResponsiveBreakV9.done",
  "content": {
    "title": "Congratulations",
    "body": "<p>You&rsquo;ve successfully:</p>\n<ul>\n<li><strong>Added responsive breakpoints to the login screen</strong></li>\n<li><strong>Viewed the app on your computer</strong></li>\n</ul><br/>\n<p>To learn more on what you can do with  Volt MX Iris, visit <a href='#'onClick='javascript:openURL(\"https://support.hcltechsw.com/\")'>Base Camp</a>.</p>"
  },
  "pointer": {
    "direction": "left",
    "element": "",
    "type": "none"
  },
  "navigationType": "manual",
  "navigationBar": {
    "left": {
      "text": "Previous",
      "enable": true,
      "hide": false
    },
    "right": {
      "text": "Done",
      "enable": true,
      "hide": false
    }
  },
  "navigationCondition": "",
  "position": "CENTER",
  "meta": {
    "Creator": "Prem Garudadri",
    "CreatedOn": "Thu, 19 Dec 2019 06:22:55 GMT"
  },
  "context": [],
  "localization": {
    "en-us": {
      "content": {
        "title": "Congratulations",
        "body": "<p>You&rsquo;ve successfully:</p>\n<ul>\n<li><strong>Added responsive breakpoints to the login screen</strong></li>\n<li><strong>Viewed the app on your computer</strong></li>\n</ul><br/>\n<p>To learn more on what you can do with  Volt MX Iris, visit <a href='#'onClick='javascript:openURL(\"https://support.hcltechsw.com/\")'>Base Camp</a>.</p>"
      },
      "navigationBar": {
        "left": {
          "text": "Previous"
        },
        "right": {
          "text": "Done"
        }
      }
    },
    "zh-cn": {
      "content": {
        "title": "恭喜",
        "body": "***<p>您成功地：</p> \n <ul> \n <li> <strong>在登录屏幕</strong> </li>中添加了响应性断点 \n <li> <strong>在您的计算机上查看了应用程序</strong> </li> \n </ul> <br/> \n {13 <"
      },
      "navigationBar": {
        "left": {
          "text": "以前的"
        },
        "right": {
          "text": "完毕"
        }
      }
    },
    "zh-tw": {
      "content": {
        "title": "恭喜",
        "body": "***<p>您成功地：</p> \n <ul> \n <li> <strong>在登錄屏幕</strong> </li>中添加了響應性斷點 \n <li> <strong>在您的計算機上查看了應用程序</strong> </li> \n </ul> <br/> \n {13 <"
      },
      "navigationBar": {
        "left": {
          "text": "以前的"
        },
        "right": {
          "text": "完畢"
        }
      }
    }
  }
}