{
  "kuid": "ce152et5-36a8-46r9-80ud-d1fd8fnf",
  "id": "VoltMX.IntroductiontoNFIV9.view",
  "content": {
    "title": "View the App",
    "body": "<ol>\n<li>On your mobile device, after a successful launch, the <strong>Volt MX JavaScript Debugger Configuration </strong>window appears.<br />Click <strong>Cancel</strong>.</li>\n<li>Click <strong>Access Device Settings</strong>.<br />The <strong>Settings</strong> app in the <b>mobile</b> device opens.</li>\n</ol>"
  },
  "pointer": {
    "direction": "left",
    "element": "",
    "type": "none"
  },
  "navigationType": "manual",
  "navigationBar": {
    "left": {
      "text": "Previous",
      "enable": true,
      "hide": false
    },
    "right": {
      "text": "Next",
      "enable": true,
      "hide": false
    }
  },
  "navigationCondition": "",
  "position": "CENTER",
  "meta": {
    "Creator": "Rashmi Menon",
    "CreatedOn": "Wed, 27 Nov 2019 12:01:40 GMT"
  },
  "context": [],
  "localization": {
    "en-us": {
      "content": {
        "title": "View the App",
        "body": "<ol>\n<li>On your mobile device, after a successful launch, the <strong>Volt MX JavaScript Debugger Configuration </strong>window appears.<br />Click <strong>Cancel</strong>.</li>\n<li>Click <strong>Access Device Settings</strong>.<br />The <strong>Settings</strong> app in the <b>mobile</b> device opens.</li>\n</ol>"
      },
      "navigationBar": {
        "left": {
          "text": "Previous"
        },
        "right": {
          "text": "Next"
        }
      }
    },
    "zh-cn": {
      "content": {
        "title": "查看应用程序",
        "body": "***<ol> \n <li>在您的移动设备上，成功启动后，出现<strong> volt mx JavaScript调试器配置</strong>窗口。<br />单击<strong> cancel </strong>。 \n <li>单击<strong>访问设备设置</strong>。<br /> <strong> settings </strong> app in <b>移动</b>设备打开。</li> \n </ol>"
      },
      "navigationBar": {
        "left": {
          "text": "以前的"
        },
        "right": {
          "text": "下一个"
        }
      }
    },
    "zh-tw": {
      "content": {
        "title": "查看應用程序",
        "body": "***<ol> \n <li>在您的移動設備上，成功啟動後，出現<strong> volt mx JavaScript調試器配置</strong>窗口。<br />單擊<strong> cancel </strong>。 \n <li>單擊<strong>訪問設備設置</strong>。<br /> <strong> settings </strong> app in <b>移動</b>設備打開。</li> \n </ol>"
      },
      "navigationBar": {
        "left": {
          "text": "以前的"
        },
        "right": {
          "text": "下一個"
        }
      }
    }
  }
}