{
  "kuid": "50478ata-7ba4-4arc-aduf-8baca6na",
  "id": "VoltMX.CreateUIRWV9.done",
  "content": {
    "title": "Explore the App",
    "body": "<p>You have successfully:</p>\n<ul>\n<li><strong>Created forms with UI elements for user interaction</strong></li>\n<li><strong>Added navigation between the forms</strong></li>\n<li><strong>Launched your Web app using Live Preview</strong></li>\n</ul>\n<p>To learn how to add login and logout operations&nbsp;for this app, check out the next hike: <a class=\"tour-link\" tour=\"5e1da5td-37a0-44r6-beu6-374c3cn1\"><strong>3.Add Authentication to the App</strong></a>.</p>"
  },
  "pointer": {
    "direction": "left",
    "element": "",
    "type": "none"
  },
  "navigationType": "manual",
  "navigationBar": {
    "left": {
      "text": "Previous",
      "enable": true,
      "hide": false
    },
    "right": {
      "text": "Done",
      "enable": true,
      "hide": false
    }
  },
  "navigationCondition": "",
  "position": "CENTER",
  "meta": {
    "Creator": "Prem Garudadri",
    "CreatedOn": "Wed, 18 Dec 2019 16:31:07 GMT"
  },
  "context": [],
  "localization": {
    "en-us": {
      "content": {
        "title": "Explore the App",
        "body": "<p>You have successfully:</p>\n<ul>\n<li><strong>Created forms with UI elements for user interaction</strong></li>\n<li><strong>Added navigation between the forms</strong></li>\n<li><strong>Launched your Web app using Live Preview</strong></li>\n</ul>\n<p>To learn how to add login and logout operations&nbsp;for this app, check out the next hike: <a class=\"tour-link\" tour=\"5e1da5td-37a0-44r6-beu6-374c3cn1\"><strong>3.Add Authentication to the App</strong></a>.</p>"
      },
      "navigationBar": {
        "left": {
          "text": "Previous"
        },
        "right": {
          "text": "Done"
        }
      }
    },
    "zh-cn": {
      "content": {
        "title": "探索应用程序",
        "body": "***<p>您已经成功：</p> \n <ul> \n <li> <strong>用用户交互的UI元素创建了表单</strong> </li> \n <li> <strong>在表单</strong> </li>之间添加导航 \n <li> <strong>使用Live Preview </strong> </li>启动您的Web应用程序 \n </ul> \n <p>要学习如何为此应用添加登录和注销操作＆nbsp;，请查看下一个远足：<a class=\"tour-link\" tour=\"5e1da5td-37a0-44r6-beu6-374c3cn1\"> <strong> 3.ADD身份验证到App </strong> </a> {20}。</p>。{21}"
      },
      "navigationBar": {
        "left": {
          "text": "以前的"
        },
        "right": {
          "text": "完毕"
        }
      }
    },
    "zh-tw": {
      "content": {
        "title": "探索應用程序",
        "body": "***<p>您已經成功：</p> \n <ul> \n <li> <strong>用用戶交互的UI元素創建了表單</strong> </li> \n <li> <strong>在表單</strong> </li>之間添加導航 \n <li> <strong>使用Live Preview </strong> </li>啟動您的Web應用程序 \n </ul> \n <p>要學習如何為此應用添加登錄和註銷操作＆nbsp;，請查看下一個遠足：<a class=\"tour-link\" tour=\"5e1da5td-37a0-44r6-beu6-374c3cn1\"> <strong> 3.ADD身份驗證到App </strong> </a> {20}。</p>。{21}"
      },
      "navigationBar": {
        "left": {
          "text": "以前的"
        },
        "right": {
          "text": "完畢"
        }
      }
    }
  }
}