{
    "kuid": "2cfb29t6-efad-43r9-8cuf-06b2a5nd",
    "id": "VoltMX.ShareAndPreviewAppV9.done",
    "content": {
        "title": "Congratulations",
        "body": "<p>You&rsquo;ve successfully:</p>\n<ul>\n<li><strong>Created an app with forms and added UI elements for each form</strong></li>\n<li><strong>Added navigation between the forms</strong></li>\n<li><strong>Added authentication to the app</strong></li>\n<li><strong>Created and integrated data services to your app</strong></li>\n<li><b>Added CRUD features to your app</b></li></ol><br/>\n\n<p>To learn more on what you can do with  Volt MX Iris, visit  <a href='#'onClick='javascript:openURL(\"https://support.hcltechsw.com/\")'>Base Camp</a>.</p>"
    },
    "pointer": {
        "direction": "left",
        "element": "",
        "type": "none"
    },
    "navigationType": "manual",
    "navigationBar": {
        "left": {
            "text": "Previous",
            "enable": true,
            "hide": false
        },
        "right": {
            "text": "Done",
            "enable": true,
            "hide": false
        }
    },
    "navigationCondition": "",
    "position": "CENTER",
    "meta": {
        "Creator": "Prem Garudadri",
        "CreatedOn": "Wed, 18 Dec 2019 09:39:07 GMT"
    },
    "context": []
}