{
  "kuid": "2cfb29t6-efad-43r9-8cuf-06b2a5nd",
  "id": "VoltMX.ShareAndPreviewAppV9.done",
  "content": {
    "title": "Congratulations",
    "body": "<p>You&rsquo;ve successfully:</p>\n<ul>\n<li><strong>Created an app with forms and added UI elements for each form</strong></li>\n<li><strong>Added navigation between the forms</strong></li>\n<li><strong>Added authentication to the app</strong></li>\n<li><strong>Created and integrated data services to your app</strong></li>\n<li><b>Added CRUD features to your app</b></li></ol><br/>\n\n<p>To learn more on what you can do with  Volt MX Iris, visit  <a href='#'onClick='javascript:openURL(\"https://support.hcltechsw.com/\")'>Base Camp</a>.</p>"
  },
  "pointer": {
    "direction": "left",
    "element": "",
    "type": "none"
  },
  "navigationType": "manual",
  "navigationBar": {
    "left": {
      "text": "Previous",
      "enable": true,
      "hide": false
    },
    "right": {
      "text": "Done",
      "enable": true,
      "hide": false
    }
  },
  "navigationCondition": "",
  "position": "CENTER",
  "meta": {
    "Creator": "Prem Garudadri",
    "CreatedOn": "Wed, 18 Dec 2019 09:39:07 GMT"
  },
  "context": [],
  "localization": {
    "en-us": {
      "content": {
        "title": "Congratulations",
        "body": "<p>You&rsquo;ve successfully:</p>\n<ul>\n<li><strong>Created an app with forms and added UI elements for each form</strong></li>\n<li><strong>Added navigation between the forms</strong></li>\n<li><strong>Added authentication to the app</strong></li>\n<li><strong>Created and integrated data services to your app</strong></li>\n<li><b>Added CRUD features to your app</b></li></ol><br/>\n\n<p>To learn more on what you can do with  Volt MX Iris, visit  <a href='#'onClick='javascript:openURL(\"https://support.hcltechsw.com/\")'>Base Camp</a>.</p>"
      },
      "navigationBar": {
        "left": {
          "text": "Previous"
        },
        "right": {
          "text": "Done"
        }
      }
    },
    "zh-cn": {
      "content": {
        "title": "恭喜",
        "body": "<p>您成功地：</p> \n <ul> \n <li> <strong>创建了一个带有表单的应用，并为每种表单</strong> </li>添加了UI元素 \n <li> <strong>在表单</strong> </li>之间添加导航 \n <li> <strong>在应用程序</strong> </li>中添加了身份验证 \n <li> <strong>为您的应用创建并集成了数据服务</strong> </li> \n <li> <b>在您的应用中添加了crud功能</b> </li> </ol> <br/> \n\n <p>要了解有关您可以使用Volt MX Iris做什么的更多信息，请访问<a href='#'onClick='javascript:openURL(\"https://support.hcltechsw.com/\")'>大本营</a>。</p>"
      },
      "navigationBar": {
        "left": {
          "text": "以前的"
        },
        "right": {
          "text": "完毕"
        }
      }
    },
    "zh-tw": {
      "content": {
        "title": "恭喜",
        "body": "<p>您成功地：</p> \n <ul> \n <li> <strong>創建了一個帶有表單的應用，並為每種表單</strong> </li>添加了UI元素 \n <li> <strong>在表單</strong> </li>之間添加導航 \n <li> <strong>在應用程序</strong> </li>中添加了身份驗證 \n <li> <strong>為您的應用創建並集成了數據服務</strong> </li> \n <li> <b>在您的應用中添加了crud功能</b> </li> </ol> <br/> \n\n <p>要了解有關您可以使用Volt MX Iris做什麼的更多信息，請訪問<a href='#'onClick='javascript:openURL(\"https://support.hcltechsw.com/\")'>大本營</a>。</p>"
      },
      "navigationBar": {
        "left": {
          "text": "以前的"
        },
        "right": {
          "text": "完畢"
        }
      }
    }
  }
}