{
    "kuid": "c733b676-7420-488f-9fd0-e23d5633",
    "id": "Kony.AuthApp.ConfigureActions",
    "content": {
        "title": "Deleting Unwanted Actions",
        "body": "<ol>\n<li>From the <strong>Action Editor</strong> canvas, navigate to <strong>Navigate to Form frmList</strong>. Right-click and select <strong>Delete</strong> for this action.</li>\n<li>From the <strong>Action Editor</strong> canvas, navigate to <strong>Call Identity Service: MicrosoftActiveDirectory$login</strong> &gt; <strong>Success</strong> &gt; <strong>Show Alert</strong>. Right-click and select <strong>Delete</strong> for this action.</li>\n</ol>"
    },
    "position": "BOTTOM_RIGHT",
    "navigationType": "manual",
    "navigationCondition": "",
    "pointer": {
        "direction": "left",
        "element": "",
        "type": "none"
    },
    "navigationBar": {
        "left": {
            "text": "Previous",
            "hide": false,
            "enable": true
        },
        "right": {
            "text": "Next",
            "enable": true,
            "hide": false
        }
    }
}