{
  "kuid": "a6d1fft9-44ab-42r1-b9u8-eadc2cn0",
  "id": "VoltMX.NewLaunchMobApp.Import1",
  "content": {
    "title": "Open the App",
    "body": "<ol>\n<li>After the app is imported, a <strong> Volt MX Iris</strong> dialog appears.<br />Click <strong>OK</strong>.</li>\n<li>From the main menu of the Iris, navigate to <strong>Project</strong> &gt; <strong>Open</strong> &gt; <strong>HCL Reference Architecture</strong>, and select <strong>RecipientsMobile</strong>.<br />The application opens in the <strong>Storyboard</strong> view.</li>\n</ol>"
  },
  "pointer": {
    "direction": "left",
    "element": "",
    "type": "none"
  },
  "navigationType": "manual",
  "navigationBar": {
    "left": {
      "text": "Previous",
      "enable": true,
      "hide": false
    },
    "right": {
      "text": "Next",
      "enable": true,
      "hide": false
    }
  },
  "navigationCondition": "",
  "position": "BOTTOM_RIGHT",
  "meta": {
    "Creator": "Prem Garudadri",
    "CreatedOn": "Wed, 18 Dec 2019 09:17:34 GMT"
  },
  "context": [],
  "localization": {
    "en-us": {
      "content": {
        "title": "Open the App",
        "body": "<ol>\n<li>After the app is imported, a <strong> Volt MX Iris</strong> dialog appears.<br />Click <strong>OK</strong>.</li>\n<li>From the main menu of the Iris, navigate to <strong>Project</strong> &gt; <strong>Open</strong> &gt; <strong>HCL Reference Architecture</strong>, and select <strong>RecipientsMobile</strong>.<br />The application opens in the <strong>Storyboard</strong> view.</li>\n</ol>"
      },
      "navigationBar": {
        "left": {
          "text": "Previous"
        },
        "right": {
          "text": "Next"
        }
      }
    },
    "zh-cn": {
      "content": {
        "title": "打开应用程序",
        "body": "***<ol> \n <li>导入应用后，出现<strong> volt mx iris </strong>对话框。<br />单击<strong> ok ok </strong>。</li> \n <li>从虹膜的主菜单中，导航到<strong> project </strong>＆gt; <strong>打开</strong>＆gt; <strong> hcl参考架构</strong>，然后选择<strong>收件人mobile </strong>。<br />应用程序在<strong>情节板</strong>视图中打开。</li>。{20} \n </ol>"
      },
      "navigationBar": {
        "left": {
          "text": "以前的"
        },
        "right": {
          "text": "下一个"
        }
      }
    },
    "zh-tw": {
      "content": {
        "title": "打開應用程序",
        "body": "***<ol> \n <li>導入應用後，出現<strong> volt mx iris </strong>對話框。<br />單擊<strong> ok ok </strong>。</li> \n <li>從虹膜的主菜單中，導航到<strong> project </strong>＆gt; <strong>打開</strong>＆gt; <strong> hcl參考架構</strong>，然後選擇<strong>收件人mobile </strong>。<br />應用程序在<strong>情節板</strong>視圖中打開。</li>。{20} \n </ol>"
      },
      "navigationBar": {
        "left": {
          "text": "以前的"
        },
        "right": {
          "text": "下一個"
        }
      }
    }
  }
}