{
    "kuid": "f88a878c-c0cb-4bdf-859f-0450b661",
    "id": "Kony.NewLaunchApp.Publish1",
    "content": {
        "title": "Run the App",
        "body": "<ol><li>From the <b>Live Preview Settings</b> window, under <b>Native</b>, select the checkboxes next to the OS of the <b>mobile</b> device on which you are going to view the app. <br/>For example: <b>iOS </b> and <b>Android</b>.<br/>Ensure that you have unselected the checkboxes for all the other platforms and channels. </li>\n<li>Click <b>Save & Run</b>.<br/>It may take some time for Visualizer to show the <b>Live Preview is ready</b> window. </li></ol>"
    },
    "pointer": {
        "direction": "left",
        "element": "",
        "type": "none"
    },
    "navigationType": "manual",
    "navigationBar": {
        "left": {
            "text": "Previous",
            "enable": true,
            "hide": false
        },
        "right": {
            "text": "Next",
            "enable": true,
            "hide": false
        }
    },
    "navigationCondition": "",
    "position": "BOTTOM_RIGHT",
    "meta": {
        "Creator": "Rashmi Menon",
        "CreatedOn": "Tue, 08 Jan 2019 10:03:14 GMT"
    },
    "context": []
}