{
  "kuid": "ffd088td-21a5-46r4-a5uf-2d3247nc",
  "id": "VoltMX.IntroductiontoNFIV9.eventCode1",
  "content": {
    "title": "Link the code to the UI Elements",
    "body": "<ol>\n<li>Enter <strong>Invoke Function</strong> in the search bar and select <strong>Invoke Function</strong> under the <strong>Function</strong>\nSection.</li>\n<li>From the right pane of the <strong>Action Editor</strong>, for the drop-down <strong>Function Name</strong>, select <strong>openDeviceSettings</strong>.</li>\n<li>Click <strong>Save</strong>.</li>\n</ol>"
  },
  "pointer": {
    "direction": "left",
    "element": {
      "module": "actioneditor",
      "css_selector": "input[class *='searchTextBox']"
    },
    "type": "default"
  },
  "navigationType": "manual",
  "navigationBar": {
    "left": {
      "text": "Previous",
      "enable": true,
      "hide": false
    },
    "right": {
      "text": "Next",
      "enable": true,
      "hide": false
    }
  },
  "navigationCondition": "",
  "position": "CENTER",
  "meta": {
    "Creator": "Rashmi Menon",
    "CreatedOn": "Wed, 27 Nov 2019 11:57:40 GMT"
  },
  "context": [],
  "localization": {
    "en-us": {
      "content": {
        "title": "Link the code to the UI Elements",
        "body": "<ol>\n<li>Enter <strong>Invoke Function</strong> in the search bar and select <strong>Invoke Function</strong> under the <strong>Function</strong>\nSection.</li>\n<li>From the right pane of the <strong>Action Editor</strong>, for the drop-down <strong>Function Name</strong>, select <strong>openDeviceSettings</strong>.</li>\n<li>Click <strong>Save</strong>.</li>\n</ol>"
      },
      "navigationBar": {
        "left": {
          "text": "Previous"
        },
        "right": {
          "text": "Next"
        }
      }
    },
    "zh-cn": {
      "content": {
        "title": "将代码链接到UI元素",
        "body": "***<ol> \n <li>在搜索栏中输入<strong> Indoke函数</strong>，然后在<strong>函数</strong>下选择<strong> Indoke函数</strong> \n 部分。</li> \n <li>从<strong>操作编辑器的右窗格</strong>，对于下拉下<strong>函数名称</strong>，选择<strong> opendevicesettings </strong>。</li>。{16} \n <li>单击<strong>保存</strong>。</li> \n </ol>"
      },
      "navigationBar": {
        "left": {
          "text": "以前的"
        },
        "right": {
          "text": "下一个"
        }
      }
    },
    "zh-tw": {
      "content": {
        "title": "將代碼鏈接到UI元素",
        "body": "***<ol> \n <li>在搜索欄中輸入<strong> Indoke函數</strong>，然後在<strong>函數</strong>下選擇<strong> Indoke函數</strong> \n 部分。</li> \n <li>從<strong>操作編輯器的右窗格</strong>，對於下拉下<strong>函數名稱</strong>，選擇<strong> opendevicesettings </strong>。</li>。{16} \n <li>單擊<strong>保存</strong>。</li> \n </ol>"
      },
      "navigationBar": {
        "left": {
          "text": "以前的"
        },
        "right": {
          "text": "下一個"
        }
      }
    }
  }
}