{
  "Tour.NFIBarcodeV9": {
    "description": " यात्रा का विवरण"
  },
  "Hike.VoltMX.NFIBarcodeV9": {
    "description": " वृद्धि का विवरण"
  },
  "Card.VoltMX.NFIBarcodeV9.addCode": {
    "content": {
      "title": " नियंत्रक में कोड जोड़ें",
      "body": "<ol>\n<li> बारकोड स्कैनर को लागू करने के लिए कोड डाउनलोड करें<a href='#'onClick='javascript:openURL(\"https://raw.githubusercontent.com/HCL-TECH-SOFTWARE/volt-mx-tutorials/master/public/samples/NFIBarcode.zip\")'> यहाँ</a>.</li>\n<li> डाउनलोड की गई फ़ाइल खोलें और उसकी सामग्री को कॉपी करें।</li>\n<li> से<strong> परियोजना</strong> एक्सप्लोरर, नेविगेट करने के लिए<strong> मोबाइल</strong> &gt;<strong> नियंत्रक</strong>.</li>\n<li> चुनें<strong> बारकोड स्कैनर नियंत्रक</strong>.<br /> फ़ाइल कैनवास पर संपादन मोड में खुलती है।</li>\n<li> कॉपी किए गए कोड को दर्ज करें<strong> बारकोड स्कैनर नियंत्रक</strong>.</li><li> मुख्य मेनू से नेविगेट करें<b> परियोजना</b> और चुनें<b> सभी सहेजें</b>.</li>\n</ol>"
    },
    "navigationBar": {
      "left": {
        "text": " पिछला"
      },
      "right": {
        "text": " अगला"
      }
    }
  },
  "Card.VoltMX.NFIBarcodeV9.addCollection": {
    "content": {
      "title": " एक संग्रह जोड़ें",
      "body": "<ol>\n<li> मुख्य मेनू से नेविगेट करें<strong> परियोजना</strong> &gt;<strong> आयात:</strong> &gt;<strong> पुस्तकालय में घटक</strong>.<br /> फ़ाइल एक्सप्लोरर खुलता है।</li>\n<li> UI संग्रह डाउनलोड स्थान पर नेविगेट करें और ज़िप फ़ाइल चुनें।</li>\n<li> क्लिक करें<strong> खुला</strong>.<br /> The<strong> मार्केटप्लेस आइटम आयात करें</strong> विंडो प्रकट होती है।</li>\n<li> निम्नलिखित विवरण भरें।<br /> पुस्तकालय का नाम:<b> NFI संग्रह</b><br /> संग्रह का नाम:<b> बारकोड स्कैनर</b></li>\n</ol>\n<p> आप इसमें जोड़ा गया UI संग्रह देख सकते हैं<strong> मेरी लाइब्रेरी</strong> टैब।</p>"
    },
    "navigationBar": {
      "left": {
        "text": " पिछला"
      },
      "right": {
        "text": " अगला"
      }
    }
  },
  "Card.VoltMX.NFIBarcodeV9.addFramework": {
    "content": {
      "title": " अपने ऐप में फ्रेमवर्क जोड़ें",
      "body": "<ol>\n<li> मुख्य मेनू से नेविगेट करें<strong> संपादित करें</strong> &gt;<strong> नेटिव फंक्शन एपीआई प्रबंधित करें</strong>.<br /> The<strong> नेटिव फंक्शन इंटरफेस: MyBarCodeScanner</strong> विंडो प्रकट होती है।</li>\n<li> पर नेविगेट करें<strong> Android</strong> टैब और क्लिक करें<strong> जोड़ें</strong>.<strong><br /> </strong> The<strong> पैकेज जोड़ें</strong> विंडो प्रकट होती है।</li>\n</ol>"
    },
    "navigationBar": {
      "left": {
        "text": " पिछला"
      },
      "right": {
        "text": " अगला"
      }
    }
  },
  "Card.VoltMX.NFIBarcodeV9.addFramework1": {
    "content": {
      "title": " Android फ्रेमवर्क जोड़ें",
      "body": "<ol>\n<li> विंडो के ऊपर सर्च बार में टाइप करें<strong> android.app.job</strong>.</li>\n<li> अंडर<strong> Android API स्तर 28 आगे,</strong> का चयन करें<strong> android.</strong><strong> app.job</strong> फ्रेमवर्क।</li>\n<li> इसी तरह, निम्नलिखित ढांचे को खोजें और चुनें:<ul>\n<li><strong> android.content</strong></li>\n<li><strong> android.net</strong></li>\n<li><strong> android.support.v8.renderscript</strong></li>\n<li><strong> android.view</strong></li>\n<li><strong> android.webkit</strong></li>\n<li><strong> java.lang</strong></li>\n<li><strong> java.util</strong></li>\n</ul>\n</li>\n<li> क्लिक करें<strong> जोड़ें</strong>.</li>\n<li> बंद करें<strong> नेटिव फंक्शन इंटरफेस: MyBarCodeScanner</strong></li>\n</ol>\n<p> बारकोड स्कैनर तक पहुंचने के लिए आवश्यक सभी ढांचे जोड़े गए हैं।</p>"
    },
    "navigationBar": {
      "left": {
        "text": " पिछला"
      },
      "right": {
        "text": " अगला"
      }
    }
  },
  "Card.VoltMX.NFIBarcodeV9.connectDevice": {
    "content": {
      "title": " अपना मोबाइल डिवाइस कनेक्ट करें",
      "body": "<ol>\n<li> USB केबल का उपयोग करके अपने मोबाइल डिवाइस को अपने कंप्यूटर से कनेक्ट करें।<br /> एंड्रॉइड मोबाइल डिवाइस के लिए, सुनिश्चित करें कि यूएसबी का उपयोग इस प्रकार सेट है<strong> स्थानांतरण</strong> <strong> फ़ाइलें</strong>.</li>\n</ol>"
    },
    "navigationBar": {
      "left": {
        "text": " पिछला"
      },
      "right": {
        "text": " अगला"
      }
    }
  },
  "Card.VoltMX.NFIBarcodeV9.done": {
    "content": {
      "title": " बधाई",
      "body": "<p> आपने सफलतापूर्वक:</p>\n<ul><b>\n<li> एक प्रोजेक्ट में बारकोड स्कैनर Android NFI जोड़ा गया</li>\n<li> Android NFI को लागू करने के लिए कोड जोड़ा गया।</li>\n<li> एंड्रॉइड डिवाइस पर एप्लिकेशन को बनाया और देखा।</li></b>\n</ul>\n<p> एनएफआई और बारकोड स्कैनर के कार्यान्वयन के बारे में अधिक जानकारी के लिए दिए गए नमूना आवेदन देखें<a href='#'onClick='javascript:openURL(\"https://support.hcltechsw.com/csm?id=kb_article&sys_id=5c672ff91b33e410a67e9759bc4bcb77\")'> यहाँ</a>.</p>\n<p> आप एनएफआई के लिए दस्तावेज भी देख सकते हैं<a href='#'onClick='javascript:openURL(\"https://opensource.hcltechsw.com/volt-mx-docs/docs/documentation/Iris/iris_nf_api_dev_guide/content/native_function.html\")'> यहाँ</a>.</p>"
    },
    "navigationBar": {
      "left": {
        "text": " पिछला"
      },
      "right": {
        "text": " हो गया"
      }
    }
  },
  "Card.VoltMX.NFIBarcodeV9.eventCode": {
    "content": {
      "title": " UI से लिंक कोड",
      "body": "<ol>\n<li> से<strong> परियोजना</strong> एक्सप्लोरर, नेविगेट करने के लिए<strong> मोबाइल</strong> &gt;<strong> प्रपत्र</strong>.</li>\n<li> चुनें<strong> बारकोड स्कैनर</strong>.</li>\n<li> से<strong> गुण</strong> पैनल, और नेविगेट करें<strong> क्रिया</strong> टैब।</li>\n<li> के तहत<strong> सामान्य</strong> अनुभाग, के लिए<strong> पोस्टशो</strong> घटना, क्लिक करें<strong> संपादित करें</strong>.<br/> The<b> एक्शन एडिटर</b> विंडो प्रकट होती है।</li>\n</ol>"
    },
    "navigationBar": {
      "left": {
        "text": " पिछला"
      },
      "right": {
        "text": " अगला"
      }
    }
  },
  "Card.VoltMX.NFIBarcodeV9.eventCode1": {
    "content": {
      "title": " UI से लिंक कोड",
      "body": "<ol>\n<li> के बाएं मेनू से<strong> एक्शन एडिटर</strong> , के तहत<strong> समारोह:</strong> अनुभाग, चुनें<strong> फ़ंक्शन को आमंत्रित करें</strong>.</li>\n<li> के दाएँ फलक से<strong> एक्शन एडिटर</strong> , ड्रॉप-डाउन के लिए<strong> समारोह का नाम</strong> , चुनें<strong> फॉर्मपोस्टशो</strong>.</li><li> क्लिक करें<b> सहेजें</b>.</li>\n</ol>"
    },
    "navigationBar": {
      "left": {
        "text": " पिछला"
      },
      "right": {
        "text": " अगला"
      }
    }
  },
  "Card.VoltMX.NFIBarcodeV9.eventCodeClick": {
    "content": {
      "title": " बटन को ईवेंट असाइन करें",
      "body": "<ol>\n<li> से<strong> परियोजना</strong> एक्सप्लोरर, विस्तार करें<strong> मोबाइल</strong> &gt;<strong> प्रपत्र</strong> > <b> बारकोड स्कैनर</b> > <b> flxBarCodeScanner</b> और चुनें<strong> बटनगोल</strong>.</li>\n<li> आइरिस के ऊपरी-दाएँ कोने से नेविगेट करें<strong> गुण</strong> पैनल &gt;<strong> क्रिया</strong>.</li>\n<li> अंडर<strong> सामान्य</strong> , के लिए<strong> ऑनक्लिक</strong> घटना, क्लिक करें<strong> संपादित करें</strong>.<br/> The<b> एक्शन एडिटर</b> विंडो प्रकट होती है।</li>\n</ol>"
    },
    "navigationBar": {
      "left": {
        "text": " पिछला"
      },
      "right": {
        "text": " अगला"
      }
    }
  },
  "Card.VoltMX.NFIBarcodeV9.eventCodeClick1": {
    "content": {
      "title": " क्लिक इवेंट को फ़ंक्शन असाइन करें",
      "body": "<ol>\n<li> के बाएँ फलक से<strong> एक्शन एडिटर</strong> , के तहत<strong> कार्य</strong> , चुनें<strong> फ़ंक्शन को आमंत्रित करें</strong>.</li>\n<li> के दाएँ फलक से<strong> एक्शन एडिटर</strong> , ड्रॉप-डाउन के लिए<strong> समारोह का नाम</strong> , चुनें<strong> स्कैनबारकोड</strong>.</li><li> क्लिक करें<b> सहेजें</b>.</li>\n</ol>"
    },
    "navigationBar": {
      "left": {
        "text": " पिछला"
      },
      "right": {
        "text": " अगला"
      }
    }
  },
  "Card.VoltMX.NFIBarcodeV9.intro": {
    "content": {
      "title": " NFI तृतीय-पक्ष लाइब्रेरी का उपयोग करना",
      "body": "<p><strong> नेटिव फंक्शन इंटरफेस (NFI)</strong> जावास्क्रिप्ट रैपर हैं जो ऐप डेवलपर को एंड्रॉइड या आईओएस विशिष्ट सुविधाओं को लागू करने में मदद करते हैं<strong> वोल्ट एमएक्स आईरिस</strong>.</p>\n<br/>\n<p> इस वृद्धि में, हम Android-विशिष्ट ढांचे और NFI का उपयोग करके एक ऐप में बारकोड स्कैनर सुविधा को लागू करेंगे।</p>\n<br/>\n<p> बारकोड विभिन्न प्रकार के डेटा जैसे उत्पाद मॉडल नंबर, बैच नंबर और कीमत को स्टोर और ट्रैक करते हैं। बारकोड स्कैनर या रीडर बारकोड में दी गई जानकारी को कैप्चर करता है और पढ़ता है।</p>"
    },
    "navigationBar": {
      "left": {
        "text": " पिछला"
      },
      "right": {
        "text": " प्रारंभ"
      }
    }
  },
  "Card.VoltMX.NFIBarcodeV9.intro1": {
    "content": {
      "title": " NFI तृतीय-पक्ष लाइब्रेरी का उपयोग करना",
      "body": "<p><strong> चलिए शुरू करते हैं!</strong></p>\n<p> इस वृद्धि में, हम करेंगे:</p>\n<ol>\n<li> किसी ऐप में संग्रह लाइब्रेरी को आयात करना और उसे एक रूप में उपयोग करना सीखें।</li>\n<li> एंड्रॉइड ऐप के लिए बारकोड स्कैनर के लिए आवश्यक नेटिव फंक्शन एपीआई को कॉन्फ़िगर करें।</li>\n<li> बारकोड स्कैनिंग कार्यक्षमता के लिए प्रपत्र नियंत्रक में कोड जोड़ें।</li>\n<li> ऐप बनाएं, प्रकाशित करें और देखें।</li>\n</ol>\n<p> शुरू करने से पहले:</p>\n<ul>\n<li> गूगल प्ले स्टोर से डाउनलोड करें<a href='#'onClick='javascript:openURL(\"https://play.google.com/store/apps/details?id=com.google.zxing.client.android&amp;hl=en_IN\")'> बारकोड स्कैनर</a></li>\n<li> UI संग्रह डाउनलोड करें:<a href='#'onClick='javascript:openURL(\"https://github.com/HCL-TECH-SOFTWARE/volt-mx-tutorials/raw/master/public/samples/flxBarCodeScanner.zip\")'> flxबारकोड स्कैनर</a>.</li>\n</ul>\n<p><strong> जब आप तैयार हों, तो अगला क्लिक करें!</strong></p>"
    },
    "navigationBar": {
      "left": {
        "text": " पिछला"
      },
      "right": {
        "text": " अगला"
      }
    }
  },
  "Card.VoltMX.NFIBarcodeV9.NewProject1": {
    "content": {
      "title": " एक नया प्रोजेक्ट बनाएं",
      "body": "<ol>\n<li> नेविगेट करें<strong> परियोजना</strong> &gt;<strong> नई परियोजना</strong>.</li>\n<li> से<strong> आप अभी क्या शुरू करना चाहते हैं?</strong> विंडो, चुनें<strong> मूल ऐप</strong>.</li>\n<li> क्लिक करें<strong> अगला</strong>.<br/> The<b> आपने एक नेटिव ऐप से शुरुआत की</b> विंडो खुलती है।</li>\n</ol>"
    },
    "navigationBar": {
      "left": {
        "text": " पिछला"
      },
      "right": {
        "text": " अगला"
      }
    }
  },
  "Card.VoltMX.NFIBarcodeV9.NewProject2": {
    "content": {
      "title": " एक नया प्रोजेक्ट बनाएं",
      "body": "<ol>\n<li> अंडर<strong> परियोजना का नाम</strong> , दर्ज करें<strong> MyBarcodeScanner</strong>.</li>\n<li> क्लिक करें<strong> बनाएँ</strong>.<br /> एक फ्लेक्स फॉर्म के साथ एक नया एप्लिकेशन बनाया गया है।<br /> आवेदन में खुलता है<strong> स्टोरीबोर्ड</strong> देखें।</li>\n</ol>"
    },
    "navigationBar": {
      "left": {
        "text": " पिछला"
      },
      "right": {
        "text": " अगला"
      }
    }
  },
  "Card.VoltMX.NFIBarcodeV9.publish": {
    "content": {
      "title": " ऐप प्रकाशित करें",
      "body": "<ol>\n<li> मुख्य मेनू से नेविगेट करें<strong> बिल्ड</strong>.</li>\n<li> क्लिक करें<strong> मूल निवासी बनाएं और प्रकाशित करें</strong>.<br /> The<strong> मूल निवासी बनाएं और प्रकाशित करें</strong> विंडो प्रकट होती है।</li>\n</ol>"
    },
    "navigationBar": {
      "left": {
        "text": " पिछला"
      },
      "right": {
        "text": " अगला"
      }
    }
  },
  "Card.VoltMX.NFIBarcodeV9.publishApp1": {
    "content": {
      "title": " ऐप प्रकाशित करें",
      "body": "<ol>\n<li> से<strong> पोस्ट बिल्ड एक्शन</strong> ड्रॉप-डाउन मेनू, चुनें<strong> मेरे डिवाइस पर चलाएँ</strong>.</li>\n<li> से<strong> कॉन्फ़िगर किए गए डिवाइस</strong> अनुभाग, के अंतर्गत<strong> मोबाइल</strong> , अपना मोबाइल चुनें</li>\n<li> से<strong> बिल्ड मोड</strong> ड्रॉप-डाउन मेनू, चुनें<strong> डीबग</strong>.</li>\n<li> क्लिक करें<strong> बिल्ड</strong>.</li>\n</ol>\n<p> आइरिस को ऐप बनाने और लॉन्च करने में कुछ मिनट लग सकते हैं।</p>"
    },
    "navigationBar": {
      "left": {
        "text": " पिछला"
      },
      "right": {
        "text": " अगला"
      }
    }
  },
  "Card.VoltMX.NFIBarcodeV9.rename": {
    "content": {
      "title": " फॉर्म का नाम बदलें",
      "body": "<ol>\n<li> में<strong> स्टोरीबोर्ड</strong> देखें, नए फॉर्म के ऊपर, क्लिक करें<strong> फॉर्म1</strong>.</li>\n<li> फॉर्म का नाम बदलें<strong> बारकोड स्कैनर</strong>.</li>\n<li> प्रपत्र में विजेट जोड़ने के लिए, प्रपत्र में प्रपत्र खोलने के लिए प्रपत्र पर डबल-क्लिक करें<strong> डिज़ाइन</strong> देखें।</li>\n</ol>"
    },
    "navigationBar": {
      "left": {
        "text": " पिछला"
      },
      "right": {
        "text": " अगला"
      }
    }
  },
  "Card.VoltMX.NFIBarcodeV9.uiForm": {
    "content": {
      "title": " प्रपत्र के लिए UI डिज़ाइन",
      "body": "<ol>\n<li> से<strong> परियोजना</strong> एक्सप्लोरर, नेविगेट करने के लिए<strong> मोबाइल</strong> &gt;<strong> प्रपत्र,</strong> और चुनें<strong> बारकोड स्कैनर</strong>.</li>\n<li> वोल्ट एमएक्स आइरिस के निचले-बाएँ कोने में, नेविगेट करें<strong> मेरी लाइब्रेरी</strong></li>\n<li> सुनिश्चित करें कि पुस्तकालय:<strong> NFI संग्रह</strong> और संग्रह:<strong> बारकोड स्कैनर</strong> खुले हैं।<br /> चुनें<strong> flxबारकोड स्कैनर</strong> संग्रह करें और इसे इस पर छोड़ दें<strong> बारकोड स्कैनर</strong> कैनवास पर प्रपत्र।</li>\n</ol>"
    },
    "navigationBar": {
      "left": {
        "text": " पिछला"
      },
      "right": {
        "text": " अगला"
      }
    }
  },
  "Card.VoltMX.NFIBarcodeV9.view": {
    "content": {
      "title": " ऐप देखें",
      "body": "<ol>\n<li> आपके मोबाइल डिवाइस पर, एक सफल लॉन्च के बाद,<strong> वोल्ट एमएक्स जावास्क्रिप्ट डीबगर कॉन्फ़िगरेशन</strong> विंडो प्रकट होती है।<br /> क्लिक करें<strong> रद्द करें</strong>.</li>\n<li> क्लिक करें<strong> स्कैन शुरू करें</strong>.</li>\n<li> स्क्रीन पर कैमरे का उपयोग करके, किसी भी बारकोड को स्कैन करें।<br /> बारकोड को स्कैन करने के बाद, बारकोड का मान ऐप में लेबल में दिखाई देता है।</li>\n</ol>"
    },
    "navigationBar": {
      "left": {
        "text": " पिछला"
      },
      "right": {
        "text": " अगला"
      }
    }
  }
}