{
    "kuid": "23b227t7-ddad-4bre-a8ua-32e6edn2",
    "id": "Kony.PubishAppEnterpriseStoreV9.view",
    "content": {
        "title": "View the App",
        "body": "<ol>\n<li>From the <strong>Your App is ready </strong>window, you have two options to view the <strong>Enterprise App Store </strong>on your mobile device:\n<ul>\n<li><strong>Launch from your App Store</strong></li>\n<li><strong>Scan QR Code with Device Camera</strong></li>\n</ul></li>\n<li>Enter the link given under <strong>Launch from your App Store</strong> or scan the QR code in your mobile device to open the Enterprise App Store.</li>\n<li>Click <strong>GET</strong> next to the app name <b>RecipientsMobile</b>.</li>\n<li>The installation file for the mobile app downloads to your mobile device.<br/>\nInstall this file to open and view the app.</li>\n</ol>"
    },
    "pointer": {
        "direction": "left",
        "element": "",
        "type": "none"
    },
    "navigationType": "manual",
    "navigationBar": {
        "left": {
            "text": "Previous",
            "enable": true,
            "hide": false
        },
        "right": {
            "text": "Next",
            "enable": true,
            "hide": false
        }
    },
    "navigationCondition": "",
    "position": "BOTTOM_RIGHT",
    "meta": {
        "Creator": "Prem Garudadri",
        "CreatedOn": "Wed, 18 Dec 2019 10:02:35 GMT"
    },
    "context": []
}