{
  "kuid": "059081ta-9bab-40rc-adu8-4b74a5n3",
  "id": "VoltMX.ResponsiveBreakV9.editoptLayout2",
  "content": {
    "title": "Optimizing Layout for Last Name",
    "body": "<ol>\n<li>From the <strong>Project</strong> explorer, expand <strong>Responsive Web / Desktop </strong> &gt; <strong> Forms </strong> &gt; <strong>frmEditRecipient </strong>&gt;<strong> flxEditRecipient </strong>&gt;<strong> flxEntryFields&nbsp;</strong>&gt; <strong>flxNames</strong>, and select <strong>flxLastName</strong>.</li>\n<li>From the <strong>Properties</strong> panel, navigate to the <strong>Look </strong>tab.</li>\n<li>Under the <strong>Flex</strong> section, modify the following values:<br />\n<ul>\n<li>Left: <b>0 Dp</b></li>\n<li>Top: <b>24 Dp</b></li>\n<li>Height: <b>66 Dp</b></li>\n</ul>\n</li>\n</ol>"
  },
  "pointer": {
    "direction": "right",
    "element": {
      "module": "projectexplorer",
      "path": "project-body\\project\\Responsive Web / Desktop"
    },
    "type": "default"
  },
  "navigationType": "manual",
  "navigationBar": {
    "left": {
      "text": "Previous",
      "enable": true,
      "hide": false
    },
    "right": {
      "text": "Next",
      "enable": true,
      "hide": false
    }
  },
  "navigationCondition": "",
  "position": "BOTTOM_RIGHT",
  "meta": {
    "Creator": "Rashmi Menon",
    "CreatedOn": "Sat, 29 Feb 2020 03:35:04 GMT"
  },
  "context": [],
  "localization": {
    "en-us": {
      "content": {
        "title": "Optimizing Layout for Last Name",
        "body": "<ol>\n<li>From the <strong>Project</strong> explorer, expand <strong>Responsive Web / Desktop </strong> &gt; <strong> Forms </strong> &gt; <strong>frmEditRecipient </strong>&gt;<strong> flxEditRecipient </strong>&gt;<strong> flxEntryFields&nbsp;</strong>&gt; <strong>flxNames</strong>, and select <strong>flxLastName</strong>.</li>\n<li>From the <strong>Properties</strong> panel, navigate to the <strong>Look </strong>tab.</li>\n<li>Under the <strong>Flex</strong> section, modify the following values:<br />\n<ul>\n<li>Left: <b>0 Dp</b></li>\n<li>Top: <b>24 Dp</b></li>\n<li>Height: <b>66 Dp</b></li>\n</ul>\n</li>\n</ol>"
      },
      "navigationBar": {
        "left": {
          "text": "Previous"
        },
        "right": {
          "text": "Next"
        }
      }
    },
    "zh-cn": {
      "content": {
        "title": "优化姓氏的布局",
        "body": "<ol> \n <li>从<strong> project </strong>探索器，展开<strong>响应web / desktop </strong>＆gt; <strong>表格</strong>＆gt; <strong> frmeditrecipient </strong>＆gt; <strong> flxedItreCipient </strong>＆gt; <strong> flxentryfields＆nbsp; </strong>＆gt; <strong> flxNames </strong>，然后选择<strong> flxlastName </strong>。</li> \n <li>从<strong> properties </strong>面板，导航到<strong> look </strong> tab。</li> \n <li>在<strong> flex </strong>部分下，修改以下值：<br /> \n <ul> \n <li>左：<b> 0 dp </b> </li> \n <li>顶部：<b> 24 dp </b> </li> \n <li>高度：<b> 66 dp </b> </li> \n </ul> \n </li> \n </ol>"
      },
      "navigationBar": {
        "left": {
          "text": "以前的"
        },
        "right": {
          "text": "下一个"
        }
      }
    },
    "zh-tw": {
      "content": {
        "title": "優化姓氏的佈局",
        "body": "<ol> \n <li>從<strong> project </strong>探索器，展開<strong>響應web / desktop </strong>＆gt; <strong>表格</strong>＆gt; <strong> frmeditrecipient </strong>＆gt; <strong> flxedItreCipient </strong>＆gt; <strong> flxentryfields＆nbsp; </strong>＆gt; <strong> flxNames </strong>，然後選擇<strong> flxlastName </strong>。</li> \n <li>從<strong> properties </strong>面板，導航到<strong> look </strong> tab。</li> \n <li>在<strong> flex </strong>部分下，修改以下值：<br /> \n <ul> \n <li>左：<b> 0 dp </b> </li> \n <li>頂部：<b> 24 dp </b> </li> \n <li>高度：<b> 66 dp </b> </li> \n </ul> \n </li> \n </ol>"
      },
      "navigationBar": {
        "left": {
          "text": "以前的"
        },
        "right": {
          "text": "下一個"
        }
      }
    }
  }
}