{
  "kuid": "e1cdfft2-62a0-4br8-88uc-61fdbcna",
  "id": "VoltMX.ConnectAppUItoDataMob_v9.run",
  "content": {
    "title": "Run the App",
    "body": "<ol>\n<li>From the left Navigation bar, click&nbsp;<strong>Run</strong>.<br /> It will take some time for Iris to display the&nbsp;<strong>Live Preview is ready</strong></li>\n<li>After Iris runs the app, on your <strong>Volt MX App</strong>, click&nbsp;<strong>Launch</strong>.</li>\n<li>You may see an&nbsp;<strong>Application Name&nbsp;</strong>text box. If there is a text box, enter&nbsp;<strong>RecipientsMobApp</strong>, and then click&nbsp;<strong>Launch</strong>.</li>\n</ol>"
  },
  "pointer": {
    "direction": "left",
    "element": {
      "module": "shortcutbar",
      "itemId": "frmKonyLib_preview"
    },
    "type": "default"
  },
  "navigationType": "manual",
  "navigationBar": {
    "left": {
      "text": "Previous",
      "enable": true,
      "hide": false
    },
    "right": {
      "text": "Next",
      "enable": true,
      "hide": false
    }
  },
  "navigationCondition": "",
  "position": "BOTTOM_RIGHT",
  "meta": {
    "Creator": "Rashmi Menon",
    "CreatedOn": "Mon, 23 Mar 2020 08:47:36 GMT"
  },
  "context": [],
  "localization": {
    "en-us": {
      "content": {
        "title": "Run the App",
        "body": "<ol>\n<li>From the left Navigation bar, click&nbsp;<strong>Run</strong>.<br /> It will take some time for Iris to display the&nbsp;<strong>Live Preview is ready</strong></li>\n<li>After Iris runs the app, on your <strong>Volt MX App</strong>, click&nbsp;<strong>Launch</strong>.</li>\n<li>You may see an&nbsp;<strong>Application Name&nbsp;</strong>text box. If there is a text box, enter&nbsp;<strong>RecipientsMobApp</strong>, and then click&nbsp;<strong>Launch</strong>.</li>\n</ol>"
      },
      "navigationBar": {
        "left": {
          "text": "Previous"
        },
        "right": {
          "text": "Next"
        }
      }
    },
    "zh-cn": {
      "content": {
        "title": "运行应用程序",
        "body": "***<ol> \n <li>从左导航栏中，单击＆nbsp; <strong>运行</strong>。<br /> {4} iris将需要一些时间才能显示＆nbsp; <strong> Live Preview已准备就绪</strong> </li> {7} {7} \n <li>虹膜在您的<strong> volt mx app </strong>上运行应用程序后，单击＆nbsp; <strong>启动</strong>。</li> \n <li>您可以看到AN＆nbsp; <strong>应用程序名称＆nbsp; </strong>文本框。 如果有一个文本框，请输入＆nbsp; <strong>收件人mobapp </strong>，然后单击＆nbsp; <strong>启动</strong>。</li> \n </ol>"
      },
      "navigationBar": {
        "left": {
          "text": "以前的"
        },
        "right": {
          "text": "下一个"
        }
      }
    },
    "zh-tw": {
      "content": {
        "title": "運行應用程序",
        "body": "***<ol> \n <li>從左導航欄中，單擊＆nbsp; <strong>運行</strong>。<br /> {4} iris將需要一些時間才能顯示＆nbsp; <strong> Live Preview已準備就緒</strong> </li> {7} {7} \n <li>虹膜在您的<strong> volt mx app </strong>上運行應用程序後，單擊＆nbsp; <strong>啟動</strong>。</li> \n <li>您可以看到AN＆nbsp; <strong>應用程序名稱＆nbsp; </strong>文本框。 如果有一個文本框，請輸入＆nbsp; <strong>收件人mobapp </strong>，然後單擊＆nbsp; <strong>啟動</strong>。</li> \n </ol>"
      },
      "navigationBar": {
        "left": {
          "text": "以前的"
        },
        "right": {
          "text": "下一個"
        }
      }
    }
  }
}