{
  "kuid": "ed97b4te-32a1-48r2-b4u1-d169c0n4",
  "id": "VoltMX.IntroductiontoNFIV9.Intro1",
  "content": {
    "title": "Introduction to NFI",
    "body": "<p><strong>Let&rsquo;s get started!</strong></p>\n<p>In this hike, we will:</p>\n<ul>\n<li>Configure the Android Native Function APIs required to access Device settings on Android device from an app using Volt MX Iris.</li>\n<li>Add code in the form controller to access Device Settings</li>\n<li>Build, Publish, and View the app.</li>\n</ul>\n<p><strong>When you&rsquo;re ready, click Next!</strong></p>"
  },
  "pointer": {
    "direction": "left",
    "element": "",
    "type": "none"
  },
  "navigationType": "manual",
  "navigationBar": {
    "left": {
      "text": "Previous",
      "enable": true,
      "hide": false
    },
    "right": {
      "text": "Next",
      "enable": true,
      "hide": false
    }
  },
  "navigationCondition": "",
  "position": "CENTER",
  "meta": {
    "Creator": "Rashmi Menon",
    "CreatedOn": "Wed, 27 Nov 2019 11:45:47 GMT"
  },
  "context": [],
  "localization": {
    "en-us": {
      "content": {
        "title": "Introduction to NFI",
        "body": "<p><strong>Let&rsquo;s get started!</strong></p>\n<p>In this hike, we will:</p>\n<ul>\n<li>Configure the Android Native Function APIs required to access Device settings on Android device from an app using Volt MX Iris.</li>\n<li>Add code in the form controller to access Device Settings</li>\n<li>Build, Publish, and View the app.</li>\n</ul>\n<p><strong>When you&rsquo;re ready, click Next!</strong></p>"
      },
      "navigationBar": {
        "left": {
          "text": "Previous"
        },
        "right": {
          "text": "Next"
        }
      }
    },
    "zh-cn": {
      "content": {
        "title": "NFI简介",
        "body": "<p> <strong>让我开始！</strong> </p> \n <p>在这次远足中，我们将：</p> \n <ul> \n <li>配置使用volt mx Iris从应用程序上访问Android设备上设备设置所需的Android本机函数API。</li> \n <li>在表单控制器中添加代码以访问设备设置</li> \n <li>构建，发布和查看应用程序。</li> \n </ul> \n <p> <strong>当您准备就绪时，单击下一步！</strong> </p>"
      },
      "navigationBar": {
        "left": {
          "text": "以前的"
        },
        "right": {
          "text": "下一个"
        }
      }
    },
    "zh-tw": {
      "content": {
        "title": "NFI簡介",
        "body": "<p> <strong>讓我開始！</strong> </p> \n <p>在這次遠足中，我們將：</p> \n <ul> \n <li>配置使用volt mx Iris從應用程序上訪問Android設備上設備設置所需的Android本機函數API。</li> \n <li>在表單控制器中添加代碼以訪問設備設置</li> \n <li>構建，發布和查看應用程序。</li> \n </ul> \n <p> <strong>當您準備就緒時，單擊下一步！</strong> </p>"
      },
      "navigationBar": {
        "left": {
          "text": "以前的"
        },
        "right": {
          "text": "下一個"
        }
      }
    }
  }
}