{
    "kuid": "a939ecta-76aa-4frd-99u9-0882c6n0",
    "id": "VoltMX.AddCreatePayeeWeb_v9.confAccount",
    "content": {
        "title": "Configure Navigation to Accounts Screen",
        "body": "<ol>\n<li>From the <strong>Project</strong> explorer, expand <strong>Responsive Web/ Desktop </strong>&gt;<strong> Forms</strong> &gt; <strong>frmAddRecipient </strong>&gt;<strong> flxAddRecipient </strong>&gt;<strong> flxMenu</strong>, and select <strong>flxAccountTab</strong>.</li>\n<li>From the <strong>Properties </strong>panel, navigate to the <strong>Action</strong> tab.</li>\n<li>For the <strong>onClick</strong> event, click <strong>Edit</strong>.<br /> The <strong>Action Editor</strong> window appears.</li>\n</ol>"
    },
    "pointer": {
        "direction": "left",
        "element": {
            "module": "projectexplorer",
            "path": "project-body\\project\\Responsive Web / Desktop\\Forms\\frmAddPayee"
        },
        "type": "default"
    },
    "navigationType": "manual",
    "navigationBar": {
        "left": {
            "text": "Previous",
            "enable": true,
            "hide": false
        },
        "right": {
            "text": "Next",
            "enable": true,
            "hide": false
        }
    },
    "navigationCondition": "",
    "position": "BOTTOM_RIGHT",
    "meta": {
        "Creator": "Rashmi Menon",
        "CreatedOn": "Tue, 25 Feb 2020 05:43:01 GMT"
    },
    "context": []
}