{
    "kuid": "880e27dd-a88c-4cf0-aec9-13ae788c",
    "id": "Kony.NewLaunchApp.Intro",
    "content": {
        "title": "<center>Welcome to Kony Quantum Visualizer</center>",
        "body": "<p><strong>Let&rsquo;s get started!</strong> <br />In this hike, we will:</p>\r\n<ul>\r\n<li>Import a sample application that shows a list of employees</li>\r\n<li>Preview it on your mobile device</li>\r\n</ul>\r\n<p><br /> Before you get started, install the <strong>Kony Quantum App</strong> on your mobile or tablet, from <a href=\"https://play.google.com/store/apps/details?id=com.kony.FunctionPreviewApp&hl=en_IN\"> Google Play store</a> store or the <a href=\"https://itunes.apple.com/us/app/kony-quantum/id1459085071?mt=8\"> App Store</a>.<br /><br /> <strong>When you are ready, click Start!</strong></p>"
    },
    "position": "CENTER",
    "navigationType": "manual",
    "navigationCondition": "",
    "pointer": {
        "direction": "left",
        "element": "",
        "type": "none"
    },
    "navigationBar": {
        "left": {
            "text": "Previous",
            "hide": true,
            "enable": false
        },
        "right": {
            "text": "Start",
            "enable": true,
            "hide": false
        }
    }
}