{
    "kuid": "338fcat1-52af-4drd-98ud-6f78c3na",
    "id": "VoltMX.UserRepositoryAuthV9.addNavtoHome",
    "content": {
        "title": "Add Navigation from Login screen",
        "body": "<ol>\n<li>In the <strong>Design View</strong>, navigate to <strong>Invoke Service name:employeeUserStore$login</strong>, and select <strong>Success</strong>.</li>\n<li>From the <strong>Action Editor </strong>left menu, under the <strong>General</strong> section, select <strong>Navigate to Form</strong>.</li>\n<li>Select <strong>frmHome</strong> from the right pane.</li>\n<li>Navigate to <strong>Invoke Service name:employeeUserStore$login </strong>&gt; <strong>Success</strong>, and select <strong>Show Alert</strong>.</li>\n<li>Right-click and delete <strong>Show Alert</strong>.</li>\n<li>Click <strong>Save</strong>.</li>\n</ol>"
    },
    "pointer": {
        "direction": "left",
        "element": {
            "module": "actioneditor",
            "itemType": "ae-action-type",
            "info": {
                "actionType": "Navigate to Form"
            }
        },
        "type": "default"
    },
    "navigationType": "manual",
    "navigationBar": {
        "left": {
            "text": "Previous",
            "enable": true,
            "hide": false
        },
        "right": {
            "text": "Next",
            "enable": true,
            "hide": false
        }
    },
    "navigationCondition": "",
    "position": "BOTTOM_LEFT",
    "meta": {
        "Creator": "Rashmi Menon",
        "CreatedOn": "Wed, 27 Nov 2019 07:14:52 GMT"
    },
    "context": []
}