{
    "kuid": "4a124et8-a0a8-40rf-8fu4-ebdafdn8",
    "id": "Kony.AuthApp.Mapping.done",
    "content": {
        "title": "Done",
        "body": "<p>You have successfully:</p>\n<ul>\n<li><strong>Created an Identity Service</strong></li>\n<li><strong>Integrated it with the Login form</strong></li>\n</ul>\n<p><br /> To add the Employee details screen and integrate it with the service, check out the next hike: <a class=\"tour-link\" tour=\"59a3910b-e120-468d-8e7e-b763baed\"><strong>5. Add a Details Form</strong></a>.</p>"
    },
    "pointer": {
        "direction": "left",
        "element": "",
        "type": "none"
    },
    "navigationType": "manual",
    "navigationBar": {
        "left": {
            "text": "Previous",
            "enable": true,
            "hide": false
        },
        "right": {
            "text": "Done",
            "enable": true,
            "hide": false
        }
    },
    "navigationCondition": "",
    "position": "CENTER",
    "meta": {
        "Creator": "Rashmi Menon",
        "CreatedOn": "Fri, 18 Jan 2019 10:50:17 GMT"
    },
    "context": []
}