{
  "kuid": "970e03t4-f8aa-49rf-b5u8-c3c278n3",
  "id": "VoltMX.createUIMobV9.addUIPayees",
  "content": {
    "title": "UI for Recipients Form",
    "body": "<ol>\n<li>From the left of the Iris canvas, navigate to the <strong>Default Library</strong>.</li>\n<li>In the search bar that appears, enter <strong>RecipientList</strong>.</li>\n<li>From the results, under <strong>RecipientsMobile</strong>, find <strong>RecipientList</strong>.</li>\n<li>Drag the <strong>RecipientsList</strong> collection onto the <strong>frmRecipients</strong> form on the canvas.</li>\n<li>From the top of the Iris canvas, select the <b>Design</b> tab to open the application in the <b>Design</b> view.</li>\n</ol>"
  },
  "pointer": {
    "direction": "left",
    "element": {
      "module": "konylibrary",
      "path": "default-head"
    },
    "type": "default"
  },
  "navigationType": "manual",
  "navigationBar": {
    "left": {
      "text": "Previous",
      "enable": true,
      "hide": false
    },
    "right": {
      "text": "Next",
      "enable": true,
      "hide": false
    }
  },
  "navigationCondition": "",
  "position": "BOTTOM_RIGHT",
  "meta": {
    "Creator": "Rashmi Menon",
    "CreatedOn": "Wed, 18 Dec 2019 06:57:47 GMT"
  },
  "context": [],
  "localization": {
    "en-us": {
      "content": {
        "title": "UI for Recipients Form",
        "body": "<ol>\n<li>From the left of the Iris canvas, navigate to the <strong>Default Library</strong>.</li>\n<li>In the search bar that appears, enter <strong>RecipientList</strong>.</li>\n<li>From the results, under <strong>RecipientsMobile</strong>, find <strong>RecipientList</strong>.</li>\n<li>Drag the <strong>RecipientsList</strong> collection onto the <strong>frmRecipients</strong> form on the canvas.</li>\n<li>From the top of the Iris canvas, select the <b>Design</b> tab to open the application in the <b>Design</b> view.</li>\n</ol>"
      },
      "navigationBar": {
        "left": {
          "text": "Previous"
        },
        "right": {
          "text": "Next"
        }
      }
    },
    "zh-cn": {
      "content": {
        "title": "UI用于收件人形式",
        "body": "<ol> \n <li>从虹膜画布的左侧，导航到<strong>默认库</strong>。</li> \n <li>在出现的搜索栏中，输入<strong> conterientList </strong>。</li> \n <li>从结果中，在<strong> contoctients mobile </strong>下，查找<strong> colectList </strong>。</li> \n <li>将<strong> colecterSlist </strong>集合拖到<strong> frmrecipents </strong>形式的canvas。</li> \n <li>从虹膜帆布的顶部，选择<b>设计</b>选项卡以在<b>设计</b>视图中打开应用程序。</li> \n </ol>"
      },
      "navigationBar": {
        "left": {
          "text": "以前的"
        },
        "right": {
          "text": "下一个"
        }
      }
    },
    "zh-tw": {
      "content": {
        "title": "UI用於收件人形式",
        "body": "<ol> \n <li>從虹膜畫布的左側，導航到<strong>默認庫</strong>。</li> \n <li>在出現的搜索欄中，輸入<strong> conterientList </strong>。</li> \n <li>從結果中，在<strong> contoctients mobile </strong>下，查找<strong> colectList </strong>。</li> \n <li>將<strong> colecterSlist </strong>集合拖到<strong> frmrecipents </strong>形式的canvas。</li> \n <li>從虹膜帆布的頂部，選擇<b>設計</b>選項卡以在<b>設計</b>視圖中打開應用程序。</li> \n </ol>"
      },
      "navigationBar": {
        "left": {
          "text": "以前的"
        },
        "right": {
          "text": "下一個"
        }
      }
    }
  }
}