{
  "kuid": "e915dbtf-41a2-41rc-b8u2-fac422n8",
  "id": "VoltMX.IntrotoSegmentTempV9.segAction1",
  "content": {
    "title": "Assign Action to Segment",
    "body": "<ol>\n<li>From the top-right corner of the <strong>Action Editor</strong> canvas, select <strong>Design View</strong>.</li>\n<li>From the <strong>Action Editor</strong> left menu, under the <strong>CLIENT </strong>session, select <strong>Show Alert</strong>.</li>\n<li>Provide the following details in the right pane:\n<ul>\n<li>Alert Type: <strong>Info</strong></li>\n<li>Alert Title: <strong>Segment Row Clicked!</strong></li>\n<li>Yes Label: <strong>OK</strong></li>\n<li>Message Type: <strong>Expression</strong></li>\n<li>Alert Message: <strong>\"You have clicked Row:\"+this.view.employeeSegment.selectedRowIndex</strong></li>\n</ul>\n</li><li>Click <b>Save</b>.</li>\n</ol>"
  },
  "pointer": {
    "direction": "left",
    "element": "",
    "type": "none"
  },
  "navigationType": "manual",
  "navigationBar": {
    "left": {
      "text": "Previous",
      "enable": true,
      "hide": false
    },
    "right": {
      "text": "Next",
      "enable": true,
      "hide": false
    }
  },
  "navigationCondition": "",
  "position": "CENTER",
  "meta": {
    "Creator": "Rashmi Menon",
    "CreatedOn": "Mon, 25 Nov 2019 11:50:56 GMT"
  },
  "context": [],
  "localization": {
    "en-us": {
      "content": {
        "title": "Assign Action to Segment",
        "body": "<ol>\n<li>From the top-right corner of the <strong>Action Editor</strong> canvas, select <strong>Design View</strong>.</li>\n<li>From the <strong>Action Editor</strong> left menu, under the <strong>CLIENT </strong>session, select <strong>Show Alert</strong>.</li>\n<li>Provide the following details in the right pane:\n<ul>\n<li>Alert Type: <strong>Info</strong></li>\n<li>Alert Title: <strong>Segment Row Clicked!</strong></li>\n<li>Yes Label: <strong>OK</strong></li>\n<li>Message Type: <strong>Expression</strong></li>\n<li>Alert Message: <strong>\"You have clicked Row:\"+this.view.employeeSegment.selectedRowIndex</strong></li>\n</ul>\n</li><li>Click <b>Save</b>.</li>\n</ol>"
      },
      "navigationBar": {
        "left": {
          "text": "Previous"
        },
        "right": {
          "text": "Next"
        }
      }
    },
    "zh-cn": {
      "content": {
        "title": "为细分分配操作",
        "body": "<ol> \n <li>从<strong>动作编辑器的顶角</strong>画布，选择<strong>设计视图</strong>。</li> \n <li>来自<strong>操作编辑器</strong>左菜单，在<strong> client </strong>会话下，选择<strong> show arter </strong>。</li> \n <li>在正确的窗格中提供以下细节： \n <ul> \n <li>警报类型：<strong> info </strong> </li> \n <li>警报标题：<strong>段行单击！</strong> </li> \n <li>是标签：<strong> OK </strong> </li> \n <li>消息类型：<strong>表达式</strong> </li> \n <li>警报消息：<strong>“您已经单击了行：”+this.view.employeesgement.selectedRowIndex </strong> </li> \n </ul> \n </li> <li>单击<b>保存</b>。</li> \n </ol>"
      },
      "navigationBar": {
        "left": {
          "text": "以前的"
        },
        "right": {
          "text": "下一个"
        }
      }
    },
    "zh-tw": {
      "content": {
        "title": "為細分分配操作",
        "body": "<ol> \n <li>從<strong>動作編輯器的頂角</strong>畫布，選擇<strong>設計視圖</strong>。</li> \n <li>來自<strong>操作編輯器</strong>左菜單，在<strong> client </strong>會話下，選擇<strong> show arter </strong>。</li> \n <li>在正確的窗格中提供以下細節： \n <ul> \n <li>警報類型：<strong> info </strong> </li> \n <li>警報標題：<strong>段行單擊！</strong> </li> \n <li>是標籤：<strong> OK </strong> </li> \n <li>消息類型：<strong>表達式</strong> </li> \n <li>警報消息：<strong>“您已經單擊了行：”+this.view.employeesgement.selectedRowIndex </strong> </li> \n </ul> \n </li> <li>單擊<b>保存</b>。</li> \n </ol>"
      },
      "navigationBar": {
        "left": {
          "text": "以前的"
        },
        "right": {
          "text": "下一個"
        }
      }
    }
  }
}