{
  "kuid": "ec75f9t4-84aa-4fr4-98u9-493962n1",
  "id": "VoltMX.ResponsiveBreakV9.optimizeLayout",
  "content": {
    "title": "Optimize the Layout of Names",
    "body": "<ol>\n<li>From the canvas scale, click <strong>640</strong> for optimizing the layout for the first breakpoint.</li>\n<li>From the <strong>Project</strong> explorer, expand <strong>Responsive Web / Desktop </strong>&gt; <strong> Forms </strong>&gt; <strong>frmAddRecipient </strong>&gt;<strong> flxAddRecipient </strong>&gt;<strong> flxEntryFields</strong>, and select <strong>flxNames</strong>.</li>\n<li>From the <strong>Properties</strong> panel, navigate to the <strong>Look </strong>tab.</li>\n<li>Under the <strong>Flex</strong> section, modify the following values:\n<ul>\n<li>Width: <strong>240 Dp</strong></li>\n<li>Height: <strong>156 Dp</strong></li>\n</ul>\n</li>\n</ol>"
  },
  "pointer": {
    "direction": "top",
    "element": "(function() {let markerElems = document.querySelectorAll('div.markers > div:nth-child(4) > div.breakpoint'); for (let i = 0; i < markerElems.length; i++) {if (markerElems[i].offsetParent !== null) {return markerElems[i]} }  })()",
    "type": "default"
  },
  "navigationType": "manual",
  "navigationBar": {
    "left": {
      "text": "Previous",
      "enable": true,
      "hide": false
    },
    "right": {
      "text": "Next",
      "enable": true,
      "hide": false
    }
  },
  "navigationCondition": "",
  "position": "BOTTOM_RIGHT",
  "meta": {
    "Creator": "Prem Garudadri",
    "CreatedOn": "Thu, 19 Dec 2019 06:20:00 GMT"
  },
  "context": [],
  "localization": {
    "en-us": {
      "content": {
        "title": "Optimize the Layout of Names",
        "body": "<ol>\n<li>From the canvas scale, click <strong>640</strong> for optimizing the layout for the first breakpoint.</li>\n<li>From the <strong>Project</strong> explorer, expand <strong>Responsive Web / Desktop </strong>&gt; <strong> Forms </strong>&gt; <strong>frmAddRecipient </strong>&gt;<strong> flxAddRecipient </strong>&gt;<strong> flxEntryFields</strong>, and select <strong>flxNames</strong>.</li>\n<li>From the <strong>Properties</strong> panel, navigate to the <strong>Look </strong>tab.</li>\n<li>Under the <strong>Flex</strong> section, modify the following values:\n<ul>\n<li>Width: <strong>240 Dp</strong></li>\n<li>Height: <strong>156 Dp</strong></li>\n</ul>\n</li>\n</ol>"
      },
      "navigationBar": {
        "left": {
          "text": "Previous"
        },
        "right": {
          "text": "Next"
        }
      }
    },
    "zh-cn": {
      "content": {
        "title": "优化名称的布局",
        "body": "***<ol> \n <li>从画布刻度中，单击<strong> 640 </strong>以优化第一个断点的布局。</li> \n <li>从<strong> project </strong>探索器，展开<strong>响应web / desktop </strong>＆gt; <strong>表格</strong>＆gt; <strong> frmaddrecipient </strong>＆gt; <strong> flxaddrecipient </strong>＆gt; <strong> flxentryfields </strong>，然后选择<strong> flxnames </strong>。</li>。{20} \n <li>从<strong> properties </strong>面板，导航到<strong> look </strong> tab。</li> \n <li>在<strong> flex </strong>部分下，修改以下值： \n <ul> \n <li>宽度：<strong> 240 dp </strong> </li> \n <li>高度：<strong> 156 dp </strong> </li> \n </ul> \n </li> \n </ol>"
      },
      "navigationBar": {
        "left": {
          "text": "以前的"
        },
        "right": {
          "text": "下一个"
        }
      }
    },
    "zh-tw": {
      "content": {
        "title": "優化名稱的佈局",
        "body": "***<ol> \n <li>從畫布刻度中，單擊<strong> 640 </strong>以優化第一個斷點的佈局。</li> \n <li>從<strong> project </strong>探索器，展開<strong>響應web / desktop </strong>＆gt; <strong>表格</strong>＆gt; <strong> frmaddrecipient </strong>＆gt; <strong> flxaddrecipient </strong>＆gt; <strong> flxentryfields </strong>，然後選擇<strong> flxnames </strong>。</li>。{20} \n <li>從<strong> properties </strong>面板，導航到<strong> look </strong> tab。</li> \n <li>在<strong> flex </strong>部分下，修改以下值： \n <ul> \n <li>寬度：<strong> 240 dp </strong> </li> \n <li>高度：<strong> 156 dp </strong> </li> \n </ul> \n </li> \n </ol>"
      },
      "navigationBar": {
        "left": {
          "text": "以前的"
        },
        "right": {
          "text": "下一個"
        }
      }
    }
  }
}