{
    "kuid": "ec75f9t4-84aa-4fr4-98u9-493962n1",
    "id": "VoltMX.ResponsiveBreakV9.optimizeLayout",
    "content": {
        "title": "Optimize the Layout of Names",
        "body": "<ol>\n<li>From the canvas scale, click <strong>640</strong> for optimizing the layout for the first breakpoint.</li>\n<li>From the <strong>Project</strong> explorer, expand <strong>Responsive Web / Desktop </strong>&gt; <strong> Forms </strong>&gt; <strong>frmAddRecipient </strong>&gt;<strong> flxAddRecipient </strong>&gt;<strong> flxEntryFields</strong>, and select <strong>flxNames</strong>.</li>\n<li>From the <strong>Properties</strong> panel, navigate to the <strong>Look </strong>tab.</li>\n<li>Under the <strong>Flex</strong> section, modify the following values:\n<ul>\n<li>Width: <strong>240 Dp</strong></li>\n<li>Height: <strong>156 Dp</strong></li>\n</ul>\n</li>\n</ol>"
    },
    "pointer": {
        "direction": "top",
        "element": "(function() {let markerElems = document.querySelectorAll('div.markers > div:nth-child(3) > div.breakpoint'); for (let i = 0; i < markerElems.length; i++) {if (markerElems[i].offsetParent !== null) {return markerElems[i]} }  })()",
        "type": "default"
    },
    "navigationType": "manual",
    "navigationBar": {
        "left": {
            "text": "Previous",
            "enable": true,
            "hide": false
        },
        "right": {
            "text": "Next",
            "enable": true,
            "hide": false
        }
    },
    "navigationCondition": "",
    "position": "BOTTOM_RIGHT",
    "meta": {
        "Creator": "Prem Garudadri",
        "CreatedOn": "Thu, 19 Dec 2019 06:20:00 GMT"
    },
    "context": []
}