{
    "kuid": "346f1561-8111-4269-bfec-9d19da32",
    "id": "Kony.FirstApp.CreateForm2",
    "content": {
        "title": "Create the List Form",
        "body": "<ol><li>From the <b>Project</b> explorer, expand <b>Mobile</b>.</li><li>Right-click <b>Forms</b> and select <b>New Form</b>.<br/></li>\n<li>From the <b>Project</b> explorer,  under <b>Forms</b>, right-click on <b>Form1</b>, and select <b>Rename</b>.</li>\n<li>Rename the form <b>frmList</b>.</li></ol>"
    },
    "position": "BOTTOM_RIGHT",
    "navigationType": "manual",
    "navigationCondition": "",
    "pointer": {
        "direction": "left",
        "element": {
            "module": "projectexplorer",
            "path": "project-body\\project\\Mobile\\Forms"
        },
        "type": "default"
    },
    "navigationBar": {
        "left": {
            "text": "Previous",
            "hide": false,
            "enable": true
        },
        "right": {
            "text": "Next",
            "enable": true,
            "hide": false
        }
    }
}