{
  "kuid": "2cd56ftd-feac-49r9-86u3-4eaf0cne",
  "id": "VoltMX.IntrotoSegmentTempV9.uiTemp1",
  "content": {
    "title": "UI of FlexContainer",
    "body": "<ol>\n<li>From the <strong>Templates</strong> explorer, expand <strong>Mobile</strong> &gt; <strong>Segments</strong> &gt; <strong>segmentTemp</strong>.</li>\n<li>Select the <strong>flexContainer</strong> under it.</li>\n<li>From the <strong>Properties</strong> panel, navigate to the <strong>Look</strong> tab.</li>\n<li>Make the following changes:\n<ul>\n<li>Under the <strong>General</strong> section, ID: <strong>flxSeg</strong></li>\n<li>Under the <strong>Flex</strong> section, Height: <strong>84 Dp</strong></li>\n</ul>\n</li>\n</ol>"
  },
  "pointer": {
    "direction": "left",
    "element": {
      "module": "projectexplorer",
      "path": "templates-body\\templates\\Mobile\\Segments"
    },
    "type": "default"
  },
  "navigationType": "manual",
  "navigationBar": {
    "left": {
      "text": "Previous",
      "enable": true,
      "hide": false
    },
    "right": {
      "text": "Next",
      "enable": true,
      "hide": false
    }
  },
  "navigationCondition": "",
  "position": "BOTTOM_RIGHT",
  "meta": {
    "Creator": "Rashmi Menon",
    "CreatedOn": "Mon, 25 Nov 2019 11:43:10 GMT"
  },
  "context": [],
  "localization": {
    "en-us": {
      "content": {
        "title": "UI of FlexContainer",
        "body": "<ol>\n<li>From the <strong>Templates</strong> explorer, expand <strong>Mobile</strong> &gt; <strong>Segments</strong> &gt; <strong>segmentTemp</strong>.</li>\n<li>Select the <strong>flexContainer</strong> under it.</li>\n<li>From the <strong>Properties</strong> panel, navigate to the <strong>Look</strong> tab.</li>\n<li>Make the following changes:\n<ul>\n<li>Under the <strong>General</strong> section, ID: <strong>flxSeg</strong></li>\n<li>Under the <strong>Flex</strong> section, Height: <strong>84 Dp</strong></li>\n</ul>\n</li>\n</ol>"
      },
      "navigationBar": {
        "left": {
          "text": "Previous"
        },
        "right": {
          "text": "Next"
        }
      }
    },
    "zh-cn": {
      "content": {
        "title": "flexcontainer的UI",
        "body": "***<ol> \n <li>从<strong>模板</strong>探索器，展开<strong>移动</strong>＆gt; <strong>段</strong>＆gt; <strong> segmentTemp </strong>。</li> \n <li>在其下选择<strong> flexcontainer </strong>。</li> \n <li>从<strong> properties </strong>面板，导航到<strong> look </strong> tab。</li> \n <li>进行以下更改： \n <ul> \n <li>在<strong>常规</strong>部分，id：<strong> flxSeg </strong> </li> {28} \n <li>在<strong> flex </strong>部分，高度：<strong> 84 dp </strong> </li> \n </ul> \n </li> \n </ol>"
      },
      "navigationBar": {
        "left": {
          "text": "以前的"
        },
        "right": {
          "text": "下一个"
        }
      }
    },
    "zh-tw": {
      "content": {
        "title": "flexcontainer的UI",
        "body": "***<ol> \n <li>從<strong>模板</strong>探索器，展開<strong>移動</strong>＆gt; <strong>段</strong>＆gt; <strong> segmentTemp </strong>。</li> \n <li>在其下選擇<strong> flexcontainer </strong>。</li> \n <li>從<strong> properties </strong>面板，導航到<strong> look </strong> tab。</li> \n <li>進行以下更改： \n <ul> \n <li>在<strong>常規</strong>部分，id：<strong> flxSeg </strong> </li> {28} \n <li>在<strong> flex </strong>部分，高度：<strong> 84 dp </strong> </li> \n </ul> \n </li> \n </ol>"
      },
      "navigationBar": {
        "left": {
          "text": "以前的"
        },
        "right": {
          "text": "下一個"
        }
      }
    }
  }
}