{
  "kuid": "a454eetc-50a0-40rf-b9ue-b82017n9",
  "id": "VoltMX.IntrotoActionEditorV9.openapp",
  "content": {
    "title": "Volt MX App",
    "body": "<ol><li>Connect your <b>mobile</b> device to your computer using a USB cable.<br/>For Android mobile device, ensure that the use of USB is <b>Transfer files</b>.<br/>For iOS mobile device, ensure that a <b>trust</b> has been established between your device and your computer.</li>\n<li>Launch the <b>Volt MX App</b>  on your <b>mobile </b>device.</li><li>Select the <b>USB</b> tab.\n<li>On successful connection, the <b>Iris</b> on your computer shows a success prompt.</li></ol>"
  },
  "pointer": {
    "direction": "left",
    "element": "",
    "type": "none"
  },
  "navigationType": "manual",
  "navigationBar": {
    "left": {
      "text": "Previous",
      "enable": true,
      "hide": false
    },
    "right": {
      "text": "Next",
      "enable": true,
      "hide": false
    }
  },
  "navigationCondition": "",
  "position": "BOTTOM_RIGHT",
  "meta": {
    "Creator": "Rashmi Menon",
    "CreatedOn": "Tue, 26 Nov 2019 05:31:26 GMT"
  },
  "context": [],
  "localization": {
    "en-us": {
      "content": {
        "title": "Volt MX App",
        "body": "<ol><li>Connect your <b>mobile</b> device to your computer using a USB cable.<br/>For Android mobile device, ensure that the use of USB is <b>Transfer files</b>.<br/>For iOS mobile device, ensure that a <b>trust</b> has been established between your device and your computer.</li>\n<li>Launch the <b>Volt MX App</b>  on your <b>mobile </b>device.</li><li>Select the <b>USB</b> tab.\n<li>On successful connection, the <b>Iris</b> on your computer shows a success prompt.</li></ol>"
      },
      "navigationBar": {
        "left": {
          "text": "Previous"
        },
        "right": {
          "text": "Next"
        }
      }
    },
    "zh-cn": {
      "content": {
        "title": "Volt MX应用程序",
        "body": "***<ol> <li>使用USB电缆将您的<b>移动</b>设备连接到计算机。<br/>对于Android移动设备，请确保使用USB的使用为<b>传输文件</b>。{7 }对于iOS移动设备，请确保在您的设备和计算机之间建立了<b>信任</b>。</li> \n <li>在您的<b>移动</b>设备上启动<b> volt mx app </b>。</li> <li>选择<b> usb </b> tab。 \n <li>在成功的连接上，计算机上的<b> iris </b>显示成功提示。</li> </ol>"
      },
      "navigationBar": {
        "left": {
          "text": "以前的"
        },
        "right": {
          "text": "下一个"
        }
      }
    },
    "zh-tw": {
      "content": {
        "title": "Volt MX應用程序",
        "body": "***<ol> <li>使用USB電纜將您的<b>移動</b>設備連接到計算機。<br/>對於Android移動設備，請確保使用USB的使用為<b>傳輸文件</b>。{7 }對於iOS移動設備，請確保在您的設備和計算機之間建立了<b>信任</b>。</li> \n <li>在您的<b>移動</b>設備上啟動<b> volt mx app </b>。</li> <li>選擇<b> usb </b> tab。 \n <li>在成功的連接上，計算機上的<b> iris </b>顯示成功提示。</li> </ol>"
      },
      "navigationBar": {
        "left": {
          "text": "以前的"
        },
        "right": {
          "text": "下一個"
        }
      }
    }
  }
}