{
  "kuid": "63b92etf-89a3-40rb-b3ud-094ab6n8",
  "id": "VoltMX.UserRepositoryAuthV9.run",
  "content": {
    "title": "Run the App",
    "body": "<ol>\n<li>From the <strong>Live Preview Settings</strong> window, select the checkbox for <strong>Responsive Web</strong>.<br /> Make sure you have unselected all the other platforms and channels.</li>\n<li>Click <strong>Save &amp; Run</strong>.<br />It may take some time for Iris to show the <strong>Volt MX Iris Preview </strong>window.</li>\n</ol>"
  },
  "pointer": {
    "direction": "left",
    "element": "",
    "type": "none"
  },
  "navigationType": "manual",
  "navigationBar": {
    "left": {
      "text": "Previous",
      "enable": true,
      "hide": false
    },
    "right": {
      "text": "Next",
      "enable": true,
      "hide": false
    }
  },
  "navigationCondition": "",
  "position": "BOTTOM_RIGHT",
  "meta": {
    "Creator": "Rashmi Menon",
    "CreatedOn": "Wed, 27 Nov 2019 08:11:07 GMT"
  },
  "context": [],
  "localization": {
    "en-us": {
      "content": {
        "title": "Run the App",
        "body": "<ol>\n<li>From the <strong>Live Preview Settings</strong> window, select the checkbox for <strong>Responsive Web</strong>.<br /> Make sure you have unselected all the other platforms and channels.</li>\n<li>Click <strong>Save &amp; Run</strong>.<br />It may take some time for Iris to show the <strong>Volt MX Iris Preview </strong>window.</li>\n</ol>"
      },
      "navigationBar": {
        "left": {
          "text": "Previous"
        },
        "right": {
          "text": "Next"
        }
      }
    },
    "zh-cn": {
      "content": {
        "title": "运行应用程序",
        "body": "***<ol> \n <li>从<strong>实时预览设置</strong>窗口，选择<strong>响应web </strong>的复选框。 \n <li>单击<strong>保存＆amp; 运行</strong>。<br /> iris可能需要一些时间才能显示<strong> volt mx Iris Preview </strong>窗口。</li> \n </ol>"
      },
      "navigationBar": {
        "left": {
          "text": "以前的"
        },
        "right": {
          "text": "下一个"
        }
      }
    },
    "zh-tw": {
      "content": {
        "title": "運行應用程序",
        "body": "***<ol> \n <li>從<strong>實時預覽設置</strong>窗口，選擇<strong>響應web </strong>的複選框。 \n <li>單擊<strong>保存＆amp; 運行</strong>。<br /> iris可能需要一些時間才能顯示<strong> volt mx Iris Preview </strong>窗口。</li> \n </ol>"
      },
      "navigationBar": {
        "left": {
          "text": "以前的"
        },
        "right": {
          "text": "下一個"
        }
      }
    }
  }
}