{
    "kuid": "3e79a9t5-6aab-42rc-8eu4-d23e2an6",
    "id": "VoltMX.NewLaunchMobApp.Viewing",
    "content": {
        "title": "View the App",
        "body": "<p>You will now be able to view the app on your <strong>mobile</strong> device.</p>\n<ol>\n<li>Enter the following login credentials in your app:\n<ul style=\"list-style-type: disc\">\n<li>Username: <strong>john.doe@woodburn.com</strong></li>\n<li>Password: <strong>VoltMX@123</strong></li>\n</ul>\n</li>\n<li>Click <strong>Login</strong>. <br /> The <strong>Accounts List </strong>appears.</li>\n<li>Click <strong>Recipients</strong>. <br /> The <strong>Recipient list</strong>&nbsp;appears.</li>\n</ol>\n<p>In the Recipients list page, you can do the following:</p>\n<ul style=\"list-style-type: circle;\">\n<li>Click Add<strong> (+)</strong>, to add a&nbsp;recipient to your account.</li>\n<li>Select&nbsp;a recipient from the list to view their details.</li><li>From the details page, you can edit or delete the recipient.</li>\n</ul>\n<p>To exit the <strong>mobile app</strong>, swipe two fingers from left to right or shake your mobile device and click <strong>Exit App</strong>.</p>"
    },
    "pointer": {
        "direction": "left",
        "element": "",
        "type": "none"
    },
    "navigationType": "manual",
    "navigationBar": {
        "left": {
            "text": "Previous",
            "enable": true,
            "hide": false
        },
        "right": {
            "text": "Next",
            "enable": true,
            "hide": false
        }
    },
    "navigationCondition": "",
    "position": "BOTTOM_RIGHT",
    "meta": {
        "Creator": "Prem Garudadri",
        "CreatedOn": "Wed, 18 Dec 2019 09:25:24 GMT"
    },
    "context": []
}