{
  "kuid": "3e79a9t5-6aab-42rc-8eu4-d23e2an6",
  "id": "VoltMX.NewLaunchMobApp.Viewing",
  "content": {
    "title": "View the App",
    "body": "<p>You will now be able to view the app on your <strong>mobile</strong> device.</p>\n<ol>\n<li>Enter the following login credentials in your app:\n<ul style=\"list-style-type: disc\">\n<li>Username: <strong>john.doe@woodburn.com</strong></li>\n<li>Password: <strong>VoltMX@123</strong></li>\n</ul>\n</li>\n<li>Click <strong>Login</strong>. <br /> The <strong>Accounts List </strong>appears.</li>\n<li>Click <strong>Recipients</strong>. <br /> The <strong>Recipient list</strong>&nbsp;appears.</li>\n</ol>\n<p>In the Recipients list page, you can do the following:</p>\n<ul style=\"list-style-type: disc\">\n<li>Click Add<strong> (+)</strong>, to add a&nbsp;recipient to your account.</li>\n<li>Select&nbsp;a recipient from the list to view their details.</li>\n<li>From the details page, you can edit or delete the recipient.</li>\n</ul>\n<p>To exit the <strong>mobile app</strong>, swipe two fingers from left to right or shake your mobile device and click <strong>Exit App</strong>.</p>"
  },
  "pointer": {
    "direction": "left",
    "element": "",
    "type": "none"
  },
  "navigationType": "manual",
  "navigationBar": {
    "left": {
      "text": "Previous",
      "enable": true,
      "hide": false
    },
    "right": {
      "text": "Next",
      "enable": true,
      "hide": false
    }
  },
  "navigationCondition": "",
  "position": "BOTTOM_RIGHT",
  "meta": {
    "Creator": "Prem Garudadri",
    "CreatedOn": "Wed, 18 Dec 2019 09:25:24 GMT"
  },
  "context": [],
  "localization": {
    "en-us": {
      "content": {
        "title": "View the App",
        "body": "<p>You will now be able to view the app on your <strong>mobile</strong> device.</p>\n<ol>\n<li>Enter the following login credentials in your app:\n<ul style=\"list-style-type: disc\">\n<li>Username: <strong>john.doe@woodburn.com</strong></li>\n<li>Password: <strong>VoltMX@123</strong></li>\n</ul>\n</li>\n<li>Click <strong>Login</strong>. <br /> The <strong>Accounts List </strong>appears.</li>\n<li>Click <strong>Recipients</strong>. <br /> The <strong>Recipient list</strong>&nbsp;appears.</li>\n</ol>\n<p>In the Recipients list page, you can do the following:</p>\n<ul style=\"list-style-type: disc\">\n<li>Click Add<strong> (+)</strong>, to add a&nbsp;recipient to your account.</li>\n<li>Select&nbsp;a recipient from the list to view their details.</li>\n<li>From the details page, you can edit or delete the recipient.</li>\n</ul>\n<p>To exit the <strong>mobile app</strong>, swipe two fingers from left to right or shake your mobile device and click <strong>Exit App</strong>.</p>"
      },
      "navigationBar": {
        "left": {
          "text": "Previous"
        },
        "right": {
          "text": "Next"
        }
      }
    },
    "zh-cn": {
      "content": {
        "title": "查看应用程序",
        "body": "<p>您现在可以在<strong>移动</strong>设备上查看应用程序。</p> \n <ol> \n <li>在您的应用中输入以下登录凭据： \n <ul style=\"list-style-type: disc\"> \n <li>用户名：<strong> john.doe@woodburn.com </strong> </li> \n <li>密码：<strong> voltmx@123 </strong> </li> \n </ul> \n </li> \n <li>单击<strong>登录</strong>。 <br /> <strong>帐户列表</strong>出现。</li> \n <li>单击<strong>收件人</strong>。 <br /> <strong>收件人列表</strong>＆nbsp;出现。</li> \n </ol> \n <p>在收件人列表页面中，您可以执行以下操作：</p> \n <ul style=\"list-style-type: disc\"> \n <li>单击添加<strong>（+）</strong>，以将a＆nbsp;收件人添加到您的帐户中。</li> \n <li> select＆nbsp;列表中的收件人以查看其详细信息。</li> \n <li>从详细信息页面中，您可以编辑或删除收件人。</li> \n </ul> \n <p>退出<strong>移动应用</strong>，从左到右滑动两个手指，或摇动移动设备，然后单击<strong>退出App </strong>。</p>"
      },
      "navigationBar": {
        "left": {
          "text": "以前的"
        },
        "right": {
          "text": "下一个"
        }
      }
    },
    "zh-tw": {
      "content": {
        "title": "查看應用程序",
        "body": "<p>您現在可以在<strong>移動</strong>設備上查看應用程序。</p> \n <ol> \n <li>在您的應用中輸入以下登錄憑據： \n <ul style=\"list-style-type: disc\"> \n <li>用戶名：<strong> john.doe@woodburn.com </strong> </li> \n <li>密碼：<strong> voltmx@123 </strong> </li> \n </ul> \n </li> \n <li>單擊<strong>登錄</strong>。 <br /> <strong>帳戶列表</strong>出現。</li> \n <li>單擊<strong>收件人</strong>。 <br /> <strong>收件人列表</strong>＆nbsp;出現。</li> \n </ol> \n <p>在收件人列表頁面中，您可以執行以下操作：</p> \n <ul style=\"list-style-type: disc\"> \n <li>單擊添加<strong>（+）</strong>，以將a＆nbsp;收件人添加到您的帳戶中。</li> \n <li> select＆nbsp;列表中的收件人以查看其詳細信息。</li> \n <li>從詳細信息頁面中，您可以編輯或刪除收件人。</li> \n </ul> \n <p>退出<strong>移動應用</strong>，從左到右滑動兩個手指，或搖動移動設備，然後單擊<strong>退出App </strong>。</p>"
      },
      "navigationBar": {
        "left": {
          "text": "以前的"
        },
        "right": {
          "text": "下一個"
        }
      }
    }
  }
}