{
    "kuid": "e388e2t8-b1a1-47r5-a4u6-4a699en2",
    "id": "VoltMX.AddCreatePayeeWeb_v9.configure11",
    "content": {
        "title": "Mapping the Recipients",
        "body": "<ul>\n<li>From the left pane expand <strong>TextField - tbxLastName </strong> and select <strong>text {string}</strong>.<br />From the right pane select <strong>LastName {string}</strong>.</li>\n<li>From the left pane expand <strong>TextField - tbxNickName </strong> and select <strong>text {string}</strong>.<br />From the right pane select <strong>NickName{string}</strong>.</li>\n<li>From the left pane expand <strong>TextField - tbxPhone </strong> and select <strong>text {string}</strong>.<br />From the right pane select <strong>Phone{string}</strong>.</li>\n</ul>"
    },
    "pointer": {
        "direction": "left",
        "element": "",
        "type": "none"
    },
    "navigationType": "manual",
    "navigationBar": {
        "left": {
            "text": "Previous",
            "enable": true,
            "hide": false
        },
        "right": {
            "text": "Next",
            "enable": true,
            "hide": false
        }
    },
    "navigationCondition": "",
    "position": "BOTTOM_RIGHT",
    "meta": {
        "Creator": "Rashmi Menon",
        "CreatedOn": "Tue, 24 Mar 2020 12:53:18 GMT"
    },
    "context": []
}