{
  "kuid": "e388e2t8-b1a1-47r5-a4u6-4a699en2",
  "id": "VoltMX.AddCreatePayeeWeb_v9.configure11",
  "content": {
    "title": "Mapping the Recipients",
    "body": "<ul>\n<li>From the left pane expand <strong>TextField - tbxLastName </strong> and select <strong>text {string}</strong>.<br />From the right pane select <strong>LastName {string}</strong>.</li>\n<li>From the left pane expand <strong>TextField - tbxNickName </strong> and select <strong>text {string}</strong>.<br />From the right pane select <strong>NickName{string}</strong>.</li>\n<li>From the left pane expand <strong>TextField - tbxPhone </strong> and select <strong>text {string}</strong>.<br />From the right pane select <strong>Phone{string}</strong>.</li>\n</ul>"
  },
  "pointer": {
    "direction": "left",
    "element": "",
    "type": "none"
  },
  "navigationType": "manual",
  "navigationBar": {
    "left": {
      "text": "Previous",
      "enable": true,
      "hide": false
    },
    "right": {
      "text": "Next",
      "enable": true,
      "hide": false
    }
  },
  "navigationCondition": "",
  "position": "BOTTOM_RIGHT",
  "meta": {
    "Creator": "Rashmi Menon",
    "CreatedOn": "Tue, 24 Mar 2020 12:53:18 GMT"
  },
  "context": [],
  "localization": {
    "en-us": {
      "content": {
        "title": "Mapping the Recipients",
        "body": "<ul>\n<li>From the left pane expand <strong>TextField - tbxLastName </strong> and select <strong>text {string}</strong>.<br />From the right pane select <strong>LastName {string}</strong>.</li>\n<li>From the left pane expand <strong>TextField - tbxNickName </strong> and select <strong>text {string}</strong>.<br />From the right pane select <strong>NickName{string}</strong>.</li>\n<li>From the left pane expand <strong>TextField - tbxPhone </strong> and select <strong>text {string}</strong>.<br />From the right pane select <strong>Phone{string}</strong>.</li>\n</ul>"
      },
      "navigationBar": {
        "left": {
          "text": "Previous"
        },
        "right": {
          "text": "Next"
        }
      }
    },
    "zh-cn": {
      "content": {
        "title": "映射收件人",
        "body": "***<ul> \n <li>从左窗格展开<strong> textfield -tbxlastName </strong>，然后选择<strong> text {string} </strong> {5}。<br />。 9} \n <li>从左窗格展开<strong> textfield -tbxnickname </strong>，然后选择<strong> text {string} </strong> {14}。<br />。 18} \n <li>从左窗格展开<strong> textfield -tbxphone </strong>，然后选择<strong> text {string} </strong> {23}。<br />。 27} \n </ul>"
      },
      "navigationBar": {
        "left": {
          "text": "以前的"
        },
        "right": {
          "text": "下一个"
        }
      }
    },
    "zh-tw": {
      "content": {
        "title": "映射收件人",
        "body": "***<ul> \n <li>從左窗格展開<strong> textfield -tbxlastName </strong>，然後選擇<strong> text {string} </strong> {5}。<br />。 9} \n <li>從左窗格展開<strong> textfield -tbxnickname </strong>，然後選擇<strong> text {string} </strong> {14}。<br />。 18} \n <li>從左窗格展開<strong> textfield -tbxphone </strong>，然後選擇<strong> text {string} </strong> {23}。<br />。 27} \n </ul>"
      },
      "navigationBar": {
        "left": {
          "text": "以前的"
        },
        "right": {
          "text": "下一個"
        }
      }
    }
  }
}