{
  "kuid": "8b24adt6-72a0-49rc-bfud-d46f25n8",
  "id": "VoltMX.IntroductiontoNFIV9.NewProject2",
  "content": {
    "title": "Create a New Project",
    "body": "<ol>\n<li>Under <strong>Project Name</strong>, enter <strong>MyDeviceSettings</strong>.</li>\n<li>Click <strong>Create</strong>.<br />A new application is created with one flex form. <br />The application opens in the <strong>Storyboard </strong>view.</li>\n</ol>"
  },
  "pointer": {
    "direction": "left",
    "element": "",
    "type": "none"
  },
  "navigationType": "manual",
  "navigationBar": {
    "left": {
      "text": "Previous",
      "enable": true,
      "hide": false
    },
    "right": {
      "text": "Next",
      "enable": true,
      "hide": false
    }
  },
  "navigationCondition": "",
  "position": "BOTTOM_RIGHT",
  "meta": {
    "Creator": "Rashmi Menon",
    "CreatedOn": "Wed, 27 Nov 2019 11:46:54 GMT"
  },
  "context": [],
  "localization": {
    "en-us": {
      "content": {
        "title": "Create a New Project",
        "body": "<ol>\n<li>Under <strong>Project Name</strong>, enter <strong>MyDeviceSettings</strong>.</li>\n<li>Click <strong>Create</strong>.<br />A new application is created with one flex form. <br />The application opens in the <strong>Storyboard </strong>view.</li>\n</ol>"
      },
      "navigationBar": {
        "left": {
          "text": "Previous"
        },
        "right": {
          "text": "Next"
        }
      }
    },
    "zh-cn": {
      "content": {
        "title": "创建一个新项目",
        "body": "<ol> \n <li>在<strong>项目名称</strong>下，输入<strong> myDevicesettings </strong>。</li> \n <li>单击<strong>创建</strong>。<br />使用一个Flex表单创建一个新应用程序。 <br />应用程序在<strong>故事板</strong>视图中打开。</li> \n </ol>"
      },
      "navigationBar": {
        "left": {
          "text": "以前的"
        },
        "right": {
          "text": "下一个"
        }
      }
    },
    "zh-tw": {
      "content": {
        "title": "創建一個新項目",
        "body": "<ol> \n <li>在<strong>項目名稱</strong>下，輸入<strong> myDevicesettings </strong>。</li> \n <li>單擊<strong>創建</strong>。<br />使用一個Flex表單創建一個新應用程序。 <br />應用程序在<strong>故事板</strong>視圖中打開。</li> \n </ol>"
      },
      "navigationBar": {
        "left": {
          "text": "以前的"
        },
        "right": {
          "text": "下一個"
        }
      }
    }
  }
}