{
    "kuid": "ba0bfet9-bea1-4are-a5u9-e8ab9bnf",
    "id": "VoltMX.AddCreatePayeeWeb_v9.configureBack",
    "content": {
        "title": "Configuring Back Button",
        "body": "<ol>\n<li>From the <strong>Project</strong> explorer, expand <strong>Responsive Web / Desktop </strong>&gt;<strong> Forms</strong> &gt; <strong>frmAddRecipient </strong>&gt;<strong> flxAddRecipient </strong>&gt;<strong> flxToolbar</strong>, and select <strong>flxBack</strong>.</li>\n<li>From the <strong>Properties </strong>panel, navigate to the <strong>Action </strong>tab.</li>\n<li>For the <strong>onClick</strong> event, click <strong>Edit</strong>.<br /> The <strong>Action Editor</strong> window appears.</li>\n</ol>"
    },
    "pointer": {
        "direction": "left",
        "element": {
            "module": "projectexplorer",
            "path": "project-body\\project\\Responsive Web / Desktop\\Forms\\frmAddRecipient"
        },
        "type": "default"
    },
    "navigationType": "manual",
    "navigationBar": {
        "left": {
            "text": "Previous",
            "enable": true,
            "hide": false
        },
        "right": {
            "text": "Next",
            "enable": true,
            "hide": false
        }
    },
    "navigationCondition": "",
    "position": "BOTTOM_LEFT",
    "meta": {
        "Creator": "Rashmi Menon",
        "CreatedOn": "Tue, 25 Feb 2020 05:38:54 GMT"
    },
    "context": []
}