{
  "Card.VoltMX.createUIMobV9.intro": {
    "content": {
      "title": "Build your First Mobile App",
      "body": "<p><strong>Let&rsquo;s get started!</strong></p>\n<p>In this hike, we will:</p>\n<ul>\n<li>Create forms with UI elements for user interaction.</li>\n<li>Add navigation to access the different forms in this app.</li>\n</ul><br/>\n<p>Before you get started, complete the hike:</p>\n<ol><b>\n<li><a class=\"tour-link\" tour=\"7408efte-e2aa-4cr8-a9ub-d7ba36n8\">Launch your First Mobile App</a></li>\n</b></ol><br/>\n<p><strong>When you are ready, click Start!</strong></p>"
    },
    "navigationBar": {
      "left": {
        "text": "Previous"
      },
      "right": {
        "text": "Start"
      }
    }
  },
  "Card.VoltMX.createUIMobV9.newProject1": {
    "content": {
      "title": "Create a New Project",
      "body": "<ol>\n<li>From the main menu, navigate to&nbsp;<strong>Project</strong>&nbsp;&gt;&nbsp;<strong>New Project</strong>.</li>\n<li>From the&nbsp;<strong>What do you want to start with now?&nbsp;</strong>window, select&nbsp;<strong>Native App</strong>.</li>\n<li>Click&nbsp;<strong>Next</strong>.<br />The&nbsp;<strong>You started with a Native App</strong>&nbsp;window appears.</li>\n<li>Under&nbsp;<strong>Project Name</strong>, enter <strong>RecipientsMobApp</strong>.</li>\n<li>Click&nbsp;<strong>Create</strong>.<br />A new application is created with&nbsp;<strong>Form1</strong>&nbsp;form.<br />The application opens in the&nbsp;<strong>Storyboard</strong>&nbsp;view.</li>\n</ol>"
    },
    "navigationBar": {
      "left": {
        "text": "Previous"
      },
      "right": {
        "text": "Next"
      }
    }
  },
  "Card.VoltMX.createUIMobV9.rename": {
    "content": {
      "title": "Rename the Form",
      "body": "<ol>\n<li>In the <strong>Storyboard</strong> view, above the new form, click <strong>Form1</strong>.</li>\n<li>Rename the form from <strong>Form1</strong> to <strong>frmLogin</strong>.</li>\n<li>Press on Enter key.</li></ol>"
    },
    "navigationBar": {
      "left": {
        "text": "Previous"
      },
      "right": {
        "text": "Next"
      }
    }
  },
  "Card.VoltMX.createUIMobV9.addUIlogin": {
    "content": {
      "title": "UI for Login Form",
      "body": "<ol>\n<li>From the left of the Iris canvas, navigate to the <strong>Default Library</strong>.</li>\n<li>Click the search icon.</li>\n<li>In the search bar that appears, enter <strong>UserLogin</strong>.</li>\n<li>From the results, under <strong>RecipientsMobile</strong>, find <strong>UserLogin</strong>.</li>\n<li>Drag the <strong>UserLogin </strong>collection onto the <strong>frmLogin</strong> form on the canvas.</li>\n</ol>"
    },
    "navigationBar": {
      "left": {
        "text": "Previous"
      },
      "right": {
        "text": "Next"
      }
    }
  },
  "Card.VoltMX.createUIMobV9.createAccForm": {
    "content": {
      "title": "Create an Account Form",
      "body": "<ol>\n<li>From the <b>Storyboard</b> view, select&nbsp;<strong>frmLogin</strong>, and then click the&nbsp;<strong>+ </strong>icon.<br /> Iris creates a new form.</li>\n<li>Above the new form, click&nbsp;<strong>Form1</strong>.</li>\n<li>Rename form from <b>Form1</b> to <strong>frmAccount</strong>.</li>\n<li>Press on Enter key.</li>\n</ol>"
    },
    "navigationBar": {
      "left": {
        "text": "Previous"
      },
      "right": {
        "text": "Next"
      }
    }
  },
  "Card.VoltMX.createUIMobV9.addUIAccount": {
    "content": {
      "title": "UI for Account Form",
      "body": "<ol>\n<li>From the left of the Iris canvas, navigate to the <strong>Default Library</strong>.</li>\n<li>In the search bar that appears, enter <strong>AccountList</strong>.</li>\n<li>From the results, under  <strong>RecipientsMobile</strong>, find <strong>AccountList</strong>.</li>\n<li>Drag the <strong>AccountList </strong>collection onto the <strong>frmAccount</strong> form on the canvas.</li>\n</ol>"
    },
    "navigationBar": {
      "left": {
        "text": "Previous"
      },
      "right": {
        "text": "Next"
      }
    }
  },
  "Card.VoltMX.createUIMobV9.createPayForm": {
    "content": {
      "title": "Create Recipients Form",
      "body": "<ol>\n<li>From the <b>Storyboard</b> view, select&nbsp;<strong>frmAccount</strong>, and then click the&nbsp;<strong>+&nbsp;</strong>icon.<br /> Iris creates a new form.</li>\n<li>Above the new form, click&nbsp;<strong>Form1</strong>.</li>\n<li>Rename form from <strong>Form1</strong> to \n<strong>frmRecipients.</strong></li>\n<li>Press on Enter key.</li></ol>"
    },
    "navigationBar": {
      "left": {
        "text": "Previous"
      },
      "right": {
        "text": "Next"
      }
    }
  },
  "Card.VoltMX.createUIMobV9.addUIPayees": {
    "content": {
      "title": "UI for Recipients Form",
      "body": "<ol>\n<li>From the left of the Iris canvas, navigate to the <strong>Default Library</strong>.</li>\n<li>In the search bar that appears, enter <strong>RecipientList</strong>.</li>\n<li>From the results, under <strong>RecipientsMobile</strong>, find <strong>RecipientList</strong>.</li>\n<li>Drag the <strong>RecipientsList</strong> collection onto the <strong>frmRecipients</strong> form on the canvas.</li>\n<li>From the top of the Iris canvas, select the <b>Design</b> tab to open the application in the <b>Design</b> view.</li>\n</ol>"
    },
    "navigationBar": {
      "left": {
        "text": "Previous"
      },
      "right": {
        "text": "Next"
      }
    }
  },
  "Card.VoltMX.createUIMobV9.addNavigation1": {
    "content": {
      "title": "Navigation from Login Form",
      "body": "<ol>\n<li>From the <strong>Project</strong> explorer, navigate to <strong>Mobile </strong>&gt; <strong>Forms</strong>&gt; <strong>frmLogin</strong>&gt; <strong>flexUserLogin</strong> and select <strong>btnSignin</strong>.</li>\n<li>From the <strong>Properties</strong> panel, navigate to the <strong>Action</strong> tab.</li>\n<li>Under the <strong>General</strong> section, for the <strong>onClick </strong>event, click <strong>Edit</strong>.<br /> The <strong>Action Editor </strong>window appears.</li>\n</ol>"
    },
    "navigationBar": {
      "left": {
        "text": "Previous"
      },
      "right": {
        "text": "Next"
      }
    }
  },
  "Card.VoltMX.createUIMobV9.addNav2": {
    "content": {
      "title": "Add Navigation from the Login screen",
      "body": "<ol>\n<li>From the <strong>Action Editor</strong> left menu, under the <strong>General</strong> section, select <strong>Navigate to Form</strong>.</li>\n<li>From the right pane of the <strong>Action Editor</strong>, select <strong>frmAccount</strong>.</li>\n<li>Click <strong>Save</strong>.</li>\n</ol>"
    },
    "navigationBar": {
      "left": {
        "text": "Previous"
      },
      "right": {
        "text": "Next"
      }
    }
  },
  "Card.VoltMX.createUIMobV9.addNav3": {
    "content": {
      "title": "Add Navigation from Accounts Form",
      "body": "<ol>\n<li>From the <strong>Project </strong>explorer, expand to <strong>Mobile</strong> &gt; <strong>Forms</strong> &gt; <strong>frmAccount</strong> &gt; <strong>flexAccountList</strong> &gt; <strong>flexFooter</strong> and select&nbsp;<strong>flxRecipient</strong></li>\n<li>From the <strong>Properties</strong> panel, navigate to the <strong>Action</strong> tab.</li>\n<li>For the <strong>onClick </strong>event, click <strong>Edit</strong>.<br />The <strong>Action Editor </strong>window appears.</li>\n</ol>"
    },
    "navigationBar": {
      "left": {
        "text": "Previous"
      },
      "right": {
        "text": "Next"
      }
    }
  },
  "Card.VoltMX.createUIMobV9.addNav4": {
    "content": {
      "title": "Add Navigation from Accounts Form",
      "body": "<ol>\n<li>From the <strong>Action Editor</strong> left menu, under the <strong>General </strong>section, select <strong>Navigate to Form</strong>.</li>\n<li>In the right pane of the <strong>Action Editor</strong>, select <strong>frmRecipients</strong>.</li>\n<li>Click <strong>Save</strong>.</li>\n</ol>"
    },
    "navigationBar": {
      "left": {
        "text": "Previous"
      },
      "right": {
        "text": "Next"
      }
    }
  },
  "Card.VoltMX.createUIMobV9.addNav5": {
    "content": {
      "title": "Add Navigation from Recipients Form",
      "body": "<ol>\n<li>From the <strong>Project </strong>explorer, expand to <strong>Mobile</strong> &gt; <strong>Forms</strong> &gt; <strong>frmRecipients.</strong>&nbsp;</li>\n<li> Expand to <strong>flexRecipientList</strong> &gt; <strong>flexFooter</strong> and select <strong>flxAccounts</strong>.</li>\n<li>From the <strong>Properties</strong> panel, navigate to the <strong>Action </strong> tab.</li>\n<li>For the <strong>onClick </strong>event, click <strong>Edit</strong>.<br />The <strong>Action Editor </strong>window appears.</li>\n</ol>"
    },
    "navigationBar": {
      "left": {
        "text": "Previous"
      },
      "right": {
        "text": "Next"
      }
    }
  },
  "Card.VoltMX.createUIMobV9.addNav6": {
    "content": {
      "title": "Add Navigation from Recipients Form",
      "body": "<ol>\n<li>From the <strong>Action Editor</strong> left menu, under the <strong>General </strong>section, select <strong>Navigate to Form</strong>.</li>\n<li>In the right pane of the <strong>Action Editor</strong>, select <strong>frmAccount</strong>.</li>\n<li>Click <strong>Save</strong>.</li>\n</ol>"
    },
    "navigationBar": {
      "left": {
        "text": "Previous"
      },
      "right": {
        "text": "Next"
      }
    }
  },
  "Card.VoltMX.createUIMobV9.openapp": {
    "content": {
      "title": "Volt MX App",
      "body": "<ol>\n<li>Connect your mobile device to your computer using a USB cable.<br /> For an Android mobile device, ensure that the user of USB is set as <strong>Transfer files</strong>.<br /> For an iOS mobile device, ensure that <strong>trust </strong>has been established between your device and your computer.</li>\n<li>Launch your <strong>Volt MX App </strong>on your mobile device.</li>\n<li>Select the <strong>USB</strong> tab. <br />On a successful connection, <strong>Iris</strong> on your computer shows a success prompt.</li>\n</ol>"
    },
    "navigationBar": {
      "left": {
        "text": "Previous"
      },
      "right": {
        "text": "Next"
      }
    }
  },
  "Card.VoltMX.createUIMobV9.settings": {
    "content": {
      "title": "Settings for Live Preview",
      "body": "<ol>\n<li>From the main menu, select <strong>Build</strong>.</li>\n<li>Click <strong>Live Preview Settings</strong>.</li>\n</ol>"
    },
    "navigationBar": {
      "left": {
        "text": "Previous"
      },
      "right": {
        "text": "Next"
      }
    }
  },
  "Card.VoltMX.createUIMobV9.run": {
    "content": {
      "title": "Run the App",
      "body": "<ol>\n<li>From the <strong>Live Preview Settings</strong> window, under <strong>Native</strong>, check the boxes next to the OS of the mobile device on which you are going to view the app.<br /> For example, <strong>iOS</strong> and <strong>Android</strong>.<br /> Ensure that you have unselected the checkboxes for all the other platforms and channels.</li>\n<li>Click <strong>Save &amp; Run</strong>.<br /> It may take some time for Iris to run the app.<br /> The<strong> Live Preview is ready</strong> window appears.</li>\n</ol>"
    },
    "navigationBar": {
      "left": {
        "text": "Previous"
      },
      "right": {
        "text": "Next"
      }
    }
  },
  "Card.VoltMX.createUIMobV9.launch": {
    "content": {
      "title": "Launch the App",
      "body": "<ol>\n<li>On your <strong>Volt MX App</strong>, click <strong>Launch</strong>.<br /> You may see an <strong>Application Name </strong>input box. If there is an input box, enter <strong>RecipientsMobApp</strong>, and then click <strong>Launch</strong>.</li>\n<li>Click the <strong>Login</strong> button on the form to view the <strong>Accounts</strong> list. <br /> You do not need login credentials for this app. You will be adding authentication to the app in the next hike.</li>\n<li>Click <strong>Recipients</strong>. <br /> The <strong>Recipients</strong> list appears.</li>\n<li>To exit the app on your <strong>mobile</strong> device, swipe two fingers from left to right or shake your mobile device and click <strong>Exit App</strong>.</li>\n</ol>"
    },
    "navigationBar": {
      "left": {
        "text": "Previous"
      },
      "right": {
        "text": "Next"
      }
    }
  },
  "Card.VoltMX.createUIMobV9.done": {
    "content": {
      "title": "Congratulations",
      "body": "<p>You have successfully:</p>\n<ul>\n<li><strong>Created forms with UI elements for user interaction</strong></li>\n<li><strong>Added navigation between the forms</strong></li>\n<li><strong>Launched your app on a mobile device using the Volt MX App</strong></li>\n</ul><br/>\n<p>To learn how to add login and logout operations for this app, check out the next hike: </p><a class=\"tour-link\" tour=\"15d8c7t4-cda7-40rb-afu7-345cfcnc\"><b>3. Add Authentication to the App</b></a>.</p>"
    },
    "navigationBar": {
      "left": {
        "text": "Previous"
      },
      "right": {
        "text": "Done"
      }
    }
  }
}