{
  "Card.VoltMX.createUIMobV9.intro": {
    "content": {
      "title": "構建您的第一個移動應用程序",
      "body": "<p> <strong>讓我開始！</strong> </p> \n <p>在這次遠足中，我們將：</p> \n <ul> \n <li>用用戶交互的UI元素創建表單。</li> \n <li>添加導航以訪問此應用中的不同表單。</li> \n </ul> <br/> \n <p>在開始之前，完成遠足：</p> \n <ol> <b> \n <li> <a class=\"tour-link\" tour=\"7408efte-e2aa-4cr8-a9ub-d7ba36n8\">啟動您的第一個移動應用</a> </li> \n </b> </ol> <br/> \n <p> <strong>您準備就緒時，單擊“開始”！</strong> </p>"
    },
    "navigationBar": {
      "left": {
        "text": "以前的"
      },
      "right": {
        "text": "開始"
      }
    }
  },
  "Card.VoltMX.createUIMobV9.newProject1": {
    "content": {
      "title": "創建一個新項目",
      "body": "***<ol> \n <li>從主菜單中，導航到＆nbsp; <strong> project </strong>＆nbsp;＆gt;＆nbsp; <strong>新項目</strong>。</li> \n <li>來自＆nbsp; <strong>您現在想開始什麼？ \n <li> click＆nbsp; <strong> next </strong>。<br />＆nbsp; <strong>您從本機應用程序</strong>＆nbsp; window出現。</li> \n <li>在＆nbsp; <strong>項目名稱</strong>，enter <strong> cocceetsmobapp </strong>。</li> \n <li> click＆nbsp; <strong>創建</strong>。<br />使用＆nbsp; <strong> form1 </strong>＆nbsp; form。 ＆nbsp; view。</li> \n </ol>"
    },
    "navigationBar": {
      "left": {
        "text": "以前的"
      },
      "right": {
        "text": "下一個"
      }
    }
  },
  "Card.VoltMX.createUIMobV9.rename": {
    "content": {
      "title": "重命名表格",
      "body": "<ol> \n <li>在<strong>故事板</strong>視圖中，在新表單上方，單擊<strong> form1 </strong>。</li> \n <li>將表單從<strong> form1 </strong>重命名為<strong> frmlogin </strong>。</li> \n <li>按Enter鍵。</li> </ol>"
    },
    "navigationBar": {
      "left": {
        "text": "以前的"
      },
      "right": {
        "text": "下一個"
      }
    }
  },
  "Card.VoltMX.createUIMobV9.addUIlogin": {
    "content": {
      "title": "UI登錄表單",
      "body": "<ol> \n <li>從虹膜畫布的左側，導航到<strong>默認庫</strong>。</li> \n <li>單擊搜索圖標。</li> \n <li>在出現的搜索欄中，輸入<strong> userLogin </strong>。</li> \n <li>從結果中，在<strong> colectients mobile </strong>下，查找<strong> userLogin </strong>。</li> \n <li>將<strong> userLogin </strong>集合拖到<strong> frmlogin </strong>形式上。</li> \n </ol>"
    },
    "navigationBar": {
      "left": {
        "text": "以前的"
      },
      "right": {
        "text": "下一個"
      }
    }
  },
  "Card.VoltMX.createUIMobV9.createAccForm": {
    "content": {
      "title": "創建帳戶表格",
      "body": "***<ol> \n <li>從<b>故事板</b>視圖，選擇＆nbsp; <strong> frmlogin </strong>，然後單擊＆nbsp; <strong>+ </strong> iCON。 \n <li>在新表單上方，單擊＆nbsp; <strong> form1 </strong>。</li> \n <li>從<b> form1 </b>到<strong> frmaccount </strong>的命名表單。</li> \n <li>按Enter鍵。</li> \n </ol>"
    },
    "navigationBar": {
      "left": {
        "text": "以前的"
      },
      "right": {
        "text": "下一個"
      }
    }
  },
  "Card.VoltMX.createUIMobV9.addUIAccount": {
    "content": {
      "title": "UI帳戶表",
      "body": "<ol> \n <li>從虹膜畫布的左側，導航到<strong>默認庫</strong>。</li> \n <li>在出現的搜索欄中，輸入<strong> accountList </strong>。</li> \n <li>從結果中，在<strong> contoctients mobile </strong>下，查找<strong> accountList </strong>。</li> \n <li>將<strong>帳戶清單</strong>收集到<strong> frmaccount </strong>表格上的canvas。</li> \n </ol>"
    },
    "navigationBar": {
      "left": {
        "text": "以前的"
      },
      "right": {
        "text": "下一個"
      }
    }
  },
  "Card.VoltMX.createUIMobV9.createPayForm": {
    "content": {
      "title": "創建收件人形式",
      "body": "***<ol> \n <li>來自<b>故事板</b>視圖，選擇＆nbsp; <strong> frmaccount </strong>，然後單擊＆nbsp; <strong>+＆nbsp; </strong>圖標。 9} \n <li>在新表單上方，單擊＆nbsp; <strong> form1 </strong>。</li> \n <li>從<strong> form1 </strong>重命名表單為 \n <strong> frmrecipient。</strong> </li> \n <li>按Enter鍵。</li> </ol>"
    },
    "navigationBar": {
      "left": {
        "text": "以前的"
      },
      "right": {
        "text": "下一個"
      }
    }
  },
  "Card.VoltMX.createUIMobV9.addUIPayees": {
    "content": {
      "title": "UI用於收件人形式",
      "body": "<ol> \n <li>從虹膜畫布的左側，導航到<strong>默認庫</strong>。</li> \n <li>在出現的搜索欄中，輸入<strong> conterientList </strong>。</li> \n <li>從結果中，在<strong> contoctients mobile </strong>下，查找<strong> colectList </strong>。</li> \n <li>將<strong> colecterSlist </strong>集合拖到<strong> frmrecipents </strong>形式的canvas。</li> \n <li>從虹膜帆布的頂部，選擇<b>設計</b>選項卡以在<b>設計</b>視圖中打開應用程序。</li> \n </ol>"
    },
    "navigationBar": {
      "left": {
        "text": "以前的"
      },
      "right": {
        "text": "下一個"
      }
    }
  },
  "Card.VoltMX.createUIMobV9.addNavigation1": {
    "content": {
      "title": "從登錄表中導航",
      "body": "***<ol> \n <li>從<strong> project </strong>探索器，導航到<strong>移動</strong>＆gt; <strong>表格</strong>＆gt; <strong> frmlogin </strong>＆gt; <strong> flexuserlogin </strong>並選擇<strong> btnSignin </strong>。</li> \n <li>從<strong>屬性</strong>面板，導航到<strong> action </strong> tab。</li> \n <li>在<strong>常規</strong>部分，對於<strong> onClick </strong>事件，單擊<strong> edit </strong>。 31} \n </ol>"
    },
    "navigationBar": {
      "left": {
        "text": "以前的"
      },
      "right": {
        "text": "下一個"
      }
    }
  },
  "Card.VoltMX.createUIMobV9.addNav2": {
    "content": {
      "title": "從登錄屏幕上添加導航",
      "body": "<ol> \n <li>從<strong>操作編輯器</strong>左菜單，在<strong>常規</strong>章節下，選擇<strong>導航至form </strong>。</li> \n <li>從<strong>操作編輯器的右窗格</strong>，選擇<strong> frmaccount </strong>。</li> \n <li>單擊<strong>保存</strong>。</li> \n </ol>"
    },
    "navigationBar": {
      "left": {
        "text": "以前的"
      },
      "right": {
        "text": "下一個"
      }
    }
  },
  "Card.VoltMX.createUIMobV9.addNav3": {
    "content": {
      "title": "從帳戶表中添加導航",
      "body": "***<ol> \n <li>從<strong> project </strong>探索器，擴展到<strong>移動</strong>＆gt; <strong>表格</strong>＆gt; <strong> frmaccount </strong>＆gt; <strong> flexaccountlist </strong>＆gt; <strong> flexfooter </strong>並選擇＆nbsp; <strong> flxrecipient </strong> </li> \n <li>從<strong>屬性</strong>面板，導航到<strong> action </strong> tab。</li> \n <li>對於<strong> onClick </strong>事件，單擊<strong> edit </strong>。 \n </ol>"
    },
    "navigationBar": {
      "left": {
        "text": "以前的"
      },
      "right": {
        "text": "下一個"
      }
    }
  },
  "Card.VoltMX.createUIMobV9.addNav4": {
    "content": {
      "title": "從帳戶表中添加導航",
      "body": "***<ol> \n <li>從<strong>操作編輯器</strong>左菜單，在<strong>常規</strong>章節下，選擇<strong>導航至form </strong>。</li> \n <li>在<strong>操作編輯器的右窗格中，選擇<strong> frmrecipient </strong>。</li> \n <li>單擊<strong>保存</strong>。</li> \n </ol>"
    },
    "navigationBar": {
      "left": {
        "text": "以前的"
      },
      "right": {
        "text": "下一個"
      }
    }
  },
  "Card.VoltMX.createUIMobV9.addNav5": {
    "content": {
      "title": "添加收件人表格的導航",
      "body": "***<ol> \n <li>從<strong> project </strong>探索器，擴展到<strong>移動</strong>＆gt; <strong>表格</strong>＆gt; <strong> frmrecipient。</strong>＆nbsp; </li> \n <li>展開至<strong> FlexRecipientList </strong>＆gt; <strong> flexfooter </strong>並選擇<strong> flxAccounts </strong>。</li> \n <li>從<strong> properties </strong>面板，導航到<strong> action </strong> tab。</li> \n <li>對於<strong> onClick </strong>事件，單擊<strong> edit </strong>。<br /> <strong> action Editor </strong>窗口出現。 \n </ol>"
    },
    "navigationBar": {
      "left": {
        "text": "以前的"
      },
      "right": {
        "text": "下一個"
      }
    }
  },
  "Card.VoltMX.createUIMobV9.addNav6": {
    "content": {
      "title": "添加收件人表格的導航",
      "body": "***<ol> \n <li>從<strong>操作編輯器</strong>左菜單，在<strong>常規</strong>章節下，選擇<strong>導航至form </strong>。</li> \n <li>在<strong>操作編輯器的右窗格中，選擇<strong> frmaccount </strong>。</li> \n <li>單擊<strong>保存</strong>。</li> \n </ol>"
    },
    "navigationBar": {
      "left": {
        "text": "以前的"
      },
      "right": {
        "text": "下一個"
      }
    }
  },
  "Card.VoltMX.createUIMobV9.openapp": {
    "content": {
      "title": "Volt MX應用程序",
      "body": "<ol> \n <li>使用USB電纜將移動設備連接到計算機。<br />對於Android移動設備，請確保將USB的用戶設置為<strong>傳輸文件</strong>。<br />用於iOS移動設備 ，確保在您的設備和計算機之間建立了<strong>信任</strong>。</li> \n <li>在您的移動設備上啟動<strong> volt mx app </strong>。</li> \n <li>選擇<strong> USB </strong>選項卡。 <br />在成功的連接上，<strong> iris </strong>在您的計算機上顯示成功提示。</li> \n </ol>"
    },
    "navigationBar": {
      "left": {
        "text": "以前的"
      },
      "right": {
        "text": "下一個"
      }
    }
  },
  "Card.VoltMX.createUIMobV9.settings": {
    "content": {
      "title": "實時預覽設置",
      "body": "<ol> \n <li>從主菜單中，選擇<strong>構建</strong>。</li> \n <li>單擊<strong>實時預覽設置</strong>。</li> \n </ol>"
    },
    "navigationBar": {
      "left": {
        "text": "以前的"
      },
      "right": {
        "text": "下一個"
      }
    }
  },
  "Card.VoltMX.createUIMobV9.run": {
    "content": {
      "title": "運行應用程序",
      "body": "<ol> \n <li>從<strong> Live Preview設置</strong>窗口，在<strong>本機</strong>下，選中您要查看應用程序的移動設備OS旁邊的框。<br /> 示例，<strong> ios </strong>和<strong> android </strong>。<br />確保您對所有其他平台和頻道的複選框都沒有選中。</li> \n <li>單擊<strong>保存＆amp; 運行</strong>。<br />可能需要一些時間才能讓Iris運行該應用程序。<br /> <strong> Live Preview已準備就緒</strong>窗口。</li> \n </ol>"
    },
    "navigationBar": {
      "left": {
        "text": "以前的"
      },
      "right": {
        "text": "下一個"
      }
    }
  },
  "Card.VoltMX.createUIMobV9.launch": {
    "content": {
      "title": "啟動該應用程序",
      "body": "<ol> \n <li>在您的<strong> volt Mx App </strong>上，單擊<strong>啟動</strong>。<br />您可以看到<strong>應用程序名稱</strong>輸入框。 如果有一個輸入框，請輸入<strong> colectientsMobapp </strong>，然後單擊<strong>啟動</strong>。</li> \n <li>單擊表單上的<strong>登錄</strong>按鈕以查看<strong>帳戶</strong>列表。 <br />您不需要此應用程序的登錄憑據。 您將在下一個徒步旅行中將身份驗證添加到該應用程序中。</li> \n <li>單擊<strong>收件人</strong>。 <br /> <strong>收件人</strong>列表出現。</li> \n <li>要在<strong>移動</strong>設備上退出應用程序，從左到右滑動兩個手指，或搖動移動設備，然後單擊<strong> exit App </strong>。</li> \n </ol>"
    },
    "navigationBar": {
      "left": {
        "text": "以前的"
      },
      "right": {
        "text": "下一個"
      }
    }
  },
  "Card.VoltMX.createUIMobV9.done": {
    "content": {
      "title": "恭喜",
      "body": "***<p>您已經成功：</p> \n <ul> \n <li> <strong>用用戶交互的UI元素創建了表單</strong> </li> \n <li> <strong>在表單</strong> </li>之間添加導航 \n <li> <strong>使用Volt MX App </strong> </li>在移動設備上啟動您的應用程序 \n </ul> <br/> \n <p>要學習如何添加此應用程序的登錄和註銷操作，請查看下一個徒步旅行：</p> <a class=\"tour-link\" tour=\"15d8c7t4-cda7-40rb-afu7-345cfcnc\"> <b> {20} 3。 將身份驗證添加到應用程序</b> </a>。</p>"
    },
    "navigationBar": {
      "left": {
        "text": "以前的"
      },
      "right": {
        "text": "完畢"
      }
    }
  }
}