{
  "Card.VoltMX.createUIMobV9.intro": {
    "content": {
      "title": "构建您的第一个移动应用程序",
      "body": "<p> <strong>让我开始！</strong> </p> \n <p>在这次远足中，我们将：</p> \n <ul> \n <li>用用户交互的UI元素创建表单。</li> \n <li>添加导航以访问此应用中的不同表单。</li> \n </ul> <br/> \n <p>在开始之前，完成远足：</p> \n <ol> <b> \n <li> <a class=\"tour-link\" tour=\"7408efte-e2aa-4cr8-a9ub-d7ba36n8\">启动您的第一个移动应用</a> </li> \n </b> </ol> <br/> \n <p> <strong>您准备就绪时，单击“开始”！</strong> </p>"
    },
    "navigationBar": {
      "left": {
        "text": "以前的"
      },
      "right": {
        "text": "开始"
      }
    }
  },
  "Card.VoltMX.createUIMobV9.newProject1": {
    "content": {
      "title": "创建一个新项目",
      "body": "***<ol> \n <li>从主菜单中，导航到＆nbsp; <strong> project </strong>＆nbsp;＆gt;＆nbsp; <strong>新项目</strong>。</li> \n <li>来自＆nbsp; <strong>您现在想开始什么？ \n <li> click＆nbsp; <strong> next </strong>。<br />＆nbsp; <strong>您从本机应用程序</strong>＆nbsp; window出现。</li> \n <li>在＆nbsp; <strong>项目名称</strong>，enter <strong> cocceetsmobapp </strong>。</li> \n <li> click＆nbsp; <strong>创建</strong>。<br />使用＆nbsp; <strong> form1 </strong>＆nbsp; form。 ＆nbsp; view。</li> \n </ol>"
    },
    "navigationBar": {
      "left": {
        "text": "以前的"
      },
      "right": {
        "text": "下一个"
      }
    }
  },
  "Card.VoltMX.createUIMobV9.rename": {
    "content": {
      "title": "重命名表格",
      "body": "<ol> \n <li>在<strong>故事板</strong>视图中，在新表单上方，单击<strong> form1 </strong>。</li> \n <li>将表单从<strong> form1 </strong>重命名为<strong> frmlogin </strong>。</li> \n <li>按Enter键。</li> </ol>"
    },
    "navigationBar": {
      "left": {
        "text": "以前的"
      },
      "right": {
        "text": "下一个"
      }
    }
  },
  "Card.VoltMX.createUIMobV9.addUIlogin": {
    "content": {
      "title": "UI登录表单",
      "body": "<ol> \n <li>从虹膜画布的左侧，导航到<strong>默认库</strong>。</li> \n <li>单击搜索图标。</li> \n <li>在出现的搜索栏中，输入<strong> userLogin </strong>。</li> \n <li>从结果中，在<strong> colectients mobile </strong>下，查找<strong> userLogin </strong>。</li> \n <li>将<strong> userLogin </strong>集合拖到<strong> frmlogin </strong>形式上。</li> \n </ol>"
    },
    "navigationBar": {
      "left": {
        "text": "以前的"
      },
      "right": {
        "text": "下一个"
      }
    }
  },
  "Card.VoltMX.createUIMobV9.createAccForm": {
    "content": {
      "title": "创建帐户表格",
      "body": "***<ol> \n <li>从<b>故事板</b>视图，选择＆nbsp; <strong> frmlogin </strong>，然后单击＆nbsp; <strong>+ </strong> iCON。 \n <li>在新表单上方，单击＆nbsp; <strong> form1 </strong>。</li> \n <li>从<b> form1 </b>到<strong> frmaccount </strong>的命名表单。</li> \n <li>按Enter键。</li> \n </ol>"
    },
    "navigationBar": {
      "left": {
        "text": "以前的"
      },
      "right": {
        "text": "下一个"
      }
    }
  },
  "Card.VoltMX.createUIMobV9.addUIAccount": {
    "content": {
      "title": "UI帐户表",
      "body": "<ol> \n <li>从虹膜画布的左侧，导航到<strong>默认库</strong>。</li> \n <li>在出现的搜索栏中，输入<strong> accountList </strong>。</li> \n <li>从结果中，在<strong> contoctients mobile </strong>下，查找<strong> accountList </strong>。</li> \n <li>将<strong>帐户清单</strong>收集到<strong> frmaccount </strong>表格上的canvas。</li> \n </ol>"
    },
    "navigationBar": {
      "left": {
        "text": "以前的"
      },
      "right": {
        "text": "下一个"
      }
    }
  },
  "Card.VoltMX.createUIMobV9.createPayForm": {
    "content": {
      "title": "创建收件人形式",
      "body": "***<ol> \n <li>来自<b>故事板</b>视图，选择＆nbsp; <strong> frmaccount </strong>，然后单击＆nbsp; <strong>+＆nbsp; </strong>图标。 9} \n <li>在新表单上方，单击＆nbsp; <strong> form1 </strong>。</li> \n <li>从<strong> form1 </strong>重命名表单为 \n <strong> frmrecipient。</strong> </li> \n <li>按Enter键。</li> </ol>"
    },
    "navigationBar": {
      "left": {
        "text": "以前的"
      },
      "right": {
        "text": "下一个"
      }
    }
  },
  "Card.VoltMX.createUIMobV9.addUIPayees": {
    "content": {
      "title": "UI用于收件人形式",
      "body": "<ol> \n <li>从虹膜画布的左侧，导航到<strong>默认库</strong>。</li> \n <li>在出现的搜索栏中，输入<strong> conterientList </strong>。</li> \n <li>从结果中，在<strong> contoctients mobile </strong>下，查找<strong> colectList </strong>。</li> \n <li>将<strong> colecterSlist </strong>集合拖到<strong> frmrecipents </strong>形式的canvas。</li> \n <li>从虹膜帆布的顶部，选择<b>设计</b>选项卡以在<b>设计</b>视图中打开应用程序。</li> \n </ol>"
    },
    "navigationBar": {
      "left": {
        "text": "以前的"
      },
      "right": {
        "text": "下一个"
      }
    }
  },
  "Card.VoltMX.createUIMobV9.addNavigation1": {
    "content": {
      "title": "从登录表中导航",
      "body": "***<ol> \n <li>从<strong> project </strong>探索器，导航到<strong>移动</strong>＆gt; <strong>表格</strong>＆gt; <strong> frmlogin </strong>＆gt; <strong> flexuserlogin </strong>并选择<strong> btnSignin </strong>。</li> \n <li>从<strong>属性</strong>面板，导航到<strong> action </strong> tab。</li> \n <li>在<strong>常规</strong>部分，对于<strong> onClick </strong>事件，单击<strong> edit </strong>。 31} \n </ol>"
    },
    "navigationBar": {
      "left": {
        "text": "以前的"
      },
      "right": {
        "text": "下一个"
      }
    }
  },
  "Card.VoltMX.createUIMobV9.addNav2": {
    "content": {
      "title": "从登录屏幕上添加导航",
      "body": "<ol> \n <li>从<strong>操作编辑器</strong>左菜单，在<strong>常规</strong>章节下，选择<strong>导航至form </strong>。</li> \n <li>从<strong>操作编辑器的右窗格</strong>，选择<strong> frmaccount </strong>。</li> \n <li>单击<strong>保存</strong>。</li> \n </ol>"
    },
    "navigationBar": {
      "left": {
        "text": "以前的"
      },
      "right": {
        "text": "下一个"
      }
    }
  },
  "Card.VoltMX.createUIMobV9.addNav3": {
    "content": {
      "title": "从帐户表中添加导航",
      "body": "***<ol> \n <li>从<strong> project </strong>探索器，扩展到<strong>移动</strong>＆gt; <strong>表格</strong>＆gt; <strong> frmaccount </strong>＆gt; <strong> flexaccountlist </strong>＆gt; <strong> flexfooter </strong>并选择＆nbsp; <strong> flxrecipient </strong> </li> \n <li>从<strong>属性</strong>面板，导航到<strong> action </strong> tab。</li> \n <li>对于<strong> onClick </strong>事件，单击<strong> edit </strong>。 \n </ol>"
    },
    "navigationBar": {
      "left": {
        "text": "以前的"
      },
      "right": {
        "text": "下一个"
      }
    }
  },
  "Card.VoltMX.createUIMobV9.addNav4": {
    "content": {
      "title": "从帐户表中添加导航",
      "body": "***<ol> \n <li>从<strong>操作编辑器</strong>左菜单，在<strong>常规</strong>章节下，选择<strong>导航至form </strong>。</li> \n <li>在<strong>操作编辑器的右窗格中，选择<strong> frmrecipient </strong>。</li> \n <li>单击<strong>保存</strong>。</li> \n </ol>"
    },
    "navigationBar": {
      "left": {
        "text": "以前的"
      },
      "right": {
        "text": "下一个"
      }
    }
  },
  "Card.VoltMX.createUIMobV9.addNav5": {
    "content": {
      "title": "添加收件人表格的导航",
      "body": "***<ol> \n <li>从<strong> project </strong>探索器，扩展到<strong>移动</strong>＆gt; <strong>表格</strong>＆gt; <strong> frmrecipient。</strong>＆nbsp; </li> \n <li>展开至<strong> FlexRecipientList </strong>＆gt; <strong> flexfooter </strong>并选择<strong> flxAccounts </strong>。</li> \n <li>从<strong> properties </strong>面板，导航到<strong> action </strong> tab。</li> \n <li>对于<strong> onClick </strong>事件，单击<strong> edit </strong>。<br /> <strong> action Editor </strong>窗口出现。 \n </ol>"
    },
    "navigationBar": {
      "left": {
        "text": "以前的"
      },
      "right": {
        "text": "下一个"
      }
    }
  },
  "Card.VoltMX.createUIMobV9.addNav6": {
    "content": {
      "title": "添加收件人表格的导航",
      "body": "***<ol> \n <li>从<strong>操作编辑器</strong>左菜单，在<strong>常规</strong>章节下，选择<strong>导航至form </strong>。</li> \n <li>在<strong>操作编辑器的右窗格中，选择<strong> frmaccount </strong>。</li> \n <li>单击<strong>保存</strong>。</li> \n </ol>"
    },
    "navigationBar": {
      "left": {
        "text": "以前的"
      },
      "right": {
        "text": "下一个"
      }
    }
  },
  "Card.VoltMX.createUIMobV9.openapp": {
    "content": {
      "title": "Volt MX应用程序",
      "body": "<ol> \n <li>使用USB电缆将移动设备连接到计算机。<br />对于Android移动设备，请确保将USB的用户设置为<strong>传输文件</strong>。<br />用于iOS移动设备 ，确保在您的设备和计算机之间建立了<strong>信任</strong>。</li> \n <li>在您的移动设备上启动<strong> volt mx app </strong>。</li> \n <li>选择<strong> USB </strong>选项卡。 <br />在成功的连接上，<strong> iris </strong>在您的计算机上显示成功提示。</li> \n </ol>"
    },
    "navigationBar": {
      "left": {
        "text": "以前的"
      },
      "right": {
        "text": "下一个"
      }
    }
  },
  "Card.VoltMX.createUIMobV9.settings": {
    "content": {
      "title": "实时预览设置",
      "body": "<ol> \n <li>从主菜单中，选择<strong>构建</strong>。</li> \n <li>单击<strong>实时预览设置</strong>。</li> \n </ol>"
    },
    "navigationBar": {
      "left": {
        "text": "以前的"
      },
      "right": {
        "text": "下一个"
      }
    }
  },
  "Card.VoltMX.createUIMobV9.run": {
    "content": {
      "title": "运行应用程序",
      "body": "<ol> \n <li>从<strong> Live Preview设置</strong>窗口，在<strong>本机</strong>下，选中您要查看应用程序的移动设备OS旁边的框。<br /> 示例，<strong> ios </strong>和<strong> android </strong>。<br />确保您对所有其他平台和频道的复选框都没有选中。</li> \n <li>单击<strong>保存＆amp; 运行</strong>。<br />可能需要一些时间才能让Iris运行该应用程序。<br /> <strong> Live Preview已准备就绪</strong>窗口。</li> \n </ol>"
    },
    "navigationBar": {
      "left": {
        "text": "以前的"
      },
      "right": {
        "text": "下一个"
      }
    }
  },
  "Card.VoltMX.createUIMobV9.launch": {
    "content": {
      "title": "启动该应用程序",
      "body": "<ol> \n <li>在您的<strong> volt Mx App </strong>上，单击<strong>启动</strong>。<br />您可以看到<strong>应用程序名称</strong>输入框。 如果有一个输入框，请输入<strong> colectientsMobapp </strong>，然后单击<strong>启动</strong>。</li> \n <li>单击表单上的<strong>登录</strong>按钮以查看<strong>帐户</strong>列表。 <br />您不需要此应用程序的登录凭据。 您将在下一个徒步旅行中将身份验证添加到该应用程序中。</li> \n <li>单击<strong>收件人</strong>。 <br /> <strong>收件人</strong>列表出现。</li> \n <li>要在<strong>移动</strong>设备上退出应用程序，从左到右滑动两个手指，或摇动移动设备，然后单击<strong> exit App </strong>。</li> \n </ol>"
    },
    "navigationBar": {
      "left": {
        "text": "以前的"
      },
      "right": {
        "text": "下一个"
      }
    }
  },
  "Card.VoltMX.createUIMobV9.done": {
    "content": {
      "title": "恭喜",
      "body": "***<p>您已经成功：</p> \n <ul> \n <li> <strong>用用户交互的UI元素创建了表单</strong> </li> \n <li> <strong>在表单</strong> </li>之间添加导航 \n <li> <strong>使用Volt MX App </strong> </li>在移动设备上启动您的应用程序 \n </ul> <br/> \n <p>要学习如何添加此应用程序的登录和注销操作，请查看下一个徒步旅行：</p> <a class=\"tour-link\" tour=\"15d8c7t4-cda7-40rb-afu7-345cfcnc\"> <b> {20} 3。 将身份验证添加到应用程序</b> </a>。</p>"
    },
    "navigationBar": {
      "left": {
        "text": "以前的"
      },
      "right": {
        "text": "完毕"
      }
    }
  }
}