{
    "kuid": "3e166bt6-97ab-4arc-a2u0-2ff1d8n0",
    "id": "VoltMX.IntrotoSegmentTempV9.last",
    "content": {
        "title": "Congratulations",
        "body": "<b>You have successfully created a form with segment and created a row template for the segment.</b><br/>\n\n<p>To learn more on what you can do with Volt MX Iris, visit <a href='#'onClick='javascript:openURL(\"https://basecamp.kony.com/s/\")'>Base Camp</a>.</p>"
    },
    "pointer": {
        "direction": "left",
        "element": "",
        "type": "none"
    },
    "navigationType": "manual",
    "navigationBar": {
        "left": {
            "text": "Previous",
            "enable": true,
            "hide": false
        },
        "right": {
            "text": "Done",
            "enable": true,
            "hide": false
        }
    },
    "navigationCondition": "",
    "position": "CENTER",
    "meta": {
        "Creator": "Rashmi Menon",
        "CreatedOn": "Mon, 25 Nov 2019 11:54:23 GMT"
    },
    "context": []
}