{
  "Tour.EditPayeeMobile_v9": {
    "description": "旅游描述"
  },
  "Hike.VoltMX.EditPayeeMobile_v9": {
    "description": "徒步说明"
  },
  "Card.VoltMX.EditPayeeMobile_v9.back": {
    "content": {
      "title": "后退按钮导航",
      "body": "<ol>\n<li>来自<strong>项目浏览器</strong> , 导航到<b>手机</b> > <b>表格</b> > <strong>frmEditRecipient</strong>&gt;<strong>flexEditRecipient</strong>&gt;<strong>flexHeader，</strong>选择<strong>headerButtonLeft</strong>.</li>\n<li>来自<strong>属性</strong>面板，导航到<strong>行动</strong>标签。</li>\n<li>对于<strong>点击</strong>事件，点击<strong>编辑</strong>. <br /><strong>动作编辑器</strong>窗口出现。</li>\n</ol>"
    },
    "navigationBar": {
      "left": {
        "text": "上一个"
      },
      "right": {
        "text": "下一个"
      }
    }
  },
  "Card.VoltMX.EditPayeeMobile_v9.back1": {
    "content": {
      "title": "后退按钮导航",
      "body": "<ol>\n<li>来自<strong>动作编辑器</strong>左侧菜单，在<strong>一般</strong>部分，选择<strong>导航到表单</strong>.</li>\n<li>在右侧窗格中<strong>动作编辑器</strong>，选择<strong>frmDetails</strong>.</li>\n<li>点击<strong>保存</strong>.</li>\n</ol>"
    },
    "navigationBar": {
      "left": {
        "text": "上一个"
      },
      "right": {
        "text": "下一个"
      }
    }
  },
  "Card.VoltMX.EditPayeeMobile_v9.detMapping0": {
    "content": {
      "title": "详细信息屏幕中的映射",
      "body": "<ol><li>来自<b>动作编辑器</b>画布，选择<b>回调</b>节点。</li>\n<li>从左侧菜单<strong>动作编辑器</strong> , 在 &nbsp;<strong>条件</strong>部分，选择&nbsp;<strong>否则如果</strong>.</li>\n<li>从右侧窗格中，从下拉列表中选择以下值：<ul>\n<li>小部件属性：&nbsp;<strong>导航自</strong></li>\n<li>选定来源：&nbsp;<strong>frmEditRecipient &gt; btnSquared &gt;点击</strong></li>\n</ul>\n</li>\n</ol>"
    },
    "navigationBar": {
      "left": {
        "text": "上一个"
      },
      "right": {
        "text": "下一个"
      }
    }
  },
  "Card.VoltMX.EditPayeeMobile_v9.detMapping1": {
    "content": {
      "title": "调用服务操作",
      "body": "<ol>\n<li>从左侧菜单<strong>动作编辑器</strong> , 在 &nbsp;<strong>网络</strong>部分，选择&nbsp;<strong>加载指示器</strong>.</li>\n<li>从左侧菜单<strong>动作编辑器</strong> , 在 &nbsp;<strong>网络</strong>部分，选择&nbsp;<strong>调用服务</strong>.</li>\n<li>从右侧窗格<strong>动作编辑器</strong> ，从下拉列表中选择以下值：<ul>\n<li>选择服务：&nbsp;<strong>RecipientStorage$Recipients</strong></li>\n<li>选择方法：&nbsp;<strong>得到</strong></li>\n</ul>\n</li>\n<li>点击<strong>构造过滤器查询</strong>.<br />出现映射编辑器窗口。</li>\n</ol>"
    },
    "navigationBar": {
      "left": {
        "text": "上一个"
      },
      "right": {
        "text": "下一个"
      }
    }
  },
  "Card.VoltMX.EditPayeeMobile_v9.detMapping2": {
    "content": {
      "title": "调用服务操作",
      "body": "<ol>\n<li>从映射编辑器的左窗格中，展开&nbsp;<strong>导航对象</strong>并选择&nbsp;<strong>tbxPayeeID_text {string}</strong>.</li>\n<li>从映射编辑器的右窗格中，展开&nbsp;<strong>服务</strong>&gt;<strong>服务 - RecipientStorage$Recipients$get</strong>并选择&nbsp;<strong> RecipientID {number}</strong>.<br />Iris 显示有关数据类型不匹配的警报。点击<strong>好的</strong>.</li>\n<li>从动作编辑器画布中，选择&nbsp;<strong>回调</strong>.</li>\n</ol>"
    },
    "navigationBar": {
      "left": {
        "text": "上一个"
      },
      "right": {
        "text": "下一个"
      }
    }
  },
  "Card.VoltMX.EditPayeeMobile_v9.detMapping3": {
    "content": {
      "title": "调用服务操作",
      "body": "<ol>\n<li>从左侧菜单<strong>动作编辑器</strong> , 在 &nbsp;<strong>网络</strong>部分，选择&nbsp;<strong>加载指示器</strong>.</li>\n<li>从右侧窗格中<strong>动作编辑器</strong>，设置&nbsp;<strong>加载指示器</strong>&nbsp;到&nbsp;<strong>解雇</strong>.</li>\n<li>从左侧菜单<strong>动作编辑器</strong> , 在 &nbsp;<strong>映射</strong>，选择&nbsp;<strong>添加映射</strong>.<br />出现映射编辑器窗口。</li>\n</ol>"
    },
    "navigationBar": {
      "left": {
        "text": "上一个"
      },
      "right": {
        "text": "下一个"
      }
    }
  },
  "Card.VoltMX.EditPayeeMobile_v9.detMapping4": {
    "content": {
      "title": "将服务映射到 UI 元素",
      "body": "<ol>\n<li>从映射编辑器的左窗格中，展开&nbsp;<strong>服务</strong>&gt;<strong>服务 - RecipientStorage$Recipients$get&nbsp;</strong>&gt;<strong>&nbsp;记录{集合}</strong>.<br/>从映射编辑器的右窗格中，展开&nbsp;<strong>表格</strong>&gt;<strong>frmDetails</strong>.</li>\n<li>在映射编辑器中，将以下服务参数映射到 UI 元素：<ul>\n<li>从左窗格中选择<strong> RecipientID {number}</strong>.<br />从右侧窗格中展开&nbsp;<strong>标签 - lblRecipientIDValue</strong>，然后选择<strong> &nbsp;text {string}</strong>.<br />Iris 显示有关数据类型不匹配的警报。<br />点击<strong>好的</strong>.</li>\n</ul>\n</li>\n</ol>"
    },
    "navigationBar": {
      "left": {
        "text": "上一个"
      },
      "right": {
        "text": "下一个"
      }
    }
  },
  "Card.VoltMX.EditPayeeMobile_v9.detMapping5": {
    "content": {
      "title": "将服务映射到 UI 元素",
      "body": "<ul>\n<li>从左窗格中选择&nbsp;<strong>名字{字符串}</strong>.<br />从右侧窗格中展开&nbsp;<strong>标签 - lblFirstNameValue</strong> ，然后选择&nbsp;<strong>文本{字符串}</strong>.</li>\n<li>从左窗格中选择&nbsp;<strong>姓氏{字符串}</strong>.<br />从右侧窗格中展开&nbsp;<strong>标签-lblLastNameValue</strong>并选择&nbsp;<strong>文本{字符串}</strong>.</li>\n<li>从左侧窗格中，选择&nbsp;<strong>昵称{string}</strong>.&nbsp;<br />从右侧窗格中展开&nbsp;<strong>标签-lblNickNameValue</strong>并选择&nbsp;<strong>文本{字符串}</strong>.</li>\n<li>从左侧窗格中，选择&nbsp;<strong>电话{字符串}</strong>.<br />从右侧窗格中展开&nbsp;<strong>标签-lblPhoneValue</strong>并选择&nbsp;<strong>文本{字符串}</strong>.</li>\n</ul>\n<ol start=\"3\">\n<li>点击<strong>保存</strong>.</li>\n</ol>"
    },
    "navigationBar": {
      "left": {
        "text": "上一个"
      },
      "right": {
        "text": "下一个"
      }
    }
  },
  "Card.VoltMX.EditPayeeMobile_v9.done": {
    "content": {
      "title": " 恭喜",
      "body": "<p>你已经成功：</p>\n<ul>\n<li><strong>生成编辑收件人屏幕</strong></li>\n<li><strong>为编辑收件人屏幕创建和自定义用户界面</strong></li>\n<li><strong>用数据更新服务</strong></li>\n<li><strong>添加了编辑收件人屏幕的导航<br /></strong></li>\n<li><strong>添加注销到编辑收件人屏幕</strong></li>\n</ul>\n<p>有关如何发布和共享您的应用程序的更多信息，请查看下一次加息：<a class=\"tour-link\" tour=\"ec5ceatd-50a0-4fre-b3u7-c3e41cn2\"><strong> 9. 发布和分享应用</strong></a>.</p>"
    },
    "navigationBar": {
      "left": {
        "text": "上一个"
      },
      "right": {
        "text": "完成"
      }
    }
  },
  "Card.VoltMX.EditPayeeMobile_v9.frmedit": {
    "content": {
      "title": "编辑收件人屏幕",
      "body": "<ol>\n<li>来自<strong>项目</strong>资源管理器，展开<strong>手机</strong>&gt;<strong>表格</strong></li>\n<li>右击<strong>表格</strong>并选择<strong>新表格</strong>.</li>\n<li>右击<strong>Form1</strong>并重命名<strong>frmEditRecipient</strong>.</li>\n</ol>"
    },
    "navigationBar": {
      "left": {
        "text": "上一个"
      },
      "right": {
        "text": "下一个"
      }
    }
  },
  "Card.VoltMX.EditPayeeMobile_v9.Intro": {
    "content": {
      "title": "添加编辑收件人功能",
      "body": "<p><strong>让我们开始吧！</strong></p>\n<p>在这次徒步旅行中，您将学习如何：</p>\n<ul>\n<li>生成用于编辑收件人详细信息的屏幕</li>\n<li>设计编辑收件人表单的用户界面</li>\n<li>将数据从服务连接到 UI 元素</li>\n</ul><p>在开始之前，请完成以下远足：</p>\n<ol><b>\n<li><a class=\"tour-link\" tour=\"7408efte-e2aa-4cr8-a9ub-d7ba36n8\">启动您的第一个移动应用</a></li><li><a class=\"tour-link\" tour=\"a617eft5-7ca8-4ard-8eu8-94cdean5\">从集合创建用户界面</a></li><li><a class=\"tour-link\" tour=\"15d8c7t4-cda7-40rb-afu7-345cfcnc\">向应用程序添加身份验证</a></li>\n<li><a class=\"tour-link\" tour=\"a7a762t5-3eac-44r5-8bu2-89b781n1\">为原生应用创建服务</a> </li>\n<li><a class=\"tour-link\" tour=\"fab6d8ta-91ac-4frc-8fud-14a9f7na\">将应用程序 UI 连接到本机应用程序中的数据</a></li>\n<li><a class=\"tour-link\" tour=\"9837bat6-6daf-4cr7-a3u9-8aea36n0\">创建收件人详细信息和删除功能</a></li><li><a class=\"tour-link\" tour=\"da2bbctf-3ba6-49rf-b2u9-b842dand\">添加创建收件人</a> </li></b>\n</ol><br/>\n<p>确保您打开在之前的徒步旅行中创建的相同项目。</p>\n<p>打开<b>RecipientsMobApp</b>项目，从主菜单，导航到<strong>项目</strong>&gt;<strong>打开</strong>&gt;<strong>HCL 参考架构</strong>&gt;<strong>RecipientsMobApp</strong>.</p>\n<p><strong>准备好后，单击开始！</strong></p>"
    },
    "navigationBar": {
      "left": {
        "text": "上一个"
      },
      "right": {
        "text": "开始"
      }
    }
  },
  "Card.VoltMX.EditPayeeMobile_v9.mapping": {
    "content": {
      "title": "配置onMapping事件",
      "body": "<ol>\n<li>来自<strong>项目</strong>资源管理器，导航到<strong>手机</strong>&gt;<strong>表格</strong> ，然后选择<strong>frmEditRecipient</strong>.</li>\n<li>导航到<strong>属性</strong>面板并选择<strong>行动</strong>&nbsp;标签。</li>\n<li> 在<strong>一般</strong>部分，用于<strong>onMapping</strong>事件，点击<strong>编辑</strong>. <br /><strong>动作编辑器</strong>窗口出现。</li>\n<li>从右上角，选择<strong>设计视图</strong>.</li>\n</ol>"
    },
    "navigationBar": {
      "left": {
        "text": "上一个"
      },
      "right": {
        "text": "下一个"
      }
    }
  },
  "Card.VoltMX.EditPayeeMobile_v9.mapping1": {
    "content": {
      "title": "配置onMapping事件",
      "body": "<ol>\n<li>从左侧菜单<strong>动作编辑器</strong> , 在<strong>网络</strong>部分，选择<strong>加载指示器</strong>.</li>\n<li>从左侧菜单<strong>动作编辑器，</strong> 在<strong>条件</strong>&nbsp;部分，选择<strong>如果</strong>.</li>\n<li>下<strong>添加条件，</strong>设置以下内容：<ul>\n<li>第一个字段：<strong>导航自</strong></li>\n<li>第二个字段：<strong>frmDetails &gt; headerButtonRight &gt;点击</strong></li>\n</ul>\n</li>\n</ol>"
    },
    "navigationBar": {
      "left": {
        "text": "上一个"
      },
      "right": {
        "text": "下一个"
      }
    }
  },
  "Card.VoltMX.EditPayeeMobile_v9.mapping2": {
    "content": {
      "title": "调用更新服务",
      "body": "<ol>\n<li>从左侧菜单<strong>动作编辑器</strong> , 在<strong>网络</strong>部分，选择<strong>调用服务</strong>.</li>\n<li>从右侧窗格<strong>动作编辑器</strong> ，从下拉列表中选择以下值：<ul>\n<li>选择服务：<strong>RecipientStorage$Recipients</strong></li>\n<li>选择方法：<strong>得到</strong></li>\n</ul>\n</li>\n<li>点击<strong>构造过滤器查询</strong>.<br />出现映射编辑器窗口。</li>\n</ol>"
    },
    "navigationBar": {
      "left": {
        "text": "上一个"
      },
      "right": {
        "text": "下一个"
      }
    }
  },
  "Card.VoltMX.EditPayeeMobile_v9.mapping3": {
    "content": {
      "title": "为onMapping配置操作",
      "body": "<ol>\n<li>从映射编辑器的左窗格中，展开<strong>导航对象</strong>并选择<strong>lblFirstNameValue_text {string}</strong>.</li>\n<li>从映射编辑器的右窗格中，展开<strong>服务</strong>&gt;<strong>服务RecipientStorage$Recipients$get</strong>并选择<strong>收件人ID{编号}</strong>.</li>\n<li>从动作编辑器画布中，选择<strong>回调</strong>.</li>\n<li>从左侧菜单<strong>动作编辑器</strong> , 在<b>网络</b>部分，选择<strong>加载指示器</strong>.</li>\n<li>从右侧窗格中，对于<b>加载指示器</b>选择<strong>解雇</strong>.</li>\n</ol>"
    },
    "navigationBar": {
      "left": {
        "text": "上一个"
      },
      "right": {
        "text": "下一个"
      }
    }
  },
  "Card.VoltMX.EditPayeeMobile_v9.mapping4": {
    "content": {
      "title": "为onMapping配置操作",
      "body": "<ol>\n<li>从左侧菜单<strong>动作编辑器</strong> , 在<strong>条件</strong>部分，选择<strong>如果</strong>.</li>\n<li>在动作编辑器的右窗格中，在添加条件下提供以下值：<ul>\n<li>第一个字段<strong>值</strong></li>\n<li>第二个字段：<strong>Recipients.opstatus</strong></li>\n<li>第三个字段：<strong>等于</strong></li>\n<li>第四个字段：<strong>值</strong></li>\n<li>第五字段：<strong>0</strong></li>\n</ul>\n</li>\n<li>从左侧菜单<strong>动作编辑器</strong> , 在<strong>映射</strong>部分，选择<strong>添加映射</strong>.<br />出现映射编辑器窗口。</li>\n</ol>"
    },
    "navigationBar": {
      "left": {
        "text": "上一个"
      },
      "right": {
        "text": "下一个"
      }
    }
  },
  "Card.VoltMX.EditPayeeMobile_v9.mapping5": {
    "content": {
      "title": "映射UI元素",
      "body": "<ul>\n<li>从左侧窗格<strong>映射编辑器</strong>，展开<strong>服务</strong>&gt;<strong>Service-RecipientStorage$Recipients$get</strong> &gt;<strong>记录{集合}</strong>. <br />从右侧窗格<strong>映射编辑器</strong>，展开<strong>表格</strong>&gt;<strong>frmEditRecipients</strong>.</li>\n<li>从左侧窗格<strong>映射编辑器</strong>选择<strong> RecipientID{number}</strong>. <br />从右侧窗格<strong>映射编辑器</strong>，展开<strong>文本字段-tbxPayeeID</strong>然后选择<strong>文本{字符串}</strong>.</li>\n<li>从左侧窗格<strong>映射编辑器</strong>选择<strong>名字{字符串}</strong>. <br />从右侧窗格<strong>映射编辑器</strong>，展开<strong>文本字段-tbxFirstName</strong>然后选择<strong>文本{字符串}</strong>.</li>\n</ul>"
    },
    "navigationBar": {
      "left": {
        "text": "上一个"
      },
      "right": {
        "text": "下一个"
      }
    }
  },
  "Card.VoltMX.EditPayeeMobile_v9.mapping6": {
    "content": {
      "title": "映射UI元素",
      "body": "<ul>\n<li>从左侧窗格<strong>映射编辑器</strong>选择<strong>姓氏{字符串}</strong>. <br />从右侧窗格<strong>映射编辑器</strong>，展开<strong>文本字段-tbxLastName</strong>然后选择<strong>文本{字符串}</strong>.</li>\n<li>从左侧窗格<strong>映射编辑器</strong>选择<strong>昵称{字符串}</strong>. <br />从右侧窗格<strong>映射编辑器</strong>，展开<strong>标签-文本字段-tbxNickName</strong>然后选择<strong>文本{字符串}</strong>.</li>\n<li>从左侧窗格<strong>映射编辑器</strong>选择<strong>电话{字符串}</strong>. <br />从右侧窗格<strong>映射编辑器</strong>，展开<strong>标签-文本字段-tbxPhone</strong>然后选择<strong>文本{字符串}</strong>.</li>\n</ul>"
    },
    "navigationBar": {
      "left": {
        "text": "上一个"
      },
      "right": {
        "text": "下一个"
      }
    }
  },
  "Card.VoltMX.EditPayeeMobile_v9.mapping7": {
    "content": {
      "title": "为onMapping配置操作",
      "body": "<ol>\n<li>来自<b>动作编辑器</b>画布，选择<b>IF：Recipients.opstatus 等于 0</b>节点。</li><li>从左侧菜单<strong>动作编辑器</strong> , 在<strong>条件</strong>，选择<strong>其他</strong>.</li>\n<li>从左侧菜单<strong>动作编辑器</strong> , 在<strong>客户端</strong>部分，选择<strong>显示警报</strong>.</li>\n<li>在右侧窗格中<strong>动作编辑器</strong> ，提供以下字段：<ul>\n<li>警报类型：<strong>信息</strong></li>\n<li>警报消息：<strong>“抱歉，无法成功加载您的收件人详细信息。请稍后再试”</strong></li>\n</ul>\n</li>\n<li>点击<strong>保存</strong>.</li>\n</ol>"
    },
    "navigationBar": {
      "left": {
        "text": "上一个"
      },
      "right": {
        "text": "下一个"
      }
    }
  },
  "Card.VoltMX.EditPayeeMobile_v9.navAcc": {
    "content": {
      "title": "导航到帐户屏幕",
      "body": "<ol>\n<li>来自<strong>项目</strong>资源管理器，导航到<strong>手机</strong>&gt;<strong>表格</strong>&gt;<strong>frmEditRecipients</strong>&gt;<b>flexEditRecipient</b> > <strong>flexFooter</strong> ，然后选择<strong>flxAccounts</strong>.</li>\n<li>来自<strong>属性</strong>面板，导航到<strong>行动</strong>标签。</li>\n<li> 在<strong>一般</strong>部分，用于<strong>点击</strong>事件，点击<strong>编辑</strong>.<br /><strong>动作编辑器</strong>窗口出现。</li>\n</ol>"
    },
    "navigationBar": {
      "left": {
        "text": "上一个"
      },
      "right": {
        "text": "下一个"
      }
    }
  },
  "Card.VoltMX.EditPayeeMobile_v9.navAcc1": {
    "content": {
      "title": "导航到帐户屏幕",
      "body": "<ol>\n<li>来自<strong>动作编辑器</strong>左侧菜单，在<strong>一般</strong>部分，选择<strong>导航到表单</strong>.</li>\n<li>从右侧窗格<strong>动作编辑器</strong>，选择<strong>frmAccount</strong>.</li>\n<li>点击<strong>保存</strong>.</li>\n</ol>"
    },
    "navigationBar": {
      "left": {
        "text": "上一个"
      },
      "right": {
        "text": "下一个"
      }
    }
  },
  "Card.VoltMX.EditPayeeMobile_v9.navDet": {
    "content": {
      "title": "详细信息屏幕中的映射",
      "body": "<ol>\n<li>来自&nbsp;<strong>项目</strong>资源管理器，展开<strong>手机</strong>&gt;<strong>&nbsp;表格</strong> ，然后选择&nbsp;<strong>frmDetails</strong>.</li>\n<li>来自&nbsp;<strong>属性</strong>面板，导航到&nbsp;<strong>动作</strong>标签。</li>\n<li>对于&nbsp;<strong>onMapping</strong>事件，点击<strong>编辑</strong>.<br /><strong>动作编辑器</strong>窗口出现。</li>\n<li>从右上角<strong>动作编辑器</strong>，选择&nbsp;<strong>设计视图</strong>.</li>\n</ol>"
    },
    "navigationBar": {
      "left": {
        "text": "上一个"
      },
      "right": {
        "text": "下一个"
      }
    }
  },
  "Card.VoltMX.EditPayeeMobile_v9.navEdit": {
    "content": {
      "title": "从收件人详细信息屏幕导航",
      "body": "<ol>\n<li>来自<strong>项目</strong>资源管理器，展开<strong>手机</strong>&gt;<strong>表格</strong>&gt;<strong>frmDetails</strong>&gt;<strong>flexHeader</strong>并选择<strong>headerButtonRight</strong>.</li>\n<li>来自<strong>属性</strong>面板，导航到<strong>行动</strong>选项卡。</li>\n<li> 在<b>一般</b>部分，用于<strong>点击</strong>事件点击<strong>编辑</strong>.<br /><b>动作编辑器</b>窗口出现。</li>\n</ol>"
    },
    "navigationBar": {
      "left": {
        "text": "上一个"
      },
      "right": {
        "text": "下一个"
      }
    }
  },
  "Card.VoltMX.EditPayeeMobile_v9.navEdit1": {
    "content": {
      "title": "导航到编辑收件人屏幕",
      "body": "<ol>\n<li>从左侧菜单<strong>动作编辑器</strong> , 在<strong>一般</strong>部分，选择<strong>导航到表单</strong>.</li>\n<li>从右侧窗格中，选择<strong>frmEditRecipient</strong>然后选择<strong>通过导航传递数据</strong>.</li>\n<li>从右侧窗格中，展开<strong>表格</strong>&gt;<strong>frmDetails</strong>&gt;<strong>标签-lblRecipientIDValue</strong> ，然后选择<strong>文本{字符串}</strong>.</li>\n<li>点击<strong>保存</strong>.</li>\n</ol>"
    },
    "navigationBar": {
      "left": {
        "text": "上一个"
      },
      "right": {
        "text": "下一个"
      }
    }
  },
  "Card.VoltMX.EditPayeeMobile_v9.navRec": {
    "content": {
      "title": "导航到收件人列表屏幕",
      "body": "<ol>\n<li>来自<strong>项目</strong>资源管理器，展开<strong>手机</strong>&gt;<strong>表格</strong>&gt;<strong>frmEditRecipient</strong>&gt;<b>flexEditRecipient</b> > <strong>flexFooter</strong> ，然后选择<strong> flexRecipientSelected</strong>.</li>\n<li>来自<strong>属性</strong>面板，导航到<strong>行动</strong>&nbsp;标签。</li>\n<li> 在<strong>一般</strong>部分，用于<strong>点击</strong>事件点击<strong>编辑</strong>.<br /><strong>动作编辑器</strong>窗口出现。</li>\n</ol>"
    },
    "navigationBar": {
      "left": {
        "text": "上一个"
      },
      "right": {
        "text": "下一个"
      }
    }
  },
  "Card.VoltMX.EditPayeeMobile_v9.navRec1": {
    "content": {
      "title": "导航到收件人列表屏幕",
      "body": "<ol>\n<li>来自<strong>动作编辑器</strong>左侧菜单，在<strong>一般</strong>部分，选择<strong>导航到表单</strong>.</li>\n<li>从右侧窗格<strong>动作编辑器</strong>，选择<strong>frmRecipients</strong>.</li>\n<li>点击<strong>保存</strong>.</li>\n</ol>"
    },
    "navigationBar": {
      "left": {
        "text": "上一个"
      },
      "right": {
        "text": "下一个"
      }
    }
  },
  "Card.VoltMX.EditPayeeMobile_v9.openapp": {
    "content": {
      "title": "Volt MX 应用程序",
      "body": "<ol>\n<li>使用 USB 数据线将您的移动设备连接到您的计算机。<br /> 对于Android移动设备，确保USB设置为<strong>传输文件</strong>.<br />对于 iOS 移动设备，请确保<strong>信任</strong> 已在设备和计算机之间建立。</li>\n<li>启动你的<strong>Volt MX 应用程序</strong>在您的移动设备上。</li>\n<li>选择<strong>USB</strong>选项卡。<br/>连接成功后，<strong>虹膜</strong>在您的计算机上显示成功提示。</li>\n</ol>"
    },
    "navigationBar": {
      "left": {
        "text": "上一个"
      },
      "right": {
        "text": "下一个"
      }
    }
  },
  "Card.VoltMX.EditPayeeMobile_v9.run": {
    "content": {
      "title": "运行应用程序",
      "body": "<ol>\n<li>从左侧导航栏中，单击<strong>运行</strong>.<br /> Iris 显示需要一些时间<strong>实时预览已准备就绪</strong>窗口。</li>\n<li>在 Iris 运行应用程序后，在您的<strong>Volt MX 应用程序</strong>，点击<strong>启动</strong>.</li>\n<li>您可能会看到<strong>应用程序名称</strong>文本框。如果有文本框，输入<strong>RecipientsMobApp</strong> ，然后单击<strong>启动</strong>.</li>\n</ol>"
    },
    "navigationBar": {
      "left": {
        "text": "上一个"
      },
      "right": {
        "text": "下一个"
      }
    }
  },
  "Card.VoltMX.EditPayeeMobile_v9.uiedit": {
    "content": {
      "title": "编辑收件人屏幕的用户界面",
      "body": "<ol>\n<li>从 Iris 的左下角，导航到<strong>默认库</strong>.</li>\n<li>在默认库旁边，您将看到<strong>我的图书馆</strong>选项卡和搜索图标。单击搜索图标。</li>\n<li>在出现的搜索栏中，输入<strong>编辑收件人</strong>.</li>\n<li>从结果来看，在<strong> RecipientsMobile</strong>，选择<strong>编辑收件人</strong>.</li>\n<li>拖动<strong>编辑收件人</strong>收集到<strong>frmEditRecipient</strong>在画布上。</li>\n</ol>"
    },
    "navigationBar": {
      "left": {
        "text": "上一个"
      },
      "right": {
        "text": "下一个"
      }
    }
  },
  "Card.VoltMX.EditPayeeMobile_v9.update": {
    "content": {
      "title": "配置更新操作",
      "body": "<ol>\n<li>来自<strong>项目</strong>资源管理器，导航到<strong>手机</strong>&gt;<strong>表格</strong>&gt;<strong>frmEditRecipient</strong>&gt;<b>flexEditRecipient</b> > <strong>flexFieldsContainer</strong>&gt;<strong>flexSave</strong>&gt;<strong>flexSquaredBorderedButton</strong> ，然后选择<strong>btnSquared</strong>.</li>\n<li>导航到<strong>属性</strong>面板并选择<strong>行动</strong>标签。</li>\n<li> 在<strong>一般</strong>部分，用于<strong>点击</strong>事件点击<strong>编辑</strong>. <br /><strong>动作编辑器</strong>窗口出现。</li>\n<li>从右上角<strong>动作编辑器</strong>，选择<strong>设计视图</strong>.</li>\n</ol>"
    },
    "navigationBar": {
      "left": {
        "text": "上一个"
      },
      "right": {
        "text": "下一个"
      }
    }
  },
  "Card.VoltMX.EditPayeeMobile_v9.update1": {
    "content": {
      "title": "配置更新操作",
      "body": "<ol>\n<li>从左侧菜单<strong>动作编辑器</strong> , 在<strong>网络</strong>部分，选择<strong>加载指示器</strong>.</li>\n<li>从左侧菜单<strong>动作编辑器</strong> , 在<strong>网络</strong>部分，选择<strong>调用服务</strong>.</li>\n<li>从右侧窗格<strong>动作编辑器</strong> ，从下拉列表中选择以下值<ul>\n<li>选择服务：<strong>RecipientStorage$Recipients</strong></li>\n<li>选择方法：<strong>更新</strong></li>\n</ul>\n</li>\n<li>选择<strong>打开映射编辑器</strong>. <br />出现映射编辑器窗口。</li>\n</ol>"
    },
    "navigationBar": {
      "left": {
        "text": "上一个"
      },
      "right": {
        "text": "下一个"
      }
    }
  },
  "Card.VoltMX.EditPayeeMobile_v9.update2": {
    "content": {
      "title": "将 UI 元素映射到服务",
      "body": "<ul>\n<li>从左侧窗格<strong>映射编辑器</strong>，展开<strong>表格</strong>&gt;<strong>frmEditRecipients</strong>. <br />从右侧窗格<strong>映射编辑器</strong>，展开<strong>服务</strong>&gt;<strong>Service-RecipientStorage$Recipients$update</strong>.</li>\n<li>从左侧窗格<strong>映射编辑器</strong>，展开<strong>文本字段-tbxPayeeID</strong>然后选择<strong>文本{字符串}</strong>. <br />从右侧窗格<strong>映射编辑器</strong>, <strong> RecipientID{number}</strong>.</li>\n<li>从左侧窗格<strong>映射编辑器</strong>，展开<strong>文本字段-tbxFirstName</strong>然后选择<strong>文本{字符串}</strong>. <br />从右侧窗格<strong>映射编辑器</strong>, <strong>名字{字符串}</strong>.</li>\n</ul>"
    },
    "navigationBar": {
      "left": {
        "text": "上一个"
      },
      "right": {
        "text": "下一个"
      }
    }
  },
  "Card.VoltMX.EditPayeeMobile_v9.update3": {
    "content": {
      "title": "将 UI 元素映射到服务",
      "body": "<ul>\n<li>从左侧窗格<strong>映射编辑器</strong>，展开<strong>文本字段-tbxLastName</strong>然后选择<strong>文本{字符串}</strong>. <br />从右侧窗格<strong>映射编辑器</strong>, <strong>姓氏{字符串}</strong>.</li>\n<li>从左侧窗格<strong>映射编辑器</strong>，展开<strong>文本字段-tbxNickName</strong>然后选择<strong>文本{字符串}</strong>. <br />从右侧窗格<strong>映射编辑器</strong>, <strong>昵称{字符串}</strong>.</li>\n<li>从左侧窗格<strong>映射编辑器</strong>，展开<strong>文本字段-tbxPhone</strong>然后选择<strong>文本{字符串}</strong>. <br />从右侧窗格<strong>映射编辑器</strong>, <strong>电话{字符串}</strong>.</li>\n</ul>"
    },
    "navigationBar": {
      "left": {
        "text": "上一个"
      },
      "right": {
        "text": "下一个"
      }
    }
  },
  "Card.VoltMX.EditPayeeMobile_v9.update4": {
    "content": {
      "title": "检查服务状态",
      "body": "<ol>\n<li>来自<strong>动作编辑器</strong>画布下<strong>调用服务</strong>，选择<strong>回调</strong>.</li>\n<li>从左侧菜单<strong>动作编辑器</strong> , 在<strong>网络</strong>部分，选择<strong>加载指示器</strong>.</li>\n<li>从右侧窗格<strong>动作编辑器</strong>，设置<strong>加载指示器</strong>到<strong>解雇</strong>.</li>\n<li>从左侧菜单<strong>动作编辑器，</strong> 在<strong>条件</strong>部分，选择<strong>如果</strong>.</li>\n</ol>"
    },
    "navigationBar": {
      "left": {
        "text": "上一个"
      },
      "right": {
        "text": "下一个"
      }
    }
  },
  "Card.VoltMX.EditPayeeMobile_v9.update5": {
    "content": {
      "title": "导航到收件人屏幕",
      "body": "<ol>\n<li>从右侧窗格<strong>动作编辑器</strong>，下<strong>添加条件</strong>设置以下内容：<ul>\n<li>第一个字段<strong>值</strong>.</li>\n<li>第二个字段类型<strong>Recipients.opstatus</strong></li>\n<li>第三场<strong>等于</strong></li>\n<li>第四场&ndash;<strong>值</strong></li>\n<li>第五字段 - 类型<strong>0</strong></li>\n</ul>\n</li>\n<li>从左侧窗格<strong>动作编辑器</strong> , 在<strong>一般</strong>部分，选择<strong>导航到表单</strong>.</li>\n<li>从右侧窗格<strong>动作编辑器</strong>，选择<strong>frmDetails</strong>.</li>\n<li>从右侧窗格<strong>动作编辑器</strong>，选择<strong>通过导航传递数据</strong>. <br />出现映射编辑器。</li>\n<li>从映射编辑器中，展开<strong>frmEditRecipient</strong>&gt;<strong>TextField-tbxPayeeID</strong>并选择<strong>文本{字符串}</strong>.</li>\n</ol>"
    },
    "navigationBar": {
      "left": {
        "text": "上一个"
      },
      "right": {
        "text": "下一个"
      }
    }
  },
  "Card.VoltMX.EditPayeeMobile_v9.update6": {
    "content": {
      "title": "配置其他条件",
      "body": "<ol><li>来自<b>动作编辑器</b>画布，选择<b>IF：Recipients.opstatus 等于 0</b>节点。</li>\n<li>从左侧菜单<strong>动作编辑器，</strong> 在<strong>条件</strong>部分，选择<strong>其他</strong>.</li>\n<li>从左侧菜单<strong>动作编辑器</strong> , 在<strong>客户端</strong>部分，选择<strong>显示警报</strong>.</li>\n<li>在右侧窗格中<strong>动作编辑器</strong> ，提供以下字段：<ul>\n<li>警报类型：<strong>信息</strong></li>\n<li>警报消息：<strong>“抱歉，您的收件人详细信息无法成功编辑。请稍后再试”</strong></li>\n</ul>\n</li>\n<li>点击<strong>保存</strong>.</li>\n</ol>"
    },
    "navigationBar": {
      "left": {
        "text": "上一个"
      },
      "right": {
        "text": "下一个"
      }
    }
  },
  "Card.VoltMX.EditPayeeMobile_v9.view": {
    "content": {
      "title": "启动应用程序",
      "body": "<ol>\n<li>在您的应用中输入以下登录凭据。<ul>\n<li>用户名：<strong>john.doe@woodburn.com</strong></li>\n<li>密码：<strong>VoltMX@123</strong></li>\n</ul>\n</li>\n<li>点击<strong>登录</strong>.<br />出现帐户列表。</li>\n<li>点击<strong>收件人</strong>选项卡。<br />出现收件人列表。</li>\n<li>点击添加<strong> (+)</strong> 添加收件人的图标。</li>\n<li>从列表中选择收件人以查看其详细信息。</li>\n<li>从详细信息页面，单击<strong>删除</strong>删除收件人的按钮。</li>\n<li>从详细信息页面，单击<strong>编辑</strong>用于编辑收件人详细信息的按钮。</li>\n<li>单击屏幕顶部的注销按钮导航到登录屏幕。</li>\n</ol>"
    },
    "navigationBar": {
      "left": {
        "text": "上一个"
      },
      "right": {
        "text": "下一个"
      }
    }
  }
}