{
    "kuid": "407569t5-1ca3-44r1-b0ue-23bbdenc",
    "id": "VoltMX.UseStorageServiceV9.addDetails2",
    "content": {
        "title": "Add Details- Employee Name",
        "body": "<ol>\n<li>Click <strong>+ Add</strong> and enter the following details:\n<ul>\n<li>Name: <strong>EmployeeName</strong></li>\n<li>Type: <strong>String</strong></li>\n</ul>\n</li>\n</ol>"
    },
    "pointer": {
        "direction": "left",
        "element": "",
        "type": "none"
    },
    "navigationType": "manual",
    "navigationBar": {
        "left": {
            "text": "Previous",
            "enable": true,
            "hide": false
        },
        "right": {
            "text": "Next",
            "enable": true,
            "hide": false
        }
    },
    "navigationCondition": "",
    "position": "BOTTOM_RIGHT",
    "meta": {
        "Creator": "Rashmi Menon",
        "CreatedOn": "Wed, 27 Nov 2019 10:10:55 GMT"
    },
    "context": []
}