{
  "Tour.UsingTestRecorder_v9": {
    "description": "旅遊描述"
  },
  "Hike.VoltMX.UsingTestRecorder_v9": {
    "description": "徒步說明"
  },
  "Card.VoltMX.UsingTestRecorder_v9.automate": {
    "content": {
      "title": "使用Volt MX Automator",
      "body": "<ol>\n<li>從左側導航欄中，單擊<strong>Volt MX Automator</strong>.<br /><strong>儀表板</strong>窗口出現。<br />在<strong>儀表板</strong> 窗口，您將看到您運行的測試套件的測試結果。您可以看到通過和失敗的測試用例的數量。</li>\n<li>在<strong>結果</strong>列，單擊測試套件文件。<br />測試套件結果擴展以提供更多詳細信息。</li>\n<li>關閉<strong>儀表板</strong>窗口。</li>\n</ol>"
    },
    "navigationBar": {
      "left": {
        "text": "上一個"
      },
      "right": {
        "text": "下一個"
      }
    }
  },
  "Card.VoltMX.UsingTestRecorder_v9.deploy": {
    "content": {
      "title": "部署測試計劃",
      "body": "<ol>\n<li>來自<strong>項目</strong>資源管理器，展開<strong>測試資源</strong>，右擊<strong>茉莉花</strong>並選擇<strong>部署</strong>.</li>\n<li>在<strong>虹膜預覽</strong>窗口，點擊刷新按鈕。</li><li>輸入登錄憑據：<ul><li>用戶名：<b>john.doe@woodburn.com</b></li><li>密碼：<b>VoltMX@123</b></li></ul></li> <li>點擊<b>登錄</b>.</li> \n<li>成功登錄後，屏幕底部會出現警告，提示您提供對文件系統的 Iris 訪問權限。</li>\n<li>點擊<strong>允許</strong>.<br /><strong>另存為</strong>窗口出現。</li>\n<li>將測試結果文件保存在所需位置。<br />測試結果文件包含測試的詳細信息。</li>\n</ol>"
    },
    "navigationBar": {
      "left": {
        "text": "上一個"
      },
      "right": {
        "text": "下一個"
      }
    }
  },
  "Card.VoltMX.UsingTestRecorder_v9.done": {
    "content": {
      "title": " 恭喜",
      "body": "<p>你已經成功：</p>\n<ul>\n<li><strong>創建了兩個測試用例來測試認證</strong></li>\n<li><strong>創建測試套件和測試計劃</strong></li>\n<li><strong>運行應用程序查看結果</strong></li>\n<li><strong>部署測試計劃</strong></li>\n</ul><br/>\n\n<p>要了解有關 Volt MX Iris 的更多信息，請訪問<a href='#'onClick='javascript:openURL(\"https://support.hcltechsw.com/\")'>大本營</a>.</p>"
    },
    "navigationBar": {
      "left": {
        "text": "上一個"
      },
      "right": {
        "text": "完成"
      }
    }
  },
  "Card.VoltMX.UsingTestRecorder_v9.Intro": {
    "content": {
      "title": "測試記錄儀簡介",
      "body": "<p> 在這次徒步旅行中，您將學習如何使用<strong>測試記錄器</strong></p><br/>\n<p>在開始之前，完成遠足：</p>\n<ol><b>\n<li><a class=\"tour-link\" tour=\"7408efte-e2aa-4cr8-a9ub-d7ba36n8\">啟動您的第一個移動應用</a></li>\n</b></ol><br/>\n<p>確保您打開在上一次徒步旅行中創建的相同項目。</p>\n<p>要打開一個關閉的項目，從主菜單，導航到<strong>項目</strong>&gt;<strong>打開</strong>&gt;<strong>HCL 參考架構</strong>&gt;<b> RecipientsMobile</b>.</p><br/>\n<p><strong>準備好後，單擊開始！</strong></p>"
    },
    "navigationBar": {
      "left": {
        "text": "上一個"
      },
      "right": {
        "text": "開始"
      }
    }
  },
  "Card.VoltMX.UsingTestRecorder_v9.record": {
    "content": {
      "title": "記錄第一個測試用例",
      "body": "<ol>\n<li>在右上角<strong>測試用例記錄器</strong>窗口，寫測試用例名稱：<strong>登錄</strong>.</li>\n<li>來自<strong>虹膜預覽</strong>窗口，點擊刷新圖標。</li>\n<li>在<strong>測試用例記錄器</strong>窗口，選擇<strong>記錄</strong>.</li>\n</ol>"
    },
    "navigationBar": {
      "left": {
        "text": "上一個"
      },
      "right": {
        "text": "下一個"
      }
    }
  },
  "Card.VoltMX.UsingTestRecorder_v9.record1": {
    "content": {
      "title": "記錄第二個測試用例",
      "body": "<ol>\n<li>在<strong>測試用例記錄器</strong>窗口，寫測試用例名稱：<strong>註銷</strong>.</li>\n<li>單擊“虹膜預覽”窗口中的刷新圖標。</li>\n<li>來自<strong>測試用例記錄器</strong>窗口，選擇<strong>記錄</strong>.</li>\n<li>導航到<strong>實時預覽</strong>在<strong>賬戶</strong>屏幕。</li><li>從標題中，選擇<strong>註銷</strong>按鈕。<br />成功註銷後，您將被導航到登錄屏幕。</li>\n</ol>"
    },
    "navigationBar": {
      "left": {
        "text": "上一個"
      },
      "right": {
        "text": "下一個"
      }
    }
  },
  "Card.VoltMX.UsingTestRecorder_v9.run": {
    "content": {
      "title": "運行應用程序",
      "body": "<ol>\n<li>從主菜單中，單擊<strong>構建</strong>&gt;<strong>實時預覽設置</strong>.</li>\n<li>來自<strong>實時預覽設置</strong>窗下<strong>自適應網絡</strong>選中旁邊的複選框<strong>iOS</strong>和<strong>安卓</strong>.</li>\n<li>設置<strong>預覽</strong>模式為<strong>測試</strong>.</li>\n<li>點擊<strong>保存&amp;跑步</strong>.<br /><strong>實時預覽已準備就緒</strong> 窗口出現，應用程序啟動。</li>\n</ol>"
    },
    "navigationBar": {
      "left": {
        "text": "上一個"
      },
      "right": {
        "text": "下一個"
      }
    }
  },
  "Card.VoltMX.UsingTestRecorder_v9.runTest": {
    "content": {
      "title": "運行測試",
      "body": "<ol>\n<li>來自<strong>項目</strong>資源管理器，導航到<strong>測試資源</strong>&gt;<strong>測試套件</strong>.</li>\n<li>右擊<strong>認證</strong>然後選擇<strong>運行</strong>.<br /><strong>測試套件運行程序</strong>窗口出現。</li>\n<li>在虹膜預覽窗口中，單擊<strong>刷新</strong>.<br />在 Iris 中，<strong>測試套件運行程序</strong>窗口顯示消息：<b>“設備連接成功”</b>.<br />在<strong>虹膜預覽</strong> 窗口，測試套件按照設定的順序運行測試用例。</li>\n</ol>"
    },
    "navigationBar": {
      "left": {
        "text": "上一個"
      },
      "right": {
        "text": "下一個"
      }
    }
  },
  "Card.VoltMX.UsingTestRecorder_v9.testCase": {
    "content": {
      "title": "創建第一個測試用例",
      "body": "<ol>\n<li>關閉<strong>實時預覽已準備就緒</strong>窗口。</li>\n<li>來自<strong>項目</strong>資源管理器，展開<strong>測試資源</strong>&gt;<strong>茉莉花</strong>&gt;<strong>手機</strong> ，然後選擇<strong>測試用例</strong>.</li>\n<li>右擊<strong>測試用例</strong>並選擇<strong>創建測試用例</strong>.<br /><strong>測試用例記錄器</strong>窗口出現。</li>\n</ol>"
    },
    "navigationBar": {
      "left": {
        "text": "上一個"
      },
      "right": {
        "text": "下一個"
      }
    }
  },
  "Card.VoltMX.UsingTestRecorder_v9.testCase1": {
    "content": {
      "title": "創建第一個測試用例",
      "body": "<ol>\n<li>在鳶尾花中，在<strong>測試用例記錄器</strong>窗口，點擊<strong>停止</strong>.</li>\n<li>從T的右上角<strong> est Case Recorder</strong>窗口畫面，點擊<strong>保存</strong>.<br />您已成功創建第一個測試用例。</li><li>關閉<b>測試用例記錄器</b>窗口。</li>\n</ol>"
    },
    "navigationBar": {
      "left": {
        "text": "上一個"
      },
      "right": {
        "text": "下一個"
      }
    }
  },
  "Card.VoltMX.UsingTestRecorder_v9.testCase2": {
    "content": {
      "title": "創建第二個測試用例",
      "body": "<ol>\n<li>來自<strong>項目</strong>資源管理器，導航到<strong>測試資源</strong>&gt;<strong>茉莉花</strong>&gt;<strong>手機</strong>.</li>\n<li>右擊<strong>測試用例</strong>並選擇<strong>創建測試用例</strong>.<br /><strong>測試用例記錄器</strong>窗口出現。</li>\n</ol>"
    },
    "navigationBar": {
      "left": {
        "text": "上一個"
      },
      "right": {
        "text": "下一個"
      }
    }
  },
  "Card.VoltMX.UsingTestRecorder_v9.testCase3": {
    "content": {
      "title": "添加等待第二個測試用例",
      "body": "<ol>\n<li>來自<strong>測試用例記錄器</strong>窗口，點擊<strong>停止</strong>.</li>\n<li>從測試用例記錄器畫布中，單擊<strong>+</strong>圖標並選擇<strong>等待</strong>.</li>\n<li>修改以下字段：<ul>\n<li>等待毫秒：<strong>2000</strong></li>\n</ul>\n</li>\n<li>從測試用例記錄器窗口屏幕的右上角，單擊<strong>保存</strong>.<br />您已成功創建第二個測試用例。</li>\n<li>關閉<strong>測試用例記錄器</strong>窗口。</li>\n</ol>"
    },
    "navigationBar": {
      "left": {
        "text": "上一個"
      },
      "right": {
        "text": "下一個"
      }
    }
  },
  "Card.VoltMX.UsingTestRecorder_v9.testing": {
    "content": {
      "title": "創建第一個測試用例",
      "body": "<ol>\n<li>在<strong>虹膜預覽</strong>窗口，輸入以下憑據：<ul>\n<li>用戶名：<strong>john.doe@woodburn.com</strong></li>\n<li>密碼：<strong>VoltMX@123</strong></li>\n</ul>\n</li>\n<li>點擊<strong>登錄</strong>.</li>\n</ol>"
    },
    "navigationBar": {
      "left": {
        "text": "上一個"
      },
      "right": {
        "text": "下一個"
      }
    }
  },
  "Card.VoltMX.UsingTestRecorder_v9.testPlan": {
    "content": {
      "title": "創建測試計劃",
      "body": "<ol>\n<li>來自<strong>項目</strong>資源管理器，展開<strong>測試資源</strong>&gt;<strong>茉莉花</strong>&gt;<strong>手機</strong> ，然後選擇<strong>測試計劃</strong>.</li>\n<li>右擊<strong>測試計劃</strong>並選擇<strong>創建測試計劃</strong>.<br /><strong>創建測試計劃</strong>窗口出現。</li>\n</ol>"
    },
    "navigationBar": {
      "left": {
        "text": "上一個"
      },
      "right": {
        "text": "下一個"
      }
    }
  },
  "Card.VoltMX.UsingTestRecorder_v9.testPlan1": {
    "content": {
      "title": "創建測試計劃",
      "body": "<ol>\n<li>在<strong>創建測試計劃</strong>窗口，提供計劃名稱：<strong>RecipientsApp</strong>.</li>\n<li>從可用測試套件列表中，選擇<strong>Authentication.js</strong>.</li>\n<li>點擊<strong>&gt;</strong>要添加的圖標<strong>Authentication.js</strong>文件到<strong>添加了測試套件</strong>.</li>\n<li>點擊<strong>創建</strong>.<br />您已成功創建新的測試計劃。</li>\n</ol>"
    },
    "navigationBar": {
      "left": {
        "text": "上一個"
      },
      "right": {
        "text": "下一個"
      }
    }
  },
  "Card.VoltMX.UsingTestRecorder_v9.testPlan2": {
    "content": {
      "title": "修改默認測試計劃",
      "body": "<ol>\n<li>來自<strong>項目</strong>資源管理器，展開<strong>測試資源</strong>&gt;<strong>茉莉花</strong>&gt;<strong>手機</strong>&gt;<strong>測試計劃</strong>並打開<strong>testPlan.js</strong>文件。</li>\n<li>將文件中的代碼替換為以下代碼：<span style=\"background-color: #999999;\"><br />需要（[“測試計劃/收件人應用程序”]）；<br /> /* 寫入要執行的測試計劃的名稱。<br />這裡，RecipientsApp 是測試計劃的名稱。*/<br/>需要（[]，函數（）{需要（[]，函數（）{需要（[]，函數（）{jasmine.getEnv（）。執行（）；}）；}）；}）；</span></li>\n<li>保存文件。</li>\n</ol>"
    },
    "navigationBar": {
      "left": {
        "text": "上一個"
      },
      "right": {
        "text": "下一個"
      }
    }
  },
  "Card.VoltMX.UsingTestRecorder_v9.testSuite": {
    "content": {
      "title": "創建測試套件",
      "body": "<ol>\n<li>來自<strong>項目</strong>資源管理器，展開<strong>測試資源</strong>&gt;<strong>茉莉花</strong>&gt;<strong>手機</strong> ，然後選擇<strong>測試套件</strong>.</li>\n<li>右擊<strong>測試套件</strong>並選擇<strong>創建測試套件</strong>.<br /><strong>創建測試套件</strong>窗口出現。</li>\n</ol>"
    },
    "navigationBar": {
      "left": {
        "text": "上一個"
      },
      "right": {
        "text": "下一個"
      }
    }
  },
  "Card.VoltMX.UsingTestRecorder_v9.testSuite1": {
    "content": {
      "title": "創建測試套件",
      "body": "<ol>\n<li>在&nbsp;<strong>創建測試套件</strong>窗口，輸入套件名稱：<strong>認證</strong></li>\n<li>下<strong>可用的測試用例</strong>，選擇&nbsp;<strong>Login.js</strong>.<strong><br /></strong></li>\n<li>點擊<strong>&gt;</strong>要添加的圖標<strong>Login.js</strong> 到列表<strong>添加了測試用例</strong>.</li>\n<li>下<strong>可用的測試用例</strong>，選擇&nbsp;<strong>Logout.js</strong>.</li>\n<li>點擊<strong>&gt;</strong> 添加<strong>Logout.js</strong>文件到列表<strong>添加了測試用例</strong>.</li>\n<li>點擊<strong>創建</strong>.<br />您已成功創建<strong>測試套件</strong>.</li>\n</ol>"
    },
    "navigationBar": {
      "left": {
        "text": "上一個"
      },
      "right": {
        "text": "下一個"
      }
    }
  }
}