{
  "Tour.AddAuthenticationtoyourapp_v9": {
    "description": "向您的應用程序添加身份驗證"
  },
  "Hike.VoltMX.AuthApp": {
    "description": "向應用程序添加身份驗證"
  },
  "Card.VoltMX.AuthApp.AddUser": {
    "content": {
      "title": "將用戶添加到存儲庫",
      "body": "<ol>\n<li>點擊<strong>添加用戶</strong>.<br /><strong>添加用戶</strong>窗口出現。</li>\n<li>在相應字段中輸入以下值：<ul>\n<li>電子郵件/用戶名：<strong> &nbsp;john.doe@woodburn.com</strong></li>\n<li>名字：<strong>&nbsp;約翰</strong></li>\n<li>姓氏：<strong> &nbsp;Doe</strong></li>\n<li>密碼：<strong>VoltMX@123</strong></li>\n<li>重新輸入密碼：<strong>VoltMX@123</strong></li>\n<li>輸入電話號碼是可選的</li>\n<li>來自<strong>添加/選擇組</strong> ，確保複選框<strong>成員</strong>從下拉列表中選擇。</li>\n</ul>\n</li>\n<li>點擊<strong>添加用戶</strong>.</li>\n</ol>\n<p>一個用戶被添加到存儲庫。<br />注意<strong>登錄</strong>測試憑證。</p>"
    },
    "navigationBar": {
      "left": {
        "text": "上一個"
      },
      "right": {
        "text": "下一個"
      }
    }
  },
  "Card.VoltMX.AuthApp.ConfigureActions": {
    "content": {
      "title": "配置新動作",
      "body": "<ol>\n<li>來自<strong>動作編輯器</strong>畫布下<strong>調用服務：UserAuthentication$login</strong>選擇<strong>成功</strong>.</li>\n<li>從左側菜單<strong>動作編輯器</strong> , 在<strong>一般</strong>部分，選擇<strong>導航到表單</strong>.</li>\n<li>從右側窗格<strong>動作編輯器</strong>，選擇<strong>frmAccount</strong>.</li>\n<li>點擊<strong>保存</strong>.</li>\n</ol>"
    },
    "navigationBar": {
      "left": {
        "text": "上一個"
      },
      "right": {
        "text": "下一個"
      }
    }
  },
  "Card.VoltMX.AuthApp.ConfigureLogout": {
    "content": {
      "title": "配置註銷參數",
      "body": "<ol>\n<li>從右上角<strong>動作編輯器</strong>窗口，選擇<strong>設計視圖</strong>.</li>\n<li>從左側菜單<strong>動作編輯器</strong> , 在<strong>網絡</strong>部分，選擇<strong>調用服務</strong>.</li>\n<li>在右側窗格中<strong>動作編輯器</strong> , 從<strong>選擇服務</strong>下拉，選擇<strong>UserAuthentication$註銷</strong>.</li>\n</ol>"
    },
    "navigationBar": {
      "left": {
        "text": "上一個"
      },
      "right": {
        "text": "下一個"
      }
    }
  },
  "Card.VoltMX.AuthApp.ConfigureLogout_1": {
    "content": {
      "title": "配置註銷參數",
      "body": "<ol>\n<li>從動作編輯器畫布，在<strong>調用服務：UserAuthentication$logout</strong>,&nbsp;點擊<strong>成功</strong>.</li>\n<li>從左側菜單<strong>動作編輯器</strong> , 在<strong>一般</strong>部分，選擇<strong>導航到表單</strong>.</li>\n<li>從右側窗格<strong>動作編輯器</strong>，選擇<strong>frmLogin</strong>.</li>\n<li>點擊<strong>保存</strong>.</li>\n</ol>"
    },
    "navigationBar": {
      "left": {
        "text": "上一個"
      },
      "right": {
        "text": "下一個"
      }
    }
  },
  "Card.VoltMX.AuthApp.Congrats": {
    "content": {
      "title": "運行應用程序",
      "body": "<ol>\n<li>從 Iris 的左側導航欄中，單擊<b>運行</b>.</li><li>在之前的徒步旅行中，您無需任何憑據即可訪問帳戶表單。現在該應用程序將要求提供登錄憑據。<br />在您的應用中輸入以下登錄憑據：<ul>\n<li>用戶名：<strong>john.doe@woodburn.com</strong></li>\n<li>密碼：<strong>VoltMX@123</strong></li>\n</ul></li>\n<li>點擊<strong>登錄</strong>.<br /><b>賬戶列表</b>出現。</li>\n<li>點擊<b>註銷</b>. <br /><b>登錄表單</b>出現。</li>\n</ol>"
    },
    "navigationBar": {
      "left": {
        "text": "上一個"
      },
      "right": {
        "text": "下一個"
      }
    }
  },
  "Card.VoltMX.AuthApp.CreateRepository": {
    "content": {
      "title": "創建用戶存儲庫",
      "body": "<ol>\n<li>來自&nbsp;<strong>數據&amp;服務</strong>畫布右上角的面板，展開&nbsp;<strong>項目服務</strong>.</li>\n<li>點擊<strong>配置新</strong>獲取預先打包的服務列表。</li>\n<li>根據&nbsp;<strong>驗證</strong>類別，選擇&nbsp;<strong>用戶存儲庫</strong>.<br /><strong>配置身份服務</strong> &nbsp;窗口出現。</li>\n<li>輸入服務名稱<strong>用戶身份驗證</strong>.</li>\n<li>點擊<strong>保存</strong>.</li>\n</ol>"
    },
    "navigationBar": {
      "left": {
        "text": "上一個"
      },
      "right": {
        "text": "下一個"
      }
    }
  },
  "Card.VoltMX.AuthApp.DeleteUnwanted": {
    "content": {
      "title": "刪除不需要的操作",
      "body": "<ol>\n<li>從右上角<strong>動作編輯器</strong>窗口，選擇&nbsp;<strong>設計視圖</strong>.</li>\n<li>來自<strong>動作編輯器</strong>畫布，導航到<strong>導航到表單：frmAccount</strong>。右鍵單擊並選擇<strong>刪除</strong>對於此操作。</li>\n<li>來自<strong>動作編輯器</strong>畫布，導航到<strong>調用服務：UserAuthentication$login</strong>&gt;<strong>成功</strong>&gt;<strong>顯示警報</strong>。右鍵單擊並選擇<strong>刪除</strong>對於此操作。</li>\n</ol>"
    },
    "navigationBar": {
      "left": {
        "text": "上一個"
      },
      "right": {
        "text": "下一個"
      }
    }
  },
  "Card.VoltMX.AuthApp.done": {
    "content": {
      "title": " 恭喜",
      "body": "<p>您已成功：</p>\n<ul>\n<li><strong>創建身份服務</strong></li>\n<li><strong>將身份服務與登錄表單集成</strong></li>\n</ul>\n<p><br />要了解如何創建後端服務並將它們鏈接到應用程序，請查看下一次加息：<a class=\"tour-link\" tour=\"a851b9t8-75a9-4ara-88ud-946004n9\"><strong> 4.為後端數據Web創建服務</strong></a>.</p>"
    },
    "navigationBar": {
      "left": {
        "text": "上一個"
      },
      "right": {
        "text": "完成"
      }
    }
  },
  "Card.VoltMX.AuthApp.Intro": {
    "content": {
      "title": "向應用程序添加身份驗證",
      "body": "<p><strong>讓我們開始吧！</strong><br />在這次徒步旅行中，我們將：</p>\n<ul>\n<li>學習配置身份服務</li>\n<li>將身份服務映射到應用程序的 UI 元素</li>\n</ul>\n<p>在開始之前，完成以下遠足：</p>\n<ol><b>\n<li><a class=\"tour-link\" tour=\"705a94tb-faa0-47r7-a1ud-31b3dbnf\">啟動你的響應式網絡應用</a></li><li><a class=\"tour-link\" tour=\"220f01t3-bda6-40r0-92uf-56631bnb\">從集合創建用戶界面</a></li></b>\n</ol>\n<p>確保您打開在之前的徒步旅行中創建的相同項目。<br />要打開一個關閉的項目，從主菜單，導航到<strong>項目</strong>&gt;<strong>打開</strong>&gt;<strong>HCL 參考架構</strong>&gt;<strong>RecipientsWebApp</strong>.</p>\n<p><strong>準備好後，單擊開始！</strong></p>"
    },
    "navigationBar": {
      "left": {
        "text": "上一個"
      },
      "right": {
        "text": "開始"
      }
    }
  },
  "Card.VoltMX.AuthApp.MappingEditor": {
    "content": {
      "title": "將登錄參數映射到 UI",
      "body": "<ol>\n<li>從動作編輯器畫布中，右鍵單擊<strong>調用服務：UserAuthentication$login</strong> ，然後選擇&nbsp;<strong>打開映射編輯器</strong>.<br />映射編輯器出現在畫布的右窗格中。</li>\n<li>從左側窗格<strong>映射編輯器</strong>，展開<strong>表格</strong>&gt;<strong>frmLogin</strong>.</li>\n<li>從右側窗格<strong>映射編輯器</strong>，展開<strong>服務</strong>&gt;<strong>服務用戶身份驗證$登錄</strong>.</li>\n</ol>"
    },
    "navigationBar": {
      "left": {
        "text": "上一個"
      },
      "right": {
        "text": "下一個"
      }
    }
  },
  "Card.VoltMX.AuthApp.MappingLogout": {
    "content": {
      "title": "將註銷參數映射到 UI",
      "body": "<ol>\n<li>來自<strong>項目</strong>資源管理器，展開<strong>響應式網頁/桌面</strong>&gt;<strong>表格</strong>&gt;<strong>frmAccount</strong>&gt;<strong>flxAccountList</strong>&gt;<strong>flxHeader</strong>然後選擇<strong>flxUserLogout</strong>.</li>\n<li>來自<strong>屬性</strong>&nbsp;面板，導航到<strong>動作</strong>標籤。</li>\n<li>對於<strong>點擊</strong>事件，點擊<strong>編輯</strong>.<br /><strong>動作編輯器</strong>窗口出現。</li>\n</ol>"
    },
    "navigationBar": {
      "left": {
        "text": "上一個"
      },
      "right": {
        "text": "下一個"
      }
    }
  },
  "Card.VoltMX.AuthApp.MappingLogout_1": {
    "content": {
      "title": "將註銷參數映射到 UI",
      "body": "<ol>\n<li>來自<strong>項目</strong>資源管理器，展開<strong>響應式網頁/桌面</strong>&gt;<strong>表格</strong>&gt;<strong>frmRecipients</strong>&gt;<strong>flxRecipientList</strong>&gt;<strong>flxHeader</strong>然後選擇<strong>flxUserLogout</strong>.</li>\n<li>來自<strong>屬性</strong>&nbsp;面板，導航到<strong>動作</strong>標籤。</li>\n<li>對於<strong>點擊</strong>事件，點擊<strong>編輯</strong>.<br /><strong>動作編輯器</strong>窗口出現。</li>\n</ol>"
    },
    "navigationBar": {
      "left": {
        "text": "上一個"
      },
      "right": {
        "text": "下一個"
      }
    }
  },
  "Card.VoltMX.AuthApp.mappingV9": {
    "content": {
      "title": "映射用戶名和密碼",
      "body": "<p>將以下元素從左窗格映射到右窗格：</p><ul>\n<li>從左窗格中，展開<strong>TextField &ndash;用戶名</strong>並選擇<strong>文本{字符串}</strong>.<br />從右側窗格中，選擇<strong> 用戶 ID {string}</strong>.</li>\n<li>從左窗格中，展開<strong>TextField &ndash; txt密碼</strong>並選擇<strong>文本{字符串}</strong>.<br />從右側窗格中，選擇<strong>密碼{字符串}</strong>.</li>\n</ul>"
    },
    "navigationBar": {
      "left": {
        "text": "上一個"
      },
      "right": {
        "text": "下一個"
      }
    }
  },
  "Card.VoltMX.AuthApp.SelectLogin": {
    "content": {
      "title": "映射登錄操作",
      "body": "<ol>\n<li>從項目資源管理器中，展開<strong>響應式網頁/桌面</strong>&gt;<strong>表格</strong>並選擇<strong>frmLogin</strong>.</li>\n<li>來自<strong>數據&amp;服務</strong>面板，展開<strong>項目服務</strong>&gt;<strong>用戶身份驗證</strong>&nbsp;並選擇<strong>登錄</strong>.</li>\n<li>拖動<strong>登錄</strong>操作<strong>登錄</strong>按鈕<strong>frmLogin</strong>在畫布上。<br />Iris 將服務添加到您的應用程序可能需要一些時間。</li>\n<li>從操作列表中，選擇<strong>動作：onClick</strong>.<br /><strong>動作編輯器</strong>窗口出現。</li>\n</ol>"
    },
    "navigationBar": {
      "left": {
        "text": "上一個"
      },
      "right": {
        "text": "下一個"
      }
    }
  },
  "Card.VoltMX.AuthApp.TestCreds": {
    "content": {
      "title": "測試登錄憑據",
      "body": "<ol>\n<li>在&nbsp;<strong>配置身份服務</strong>窗口，點擊&nbsp;<strong>測試登錄</strong>.</li>\n<li>輸入&nbsp;<strong>用戶ID</strong>（電子郵件）和&nbsp;<strong>密碼</strong>您創建的用戶。</li>\n<li>點擊<strong>登錄</strong>.<br /><strong>身份響應</strong>選項卡出現。</li>\n<li>關閉&nbsp;<strong>配置身份服務</strong>&nbsp;窗口。</li>\n</ol>\n<p>Iris 可能需要一些時間將身份服務添加到<strong>項目服務</strong>部分。</p>"
    },
    "navigationBar": {
      "left": {
        "text": "上一個"
      },
      "right": {
        "text": "下一個"
      }
    }
  }
}