{
  "Card.VoltMX.AuthApp.Intro": {
    "content": {
      "title": "將身份驗證添加到應用程序",
      "body": "***<p> <strong>讓我們開始！</strong> <br />在這次遠足中，我們將：</p> \n <ul> \n <li>學習配置身份服務</li> \n <li>將身份服務映射到應用程序</li>的UI元素 \n </ul> \n <p>入門前，完成以下徒步旅行：</p> \n <ol> <b> \n <li> <a class=\"tour-link\" tour=\"705a94tb-faa0-47r7-a1ud-31b3dbnf\">啟動響應式Web應用</a> </li> <li> <a class=\"tour-link\" tour=\"220f01t3-bda6-40r0-92uf-56631bnb\"> {20}從集合</a> </li> {22} </b>創建UI \n </ol> \n <p>確保您打開與上面徒步旅行2中創建的相同項目。<br />以從主菜單中打開一個封閉的項目，導航至<strong> project </strong>＆gt; <strong>打開</strong>＆gt; <strong> HCl參考架構</strong>＆gt; <strong> coverientsWebapp2 </strong>。</p> \n <p> <strong>您準備就緒時，單擊“開始”！</strong> </p>"
    },
    "navigationBar": {
      "left": {
        "text": "以前的"
      },
      "right": {
        "text": "開始"
      }
    }
  },
  "Card.VoltMX.AuthApp.CreateRepository": {
    "content": {
      "title": "創建一個用戶存儲庫",
      "body": "***<ol> \n <li>來自＆nbsp; <strong> data＆amp; 服務</strong>面板在虹膜的右上角，展開＆nbsp; <strong> project Services </strong>。</li> \n <li>單擊＆nbsp; <strong>配置新</strong>以獲取預裝服務的列表。</li> \n <li>在＆nbsp; <strong>認證</strong>類別中，select＆nbsp; <strong>用戶存儲庫</strong>。<br /> <strong> {17}配置身份服務</strong>＆nbsp; window出現。 \n <li>輸入服務的名稱＆nbsp; <strong> userauthentication2 </strong>。</br> </li> \n <li>單擊＆nbsp; <strong>保存</strong>。</li> \n </ol>"
    },
    "navigationBar": {
      "left": {
        "text": "以前的"
      },
      "right": {
        "text": "下一個"
      }
    }
  },
  "Card.VoltMX.AuthApp.AddUser": {
    "content": {
      "title": "將用戶添加到存儲庫中",
      "body": "***<ol> \n <li>單擊<strong>添加用戶</strong>。<br /> <strong>添加用戶</strong>窗口出現。</li> \n <li>在各個字段中輸入以下值： \n <ul> \n <li>電子郵件/用戶名：<strong>＆nbsp; john.doe@woodburn.com </strong> </li> {13} \n <li>名字：<strong>＆nbsp; john </strong> </li> \n <li>姓氏：<strong>＆nbsp; doe </strong> </li> \n <li>密碼：<strong> voltmx@123 </strong> </li> \n <li>重新輸入密碼：<strong> voltmx@123 </strong> </li> \n <li>輸入電話號碼是可選的</li> \n <li>來自<strong> add / select組（s）</strong>，確保從下拉下選擇<strong>成員的複選框</strong>。</li> \n </ul> \n </li> \n <li>單擊<strong>添加用戶</strong>。</li> \n </ol> \n <p>將用戶添加到存儲庫中。<br />注意<strong> login </strong>測試憑證。</p>"
    },
    "navigationBar": {
      "left": {
        "text": "以前的"
      },
      "right": {
        "text": "下一個"
      }
    }
  },
  "Card.VoltMX.AuthApp.TestCreds": {
    "content": {
      "title": "測試登錄憑據",
      "body": "<ol> \n <li>在＆nbsp; <strong>配置身份服務</strong>窗口，單擊＆nbsp; <strong> test login </strong>。</li> \n <li>輸入您創建的用戶的用戶ID <strong>用戶ID </strong>（電子郵件）和＆nbsp; <strong>密碼</strong>。 \n <ul> \n <li>電子郵件/用戶名：<strong>＆nbsp; john.doe@woodburn.com </strong> </li> \n <li>密碼：<strong> voltmx@123 </strong> </li> \n </ul> </li> \n <li> click＆nbsp; <strong>在</strong>中登錄。<br /> <strong>身份響應</strong> tab出現。</li> \n <li>關閉＆nbsp; <strong>配置身份服務</strong>＆nbsp; window。</li> \n </ol> \n <p> iris可能需要一些時間將身份服務添加到<strong>項目服務</strong>節。</p>"
    },
    "navigationBar": {
      "left": {
        "text": "以前的"
      },
      "right": {
        "text": "下一個"
      }
    }
  },
  "Card.VoltMX.AuthApp.SelectLogin": {
    "content": {
      "title": "映射登錄操作",
      "body": "<ol> \n <li>從項目資源管理器中，展開<strong>響應web / desktop </strong>＆gt; <strong>表格</strong>並選擇<strong> frmlogin </strong>。</li> \n <li>來自<strong> data＆amp; 服務</strong>面板，展開<strong>項目服務</strong>＆gt; <strong> userauthentication2 </strong>＆nbsp;並選擇<strong>登錄</strong>。</li> \n <li>將<strong>登錄</strong>操作到<strong>登錄</strong>按鈕<strong> frmlogin </strong>在畫布上。<br />可能需要一些時間才能將服務添加到 您的應用程序。</li> \n <li>從動作列表中，選擇<strong>動作：onClick </strong>。<br /> <strong> action Editor </strong>窗口出現。</li> \n </ol>"
    },
    "navigationBar": {
      "left": {
        "text": "以前的"
      },
      "right": {
        "text": "下一個"
      }
    }
  },
  "Card.VoltMX.AuthApp.MappingEditor": {
    "content": {
      "title": "地圖登錄參數到UI",
      "body": "***<ol> \n <li>來自Action Editor canvas，單擊<strong> Invoke Service：userauthentication2 $ login </strong>，然後在Action Editor的右窗格中選擇＆nbsp; <strong>打開映射編輯器</strong>。 映射編輯器出現在畫布的右窗格中。</li> \n <li>從<strong>映射編輯器</strong>的左窗格中，展開<strong> forms </strong>＆gt; <strong> frmlogin </strong>。</li> \n <li>從<strong>映射編輯器</strong>的右窗格中，展開<strong> services </strong>＆gt; <strong>服務＆ndash; userauthentication2 $ login </strong>。</li> \n </ol>"
    },
    "navigationBar": {
      "left": {
        "text": "以前的"
      },
      "right": {
        "text": "下一個"
      }
    }
  },
  "Card.VoltMX.AuthApp.mappingV9": {
    "content": {
      "title": "映射用戶名和密碼",
      "body": "***<p>映射以下元素從左窗格到右窗格：</p> <ul> \n <li>從左窗格中展開<strong> textfield＆ndash; txtusername </strong>，然後選擇<strong> text {string} </strong>。 \n <li>從左窗格中展開<strong> textfield＆ndash; txtpassword </strong>並選擇<strong> text {string} </strong>。 \n </ul>"
    },
    "navigationBar": {
      "left": {
        "text": "以前的"
      },
      "right": {
        "text": "下一個"
      }
    }
  },
  "Card.VoltMX.AuthApp.DeleteUnwanted": {
    "content": {
      "title": "刪除不必要的行動",
      "body": "<ol> \n <li>從您＆nbsp; <strong>操作編輯器</strong>窗口的右上角，選擇＆nbsp; <strong>設計視圖</strong>。</li> \n <li>從<strong>操作編輯器</strong>畫布，導航到<strong>（導航到form）（名稱：frmaccount）</strong>。 右鍵單擊並選擇<strong>刪除此操作的</strong>。</li> \n <li>來自<strong>操作編輯器</strong> canvas，導航到<strong>（Invoke Service）（name：userauthentication2 $ login）</strong>＆gt; <strong>成功</strong>＆gt; <strong>顯示警報</strong>。 右鍵單擊並選擇<strong>為此動作刪除</strong>。</li> \n </ol>"
    },
    "navigationBar": {
      "left": {
        "text": "以前的"
      },
      "right": {
        "text": "下一個"
      }
    }
  },
  "Card.VoltMX.AuthApp.ConfigureActions": {
    "content": {
      "title": "配置新操作",
      "body": "***<ol> \n <li>來自<strong>操作編輯器</strong> canvas，in <strong>（Invoke Service）（name：userauthentication2 $ login）</strong> select <strong> Success Success </strong>。</li> {8} \n <li>從<strong>操作編輯器的左菜單</strong>下，在<strong>常規</strong> e節下，選擇<strong>導航至form </strong>。</li>。{16} \n <li>從<strong>動作編輯器的右窗格</strong>，選擇<strong> frmaccount </strong>。</li> \n <li>單擊<strong>保存</strong>。</li> \n </ol>"
    },
    "navigationBar": {
      "left": {
        "text": "以前的"
      },
      "right": {
        "text": "下一個"
      }
    }
  },
  "Card.VoltMX.AuthApp.MappingLogout": {
    "content": {
      "title": "映射註銷參數到UI",
      "body": "***<ol> \n <li>從<strong> project </strong>探索器，展開<strong>響應web / desktop </strong>＆gt; <strong> forms </strong>＆gt; <strong> frmaccount </strong>＆gt; <strong> flxAccountlist </strong>＆gt; <strong> flxheader </strong>並選擇<strong> flxuserlogout </strong>。</li>。{16} \n <li>來自<strong>屬性</strong>＆nbsp; panel，導航到<strong> action＆nbsp; </strong> tab。</li> \n <li>對於<strong> onClick </strong>事件，單擊<strong> edit </strong>。 \n </ol>"
    },
    "navigationBar": {
      "left": {
        "text": "以前的"
      },
      "right": {
        "text": "下一個"
      }
    }
  },
  "Card.VoltMX.AuthApp.ConfigureLogout": {
    "content": {
      "title": "配置註銷參數",
      "body": "***<ol> \n <li>從您<strong>操作編輯器的最高角</strong>窗口，選擇<strong>設計視圖</strong>。</li> \n <li>從<strong>操作編輯器的左菜單</strong>，在<strong>網絡</strong> e節下，選擇<strong> Indoke Service </strong>。</li> \n <li>在<strong>操作編輯器的右窗格中，</strong>，從<strong>選擇service service </strong>下拉下拉，選擇<strong> userauthentication2 $ lokout </strong>。</li>。{22}} {22} \n </ol>"
    },
    "navigationBar": {
      "left": {
        "text": "以前的"
      },
      "right": {
        "text": "下一個"
      }
    }
  },
  "Card.VoltMX.AuthApp.ConfigureLogout_1": {
    "content": {
      "title": "配置註銷參數",
      "body": "***<ol> \n <li>來自Action Editor canvas，在<strong>（Invoke Service）下（名稱：userauthentication2 $ lokout）</strong>，＆nbsp; click <strong>成功</strong>。</li>。{6} \n <li>從＆nbsp; <strong>操作編輯器的左菜單中，在<strong>常規</strong> e節下，選擇<strong>導航至form </strong>。</li>。{14} \n <li>從<strong>動作編輯器的右窗格</strong>，選擇<strong> frmlogin </strong>。</li> \n <li>單擊<strong>保存</strong>。</li> \n </ol>"
    },
    "navigationBar": {
      "left": {
        "text": "以前的"
      },
      "right": {
        "text": "下一個"
      }
    }
  },
  "Card.VoltMX.AuthApp.MappingLogout_1": {
    "content": {
      "title": "映射註銷參數到UI",
      "body": "***<ol> \n <li>從<strong> project </strong>探索器，展開<strong>響應web / desktop </strong>＆gt; <strong> forms </strong>＆gt; <strong> frmrecipient </strong>＆gt; <strong> flxRecipientList </strong>＆gt; <strong> flxheader </strong>並選擇<strong> flxuserlogout </strong>。</li>。{16} \n <li>來自<strong>屬性</strong>＆nbsp; panel，導航到<strong> action＆nbsp; </strong> tab。</li> \n <li>對於<strong> onClick </strong>事件，單擊<strong> edit </strong>。 \n </ol>"
    },
    "navigationBar": {
      "left": {
        "text": "以前的"
      },
      "right": {
        "text": "下一個"
      }
    }
  },
  "Card.VoltMX.AuthApp.Congrats": {
    "content": {
      "title": "運行應用程序",
      "body": "***<ol> \n <li>從虹膜的左導航欄中，單擊<b>運行</b>。</li> <li> {5}可能需要一些時間才能讓Iris RO運行該應用程序。 應用程序構建完成後，示例將在<strong> volt mx Iris Preview </strong>窗口中打開。</li> <li> \n 在先前的徒步旅行中，您可以無需任何憑據即可訪問帳戶表格。 現在，該應用將要求登錄憑據。 <br />在您的應用中輸入以下登錄憑據： \n <ul> \n <li>用戶名：<strong> john.doe@woodburn.com </strong> </li> \n <li>密碼：<strong> voltmx@123 </strong> </li> \n </ul> </li> \n <li>單擊<strong>登錄</strong>。<br /> <b>帳戶列表</b>出現。</li> \n <li>單擊<b>註銷</b> <img src=\"https://i.ibb.co/WcS0Fd5/logout.jpg\" alt=\"logout\" width=\"13\" height=\"13\">。 <br /> <b>登錄表格</b>出現。</li> \n </ol>"
    },
    "navigationBar": {
      "left": {
        "text": "以前的"
      },
      "right": {
        "text": "下一個"
      }
    }
  },
  "Card.VoltMX.AuthApp.done": {
    "content": {
      "title": "恭喜",
      "body": "***<p>您已經成功：</p> \n <ul> \n <li> <strong>創建一個身份服務</strong> </li> \n <li> <strong>與登錄表</strong> </li>集成了身份服務 \n </ul> \n <p> <br />學習如何創建後端服務並將其鏈接到應用程序，請查看下一個徒步旅行：<a class=\"tour-link\" tour=\"a851b9t8-75a9-4ara-88ud-946004n9\"> <strong> 4.為後端數據Web </strong> {創建服務{16} { 17}。</p>"
    },
    "navigationBar": {
      "left": {
        "text": "以前的"
      },
      "right": {
        "text": "完畢"
      }
    }
  }
}