{"Tour.AddAuthenticationtoyourapp_v9":{"description":" Ajouter l'authentification à votre application"},"Hike.Kony.AuthApp":{"description":" Ajouter l'authentification à l'application"},"Card.Kony.AuthApp.AddUser":{"content":{"title":" Ajouter un utilisateur au référentiel","body":"<ol>\n<li> Cliquez<strong> Ajouter un utilisateur</strong>.<br /> Le<strong> Ajouter un utilisateur</strong> la fenêtre apparaît.</li>\n<li> Saisissez les valeurs suivantes dans les champs respectifs :<ul>\n<li> E-mail/Nom d'utilisateur :<strong> &nbsp;john.doe@temenos.com</strong></li>\n<li> Prénom :<strong> &nbsp;Jean</strong></li>\n<li> Nom :<strong> &nbsp;Doe</strong></li>\n<li> Mot de passe :<strong> Temenos@123</strong></li>\n<li> Entrez à nouveau le mot de passe :<strong> Temenos@123</strong></li>\n<li> La saisie d'un numéro de téléphone est facultative</li>\n<li> À partir de<strong> Ajouter/Sélectionner un groupe</strong> , assurez-vous que la case à cocher pour<strong> Membres</strong> est sélectionné dans la liste déroulante.</li>\n</ul>\n</li>\n<li> Cliquez<strong> Ajouter un utilisateur</strong>.</li>\n</ol>\n<p> Un utilisateur est ajouté au référentiel.<br /> Notez le<strong>Login</strong> informations d'identification pour les tests.</p>"},"navigationBar":{"left":{"text":" Précédent"},"right":{"text":" Suivant"}}},"Card.Kony.AuthApp.ConfigureActions":{"content":{"title":" Configurer de nouvelles Actions","body":"<ol>\n<li> De la<strong> Éditeur d'actions</strong> toile, sous<strong> Appeler le service : UserAuthentication$login</strong> sélectionnez<strong> Succès</strong>.</li>\n<li> Depuis le menu de gauche du<strong> Éditeur d'actions</strong> , sous le<strong> Général</strong> section, sélectionnez<strong> Accédez au formulaire</strong>.</li>\n<li> Depuis le volet droit du<strong> Éditeur d'actions</strong> , sélectionnez<strong> compte frm</strong>.</li>\n<li> Cliquez<strong> Enregistrer</strong>.</li>\n</ol>"},"navigationBar":{"left":{"text":" Précédent"},"right":{"text":" Suivant"}}},"Card.Kony.AuthApp.ConfigureLogout":{"content":{"title":" Configurer les paramètres de déconnexion","body":"<ol>\n<li> Depuis le coin supérieur droit de votre<strong> Éditeur d'actions</strong> fenêtre, sélectionnez<strong> Vue Conception</strong>.</li>\n<li> Depuis le menu de gauche du<strong> Éditeur d'actions</strong> , sous le<strong> Réseau</strong> section, sélectionnez<strong> Appeler le service</strong>.</li>\n<li> Dans le volet droit du<strong> Éditeur d'actions</strong> , du<strong> Sélectionnez le service</strong> liste déroulante, sélectionnez<strong> UserAuthentication$logout</strong>.</li>\n</ol>"},"navigationBar":{"left":{"text":" Précédent"},"right":{"text":" Suivant"}}},"Card.Kony.AuthApp.ConfigureLogout_1":{"content":{"title":" Configurer les paramètres de déconnexion","body":"<ol>\n<li> Depuis le canevas de l'éditeur d'actions, sous<strong> Appeler le service : UserAuthentication$logout</strong> ,&nbsp;cliquez<strong> Succès</strong>.</li>\n<li> Depuis le menu de gauche du&nbsp;<strong> Éditeur d'actions</strong> , sous le<strong> Général</strong> section, sélectionnez<strong> Accédez au formulaire</strong>.</li>\n<li> Depuis le volet droit du<strong> Éditeur d'actions</strong> , sélectionnez<strong> frmConnexion</strong>.</li>\n<li> Cliquez<strong> Enregistrer</strong>.</li>\n</ol>"},"navigationBar":{"left":{"text":" Précédent"},"right":{"text":" Suivant"}}},"Card.Kony.AuthApp.Congrats":{"content":{"title":" Exécutez l'application","body":"<ol>\n<li> Depuis la barre de navigation gauche du Visualizer, cliquez sur<b> Exécuter</b>.</li><li> Lors des randonnées précédentes, vous pouviez accéder au formulaire de compte sans aucune information d'identification. Maintenant, l'application demandera les identifiants de connexion.<br /> Saisissez les identifiants de connexion suivants dans votre application :<ul>\n<li> Nom d'utilisateur :<strong> john.doe@temenos.com</strong></li>\n<li> Mot de passe :<strong> Temenos@123</strong></li>\n</ul></li>\n<li> Cliquez<strong>Login</strong>.<br /> Le<b> Liste des comptes</b> apparaît.</li>\n<li> Cliquez<b> Déconnexion</b>. <br /> Le<b> Formulaire de connexion</b> apparaît.</li>\n</ol>"},"navigationBar":{"left":{"text":" Précédent"},"right":{"text":" Suivant"}}},"Card.Kony.AuthApp.CreateRepository":{"content":{"title":" Créer un référentiel utilisateur","body":"<ol>\n<li> Depuis le&nbsp;<strong> Données et amp; Prestations de service</strong> panneau en haut à droite de votre toile, agrandissez&nbsp;<strong> Services de projet</strong>.</li>\n<li> Cliquez&nbsp;<strong> Configurer Nouveau</strong> pour obtenir une liste des services pré-packagés.</li>\n<li> Sous le&nbsp;<strong> Authentification</strong> catégorie, sélectionnez&nbsp;<strong> Référentiel utilisateur</strong>.<br /> Le<strong> Configurer le service d'identité</strong> &nbsp;la fenêtre apparaît.</li>\n<li> Saisissez le nom du service&nbsp;<strong> Authentification de l'utilisateur</strong>.</li>\n<li> Cliquez&nbsp;<strong> Enregistrer</strong>.</li>\n</ol>"},"navigationBar":{"left":{"text":" Précédent"},"right":{"text":" Suivant"}}},"Card.Kony.AuthApp.DeleteUnwanted":{"content":{"title":" Suppression des actions indésirables","body":"<ol>\n<li> Depuis le coin supérieur droit de votre&nbsp;<strong> Éditeur d'actions</strong> fenêtre, sélectionnez&nbsp;<strong> Vue Conception</strong>.</li>\n<li> De la<strong> Éditeur d'actions</strong> toile, accédez à<strong> Accédez au formulaire :frmAccount</strong> . Faites un clic droit et sélectionnez<strong> Supprimer</strong> pour cette action.</li>\n<li> De la<strong> Éditeur d'actions</strong> toile, accédez à<strong> Appeler le service : UserAuthentication$login</strong> &gt;<strong> Succès</strong> &gt;<strong> Afficher l'alerte</strong> . Faites un clic droit et sélectionnez<strong> Supprimer</strong> pour cette action.</li>\n</ol>"},"navigationBar":{"left":{"text":" Précédent"},"right":{"text":" Suivant"}}},"Card.Kony.AuthApp.done":{"content":{"title":" Félicitations","body":"<p> Vous avez réussi :</p>\n<ul>\n<li><strong> Création d'un service d'identité</strong></li>\n<li><strong> Intégration du service d'identité avec le formulaire de connexion</strong></li>\n</ul>\n<p><br /> Pour savoir comment créer les services back-end et les lier à l'application, consultez la prochaine randonnée :<a class=\"tour-link\" tour=\"a851b9t8-75a9-4ara-88ud-946004n9\"><strong> 4.Création de services pour le Web de données back-end</strong></a>.</p>"},"navigationBar":{"left":{"text":" Précédent"},"right":{"text":" Terminé"}}},"Card.Kony.AuthApp.Intro":{"content":{"title":" Ajouter l'authentification à l'application","body":"<p><strong> Commençons !</strong><br /> Dans cette randonnée, nous allons :</p>\n<ul>\n<li> Apprenez à configurer un service d'identité</li>\n<li> Mapper le service d'identité aux éléments d'interface utilisateur d'une application</li>\n</ul>\n<p> Avant de vous lancer, effectuez les randonnées suivantes :</p>\n<ol><b>\n<li><a class=\"tour-link\" tour=\"5a3913t0-aba2-46rc-adub-832833n2\"> Importer et amp; Lancer une application Web</a></li><li><a class=\"tour-link\" tour=\"220f01t3-bda6-40r0-92uf-56631bnb\"> Créer une interface utilisateur à partir des collections</a></li></b>\n</ol>\n<p> Assurez-vous d'ouvrir le même projet que vous avez créé lors des randonnées précédentes.<br /> Pour ouvrir un projet fermé, à partir du menu principal, accédez à<strong> Projet</strong> &gt;<strong> Ouvert</strong> &gt;<strong> Architecture de référence Kony</strong> &gt;<strong> DestinatairesWebApp</strong>.</p>\n<p><strong> Lorsque vous êtes prêt, cliquez sur Démarrer !</strong></p>"},"navigationBar":{"left":{"text":" Précédent"},"right":{"text":" Démarrer"}}},"Card.Kony.AuthApp.MappingEditor":{"content":{"title":" mapper les paramètres de connexion à l'interface utilisateur","body":"<ol>\n<li> à partir du canevas de l'éditeur d'actions,&nbsp;clic droit<strong> Appeler le service : UserAuthentication$login</strong> et sélectionnez&nbsp;<strong> Ouvrir l'éditeur de mappage</strong>.<br /> L'éditeur de mappage apparaît dans le volet droit du canevas.</li>\n<li> Depuis le volet gauche du<strong> Éditeur de mappage</strong> , développer<strong> Formulaires</strong> &gt;<strong> frmConnexion</strong>.</li>\n<li> Depuis le volet droit du<strong> Éditeur de mappage</strong> , développer<strong> Services</strong> &gt;<strong> Service &ndash; Authentification utilisateur$login</strong>.</li>\n</ol>"},"navigationBar":{"left":{"text":" Précédent"},"right":{"text":" Suivant"}}},"Card.Kony.AuthApp.MappingLogout":{"content":{"title":" mapper les paramètres de déconnexion à l'interface utilisateur","body":"<ol>\n<li> De la<strong> Projet</strong> explorateur, développez<strong> Responsive Web/Bureau</strong> &gt;<strong> Formulaires</strong> &gt;<strong> compte frm</strong> &gt;<strong> flxAccountList</strong> &gt;<strong> flxHeader</strong> et sélectionnez<strong> flxUserLogout</strong>.</li>\n<li> De la<strong> Propriétés</strong> &nbsp;panneau, accédez au<strong> Action&nbsp;</strong> onglet.</li>\n<li> Pour le<strong> onClick</strong> événement, cliquez<strong> Modifier</strong>.<br /> Le<strong> Éditeur d'actions</strong> la fenêtre apparaît.</li>\n</ol>"},"navigationBar":{"left":{"text":" Précédent"},"right":{"text":" Suivant"}}},"Card.Kony.AuthApp.MappingLogout_1":{"content":{"title":" mapper les paramètres de déconnexion à l'interface utilisateur","body":"<ol>\n<li> De la<strong> Projet</strong> explorateur, développez<strong> Responsive Web/Bureau</strong> &gt;<strong> Formulaires</strong> &gt;<strong> frmBénéficiaires</strong> &gt;<strong> flxRecipientList</strong> &gt;<strong> flxHeader</strong> et sélectionnez<strong> flxUserLogout</strong>.</li>\n<li> De la<strong> Propriétés</strong> &nbsp;panneau, accédez au<strong> Action&nbsp;</strong> onglet.</li>\n<li> Pour le<strong> onClick</strong> événement, cliquez<strong> Modifier</strong>.<br /> Le<strong> Éditeur d'actions</strong> la fenêtre apparaît.</li>\n</ol>"},"navigationBar":{"left":{"text":" Précédent"},"right":{"text":" Suivant"}}},"Card.Kony.AuthApp.mappingV9":{"content":{"title":" Mappage du nom d'utilisateur et du mot de passe","body":"<p> Mappez les éléments suivants du volet gauche vers le volet droit :</p><ul>\n<li> Dans le volet de gauche, développez<strong> Champ de texte &ndash; txtNomUtilisateur</strong> et sélectionnez<strong> texte {chaîne}</strong>.<br /> Dans le volet de droite, sélectionnez<strong> ID utilisateur {chaîne}</strong>.</li>\n<li> Dans le volet de gauche, développez<strong> Champ de texte &ndash; txtMot de passe</strong> et sélectionnez<strong> texte {chaîne}</strong>.<br /> Dans le volet de droite, sélectionnez<strong> mot de passe {chaîne}</strong>.</li>\n</ul>"},"navigationBar":{"left":{"text":" Précédent"},"right":{"text":" Suivant"}}},"Card.Kony.AuthApp.SelectLogin":{"content":{"title":" mapper l'opération de connexion","body":"<ol>\n<li> Depuis l'explorateur de projet, développez<strong> Responsive Web / Desktop</strong> &gt;<strong> Formulaires</strong> et sélectionnez<strong> frmConnexion</strong>.</li>\n<li> De la<strong> Données et amp; Prestations de service</strong> panneau, développez<strong> Services de projet</strong> &gt;<strong> Authentification de l'utilisateur</strong> &nbsp;et sélectionnez<strong> connexion</strong>.</li>\n<li> Faites glisser le<strong> connexion</strong> opération sur le<strong>Login</strong> bouton de<strong> frmConnexion</strong> sur la toile.<br /> Visualizer peut prendre un certain temps pour ajouter le service à votre application.</li>\n<li> Dans la liste des actions, sélectionnez<strong> Action : onClick</strong>.<br /> Le<strong> Éditeur d'actions</strong> la fenêtre apparaît.</li>\n</ol>"},"navigationBar":{"left":{"text":" Précédent"},"right":{"text":" Suivant"}}},"Card.Kony.AuthApp.TestCreds":{"content":{"title":" Tester les identifiants de connexion","body":"<ol>\n<li> Sur le&nbsp;<strong> Configurer le service d'identité</strong> fenêtre, cliquez&nbsp;<strong> TEST DE CONNEXION</strong>.</li>\n<li> Entrez le&nbsp;<strong> Identifiant utilisateur</strong> (email) et le&nbsp;<strong> Mot de passe</strong> de l'utilisateur que vous avez créé.</li>\n<li> Cliquez&nbsp;<strong> CONNEXION</strong>.<br /> Le<strong> Réponse d'identité</strong> l'onglet apparaît.</li>\n<li> Fermez le&nbsp;<strong> Configurer le service d'identité</strong> &nbsp;fenêtre.</li>\n</ol>\n<p> Visualizer peut prendre un certain temps pour ajouter le service d'identité au<strong> Services de projet</strong> rubrique.</p>"},"navigationBar":{"left":{"text":" Précédent"},"right":{"text":" Suivant"}}}}