{"Tour.AddAuthenticationtoyourapp_v9":{"description":" अपने ऐप में प्रमाणीकरण जोड़ें"},"Hike.Kony.AuthApp":{"description":" ऐप में प्रमाणीकरण जोड़ें"},"Card.Kony.AuthApp.AddUser":{"content":{"title":" उपयोगकर्ता को रिपॉजिटरी में जोड़ें","body":"<ol>\n<li> क्लिक करें<strong> उपयोगकर्ता जोड़ें</strong>.<br /> The<strong> उपयोगकर्ता जोड़ें</strong> विंडो प्रकट होती है।</li>\n<li> संबंधित क्षेत्रों में निम्नलिखित मान दर्ज करें:<ul>\n<li> ईमेल/उपयोगकर्ता नाम:<strong> &nbsp;john.doe@temenos.com</strong></li>\n<li> पहला नाम:<strong> &nbsp;जॉन</strong></li>\n<li>Last Name:<strong> &nbsp;डो</strong></li>\n<li> पासवर्ड:<strong> टेमेनोस@123</strong></li>\n<li> पासवर्ड दोबारा दर्ज करें:<strong> टेमेनोस@123</strong></li>\n<li> फ़ोन नंबर दर्ज करना वैकल्पिक है</li>\n<li> From<strong> समूह जोड़ें/चुनें</strong> के लिए चेकबॉक्स सुनिश्चित करें<strong> सदस्य</strong> ड्रॉप-डाउन से चुना गया है।</li>\n</ul>\n</li>\n<li> क्लिक करें<strong> उपयोगकर्ता जोड़ें</strong>.</li>\n</ol>\n<p> एक उपयोगकर्ता को रिपॉजिटरी में जोड़ा जाता है।<br /> नोट करें<strong>Login</strong> परीक्षण के लिए साख।</p>"},"navigationBar":{"left":{"text":" पिछला"},"right":{"text":" अगला"}}},"Card.Kony.AuthApp.ConfigureActions":{"content":{"title":" नई क्रियाओं को कॉन्फ़िगर करें","body":"<ol>\n<li> से<strong> एक्शन एडिटर</strong> कैनवास, अंडर<strong> सेवा को आमंत्रित करें: उपयोगकर्ता प्रमाणीकरण $ लॉगिन</strong> चुनें<strong> सफलता</strong>.</li>\n<li> के बाएं मेनू से<strong> एक्शन एडिटर</strong> , के तहत<strong> सामान्य</strong> अनुभाग, चुनें<strong> फॉर्म पर नेविगेट करें</strong>.</li>\n<li> के दाएँ फलक से<strong> एक्शन एडिटर</strong> , चुनें<strong> frmखाता</strong>.</li>\n<li> क्लिक करें<strong> सहेजें</strong>.</li>\n</ol>"},"navigationBar":{"left":{"text":" पिछला"},"right":{"text":" अगला"}}},"Card.Kony.AuthApp.ConfigureLogout":{"content":{"title":" लॉगआउट पैरामीटर कॉन्फ़िगर करें","body":"<ol>\n<li> अपने ऊपरी दाएं कोने से<strong> एक्शन एडिटर</strong> विंडो, चुनें<strong> डिज़ाइन दृश्य</strong>.</li>\n<li> के बाएं मेनू से<strong> एक्शन एडिटर</strong> , के तहत<strong> नेटवर्क</strong> अनुभाग, चुनें<strong> सेवा का आह्वान करें</strong>.</li>\n<li> दाएँ फलक में<strong> एक्शन एडिटर</strong> , से<strong> सेवा का चयन करें</strong> ड्रॉप-डाउन, चुनें<strong> UserAuthentication$logout</strong>.</li>\n</ol>"},"navigationBar":{"left":{"text":" पिछला"},"right":{"text":" अगला"}}},"Card.Kony.AuthApp.ConfigureLogout_1":{"content":{"title":" लॉगआउट पैरामीटर कॉन्फ़िगर करें","body":"<ol>\n<li> एक्शन एडिटर कैनवास से, नीचे<strong> इनवोक सर्विस: UserAuthentication$logout</strong> ,&nbsp;क्लिक करें<strong> सफलता</strong>.</li>\n<li> के बाएँ मेनू से&nbsp;<strong> एक्शन एडिटर</strong> , के तहत<strong> सामान्य</strong> अनुभाग, चुनें<strong> फॉर्म पर नेविगेट करें</strong>.</li>\n<li> के दाएँ फलक से<strong> एक्शन एडिटर</strong> , चुनें<strong>frmLogin</strong>.</li>\n<li> क्लिक करें<strong> सहेजें</strong>.</li>\n</ol>"},"navigationBar":{"left":{"text":" पिछला"},"right":{"text":" अगला"}}},"Card.Kony.AuthApp.Congrats":{"content":{"title":" ऐप चलाएँ","body":"<ol>\n<li> विज़ुअलाइज़र के बाएँ नेविगेशन बार से, क्लिक करें<b> भागो</b>.</li><li> पिछली बढ़ोतरी में, आप बिना किसी क्रेडेंशियल के खाता फॉर्म तक पहुंच सकते थे। अब ऐप लॉगइन क्रेडेंशियल मांगेगा।<br /> अपने ऐप में निम्नलिखित लॉगिन क्रेडेंशियल दर्ज करें:<ul>\n<li> उपयोगकर्ता नाम:<strong> john.doe@temenos.com</strong></li>\n<li> पासवर्ड:<strong>Temenos@123</strong></li>\n</ul></li>\n<li> क्लिक करें<strong>Login</strong>.<br /> The <b> खाता सूची</b> प्रकट होता है।</li>\n<li> क्लिक करें<b> लॉगआउट</b>. <br /> The <b> लॉगिन फॉर्म</b> प्रकट होता है।</li>\n</ol>"},"navigationBar":{"left":{"text":" पिछला"},"right":{"text":" अगला"}}},"Card.Kony.AuthApp.CreateRepository":{"content":{"title":" एक उपयोगकर्ता रिपोजिटरी बनाएं","body":"<ol>\n<li> से&nbsp;<strong> डेटा &amp; सेवाएं</strong> आपके कैनवास के शीर्ष दाईं ओर पैनल, विस्तृत करें&nbsp;<strong> परियोजना सेवाएं</strong>.</li>\n<li> क्लिक करें&nbsp;<strong> नया कॉन्फ़िगर करें</strong> पहले से पैक की गई सेवाओं की सूची प्राप्त करने के लिए।</li>\n<li> के अंतर्गत&nbsp;<strong> प्रमाणित करें</strong> श्रेणी, चुनें&nbsp;<strong> उपयोगकर्ता भंडार</strong>.<br /> The<strong> पहचान सेवा कॉन्फ़िगर करें</strong> &nbsp;विंडो दिखाई देती है।</li>\n<li> सेवा का नाम दर्ज करें&nbsp;<strong> उपयोगकर्ता प्रमाणीकरण</strong>.</li>\n<li> क्लिक करें&nbsp;<strong> सहेजें</strong>.</li>\n</ol>"},"navigationBar":{"left":{"text":" पिछला"},"right":{"text":" अगला"}}},"Card.Kony.AuthApp.DeleteUnwanted":{"content":{"title":" अवांछित क्रियाओं को हटाना","body":"<ol>\n<li> आपके&nbsp;<strong> एक्शन एडिटर</strong> विंडो, चुनें&nbsp;<strong> डिज़ाइन दृश्य</strong>.</li>\n<li> से<strong> एक्शन एडिटर</strong> कैनवास, नेविगेट करें<strong> फॉर्म पर नेविगेट करें: frmAccount</strong> . राइट-क्लिक करें और चुनें<strong> हटाएं</strong> इस क्रिया के लिए।</li>\n<li> से<strong> एक्शन एडिटर</strong> कैनवास, नेविगेट करें<strong> सेवा को आमंत्रित करें: उपयोगकर्ता प्रमाणीकरण $ लॉगिन</strong> &gt;<strong> सफलता</strong> &gt;<strong> अलर्ट दिखाएं</strong> . राइट-क्लिक करें और चुनें<strong> हटाएं</strong> इस क्रिया के लिए।</li>\n</ol>"},"navigationBar":{"left":{"text":" पिछला"},"right":{"text":" अगला"}}},"Card.Kony.AuthApp.done":{"content":{"title":" बधाई","body":"<p> आपने सफलतापूर्वक:</p>\n<ul>\n<li><strong> एक पहचान सेवा बनाई गई</strong></li>\n<li><strong> लॉगिन फॉर्म के साथ पहचान सेवा को एकीकृत करें</strong></li>\n</ul>\n<p><br /> बैक-एंड सेवाओं को बनाने और उन्हें ऐप से लिंक करने का तरीका जानने के लिए, अगली बढ़ोतरी देखें:<a class=\"tour-link\" tour=\"a851b9t8-75a9-4ara-88ud-946004n9\"><strong> 4. बैक-एंड डेटा वेब के लिए सेवाएं बनाना</strong></a>.</p>"},"navigationBar":{"left":{"text":" पिछला"},"right":{"text":" हो गया"}}},"Card.Kony.AuthApp.Intro":{"content":{"title":" ऐप में प्रमाणीकरण जोड़ें","body":"<p><strong> चलिए शुरू करते हैं!</strong><br /> इस वृद्धि में, हम करेंगे:</p>\n<ul>\n<li> एक पहचान सेवा को कॉन्फ़िगर करना सीखें</li>\n<li> किसी ऐप के UI तत्वों के लिए पहचान सेवा को मैप करें</li>\n</ul>\n<p> आरंभ करने से पहले, निम्नलिखित वृद्धि को पूरा करें:</p>\n<ol><b>\n<li><a class=\"tour-link\" tour=\"5a3913t0-aba2-46rc-adub-832833n2\"> आयात &amp; एक वेब ऐप लॉन्च करें</a></li><li><a class=\"tour-link\" tour=\"220f01t3-bda6-40r0-92uf-56631bnb\"> संग्रह से UI बनाएं</a></li></b>\n</ol>\n<p> सुनिश्चित करें कि आपने वही प्रोजेक्ट खोला है जिसे आपने पिछली हाइक में बनाया था।<br /> एक बंद परियोजना को खोलने के लिए, मुख्य मेनू से, नेविगेट करें<strong> परियोजना</strong> &gt;<strong> खुला</strong> &gt;<strong> कोनी संदर्भ वास्तुकला</strong> &gt;<strong> प्राप्तकर्तावेबएप</strong>.</p>\n<p><strong> जब आप तैयार हों, तो स्टार्ट पर क्लिक करें!</strong></p>"},"navigationBar":{"left":{"text":" पिछला"},"right":{"text":" प्रारंभ"}}},"Card.Kony.AuthApp.MappingEditor":{"content":{"title":" UI में मानचित्र लॉगिन पैरामीटर","body":"<ol>\n<li> एक्शन एडिटर कैनवास से,&nbsp;राइट-क्लिक करें<strong> सेवा को आमंत्रित करें: उपयोगकर्ता प्रमाणीकरण $ लॉगिन</strong> , और चुनें&nbsp;<strong> ओपन मैपिंग एडिटर</strong>.<br /> मैपिंग संपादक कैनवास के दाएँ फलक में प्रकट होता है।</li>\n<li> के बाएँ फलक से<strong> मानचित्रण संपादक</strong> , विस्तृत करें<strong> प्रपत्र</strong> &gt;<strong>frmLogin</strong>.</li>\n<li> के दाएँ फलक से<strong> मानचित्रण संपादक</strong> , विस्तृत करें<strong> सेवाएं</strong> &gt;<strong> सेवा &ndash; उपयोगकर्ता प्रमाणीकरण$लॉगिन</strong>.</li>\n</ol>"},"navigationBar":{"left":{"text":" पिछला"},"right":{"text":" अगला"}}},"Card.Kony.AuthApp.MappingLogout":{"content":{"title":" UI के लिए मानचित्र लॉगआउट पैरामीटर","body":"<ol>\n<li> से<strong> परियोजना</strong> एक्सप्लोरर, विस्तृत करें<strong> उत्तरदायी वेब/डेस्कटॉप</strong> &gt;<strong> प्रपत्र</strong> &gt;<strong> frmखाता</strong> &gt;<strong> flxखाता सूची</strong> &gt;<strong> flxHeader</strong> और चुनें<strong> flxUserLogout</strong>.</li>\n<li> से<strong> गुण</strong> &nbsp;पैनल, पर नेविगेट करें<strong> क्रिया&nbsp;</strong> टैब।</li>\n<li> के लिए<strong> ऑनक्लिक</strong> घटना, क्लिक करें<strong> संपादित करें</strong>.<br /> The <strong> एक्शन एडिटर</strong> विंडो प्रकट होती है।</li>\n</ol>"},"navigationBar":{"left":{"text":" पिछला"},"right":{"text":" अगला"}}},"Card.Kony.AuthApp.MappingLogout_1":{"content":{"title":" UI के लिए मानचित्र लॉगआउट पैरामीटर","body":"<ol>\n<li> से<strong> परियोजना</strong> एक्सप्लोरर, विस्तृत करें<strong> उत्तरदायी वेब/डेस्कटॉप</strong> &gt;<strong> प्रपत्र</strong> &gt;<strong> frmप्राप्तकर्ता</strong> &gt;<strong> flxRecipientList</strong> &gt;<strong> flxHeader</strong> और चुनें<strong> flxUserLogout</strong>.</li>\n<li> से<strong> गुण</strong> &nbsp;पैनल, पर नेविगेट करें<strong> क्रिया&nbsp;</strong> टैब।</li>\n<li> के लिए<strong> ऑनक्लिक</strong> घटना, क्लिक करें<strong> संपादित करें</strong>.<br /> The <strong> एक्शन एडिटर</strong> विंडो प्रकट होती है।</li>\n</ol>"},"navigationBar":{"left":{"text":" पिछला"},"right":{"text":" अगला"}}},"Card.Kony.AuthApp.mappingV9":{"content":{"title":" उपयोगकर्ता नाम और पासवर्ड का मानचित्रण","body":"<p> निम्नलिखित तत्वों को बाएँ फलक से दाएँ फलक में मैप करें:</p><ul>\n<li> बाएँ फलक से, विस्तृत करें<strong> TextField &ndash; txtउपयोगकर्ता नाम</strong> और चुनें<strong> टेक्स्ट {स्ट्रिंग}</strong>.<br /> दाएँ फलक से, चुनें<strong> उपयोगकर्ता आईडी {स्ट्रिंग}</strong>.</li>\n<li> बाएँ फलक से, विस्तृत करें<strong> टेक्स्टफ़ील्ड &ndash; txtपासवर्ड</strong> और चुनें<strong> टेक्स्ट {स्ट्रिंग}</strong>.<br /> दाएँ फलक से, चुनें<strong> पासवर्ड {स्ट्रिंग}</strong>.</li>\n</ul>"},"navigationBar":{"left":{"text":" पिछला"},"right":{"text":" अगला"}}},"Card.Kony.AuthApp.SelectLogin":{"content":{"title":" लॉग इन ऑपरेशन को मैप करें","body":"<ol>\n<li> प्रोजेक्ट एक्सप्लोरर से, विस्तृत करें<strong> उत्तरदायी वेब / डेस्कटॉप</strong> &gt;<strong> प्रपत्र</strong> और चुनें<strong>frmLogin</strong>.</li>\n<li> से<strong> डेटा &amp; सेवाएं</strong> पैनल, विस्तार करें<strong> परियोजना सेवाएं</strong> &gt;<strong> उपयोगकर्ता प्रमाणीकरण</strong> &nbsp;और चुनें<strong> लॉगिन</strong>.</li>\n<li> खींचें<strong> लॉगिन</strong> पर ऑपरेशन<strong>Login</strong> का बटन<strong> frmLogin</strong> कैनवास पर।<br /> विज़ुअलाइज़र को आपके ऐप में सेवा जोड़ने में कुछ समय लग सकता है।</li>\n<li> क्रियाओं की सूची से, चुनें<strong> क्रिया: ऑनक्लिक</strong>.<br /> The<strong> एक्शन एडिटर</strong> विंडो प्रकट होती है।</li>\n</ol>"},"navigationBar":{"left":{"text":" पिछला"},"right":{"text":" अगला"}}},"Card.Kony.AuthApp.TestCreds":{"content":{"title":" लॉगिन क्रेडेंशियल का परीक्षण करें","body":"<ol>\n<li> पर&nbsp;<strong> पहचान सेवा कॉन्फ़िगर करें</strong> विंडो, क्लिक करें&nbsp;<strong> परीक्षण लॉगिन</strong>.</li>\n<li> दर्ज करें&nbsp;<strong> यूजर आईडी</strong> (ईमेल) और&nbsp;<strong> पासवर्ड</strong> आपके द्वारा बनाए गए उपयोगकर्ता का।</li>\n<li> क्लिक करें&nbsp;<strong> साइन इन करें</strong>.<br /> The <strong> पहचान प्रतिक्रिया</strong> टैब प्रकट होता है।</li>\n<li> बंद करें&nbsp;<strong> पहचान सेवा कॉन्फ़िगर करें</strong> &nbsp;window.</li>\n</ol>\n<p> विज़ुअलाइज़र को आइडेंटिटी सर्विस को जोड़ने में कुछ समय लग सकता है<strong> परियोजना सेवाएं</strong> अनुभाग।</p>"},"navigationBar":{"left":{"text":" पिछला"},"right":{"text":" अगला"}}}}