{
  "Card.VoltMX.AuthApp.Intro": {
    "content": {
      "title": "将身份验证添加到应用程序",
      "body": "***<p> <strong>让我们开始！</strong> <br />在这次远足中，我们将：</p> \n <ul> \n <li>学习配置身份服务</li> \n <li>将身份服务映射到应用程序</li>的UI元素 \n </ul> \n <p>入门前，完成以下徒步旅行：</p> \n <ol> <b> \n <li> <a class=\"tour-link\" tour=\"705a94tb-faa0-47r7-a1ud-31b3dbnf\">启动响应式Web应用</a> </li> <li> <a class=\"tour-link\" tour=\"220f01t3-bda6-40r0-92uf-56631bnb\"> {20}从集合</a> </li> {22} </b>创建UI \n </ol> \n <p>确保您打开与上面徒步旅行2中创建的相同项目。<br />以从主菜单中打开一个封闭的项目，导航至<strong> project </strong>＆gt; <strong>打开</strong>＆gt; <strong> HCl参考架构</strong>＆gt; <strong> coverientsWebapp2 </strong>。</p> \n <p> <strong>您准备就绪时，单击“开始”！</strong> </p>"
    },
    "navigationBar": {
      "left": {
        "text": "以前的"
      },
      "right": {
        "text": "开始"
      }
    }
  },
  "Card.VoltMX.AuthApp.CreateRepository": {
    "content": {
      "title": "创建一个用户存储库",
      "body": "***<ol> \n <li>来自＆nbsp; <strong> data＆amp; 服务</strong>面板在虹膜的右上角，展开＆nbsp; <strong> project Services </strong>。</li> \n <li>单击＆nbsp; <strong>配置新</strong>以获取预装服务的列表。</li> \n <li>在＆nbsp; <strong>认证</strong>类别中，select＆nbsp; <strong>用户存储库</strong>。<br /> <strong> {17}配置身份服务</strong>＆nbsp; window出现。 \n <li>输入服务的名称＆nbsp; <strong> userauthentication2 </strong>。</br> </li> \n <li>单击＆nbsp; <strong>保存</strong>。</li> \n </ol>"
    },
    "navigationBar": {
      "left": {
        "text": "以前的"
      },
      "right": {
        "text": "下一个"
      }
    }
  },
  "Card.VoltMX.AuthApp.AddUser": {
    "content": {
      "title": "将用户添加到存储库中",
      "body": "***<ol> \n <li>单击<strong>添加用户</strong>。<br /> <strong>添加用户</strong>窗口出现。</li> \n <li>在各个字段中输入以下值： \n <ul> \n <li>电子邮件/用户名：<strong>＆nbsp; john.doe@woodburn.com </strong> </li> {13} \n <li>名字：<strong>＆nbsp; john </strong> </li> \n <li>姓氏：<strong>＆nbsp; doe </strong> </li> \n <li>密码：<strong> voltmx@123 </strong> </li> \n <li>重新输入密码：<strong> voltmx@123 </strong> </li> \n <li>输入电话号码是可选的</li> \n <li>来自<strong> add / select组（s）</strong>，确保从下拉下选择<strong>成员的复选框</strong>。</li> \n </ul> \n </li> \n <li>单击<strong>添加用户</strong>。</li> \n </ol> \n <p>将用户添加到存储库中。<br />注意<strong> login </strong>测试凭证。</p>"
    },
    "navigationBar": {
      "left": {
        "text": "以前的"
      },
      "right": {
        "text": "下一个"
      }
    }
  },
  "Card.VoltMX.AuthApp.TestCreds": {
    "content": {
      "title": "测试登录凭据",
      "body": "<ol> \n <li>在＆nbsp; <strong>配置身份服务</strong>窗口，单击＆nbsp; <strong> test login </strong>。</li> \n <li>输入您创建的用户的用户ID <strong>用户ID </strong>（电子邮件）和＆nbsp; <strong>密码</strong>。 \n <ul> \n <li>电子邮件/用户名：<strong>＆nbsp; john.doe@woodburn.com </strong> </li> \n <li>密码：<strong> voltmx@123 </strong> </li> \n </ul> </li> \n <li> click＆nbsp; <strong>在</strong>中登录。<br /> <strong>身份响应</strong> tab出现。</li> \n <li>关闭＆nbsp; <strong>配置身份服务</strong>＆nbsp; window。</li> \n </ol> \n <p> iris可能需要一些时间将身份服务添加到<strong>项目服务</strong>节。</p>"
    },
    "navigationBar": {
      "left": {
        "text": "以前的"
      },
      "right": {
        "text": "下一个"
      }
    }
  },
  "Card.VoltMX.AuthApp.SelectLogin": {
    "content": {
      "title": "映射登录操作",
      "body": "<ol> \n <li>从项目资源管理器中，展开<strong>响应web / desktop </strong>＆gt; <strong>表格</strong>并选择<strong> frmlogin </strong>。</li> \n <li>来自<strong> data＆amp; 服务</strong>面板，展开<strong>项目服务</strong>＆gt; <strong> userauthentication2 </strong>＆nbsp;并选择<strong>登录</strong>。</li> \n <li>将<strong>登录</strong>操作到<strong>登录</strong>按钮<strong> frmlogin </strong>在画布上。<br />可能需要一些时间才能将服务添加到 您的应用程序。</li> \n <li>从动作列表中，选择<strong>动作：onClick </strong>。<br /> <strong> action Editor </strong>窗口出现。</li> \n </ol>"
    },
    "navigationBar": {
      "left": {
        "text": "以前的"
      },
      "right": {
        "text": "下一个"
      }
    }
  },
  "Card.VoltMX.AuthApp.MappingEditor": {
    "content": {
      "title": "地图登录参数到UI",
      "body": "***<ol> \n <li>来自Action Editor canvas，单击<strong> Invoke Service：userauthentication2 $ login </strong>，然后在Action Editor的右窗格中选择＆nbsp; <strong>打开映射编辑器</strong>。 映射编辑器出现在画布的右窗格中。</li> \n <li>从<strong>映射编辑器</strong>的左窗格中，展开<strong> forms </strong>＆gt; <strong> frmlogin </strong>。</li> \n <li>从<strong>映射编辑器</strong>的右窗格中，展开<strong> services </strong>＆gt; <strong>服务＆ndash; userauthentication2 $ login </strong>。</li> \n </ol>"
    },
    "navigationBar": {
      "left": {
        "text": "以前的"
      },
      "right": {
        "text": "下一个"
      }
    }
  },
  "Card.VoltMX.AuthApp.mappingV9": {
    "content": {
      "title": "映射用户名和密码",
      "body": "***<p>映射以下元素从左窗格到右窗格：</p> <ul> \n <li>从左窗格中展开<strong> textfield＆ndash; txtusername </strong>，然后选择<strong> text {string} </strong>。 \n <li>从左窗格中展开<strong> textfield＆ndash; txtpassword </strong>并选择<strong> text {string} </strong>。 \n </ul>"
    },
    "navigationBar": {
      "left": {
        "text": "以前的"
      },
      "right": {
        "text": "下一个"
      }
    }
  },
  "Card.VoltMX.AuthApp.DeleteUnwanted": {
    "content": {
      "title": "删除不必要的行动",
      "body": "<ol> \n <li>从您＆nbsp; <strong>操作编辑器</strong>窗口的右上角，选择＆nbsp; <strong>设计视图</strong>。</li> \n <li>从<strong>操作编辑器</strong>画布，导航到<strong>（导航到form）（名称：frmaccount）</strong>。 右键单击并选择<strong>删除此操作的</strong>。</li> \n <li>来自<strong>操作编辑器</strong> canvas，导航到<strong>（Invoke Service）（name：userauthentication2 $ login）</strong>＆gt; <strong>成功</strong>＆gt; <strong>显示警报</strong>。 右键单击并选择<strong>为此动作删除</strong>。</li> \n </ol>"
    },
    "navigationBar": {
      "left": {
        "text": "以前的"
      },
      "right": {
        "text": "下一个"
      }
    }
  },
  "Card.VoltMX.AuthApp.ConfigureActions": {
    "content": {
      "title": "配置新操作",
      "body": "***<ol> \n <li>来自<strong>操作编辑器</strong> canvas，in <strong>（Invoke Service）（name：userauthentication2 $ login）</strong> select <strong> Success Success </strong>。</li> {8} \n <li>从<strong>操作编辑器的左菜单</strong>下，在<strong>常规</strong> e节下，选择<strong>导航至form </strong>。</li>。{16} \n <li>从<strong>动作编辑器的右窗格</strong>，选择<strong> frmaccount </strong>。</li> \n <li>单击<strong>保存</strong>。</li> \n </ol>"
    },
    "navigationBar": {
      "left": {
        "text": "以前的"
      },
      "right": {
        "text": "下一个"
      }
    }
  },
  "Card.VoltMX.AuthApp.MappingLogout": {
    "content": {
      "title": "映射注销参数到UI",
      "body": "***<ol> \n <li>从<strong> project </strong>探索器，展开<strong>响应web / desktop </strong>＆gt; <strong> forms </strong>＆gt; <strong> frmaccount </strong>＆gt; <strong> flxAccountlist </strong>＆gt; <strong> flxheader </strong>并选择<strong> flxuserlogout </strong>。</li>。{16} \n <li>来自<strong>属性</strong>＆nbsp; panel，导航到<strong> action＆nbsp; </strong> tab。</li> \n <li>对于<strong> onClick </strong>事件，单击<strong> edit </strong>。 \n </ol>"
    },
    "navigationBar": {
      "left": {
        "text": "以前的"
      },
      "right": {
        "text": "下一个"
      }
    }
  },
  "Card.VoltMX.AuthApp.ConfigureLogout": {
    "content": {
      "title": "配置注销参数",
      "body": "***<ol> \n <li>从您<strong>操作编辑器的最高角</strong>窗口，选择<strong>设计视图</strong>。</li> \n <li>从<strong>操作编辑器的左菜单</strong>，在<strong>网络</strong> e节下，选择<strong> Indoke Service </strong>。</li> \n <li>在<strong>操作编辑器的右窗格中，</strong>，从<strong>选择service service </strong>下拉下拉，选择<strong> userauthentication2 $ lokout </strong>。</li>。{22}} {22} \n </ol>"
    },
    "navigationBar": {
      "left": {
        "text": "以前的"
      },
      "right": {
        "text": "下一个"
      }
    }
  },
  "Card.VoltMX.AuthApp.ConfigureLogout_1": {
    "content": {
      "title": "配置注销参数",
      "body": "***<ol> \n <li>来自Action Editor canvas，在<strong>（Invoke Service）下（名称：userauthentication2 $ lokout）</strong>，＆nbsp; click <strong>成功</strong>。</li>。{6} \n <li>从＆nbsp; <strong>操作编辑器的左菜单中，在<strong>常规</strong> e节下，选择<strong>导航至form </strong>。</li>。{14} \n <li>从<strong>动作编辑器的右窗格</strong>，选择<strong> frmlogin </strong>。</li> \n <li>单击<strong>保存</strong>。</li> \n </ol>"
    },
    "navigationBar": {
      "left": {
        "text": "以前的"
      },
      "right": {
        "text": "下一个"
      }
    }
  },
  "Card.VoltMX.AuthApp.MappingLogout_1": {
    "content": {
      "title": "映射注销参数到UI",
      "body": "***<ol> \n <li>从<strong> project </strong>探索器，展开<strong>响应web / desktop </strong>＆gt; <strong> forms </strong>＆gt; <strong> frmrecipient </strong>＆gt; <strong> flxRecipientList </strong>＆gt; <strong> flxheader </strong>并选择<strong> flxuserlogout </strong>。</li>。{16} \n <li>来自<strong>属性</strong>＆nbsp; panel，导航到<strong> action＆nbsp; </strong> tab。</li> \n <li>对于<strong> onClick </strong>事件，单击<strong> edit </strong>。 \n </ol>"
    },
    "navigationBar": {
      "left": {
        "text": "以前的"
      },
      "right": {
        "text": "下一个"
      }
    }
  },
  "Card.VoltMX.AuthApp.Congrats": {
    "content": {
      "title": "运行应用程序",
      "body": "***<ol> \n <li>从虹膜的左导航栏中，单击<b>运行</b>。</li> <li> {5}可能需要一些时间才能让Iris RO运行该应用程序。 应用程序构建完成后，示例将在<strong> volt mx Iris Preview </strong>窗口中打开。</li> <li> \n 在先前的徒步旅行中，您可以无需任何凭据即可访问帐户表格。 现在，该应用将要求登录凭据。 <br />在您的应用中输入以下登录凭据： \n <ul> \n <li>用户名：<strong> john.doe@woodburn.com </strong> </li> \n <li>密码：<strong> voltmx@123 </strong> </li> \n </ul> </li> \n <li>单击<strong>登录</strong>。<br /> <b>帐户列表</b>出现。</li> \n <li>单击<b>注销</b> <img src=\"https://i.ibb.co/WcS0Fd5/logout.jpg\" alt=\"logout\" width=\"13\" height=\"13\">。 <br /> <b>登录表格</b>出现。</li> \n </ol>"
    },
    "navigationBar": {
      "left": {
        "text": "以前的"
      },
      "right": {
        "text": "下一个"
      }
    }
  },
  "Card.VoltMX.AuthApp.done": {
    "content": {
      "title": "恭喜",
      "body": "***<p>您已经成功：</p> \n <ul> \n <li> <strong>创建一个身份服务</strong> </li> \n <li> <strong>与登录表</strong> </li>集成了身份服务 \n </ul> \n <p> <br />学习如何创建后端服务并将其链接到应用程序，请查看下一个徒步旅行：<a class=\"tour-link\" tour=\"a851b9t8-75a9-4ara-88ud-946004n9\"> <strong> 4.为后端数据Web </strong> {创建服务{16} { 17}。</p>"
    },
    "navigationBar": {
      "left": {
        "text": "以前的"
      },
      "right": {
        "text": "完毕"
      }
    }
  }
}