{
  "kuid": "fe7fcat1-97a0-44re-81u0-f2b095nb",
  "id": "VoltMX.IntroductionToInternational.configureS",
  "content": {
    "title": "Configure Your Preferred Locale",
    "body": "<ol>\n<li>In the <strong>Search </strong>field, enter your preferred locale, e.g., <strong>es_US</strong>.<br />The <strong>Spanish</strong> locale for <strong>United States</strong> appears.</li>\n<li>Select <b>es_US</b>.</li>\n<li>Click <strong>OK </strong>to return to the <strong>Configure Internationalization </strong>window.<strong><br /> </strong>You can see that three columns are added in this window: <strong>Key</strong>, <strong>en_US</strong>, <strong>es_US</strong>.</li>\n</ol>"
  },
  "pointer": {
    "direction": "left",
    "element": "",
    "type": "none"
  },
  "navigationType": "manual",
  "navigationBar": {
    "left": {
      "text": "Previous",
      "enable": true,
      "hide": false
    },
    "right": {
      "text": "Next",
      "enable": true,
      "hide": false
    }
  },
  "navigationCondition": "",
  "position": "BOTTOM_LEFT",
  "meta": {
    "Creator": "Rashmi Menon",
    "CreatedOn": "Thu, 05 Dec 2019 05:46:05 GMT"
  },
  "context": [],
  "localization": {
    "en-us": {
      "content": {
        "title": "Configure Your Preferred Locale",
        "body": "<ol>\n<li>In the <strong>Search </strong>field, enter your preferred locale, e.g., <strong>es_US</strong>.<br />The <strong>Spanish</strong> locale for <strong>United States</strong> appears.</li>\n<li>Select <b>es_US</b>.</li>\n<li>Click <strong>OK </strong>to return to the <strong>Configure Internationalization </strong>window.<strong><br /> </strong>You can see that three columns are added in this window: <strong>Key</strong>, <strong>en_US</strong>, <strong>es_US</strong>.</li>\n</ol>"
      },
      "navigationBar": {
        "left": {
          "text": "Previous"
        },
        "right": {
          "text": "Next"
        }
      }
    },
    "zh-cn": {
      "content": {
        "title": "配置您的首选语言环境",
        "body": "***<ol> \n <li>在<strong>搜索</strong>字段中，输入您的首选语言环境，例如<strong> eS_US </strong>。 出现。</li> \n <li>选择<b> es_us </b>。</li> \n <li>单击<strong> ok </strong>以返回<strong>配置国际化</strong>窗口。<strong> <br /> {22} </strong>您可以看到在此窗口中添加了三列：<strong>键 </strong>，<strong> en_us </strong>，<strong> es_us </strong>。</li> \n </ol>"
      },
      "navigationBar": {
        "left": {
          "text": "以前的"
        },
        "right": {
          "text": "下一个"
        }
      }
    },
    "zh-tw": {
      "content": {
        "title": "配置您的首選語言環境",
        "body": "***<ol> \n <li>在<strong>搜索</strong>字段中，輸入您的首選語言環境，例如<strong> eS_US </strong>。 出現。</li> \n <li>選擇<b> es_us </b>。</li> \n <li>單擊<strong> ok </strong>以返回<strong>配置國際化</strong>窗口。<strong> <br /> {22} </strong>您可以看到在此窗口中添加了三列：<strong>鍵 </strong>，<strong> en_us </strong>，<strong> es_us </strong>。</li> \n </ol>"
      },
      "navigationBar": {
        "left": {
          "text": "以前的"
        },
        "right": {
          "text": "下一個"
        }
      }
    }
  }
}