{"Tour.IntroToVoltMXIris":{"description":"新Volt MX Iris介紹"},"Hike.HCL.IntroVoltMXIris":{"description":"新Volt MX Iris介紹"},"Card.HCL.IntroIris":{"content":{"title":"Volt MX Iris 有什麼新功能？","body":" 這對他來說是痛苦的，他會被認為是有幫助的，但是他會承受巨大的痛苦。因為我到了最小的時候，誰是我們的軍隊，除了他們中的任何一個能幫忙之外，什麼都不幹。就像頭痛，或者頭痛，或者心臟病發作，或者心臟病發作。他們若不被殺，就不被丟棄；他們錯在離棄他們工作的人身上，就必喪命。"},"navigationBar":{"left":{"text":"上一個"},"right":{"text":"下一個"}}},"Card.HCL.IrisVisualChanges":{"content":{"title":"視覺變化1","body":" 這對他來說是痛苦的，他會被認為是有幫助的，但是他會承受巨大的痛苦。因為我到了最小的時候，誰是我們的軍隊，除了他們中的任何一個能幫忙之外，什麼都不幹。就像頭痛，或者頭痛，或者心臟病發作，或者心臟病發作。他們若不被殺，就不被丟棄；他們錯在離棄他們工作的人身上，就必喪命。"},"navigationBar":{"left":{"text":"上一個"},"right":{"text":"下一個"}}},"Card.HCL.IrisVisualChanges-2":{"content":{"title":"視覺變化2","body":" 這對他來說是痛苦的，他會被認為是有幫助的，但是他會承受巨大的痛苦。因為我到了最小的時候，誰是我們的軍隊，除了他們中的任何一個能幫忙之外，什麼都不幹。就像頭痛，或者頭痛，或者心臟病發作，或者心臟病發作。他們若不被殺，就不被丟棄；他們錯在離棄他們工作的人身上，就必喪命。"},"navigationBar":{"left":{"text":"上一個"},"right":{"text":"下一個"}}},"Card.HCL.IrisVisualChanges-3":{"content":{"title":"視覺變化3","body":" 這對他來說是痛苦的，他會被認為是有幫助的，但是他會承受巨大的痛苦。因為我到了最小的時候，誰是我們的軍隊，除了他們中的任何一個能幫忙之外，什麼都不幹。就像頭痛，或者頭痛，或者心臟病發作，或者心臟病發作。他們若不被殺，就不被丟棄；他們錯在離棄他們工作的人身上，就必喪命。"},"navigationBar":{"left":{"text":"上一個"},"right":{"text":"下一個"}}},"Card.HCL.IrisVisualChanges-4":{"content":{"title":"視覺變化4","body":" 這對他來說是痛苦的，他會被認為是有幫助的，但是他會承受巨大的痛苦。因為我到了最小的時候，誰是我們的軍隊，除了他們中的任何一個能幫忙之外，什麼都不幹。就像頭痛，或者頭痛，或者心臟病發作，或者心臟病發作。他們若不被殺，就不被丟棄；他們錯在離棄他們工作的人身上，就必喪命。"},"navigationBar":{"left":{"text":"上一個"},"right":{"text":"下一個"}}},"Card.HCL.IrisVisualChanges-5":{"content":{"title":"視覺變化5","body":" 這對他來說是痛苦的，他會被認為是有幫助的，但是他會承受巨大的痛苦。因為我到了最小的時候，誰是我們的軍隊，除了他們中的任何一個能幫忙之外，什麼都不幹。就像頭痛，或者頭痛，或者心臟病發作，或者心臟病發作。他們若不被殺，就不被丟棄；他們錯在離棄他們工作的人身上，就必喪命。"},"navigationBar":{"left":{"text":"上一個"},"right":{"text":"完成"}}}}