{"Tour.IntroToVoltMXIris":{"description":"新Volt MX Iris介绍"},"Hike.HCL.IntroVoltMXIris":{"description":"新Volt MX Iris介绍"},"Card.HCL.IntroIris":{"content":{"title":"Volt MX Iris 有什么新功能？","body":" 这对他来说是痛苦的，他会被认为是有帮助的，但是他会承受巨大的痛苦。因为我到了最小的时候，谁是我们的军队，除了他们中的任何一个能帮忙之外，什么都不干。就像头痛，或者头痛，或者心脏病发作，或者心脏病发作。他们若不被杀，就不被丢弃；他们错在离弃他们工作的人身上，就必丧命。"},"navigationBar":{"left":{"text":"上一个"},"right":{"text":"下一个"}}},"Card.HCL.IrisVisualChanges":{"content":{"title":"视觉变化1","body":" 这对他来说是痛苦的，他会被认为是有帮助的，但是他会承受巨大的痛苦。因为我到了最小的时候，谁是我们的军队，除了他们中的任何一个能帮忙之外，什么都不干。就像头痛，或者头痛，或者心脏病发作，或者心脏病发作。他们若不被杀，就不被丢弃；他们错在离弃他们工作的人身上，就必丧命。"},"navigationBar":{"left":{"text":"上一个"},"right":{"text":"下一个"}}},"Card.HCL.IrisVisualChanges-2":{"content":{"title":"视觉变化2","body":" 这对他来说是痛苦的，他会被认为是有帮助的，但是他会承受巨大的痛苦。因为我到了最小的时候，谁是我们的军队，除了他们中的任何一个能帮忙之外，什么都不干。就像头痛，或者头痛，或者心脏病发作，或者心脏病发作。他们若不被杀，就不被丢弃；他们错在离弃他们工作的人身上，就必丧命。"},"navigationBar":{"left":{"text":"上一个"},"right":{"text":"下一个"}}},"Card.HCL.IrisVisualChanges-3":{"content":{"title":"视觉变化3","body":" 这对他来说是痛苦的，他会被认为是有帮助的，但是他会承受巨大的痛苦。因为我到了最小的时候，谁是我们的军队，除了他们中的任何一个能帮忙之外，什么都不干。就像头痛，或者头痛，或者心脏病发作，或者心脏病发作。他们若不被杀，就不被丢弃；他们错在离弃他们工作的人身上，就必丧命。"},"navigationBar":{"left":{"text":"上一个"},"right":{"text":"下一个"}}},"Card.HCL.IrisVisualChanges-4":{"content":{"title":"视觉变化4","body":" 这对他来说是痛苦的，他会被认为是有帮助的，但是他会承受巨大的痛苦。因为我到了最小的时候，谁是我们的军队，除了他们中的任何一个能帮忙之外，什么都不干。就像头痛，或者头痛，或者心脏病发作，或者心脏病发作。他们若不被杀，就不被丢弃；他们错在离弃他们工作的人身上，就必丧命。"},"navigationBar":{"left":{"text":"上一个"},"right":{"text":"下一个"}}},"Card.HCL.IrisVisualChanges-5":{"content":{"title":"视觉变化5","body":" 这对他来说是痛苦的，他会被认为是有帮助的，但是他会承受巨大的痛苦。因为我到了最小的时候，谁是我们的军队，除了他们中的任何一个能帮忙之外，什么都不干。就像头痛，或者头痛，或者心脏病发作，或者心脏病发作。他们若不被杀，就不被丢弃；他们错在离弃他们工作的人身上，就必丧命。"},"navigationBar":{"left":{"text":"上一个"},"right":{"text":"完成"}}}}