{
    "kuid": "54a9a6t9-ceaa-47rc-b7uf-9a5175nb",
    "id": "VoltMX.FlexPropertiesV9.Zindex",
    "content": {
        "title": "Using Z Index to Move a Widget to the Background",
        "body": "<ol>\n<li>From the bottom-left of the Iris, navigate to the <strong>Default Library</strong>.</li>\n<li>Next to the <b>Default Library, </b>you will see the <strong>My Libraries</strong> tab and a search icon. Click the search icon 🔍.</li>\n<li>In the search bar that appears, enter <b>Logo</b>.</li>\n<li>From the results, under <b>Headers</b>, find <b>Logo</b>.</li>\n<li>Drag and drop the <b>Logo</b> component on the <b>frmFlex</b> form on the canvas.</li>\n<li>In the search bar that appears, enter <b>Search1</b>.</li>\n<li>From the results, under <b>SubHeaders</b>, find <b>Search1</b>.</li>\n<li>Drag and drop the <b>Search1</b> component on the <b>frmFlex</b> form on the canvas.</li>\n<li>To bring the <b>Logo</b> widget above the <b>Search1</b> widget,<ul><li>From the top-left <b>Project</b> explorer, expand <b>Mobile</b> &gt; <b>Forms</b> &gt; <b>frmFlex</b>, select <b>headerContainer02</b>.</li><li>From the top-right <b>Properties</b> panel, expand <b>Look</b> &gt; <b>Flex</b>, set the <b>Z Index</b> property to <b>2</b>.</li></ul></li>\n</ol>"
    },
    "pointer": {
        "direction": "left",
        "element": "",
        "type": "none"
    },
    "navigationType": "manual",
    "navigationBar": {
        "left": {
            "text": "Previous",
            "enable": true,
            "hide": false
        },
        "right": {
            "text": "Next",
            "enable": true,
            "hide": false
        }
    },
    "navigationCondition": "",
    "position": "CENTER",
    "meta": {
        "Creator": "Rashmi Menon",
        "CreatedOn": "Mon, 25 Nov 2019 09:08:04 GMT"
    },
    "context": []
}