{
  "kuid": "54a9a6t9-ceaa-47rc-b7uf-9a5175nb",
  "id": "VoltMX.FlexPropertiesV9.Zindex",
  "content": {
    "title": "Using Z Index to Move a Widget to the Background",
    "body": "<ol>\n<li>From the bottom-left of the Iris, navigate to the <strong>Default Library</strong>.</li>\n<li>Next to the <b>Default Library, </b>you will see the <strong>My Libraries</strong> tab and a search icon. Click the search icon 🔍.</li>\n<li>In the search bar that appears, enter <b>Logo</b>.</li>\n<li>From the results, under <b>Headers</b>, find <b>Logo</b>.</li>\n<li>Drag and drop the <b>Logo</b> component on the <b>frmFlex</b> form on the canvas.</li>\n<li>In the search bar that appears, enter <b>Search1</b>.</li>\n<li>From the results, under <b>SubHeaders</b>, find <b>Search1</b>.</li>\n<li>Drag and drop the <b>Search1</b> component on the <b>frmFlex</b> form on the canvas.</li>\n<li>To bring the <b>Logo</b> widget above the <b>Search1</b> widget,<ul><li>From the top-left <b>Project</b> explorer, expand <b>Mobile</b> &gt; <b>Forms</b> &gt; <b>frmFlex</b>, select <b>headerContainer02</b>.</li><li>From the top-right <b>Properties</b> panel, expand <b>Look</b> &gt; <b>Flex</b>, set the <b>Z Index</b> property to <b>2</b>.</li></ul></li>\n</ol>"
  },
  "pointer": {
    "direction": "left",
    "element": "",
    "type": "none"
  },
  "navigationType": "manual",
  "navigationBar": {
    "left": {
      "text": "Previous",
      "enable": true,
      "hide": false
    },
    "right": {
      "text": "Next",
      "enable": true,
      "hide": false
    }
  },
  "navigationCondition": "",
  "position": "CENTER",
  "meta": {
    "Creator": "Rashmi Menon",
    "CreatedOn": "Mon, 25 Nov 2019 09:08:04 GMT"
  },
  "context": [],
  "localization": {
    "en-us": {
      "content": {
        "title": "Using Z Index to Move a Widget to the Background",
        "body": "<ol>\n<li>From the bottom-left of the Iris, navigate to the <strong>Default Library</strong>.</li>\n<li>Next to the <b>Default Library, </b>you will see the <strong>My Libraries</strong> tab and a search icon. Click the search icon 🔍.</li>\n<li>In the search bar that appears, enter <b>Logo</b>.</li>\n<li>From the results, under <b>Headers</b>, find <b>Logo</b>.</li>\n<li>Drag and drop the <b>Logo</b> component on the <b>frmFlex</b> form on the canvas.</li>\n<li>In the search bar that appears, enter <b>Search1</b>.</li>\n<li>From the results, under <b>SubHeaders</b>, find <b>Search1</b>.</li>\n<li>Drag and drop the <b>Search1</b> component on the <b>frmFlex</b> form on the canvas.</li>\n<li>To bring the <b>Logo</b> widget above the <b>Search1</b> widget,<ul><li>From the top-left <b>Project</b> explorer, expand <b>Mobile</b> &gt; <b>Forms</b> &gt; <b>frmFlex</b>, select <b>headerContainer02</b>.</li><li>From the top-right <b>Properties</b> panel, expand <b>Look</b> &gt; <b>Flex</b>, set the <b>Z Index</b> property to <b>2</b>.</li></ul></li>\n</ol>"
      },
      "navigationBar": {
        "left": {
          "text": "Previous"
        },
        "right": {
          "text": "Next"
        }
      }
    },
    "zh-cn": {
      "content": {
        "title": "使用Z索引将小部件移至背景",
        "body": "***<ol>\n<li>从虹膜的左下左下，导航到<strong>默认库</strong>。</li>\n<li>在<b>默认库旁边，</b>您将看到<strong>我的库</strong>选项卡和搜索图标。单击搜索图标🔍。</li>\n<li>在出现的搜索栏中，输入<b>徽标</b>。</li>\n<li>从结果中，在<b>标头</b>下，查找<b>徽标</b>。</li>\n<li>在<b> frmflex </b>形式上拖动<b>徽标</b>组件。</li>\n<li>在出现的搜索栏中，输入<b> search1 </b>。</li>\n<li>从结果中，在<b>子标题下</b>，查找<b> search1 </b>。</li>\n<li>在<b> frmflex </b>形式上拖动<b> search1 </b>组件。</li>\n<li>将<b>徽标</b>窗口小部件上方<b> search1 </b> widget，<ul> <li> {49}从forp-left <b> project </b> project {51} explorer，扩展</b>＆gt; <b>表格</b>＆gt; <b> frmflex </b>，选择<b> headerContainer02 </b>。 <b> flex </b>，将<b> z索引</b>属性设置为<b> 2 </b>。</li> </ul> </li> {74}\n</ol>"
      },
      "navigationBar": {
        "left": {
          "text": "以前的"
        },
        "right": {
          "text": "下一个"
        }
      }
    },
    "zh-tw": {
      "content": {
        "title": "使用Z索引將小部件移至背景",
        "body": "***<ol>\n<li>從虹膜的左下左下，導航到<strong>默認庫</strong>。</li>\n<li>在<b>默認庫旁邊，</b>您將看到<strong>我的庫</strong>選項卡和搜索圖標。單擊搜索圖標🔍。</li>\n<li>在出現的搜索欄中，輸入<b>徽標</b>。</li>\n<li>從結果中，在<b>標頭</b>下，查找<b>徽標</b>。</li>\n<li>在<b> frmflex </b>形式上拖動<b>徽標</b>組件。</li>\n<li>在出現的搜索欄中，輸入<b> search1 </b>。</li>\n<li>從結果中，在<b>子標題下</b>，查找<b> search1 </b>。</li>\n<li>在<b> frmflex </b>形式上拖動<b> search1 </b>組件。</li>\n<li>將<b>徽標</b>窗口小部件上方<b> search1 </b> widget，<ul> <li> {49}從forp-left <b> project </b> project {51} explorer，擴展</b>＆gt; <b>表格</b>＆gt; <b> frmflex </b>，選擇<b> headerContainer02 </b>。 <b> flex </b>，將<b> z索引</b>屬性設置為<b> 2 </b>。</li> </ul> </li> {74}\n</ol>"
      },
      "navigationBar": {
        "left": {
          "text": "以前的"
        },
        "right": {
          "text": "下一個"
        }
      }
    }
  }
}