{
    "kuid": "4f6a3dt5-71a7-4dra-8duf-e6c5b4na",
    "id": "VoltMX.EditPayeeMobile_v9.mapping4",
    "content": {
        "title": "Configuring Actions for onMapping",
        "body": "<ol>\n<li>From the left menu of the <strong>Action Editor</strong>, under the <strong>Condition</strong> section, select <strong>If</strong>.</li>\n<li>From the right pane of the Action Editor, under Add Condition provide the following values:\n<ul>\n<li>First field &ndash; <strong>Value</strong></li>\n<li>Second field: <strong>Recipients.opstatus</strong></li>\n<li>Third field: <strong>Equals</strong></li>\n<li>Fourth field: <strong>Value</strong></li>\n<li>Fifth field:  <strong>0</strong></li>\n</ul>\n</li>\n<li>From the left menu of the <strong>Action Editor</strong>, under the <strong>Mapping</strong> section, select <strong>Add Mapping</strong>.<br />The Mapping Editor window appears.</li>\n</ol>"
    },
    "pointer": {
        "direction": "left",
        "element": "",
        "type": "none"
    },
    "navigationType": "manual",
    "navigationBar": {
        "left": {
            "text": "Previous",
            "enable": true,
            "hide": false
        },
        "right": {
            "text": "Next",
            "enable": true,
            "hide": false
        }
    },
    "navigationCondition": "",
    "position": "BOTTOM_RIGHT",
    "meta": {
        "Creator": "Rashmi Menon",
        "CreatedOn": "Fri, 28 Feb 2020 11:51:26 GMT"
    },
    "context": []
}