{
    "kuid": "71fd16t0-93a5-46ra-96u5-5191d8n4",
    "id": "VoltMX.AssignDatatotheSegmentV9.dupLabel2",
    "content": {
        "title": "Duplicate the Label empName",
        "body": "<ol>\n<li>Right-click on <strong>employeeName</strong> and select <strong>Duplicate</strong>.</li>\n<li>Right-click on the label named as <b>CopyemployeeNameXXXX</b> under <b>employeeSegment</b>, select <strong>Rename</strong>.</li>\n<li>Rename the label from <b>CopyemployeeNameXXXX</b> to  <strong>empDepartment</strong>.</li>\n</ol>"
    },
    "pointer": {
        "direction": "left",
        "element": {
            "module": "projectexplorer",
            "path": "project-body\\project\\Mobile\\Forms\\frmList\\employeeSegment\\employeeName"
        },
        "type": "default",
        "isfixed": false
    },
    "navigationType": "manual",
    "navigationBar": {
        "left": {
            "text": "Previous",
            "enable": true,
            "hide": false
        },
        "right": {
            "text": "Next",
            "enable": true,
            "hide": false
        }
    },
    "navigationCondition": "",
    "position": "BOTTOM_RIGHT",
    "meta": {
        "Creator": "Rashmi Menon",
        "CreatedOn": "Mon, 25 Nov 2019 11:02:14 GMT"
    },
    "context": []
}