{
  "Tour.AddCreatePayeeWeb_v9": {
    "description": "旅游描述"
  },
  "Hike.VoltMX.AddCreatePayeeWeb_v9": {
    "description": "徒步说明"
  },
  "Card.VoltMX.AddCreatePayeeWeb_v9.confAccount": {
    "content": {
      "title": "配置导航到帐户屏幕",
      "body": "<ol>\n<li>来自<strong>项目</strong>资源管理器，展开<strong>响应式网页/桌面</strong>&gt;<strong>表格</strong>&gt;<strong>frmAddRecipient</strong>&gt;<strong>flxAddRecipient</strong>&gt;<strong>flxMenu</strong> ，然后选择<strong>flxAccountTab</strong>.</li>\n<li>来自<strong>属性</strong>面板，导航到<strong>行动</strong>选项卡。</li>\n<li>对于<strong>点击</strong>事件，点击<strong>编辑</strong>.<br /><strong>动作编辑器</strong>窗口出现。</li>\n</ol>"
    },
    "navigationBar": {
      "left": {
        "text": "上一个"
      },
      "right": {
        "text": "下一个"
      }
    }
  },
  "Card.VoltMX.AddCreatePayeeWeb_v9.confAccount1": {
    "content": {
      "title": "配置导航到帐户屏幕",
      "body": "<ol>\n<li>从左侧菜单<strong>动作编辑器</strong> , 在<strong>一般</strong>部分，选择<strong>导航到表单</strong>.</li>\n<li>从右侧窗格中，选择<strong>frmAccount</strong>.</li>\n<li>点击<strong>保存</strong>.</li>\n</ol>"
    },
    "navigationBar": {
      "left": {
        "text": "上一个"
      },
      "right": {
        "text": "下一个"
      }
    }
  },
  "Card.VoltMX.AddCreatePayeeWeb_v9.confCancel": {
    "content": {
      "title": "配置取消按钮",
      "body": "<ol>\n<li>来自<strong>项目</strong>资源管理器，展开<strong>响应式网页/桌面</strong>&gt;<strong>表格</strong>&gt;<strong>frmAddRecipient</strong>&gt;<strong>flxAddRecipient</strong>&gt;<strong>flxEntryFields</strong>&gt;<strong>flxButtons</strong> ，然后选择<strong>btnCancel</strong>.</li>\n<li>来自<strong>属性</strong>面板，导航到<strong>行动</strong>标签。</li>\n<li>对于<strong>点击</strong>事件，点击<strong>编辑</strong>.<br /><strong>动作编辑器</strong>窗口出现。</li>\n</ol>"
    },
    "navigationBar": {
      "left": {
        "text": "上一个"
      },
      "right": {
        "text": "下一个"
      }
    }
  },
  "Card.VoltMX.AddCreatePayeeWeb_v9.confCancel1": {
    "content": {
      "title": "配置取消按钮",
      "body": "<ol>\n<li>从左侧菜单<strong>动作编辑器</strong> , 在<strong>一般</strong>部分，选择<strong>导航到表单</strong>.</li>\n<li>从右侧窗格中，选择<strong>frmRecipients</strong>.</li>\n<li>点击<strong>保存</strong>.</li>\n</ol>"
    },
    "navigationBar": {
      "left": {
        "text": "上一个"
      },
      "right": {
        "text": "下一个"
      }
    }
  },
  "Card.VoltMX.AddCreatePayeeWeb_v9.configure11": {
    "content": {
      "title": "映射收件人",
      "body": "<ul>\n<li>从左窗格中展开<strong>文本字段-tbxLastName</strong>并选择<strong>文本{字符串}</strong>.<br />从右侧窗格中选择<strong>姓氏{字符串}</strong>.</li>\n<li>从左窗格中展开<strong>文本字段-tbxNickName</strong>并选择<strong>文本{字符串}</strong>.<br />从右侧窗格中选择<strong>昵称{字符串}</strong>.</li>\n<li>从左窗格中展开<strong>文本字段-tbxPhone</strong>并选择<strong>文本{字符串}</strong>.<br />从右侧窗格中选择<strong>电话{字符串}</strong>.</li>\n</ul>"
    },
    "navigationBar": {
      "left": {
        "text": "上一个"
      },
      "right": {
        "text": "下一个"
      }
    }
  },
  "Card.VoltMX.AddCreatePayeeWeb_v9.configureAdd": {
    "content": {
      "title": "配置添加操作",
      "body": "<ol>\n<li>来自<strong>项目</strong>资源管理器，展开<strong>响应式网页/桌面</strong>&gt;<strong>表格</strong>&gt;<strong>frmAddRecipient</strong>&gt;<strong>flxAddRecipient</strong>&gt;<strong>flxEntryFields</strong>&gt;<strong>flxButtons</strong> ，然后选择<strong> btnAdd</strong>.</li>\n<li>来自<strong>数据&amp;服务</strong>面板，展开<strong>项目服务</strong>&gt;<strong>收件人存储</strong>&gt;<strong>收件人</strong>.</li>\n<li>选择<strong>创建</strong>操作并将其放到<strong>添加</strong>画布上的按钮。</li>\n<li>从操作列表中，选择<strong>动作：点击</strong>.<br /><strong>动作编辑器</strong>窗口出现。<br />映射编辑器在窗口的右窗格中打开。</li>\n</ol>"
    },
    "navigationBar": {
      "left": {
        "text": "上一个"
      },
      "right": {
        "text": "下一个"
      }
    }
  },
  "Card.VoltMX.AddCreatePayeeWeb_v9.configureAdd1": {
    "content": {
      "title": "映射收件人",
      "body": "<ol>\n<li>从映射编辑器的左窗格中，展开<strong>表格</strong>&gt;<strong>frmAddRecipient</strong>.</li>\n<li>从映射编辑器的右窗格中，展开<strong>服务</strong>&gt;<strong>RecipientStorage$Recipients$create</strong>.</li>\n<li>将左窗格中的以下小部件映射到右窗格中的服务参数：<ul>\n<li>从左窗格中展开<strong>文本字段-tbxFirstName</strong>并选择<strong>文本{字符串}。<br /></strong>从右侧窗格中选择<strong>名字{字符串}</strong>.</li>\n</ul>\n</li>\n</ol>"
    },
    "navigationBar": {
      "left": {
        "text": "上一个"
      },
      "right": {
        "text": "下一个"
      }
    }
  },
  "Card.VoltMX.AddCreatePayeeWeb_v9.configureAdd2": {
    "content": {
      "title": "成功的行动",
      "body": "<ol>\n<li>从右上角<strong>动作编辑器</strong>窗口，选择<strong>设计视图</strong>.</li>\n<li>从动作编辑器画布中，选择<strong>如果 Recipients.opstatus 等于 0</strong>.</li>\n<li>来自<strong>动作编辑器</strong>左侧菜单，在<strong>小工具</strong>部分，选择<strong>设置小部件属性</strong>.</li>\n<li>从右侧窗格中，展开<b>桌面表格</b> > <b>frmAddRecipient</b> > <b>flxAddRecipient</b>然后选择<strong>flexSuccess</strong>.</li>\n<li>在最后一个窗格中修改以下值：<ul>\n<li>属性：<strong>可见</strong></li>\n<li>值：<strong>真</strong></li>\n</ul></li>\n</ol>"
    },
    "navigationBar": {
      "left": {
        "text": "上一个"
      },
      "right": {
        "text": "下一个"
      }
    }
  },
  "Card.VoltMX.AddCreatePayeeWeb_v9.configureAdd3": {
    "content": {
      "title": "配置成功警报",
      "body": "<ol>\n<li>从左侧菜单<strong>动作编辑器</strong> , 在<strong>功能</strong>部分，选择<strong>添加代码段</strong>.</li>\n<li>在右侧窗格中，键入以下代码：<br /><span style=\"background-color: #999999;\">self.view.forceLayout（）；</span></li>\n<li>点击<strong>保存</strong>.</li>\n</ol>"
    },
    "navigationBar": {
      "left": {
        "text": "上一个"
      },
      "right": {
        "text": "下一个"
      }
    }
  },
  "Card.VoltMX.AddCreatePayeeWeb_v9.configureBack": {
    "content": {
      "title": "配置后退按钮",
      "body": "<ol>\n<li>来自<strong>项目</strong>资源管理器，展开<strong>响应式网页/桌面</strong>&gt;<strong>表格</strong>&gt;<strong>frmAddRecipient</strong>&gt;<strong>flxAddRecipient</strong>&gt;<strong>flxToolbar</strong> ，然后选择<strong>flxBack</strong>.</li>\n<li>来自<strong>属性</strong>面板，导航到<strong>行动</strong>标签。</li>\n<li>对于<strong>点击</strong>事件，点击<strong>编辑</strong>.<br /><strong>动作编辑器</strong>窗口出现。</li>\n</ol>"
    },
    "navigationBar": {
      "left": {
        "text": "上一个"
      },
      "right": {
        "text": "下一个"
      }
    }
  },
  "Card.VoltMX.AddCreatePayeeWeb_v9.ConfigureBack1": {
    "content": {
      "title": "配置后退导航",
      "body": "<ol>\n<li>从左侧菜单<strong>动作编辑器</strong> , 在<strong>一般</strong>部分，选择<strong>导航到表单</strong>.</li>\n<li>从右侧窗格中，选择<strong>frmRecipients</strong>.</li>\n<li>点击<strong>保存</strong>.</li>\n</ol>"
    },
    "navigationBar": {
      "left": {
        "text": "上一个"
      },
      "right": {
        "text": "下一个"
      }
    }
  },
  "Card.VoltMX.AddCreatePayeeWeb_v9.confLgout2": {
    "content": {
      "title": "配置注销",
      "body": "<ol>\n<li>在动作编辑器画布上，单击<strong>成功</strong>.</li>\n<li>从左侧菜单<strong>动作编辑器</strong> , 在<strong>一般</strong>部分，选择<strong>导航到表单</strong>.</li>\n<li>从右侧窗格中，选择<strong>frmLogin</strong>.</li>\n<li>点击<strong>保存</strong>.</li>\n</ol>"
    },
    "navigationBar": {
      "left": {
        "text": "上一个"
      },
      "right": {
        "text": "下一个"
      }
    }
  },
  "Card.VoltMX.AddCreatePayeeWeb_v9.confLogout": {
    "content": {
      "title": "配置注销",
      "body": "<ol>\n<li>来自<strong>项目</strong>资源管理器，展开<strong>frmAddRecipient</strong>&gt;<strong>flxAddRecipient</strong>&gt;<strong>flxHeader</strong> ，然后选择<strong>flxUserLogout</strong>.</li>\n<li>来自<strong>属性</strong>面板，导航到<strong>行动</strong>标签。</li>\n<li>对于<strong>点击</strong>事件，点击<strong>编辑</strong>.<br /><strong>动作编辑器</strong>窗口出现。</li><li>从右上角<strong>动作编辑器</strong>窗口，选择<strong>设计视图</strong>.</li>\n</ol>"
    },
    "navigationBar": {
      "left": {
        "text": "上一个"
      },
      "right": {
        "text": "下一个"
      }
    }
  },
  "Card.VoltMX.AddCreatePayeeWeb_v9.confLogout1": {
    "content": {
      "title": "配置注销",
      "body": "<ol>\n<li>从左侧菜单<strong>动作编辑器</strong> , 在<strong>网络</strong>部分，选择<strong>调用服务</strong>.</li>\n<li>从动作编辑器的右窗格中，对于<strong>选择服务</strong>下拉，选择<strong>UserAuthentication$注销</strong>.</li>\n</ol>"
    },
    "navigationBar": {
      "left": {
        "text": "上一个"
      },
      "right": {
        "text": "下一个"
      }
    }
  },
  "Card.VoltMX.AddCreatePayeeWeb_v9.createPayeeForm": {
    "content": {
      "title": "创建添加收件人屏幕",
      "body": "<ol>\n<li>来自<strong>项目</strong>资源管理器，展开<strong>响应式网页/桌面</strong>&gt;<strong>表格</strong>.</li>\n<li>右击<strong>表格</strong>并选择<strong>新表格</strong>.</li>\n<li>重命名新表格<strong>frmAddRecipient</strong>.</li>\n</ol>"
    },
    "navigationBar": {
      "left": {
        "text": "上一个"
      },
      "right": {
        "text": "下一个"
      }
    }
  },
  "Card.VoltMX.AddCreatePayeeWeb_v9.done": {
    "content": {
      "title": " 恭喜",
      "body": "<p>你已经成功：</p>\n<ul>\n<li><strong>生成创建收件人屏幕</strong></li>\n<li><strong>为创建收件人屏幕创建和自定义用户界面</strong></li>\n<li><strong>添加了往返于创建收件人屏幕的导航<br /></strong></li>\n<li><strong>添加注销到创建收件人屏幕</strong></li>\n</ul>\n<p>有关在您的应用程序中编辑收件人的更多信息，请查看下一次加息：<a class=\"tour-link\" tour=\"c108beta-87ac-46re-87u3-92e61cnf\"> 8. 添加编辑收件人功能</a>.</p>"
    },
    "navigationBar": {
      "left": {
        "text": "上一个"
      },
      "right": {
        "text": "完成"
      }
    }
  },
  "Card.VoltMX.AddCreatePayeeWeb_v9.Intro": {
    "content": {
      "title": "将收件人添加到 Web 应用程序",
      "body": "<p><strong>让我们开始吧！</strong></p>\n<p>在这次徒步旅行中，您将学习如何：</p>\n<ul>\n<li>生成表格创建收件人</li>\n<li>使用服务设计创建收件人表单的 UI</li>\n</ul>\n<p>在开始之前，请完成以下远足：</p>\n<ol><b>\n<li><a class=\"tour-link\" tour=\"705a94tb-faa0-47r7-a1ud-31b3dbnf\">启动响应式 Web 应用程序</a></li>\n<li><a class=\"tour-link\" tour=\"220f01t3-bda6-40r0-92uf-56631bnb\">从集合创建用户界面</a></li>\n<li><a class=\"tour-link\" tour=\"5e1da5td-37a0-44r6-beu6-374c3cn1\">向应用程序添加身份验证</a></li>\n<li><a class=\"tour-link\" tour=\"a851b9t8-75a9-4ara-88ud-946004n9\">为 Web 应用程序创建服务</a></li>\n<li><a class=\"tour-link\" tour=\"ca148ftd-07a9-4ard-98ud-6163d4nc\">将应用程序 UI 连接到 Web 应用程序中的数据</a></li>\n<li><a class=\"tour-link\" tour=\"082af3t0-74a2-4ere-a6u3-749d59n5\">创建收件人详细信息和删除功能</a></li></b>\n</ol>\n<p> &nbsp;</p>\n<p>确保您打开在之前的徒步旅行中创建的相同项目。</p>\n<p>要打开一个关闭的项目，从主菜单，导航到<strong>项目</strong>&gt;<strong>打开</strong>&gt;<strong>HCL 参考架构</strong>&gt;<strong>RecipientsWebApp</strong>.</p>\n<p><strong>准备好后，单击开始！</strong></p>"
    },
    "navigationBar": {
      "left": {
        "text": "上一个"
      },
      "right": {
        "text": "开始"
      }
    }
  },
  "Card.VoltMX.AddCreatePayeeWeb_v9.navigate": {
    "content": {
      "title": "从收件人屏幕导航",
      "body": "<ol>\n<li>来自<strong>项目</strong>资源管理器，展开<strong>响应式网页/桌面</strong>&gt;<strong>表格</strong>&gt;<strong>frmRecipients</strong>&gt;<strong>flxRecipientList</strong>&gt;<strong>flxToolbar，</strong>然后选择<strong>btnAddPayee</strong>.</li>\n<li>来自<strong>属性</strong>面板，导航到<strong>行动</strong>选项卡。</li>\n<li>对于<strong>点击</strong>事件，点击<strong>编辑</strong>.<br /><strong>动作编辑器</strong>窗口出现。</li>\n</ol>"
    },
    "navigationBar": {
      "left": {
        "text": "上一个"
      },
      "right": {
        "text": "下一个"
      }
    }
  },
  "Card.VoltMX.AddCreatePayeeWeb_v9.navigate1": {
    "content": {
      "title": "从收件人屏幕导航",
      "body": "<ol>\n<li>从左侧菜单<strong>动作编辑器</strong> , 在<strong>一般</strong>部分，选择<strong>导航到表单</strong>.</li>\n<li>从右侧窗格中，选择<strong>frmAddRecipient</strong>.</li>\n<li>点击<strong>保存</strong>.</li>\n</ol>"
    },
    "navigationBar": {
      "left": {
        "text": "上一个"
      },
      "right": {
        "text": "下一个"
      }
    }
  },
  "Card.VoltMX.AddCreatePayeeWeb_v9.run": {
    "content": {
      "title": "运行应用程序",
      "body": "<ol>\n<li>从左侧导航栏中，单击<strong>运行</strong>.<br /> Iris 显示需要一些时间<strong>实时预览已准备就绪</strong>窗口。<br />虹膜预览窗口启动您的应用程序。</li>\n<li>在您的应用中输入以下登录凭据。<ul>\n<li>用户名：<strong>john.doe@woodburn.com</strong></li>\n<li>密码：<strong>VoltMX@123</strong></li>\n</ul>\n</li>\n<li>点击<strong>登录</strong>.<br />出现帐户列表。</li>\n<li>点击<strong>收件人</strong>选项卡。<br />出现收件人列表。</li>\n<li>点击添加<strong> (+)</strong> 添加收件人的图标。</li>\n<li>从列表中选择收件人以查看其详细信息。<br /> 从详情页面，您可以删除收件人。<br />您将学习如何在下次远足时编辑收件人。</li>\n<li>单击屏幕顶部的注销按钮以导航到登录屏幕。</li>\n</ol>"
    },
    "navigationBar": {
      "left": {
        "text": "上一个"
      },
      "right": {
        "text": "下一个"
      }
    }
  },
  "Card.VoltMX.AddCreatePayeeWeb_v9.successAlert": {
    "content": {
      "title": "配置成功警报",
      "body": "<ol>\n<li>来自<strong>项目</strong>资源管理器，展开<strong>响应式网页/桌面</strong>&gt;<strong>表格</strong>&gt;<strong>frmAddRecipient</strong>&gt;<strong>flexSuccess</strong>&gt;<strong>flexSuccessAlert，</strong>然后选择<strong> btnDone</strong>.</li>\n<li>来自<strong>属性</strong>面板，导航到<strong>行动</strong>选项卡。</li>\n<li>对于<strong>点击</strong>事件，点击<strong>编辑</strong>.<br /><strong>动作编辑器</strong>窗口出现。</li>\n</ol>"
    },
    "navigationBar": {
      "left": {
        "text": "上一个"
      },
      "right": {
        "text": "下一个"
      }
    }
  },
  "Card.VoltMX.AddCreatePayeeWeb_v9.successAlert1": {
    "content": {
      "title": "配置成功警报",
      "body": "<ol>\n<li>从左侧菜单<strong>动作编辑器</strong> , 在<strong>小工具</strong>部分，选择<strong>设置小部件属性</strong>.</li>\n<li>从右侧窗格中，展开<b>桌面表格</b> > <b>frmAddRecipient</b> > <b>flxAddRecipient</b>然后选择<strong>flexSuccess</strong>.</li>\n<li>在最后一个窗格中修改以下值：<ul>\n<li>属性：<strong>可见</strong></li>\n<li>值：<strong>假</strong></li>\n</ul>\n</li>\n</ol>"
    },
    "navigationBar": {
      "left": {
        "text": "上一个"
      },
      "right": {
        "text": "下一个"
      }
    }
  },
  "Card.VoltMX.AddCreatePayeeWeb_v9.successAlert2": {
    "content": {
      "title": "配置成功警报",
      "body": "<ol>\n<li>从左侧菜单<strong>动作编辑器</strong> , 在<strong>功能</strong>部分，选择<strong>添加代码段</strong>.</li>\n<li>在右侧窗格中，键入以下代码：<br /><span style=\"background-color: #999999;\">self.view.forceLayout()；</span></li>\n<li>从左侧菜单<strong>动作编辑器</strong> , 在<strong>一般</strong>部分，选择<strong>导航到表单</strong>.</li>\n<li>从右侧窗格中，选择<strong>frmRecipients</strong>.</li>\n<li>点击<strong>保存</strong>.</li>\n</ol>"
    },
    "navigationBar": {
      "left": {
        "text": "上一个"
      },
      "right": {
        "text": "下一个"
      }
    }
  },
  "Card.VoltMX.AddCreatePayeeWeb_v9.uiForm": {
    "content": {
      "title": "添加收件人的用户界面",
      "body": "<ol>\n<li>从 Iris 的左下面板，导航到<strong>默认库</strong>.</li>\n<li> 旁边<strong>默认库</strong> ，您将看到选项卡<strong>我的图书馆</strong>和一个搜索图标。<br />点击搜索图标。</li>\n<li>在出现的搜索栏中，输入<strong>添加收件人</strong>.</li>\n<li>来自<strong> RecipientsWeb</strong>，选择<strong>添加收件人</strong>并将其放到<strong>frmAddRecipient</strong>在画布上。</li>\n<li>在<strong>已解决的冲突</strong>对话框，点击<strong>关闭</strong>.</li>\n</ol>"
    },
    "navigationBar": {
      "left": {
        "text": "上一个"
      },
      "right": {
        "text": "下一个"
      }
    }
  }
}