{
  "Card.VoltMX.AddCreatePayeeWeb_v9.Intro": {
    "content": {
      "title": "将收件人添加到网络应用",
      "body": "<p> <strong>让我开始！</strong> </p> \n <p>在这次远足中，您将学习如何：</p> \n <ul> \n <li>生成一个表单创建收件人</li> \n <li>使用服务</li>设计创建收件人表单的UI \n </ul> \n <p>在开始之前，完成以下徒步旅行：</p> \n <ol> <b> \n <li> <a class=\"tour-link\" tour=\"705a94tb-faa0-47r7-a1ud-31b3dbnf\">启动响应式Web应用</a> </li> \n <li> <a class=\"tour-link\" tour=\"220f01t3-bda6-40r0-92uf-56631bnb\">从集合</a> </li>创建UI \n <li> <a class=\"tour-link\" tour=\"5e1da5td-37a0-44r6-beu6-374c3cn1\">将身份验证添加到app </a> </li> \n <li> <a class=\"tour-link\" tour=\"a851b9t8-75a9-4ara-88ud-946004n9\">为Web应用创建服务</a> </li> \n <li> <a class=\"tour-link\" tour=\"ca148ftd-07a9-4ard-98ud-6163d4nc\">将应用程序UI连接到Web应用中的数据</a> </li> \n <li> <a class=\"tour-link\" tour=\"082af3t0-74a2-4ere-a6u3-749d59n5\">创建收件人详细信息和删除功能</a> </li> </b> \n </ol> \n <p>＆nbsp; </p> \n <p>确保您打开与上面徒步旅行2中创建的相同项目。</p> \n <p>要从主菜单中打开一个封闭的项目，请导航至<strong> project </strong>＆gt; <strong>打开</strong>＆gt; <strong> HCl参考架构</strong>＆gt; <strong> coverientswebapp2 </strong>。</p> \n <p> <strong>您准备就绪时，单击“开始”！</strong> </p>"
    },
    "navigationBar": {
      "left": {
        "text": "以前的"
      },
      "right": {
        "text": "开始"
      }
    }
  },
  "Card.VoltMX.AddCreatePayeeWeb_v9.createPayeeForm": {
    "content": {
      "title": "创建添加收件人屏幕",
      "body": "***<ol> \n <li>从<strong> project </strong>探索器，展开<strong>响应web / desktop </strong>＆gt; <strong>表格</strong>。</li> \n <li>右键单击<strong> form </strong>，然后选择<strong>新表单</strong>。</li> <li> {15}右键单击<strong> form1 </strong>，然后选择<strong> rename </strong>。 </li> \n <li>将表单从<strong> form1 </strong>重命名为<strong> frmaddrecipient </strong>。</li> \n </ol>"
    },
    "navigationBar": {
      "left": {
        "text": "以前的"
      },
      "right": {
        "text": "下一个"
      }
    }
  },
  "Card.VoltMX.AddCreatePayeeWeb_v9.uiForm": {
    "content": {
      "title": "UI添加收件人",
      "body": "<ol> \n <li>从Iris的左下面板中，导航到<strong>默认库</strong>。</li> \n <li> <strong>默认库</strong>旁边，您将看到<strong>我的库</strong>和搜索图标的选项卡。<br />单击搜索图标。</li> \n <li>在出现的搜索栏中，输入<strong> addRecipient </strong>。</li> \n <li>在<strong> conterientsWeb </strong>章节下，选择<strong> addRecipient </strong>，然后将其放在<strong> frmaddrecipient </strong>上。</li>。 \n <li>在<strong>解决冲突</strong>对话框上，单击<strong>关闭</strong>。</li> \n </ol>"
    },
    "navigationBar": {
      "left": {
        "text": "以前的"
      },
      "right": {
        "text": "下一个"
      }
    }
  },
  "Card.VoltMX.AddCreatePayeeWeb_v9.navigate": {
    "content": {
      "title": "从收件人屏幕导航",
      "body": "***<ol> \n <li>从<strong> project </strong>探索器，展开<strong>响应web / desktop </strong>＆gt; <strong> forms </strong>＆gt; <strong> frmrecipient </strong>＆gt; <strong> flxrecipientList </strong>＆gt; <strong> flxtoolbar，</strong>，然后选择<strong> btnaddpayee </strong>。 \n <li>从<strong>属性</strong>面板，导航到<strong> action </strong> tab。</li> \n <li>对于<strong> onClick </strong>事件，单击<strong> edit </strong>。 \n </ol>"
    },
    "navigationBar": {
      "left": {
        "text": "以前的"
      },
      "right": {
        "text": "下一个"
      }
    }
  },
  "Card.VoltMX.AddCreatePayeeWeb_v9.navigate1": {
    "content": {
      "title": "从收件人屏幕导航",
      "body": "***<ol> \n <li>从＆nbsp; <strong>操作编辑器的左菜单中，在<strong>常规</strong>部分下，选择<strong>导航至form </strong>。</li>。{8} \n <li>从右窗格中，选择<strong> frmaddrecipient </strong>。</li> \n <li>单击<strong>保存</strong>。</li> \n </ol>"
    },
    "navigationBar": {
      "left": {
        "text": "以前的"
      },
      "right": {
        "text": "下一个"
      }
    }
  },
  "Card.VoltMX.AddCreatePayeeWeb_v9.configureAdd": {
    "content": {
      "title": "配置添加操作",
      "body": "<ol> \n <li>从<strong> project </strong>探索器，展开<strong>响应web / desktop </strong>＆gt; <strong> forms </strong>＆gt; <strong> frmaddrecipient </strong>＆gt; <strong> flxaddrecipient </strong>＆gt; <strong> flxentryfields </strong>＆gt; <strong> flxbuttons </strong>，然后选择<strong> btnadd </strong>。</li> \n <li>来自<strong> data＆amp; 服务</strong>面板，展开<strong> project Services </strong>＆gt; <strong> cocterientStorage2 </strong>＆gt; <strong>收件人</strong>。</li> \n <li>选择<strong>创建</strong>操作，然后将其放在画布上的<strong>添加</strong>按钮。</li> \n <li>从操作列表中，选择<strong>操作：OnClick </strong>。<br /> <strong>操作编辑器</strong>窗口出现。<br />映射编辑器在窗口的右窗格上打开。 </li> \n </ol>"
    },
    "navigationBar": {
      "left": {
        "text": "以前的"
      },
      "right": {
        "text": "下一个"
      }
    }
  },
  "Card.VoltMX.AddCreatePayeeWeb_v9.configureAdd1": {
    "content": {
      "title": "映射收件人",
      "body": "***<ol> \n <li>从映射编辑器的左窗格中，展开<strong> forms </strong>＆gt; <strong> frmaddrecipient </strong>。</li> \n <li>从映射编辑器的右窗格中，展开<strong> services </strong>＆gt; <strong> cocterientStorage2 $ cocceers $ create </strong>。</li> \n <li>将以下小部件从左窗格映射到右窗格上的服务参数： \n <ul> \n <li>从左窗格展开<strong> textfield -tbxfirstname </strong>，然后选择<strong> text {string}。 23} \n </ul> \n </li> \n </ol>"
    },
    "navigationBar": {
      "left": {
        "text": "以前的"
      },
      "right": {
        "text": "下一个"
      }
    }
  },
  "Card.VoltMX.AddCreatePayeeWeb_v9.configure11": {
    "content": {
      "title": "映射收件人",
      "body": "***<ul> \n <li>从左窗格展开<strong> textfield -tbxlastName </strong>，然后选择<strong> text {string} </strong> {5}。<br />。 9} \n <li>从左窗格展开<strong> textfield -tbxnickname </strong>，然后选择<strong> text {string} </strong> {14}。<br />。 18} \n <li>从左窗格展开<strong> textfield -tbxphone </strong>，然后选择<strong> text {string} </strong> {23}。<br />。 27} \n </ul>"
    },
    "navigationBar": {
      "left": {
        "text": "以前的"
      },
      "right": {
        "text": "下一个"
      }
    }
  },
  "Card.VoltMX.AddCreatePayeeWeb_v9.configureAdd2": {
    "content": {
      "title": "成功行动",
      "body": "***<ol> \n <li>从<strong>操作编辑器的顶端</strong>窗口，选择<strong>设计视图</strong>。</li> \n <li>从操作编辑器帆布中，如果colecter.opstatus等于0 </strong>。</li> \n <li>输入<strong>设置窗口小部件属性 \n  </strong>在搜索栏中，然后选择<strong>在<strong> widget </strong> e节下设置widget property </strong>。</li> \n <li>从右窗格中，展开<b>桌面表单</b>> <b> frmaddrecipient </b>> <b> flxaddrecipient </b>，然后选择<strong> flexsuccess </strong>。 \n <li>在最后一个窗格中修改以下值： \n <ul> \n <li>属性：<strong>可见</strong> </li> \n <li>值：<strong> true </strong> </li> \n </ul> </li> \n </ol>"
    },
    "navigationBar": {
      "left": {
        "text": "以前的"
      },
      "right": {
        "text": "下一个"
      }
    }
  },
  "Card.VoltMX.AddCreatePayeeWeb_v9.configureAdd3": {
    "content": {
      "title": "配置成功警报",
      "body": "***<ol> \n <li>从<strong>操作编辑器的左菜单</strong>，在<strong>函数</strong>部分下，选择<strong>添加smippet </strong>。</li>。{8} \n <li>在右窗格中，键入以下代码：<br /> <span style=\"background-color: #999999;\"> self.view.forcelayout（）; </span> </li> {13} \n <li>单击<strong>保存</strong>。</li> \n </ol>"
    },
    "navigationBar": {
      "left": {
        "text": "以前的"
      },
      "right": {
        "text": "下一个"
      }
    }
  },
  "Card.VoltMX.AddCreatePayeeWeb_v9.successAlert": {
    "content": {
      "title": "配置成功警报",
      "body": "***<ol> \n <li>从<strong> project </strong>探索器，展开<strong>响应web / desktop </strong>＆gt; <strong> forms </strong>＆gt; <strong> frmaddrecipient </strong>＆gt; <strong> flexsuccess </strong>＆gt; <strong> flexsuccessalert，</strong>，然后选择<strong> btndone </strong>。</li>。{16} \n <li>从<strong>属性</strong>面板，导航到<strong> action </strong> tab。</li> \n <li>对于<strong> onClick </strong>事件，单击<strong> edit </strong>。 \n </ol>"
    },
    "navigationBar": {
      "left": {
        "text": "以前的"
      },
      "right": {
        "text": "下一个"
      }
    }
  },
  "Card.VoltMX.AddCreatePayeeWeb_v9.successAlert1": {
    "content": {
      "title": "配置成功警报",
      "body": "***<ol> \n <li>在搜索栏中inter <strong>设置widget property </strong>，然后在<strong> widget </strong>节下选择<strong>设置widget property </strong>。</li> \n <li>从右窗格中，展开<b>桌面表单</b>> <b> frmaddrecipient </b>> <b> flxaddrecipient </b>，然后选择<strong> flexsuccess </strong>。 \n <li>在最后一个窗格中修改以下值： \n <ul> \n <li>属性：<strong>可见</strong> </li> \n <li>值：<strong> false </strong> </li> \n </ul> \n </li> \n </ol>"
    },
    "navigationBar": {
      "left": {
        "text": "以前的"
      },
      "right": {
        "text": "下一个"
      }
    }
  },
  "Card.VoltMX.AddCreatePayeeWeb_v9.successAlert2": {
    "content": {
      "title": "配置成功警报",
      "body": "***<ol> \n <li>输入<strong>在搜索栏中添加snippet </strong>，然后选择<strong>在<strong>函数</strong> e节下添加snippet </strong>。</li> \n <li>在右窗格中，键入以下代码：<br /> <span style=\"background-color: #999999;\"> self.view.forcelayout（）; </span> </li> {13} \n <li>从<strong>操作编辑器的左菜单</strong>，在<strong>常规</strong>部分下，选择<strong>导航至form </strong>。</li>。{21} \n <li>从右窗格中，选择<strong> frmrecipient </strong>。</li> \n <li>单击<strong>保存</strong>。</li> \n </ol>"
    },
    "navigationBar": {
      "left": {
        "text": "以前的"
      },
      "right": {
        "text": "下一个"
      }
    }
  },
  "Card.VoltMX.AddCreatePayeeWeb_v9.configureBack": {
    "content": {
      "title": "配置返回按钮",
      "body": "***<ol> \n <li>从<strong> project </strong>探索器，展开<strong>响应web / desktop </strong>＆gt; <strong> forms </strong>＆gt; <strong> frmaddrecipient </strong>＆gt; <strong> flxaddrecipient </strong>＆gt; <strong> flxtoolbar </strong>，然后选择<strong> flxback </strong>。</li>。{16} \n <li>从<strong>属性</strong>面板，导航到<strong> action </strong> tab。</li> \n <li>对于<strong> onClick </strong>事件，单击<strong> edit </strong>。 \n </ol>"
    },
    "navigationBar": {
      "left": {
        "text": "以前的"
      },
      "right": {
        "text": "下一个"
      }
    }
  },
  "Card.VoltMX.AddCreatePayeeWeb_v9.ConfigureBack1": {
    "content": {
      "title": "配置后退导航",
      "body": "***<ol> \n <li>从<strong>操作编辑器的左菜单</strong>，在<strong>常规</strong>部分下，选择<strong>导航至form </strong>。</li>。{8} \n <li>从右窗格中，选择<strong> frmrecipient </strong>。</li> \n <li>单击<strong>保存</strong>。</li> \n </ol>"
    },
    "navigationBar": {
      "left": {
        "text": "以前的"
      },
      "right": {
        "text": "下一个"
      }
    }
  },
  "Card.VoltMX.AddCreatePayeeWeb_v9.confCancel": {
    "content": {
      "title": "配置取消按钮",
      "body": "***<ol> \n <li>从<strong> project </strong>探索器，展开<strong>响应web / desktop </strong>＆gt; <strong> forms </strong>＆gt; <strong> frmaddrecipient </strong>＆gt; <strong> flxaddrecipient </strong>＆gt; <strong> flxentryfields </strong>＆gt; <strong> flxbuttons </strong>，并选择<strong> 16} btncancel </strong> 17}。 \n <li>从<strong> properties </strong>面板，导航到<strong> action </strong> tab。</li> \n <li>对于<strong> onClick </strong>事件，单击<strong> edit </strong>。<br /> <strong> action Editor </strong>窗口出现。 \n </ol>"
    },
    "navigationBar": {
      "left": {
        "text": "以前的"
      },
      "right": {
        "text": "下一个"
      }
    }
  },
  "Card.VoltMX.AddCreatePayeeWeb_v9.confCancel1": {
    "content": {
      "title": "配置取消按钮",
      "body": "<ol> \n <li>从<strong>操作编辑器的左菜单</strong>，在<strong>常规</strong>部分下，选择<strong>导航至form </strong>。</li> \n <li>从右窗格中，选择<strong> frmrecipient </strong>。</li> \n <li>单击<strong>保存</strong>。</li> \n </ol>"
    },
    "navigationBar": {
      "left": {
        "text": "以前的"
      },
      "right": {
        "text": "下一个"
      }
    }
  },
  "Card.VoltMX.AddCreatePayeeWeb_v9.confAccount": {
    "content": {
      "title": "将导航配置为帐户屏幕",
      "body": "***<ol> \n <li>从<strong> project </strong>探索器，展开<strong>响应web / desktop </strong>＆gt; <strong> forms </strong>＆gt; <strong> frmaddrecipient </strong>＆gt; <strong> flxaddrecipient </strong>＆gt; <strong> flxmenu </strong>，然后选择<strong> flxAccOuntTab </strong>。 \n <li>从<strong>属性</strong>面板，导航到<strong> action </strong> tab。</li> \n <li>对于<strong> onClick </strong>事件，单击<strong> edit </strong>。 \n </ol>"
    },
    "navigationBar": {
      "left": {
        "text": "以前的"
      },
      "right": {
        "text": "下一个"
      }
    }
  },
  "Card.VoltMX.AddCreatePayeeWeb_v9.confAccount1": {
    "content": {
      "title": "将导航配置为帐户屏幕",
      "body": "***<ol> \n <li>从<strong>操作编辑器的左菜单</strong>，在<strong>常规</strong>部分下，选择<strong>导航至form </strong>。</li>。{8} \n <li>从右窗格中，选择<strong> frmaccount </strong>。</li> \n <li>单击<strong>保存</strong>。</li> \n </ol>"
    },
    "navigationBar": {
      "left": {
        "text": "以前的"
      },
      "right": {
        "text": "下一个"
      }
    }
  },
  "Card.VoltMX.AddCreatePayeeWeb_v9.confLogout": {
    "content": {
      "title": "配置注销",
      "body": "***<ol> \n <li>来自<strong> project </strong>探索，展开<strong>响应web / desktop </strong>＆gt; <strong>表格</strong>＆gt; \n <strong> frmaddrecipient </strong>＆gt; <strong> flxaddrecipient </strong>＆gt; <strong> flxheader </strong>，然后选择<strong> flxuserlogout </strong>。</li>。{16} \n <li>从<strong>属性</strong>面板，导航到<strong> action </strong> tab。</li> \n <li>对于<strong> onClick </strong>事件，单击<strong> edit </strong>。 <strong>操作编辑器</strong>窗口，选择<strong>设计视图</strong>。</li> \n </ol>"
    },
    "navigationBar": {
      "left": {
        "text": "以前的"
      },
      "right": {
        "text": "下一个"
      }
    }
  },
  "Card.VoltMX.AddCreatePayeeWeb_v9.confLogout1": {
    "content": {
      "title": "配置注销",
      "body": "<ol> \n <li>从<strong>操作编辑器的左菜单</strong>下，在<strong>网络</strong>节下，选择<strong> Invoke Service </strong>。</li> \n <li>从操作编辑器的右窗格中，对于<strong>选择Service </strong>下降，选择<strong> userauthentication2 $ logout </strong>。</li> \n </ol>"
    },
    "navigationBar": {
      "left": {
        "text": "以前的"
      },
      "right": {
        "text": "下一个"
      }
    }
  },
  "Card.VoltMX.AddCreatePayeeWeb_v9.confLgout2": {
    "content": {
      "title": "配置注销",
      "body": "***<ol> \n <li>在操作编辑器帆布上，单击<strong>成功</strong>。</li> \n <li>从<strong>操作编辑器的左菜单</strong>下，在<strong>常规</strong> e节下，选择<strong>导航至form </strong>。</li>。{12} \n <li>从右窗格中，选择<strong> frmlogin </strong>。</li> \n <li>单击<strong>保存</strong>。</li> \n </ol>"
    },
    "navigationBar": {
      "left": {
        "text": "以前的"
      },
      "right": {
        "text": "下一个"
      }
    }
  },
  "Card.VoltMX.AddCreatePayeeWeb_v9.run": {
    "content": {
      "title": "运行应用程序",
      "body": "***<ol> \n <li>从左导航栏中，单击<strong>运行</strong>。<br />将需要一些时间才能让Iris显示<strong> Volt MX Iris Preview </strong>窗口。<br /> Volt MX IRIS 预览窗口启动您的应用程序。</li> \n <li>在应用程序中输入以下登录凭据。 \n <ul> \n <li>用户名：<strong> john.doe@woodburn.com </strong> </li> \n <li>密码：<strong> voltmx@123 </strong> </li> \n </ul> \n </li> \n <li>单击<strong>登录</strong>。<br />出现帐户列表。</li> \n <li>单击<strong>收件人</strong> tab。<br />出现收件人列表。</li> <li>您可以在<strong>中添加一个收件人{32}添加收件人</strong>页面，单击<strong>（34}（34}（ +）</strong>图标。</li> \n <li>单击<strong>将收件人</strong>添加到<strong>收件人</strong>列表。</li> \n <li>从列表中选择一个收件人以查看其详细信息。<br />从“详细信息”页面中，您可以删除收件人。<br />您将学习如何在下一步徒步旅行中编辑收件人。</li> \n <li>单击屏幕顶部的注销按钮<img src=\"https://i.ibb.co/WcS0Fd5/logout.jpg\" alt=\"logout\" width=\"13\" height=\"13\">以导航到登录屏幕。</li> \n </ol>"
    },
    "navigationBar": {
      "left": {
        "text": "以前的"
      },
      "right": {
        "text": "下一个"
      }
    }
  },
  "Card.VoltMX.AddCreatePayeeWeb_v9.done": {
    "content": {
      "title": "恭喜",
      "body": "<p>您成功地：</p> \n <ul> \n <li> <strong>生成创建收件人屏幕</strong> </li> \n <li> <strong>创建并自定义了创建收件人屏幕</strong> </li>的UI \n <li> <strong>在创建收件人屏幕<br /> </strong> </li>中添加导航 \n <li> <strong>将注销添加到创建收件人屏幕</strong> </li> \n </ul> \n <p>有关编辑应用程序中收件人的更多信息，请查看下一个徒步旅行：<a class=\"tour-link\" tour=\"c108beta-87ac-46re-87u3-92e61cnf\"> 8。 添加编辑收件人功能</a>。</p>"
    },
    "navigationBar": {
      "left": {
        "text": "以前的"
      },
      "right": {
        "text": "完毕"
      }
    }
  }
}