{
  "Card.VoltMX.AddCreatePayeeWeb_v9.Intro": {
    "content": {
      "title": "將收件人添加到網絡應用",
      "body": "<p> <strong>讓我開始！</strong> </p> \n <p>在這次遠足中，您將學習如何：</p> \n <ul> \n <li>生成一個表單創建收件人</li> \n <li>使用服務</li>設計創建收件人表單的UI \n </ul> \n <p>在開始之前，完成以下徒步旅行：</p> \n <ol> <b> \n <li> <a class=\"tour-link\" tour=\"705a94tb-faa0-47r7-a1ud-31b3dbnf\">啟動響應式Web應用</a> </li> \n <li> <a class=\"tour-link\" tour=\"220f01t3-bda6-40r0-92uf-56631bnb\">從集合</a> </li>創建UI \n <li> <a class=\"tour-link\" tour=\"5e1da5td-37a0-44r6-beu6-374c3cn1\">將身份驗證添加到app </a> </li> \n <li> <a class=\"tour-link\" tour=\"a851b9t8-75a9-4ara-88ud-946004n9\">為Web應用創建服務</a> </li> \n <li> <a class=\"tour-link\" tour=\"ca148ftd-07a9-4ard-98ud-6163d4nc\">將應用程序UI連接到Web應用中的數據</a> </li> \n <li> <a class=\"tour-link\" tour=\"082af3t0-74a2-4ere-a6u3-749d59n5\">創建收件人詳細信息和刪除功能</a> </li> </b> \n </ol> \n <p>＆nbsp; </p> \n <p>確保您打開與上面徒步旅行2中創建的相同項目。</p> \n <p>要從主菜單中打開一個封閉的項目，請導航至<strong> project </strong>＆gt; <strong>打開</strong>＆gt; <strong> HCl參考架構</strong>＆gt; <strong> coverientswebapp2 </strong>。</p> \n <p> <strong>您準備就緒時，單擊“開始”！</strong> </p>"
    },
    "navigationBar": {
      "left": {
        "text": "以前的"
      },
      "right": {
        "text": "開始"
      }
    }
  },
  "Card.VoltMX.AddCreatePayeeWeb_v9.createPayeeForm": {
    "content": {
      "title": "創建添加收件人屏幕",
      "body": "***<ol> \n <li>從<strong> project </strong>探索器，展開<strong>響應web / desktop </strong>＆gt; <strong>表格</strong>。</li> \n <li>右鍵單擊<strong> form </strong>，然後選擇<strong>新表單</strong>。</li> <li> {15}右鍵單擊<strong> form1 </strong>，然後選擇<strong> rename </strong>。 </li> \n <li>將表單從<strong> form1 </strong>重命名為<strong> frmaddrecipient </strong>。</li> \n </ol>"
    },
    "navigationBar": {
      "left": {
        "text": "以前的"
      },
      "right": {
        "text": "下一個"
      }
    }
  },
  "Card.VoltMX.AddCreatePayeeWeb_v9.uiForm": {
    "content": {
      "title": "UI添加收件人",
      "body": "<ol> \n <li>從Iris的左下面板中，導航到<strong>默認庫</strong>。</li> \n <li> <strong>默認庫</strong>旁邊，您將看到<strong>我的庫</strong>和搜索圖標的選項卡。<br />單擊搜索圖標。</li> \n <li>在出現的搜索欄中，輸入<strong> addRecipient </strong>。</li> \n <li>在<strong> conterientsWeb </strong>章節下，選擇<strong> addRecipient </strong>，然後將其放在<strong> frmaddrecipient </strong>上。</li>。 \n <li>在<strong>解決衝突</strong>對話框上，單擊<strong>關閉</strong>。</li> \n </ol>"
    },
    "navigationBar": {
      "left": {
        "text": "以前的"
      },
      "right": {
        "text": "下一個"
      }
    }
  },
  "Card.VoltMX.AddCreatePayeeWeb_v9.navigate": {
    "content": {
      "title": "從收件人屏幕導航",
      "body": "***<ol> \n <li>從<strong> project </strong>探索器，展開<strong>響應web / desktop </strong>＆gt; <strong> forms </strong>＆gt; <strong> frmrecipient </strong>＆gt; <strong> flxrecipientList </strong>＆gt; <strong> flxtoolbar，</strong>，然後選擇<strong> btnaddpayee </strong>。 \n <li>從<strong>屬性</strong>面板，導航到<strong> action </strong> tab。</li> \n <li>對於<strong> onClick </strong>事件，單擊<strong> edit </strong>。 \n </ol>"
    },
    "navigationBar": {
      "left": {
        "text": "以前的"
      },
      "right": {
        "text": "下一個"
      }
    }
  },
  "Card.VoltMX.AddCreatePayeeWeb_v9.navigate1": {
    "content": {
      "title": "從收件人屏幕導航",
      "body": "***<ol> \n <li>從＆nbsp; <strong>操作編輯器的左菜單中，在<strong>常規</strong>部分下，選擇<strong>導航至form </strong>。</li>。{8} \n <li>從右窗格中，選擇<strong> frmaddrecipient </strong>。</li> \n <li>單擊<strong>保存</strong>。</li> \n </ol>"
    },
    "navigationBar": {
      "left": {
        "text": "以前的"
      },
      "right": {
        "text": "下一個"
      }
    }
  },
  "Card.VoltMX.AddCreatePayeeWeb_v9.configureAdd": {
    "content": {
      "title": "配置添加操作",
      "body": "<ol> \n <li>從<strong> project </strong>探索器，展開<strong>響應web / desktop </strong>＆gt; <strong> forms </strong>＆gt; <strong> frmaddrecipient </strong>＆gt; <strong> flxaddrecipient </strong>＆gt; <strong> flxentryfields </strong>＆gt; <strong> flxbuttons </strong>，然後選擇<strong> btnadd </strong>。</li> \n <li>來自<strong> data＆amp; 服務</strong>面板，展開<strong> project Services </strong>＆gt; <strong> cocterientStorage2 </strong>＆gt; <strong>收件人</strong>。</li> \n <li>選擇<strong>創建</strong>操作，然後將其放在畫布上的<strong>添加</strong>按鈕。</li> \n <li>從操作列表中，選擇<strong>操作：OnClick </strong>。<br /> <strong>操作編輯器</strong>窗口出現。<br />映射編輯器在窗口的右窗格上打開。 </li> \n </ol>"
    },
    "navigationBar": {
      "left": {
        "text": "以前的"
      },
      "right": {
        "text": "下一個"
      }
    }
  },
  "Card.VoltMX.AddCreatePayeeWeb_v9.configureAdd1": {
    "content": {
      "title": "映射收件人",
      "body": "***<ol> \n <li>從映射編輯器的左窗格中，展開<strong> forms </strong>＆gt; <strong> frmaddrecipient </strong>。</li> \n <li>從映射編輯器的右窗格中，展開<strong> services </strong>＆gt; <strong> cocterientStorage2 $ cocceers $ create </strong>。</li> \n <li>將以下小部件從左窗格映射到右窗格上的服務參數： \n <ul> \n <li>從左窗格展開<strong> textfield -tbxfirstname </strong>，然後選擇<strong> text {string}。 23} \n </ul> \n </li> \n </ol>"
    },
    "navigationBar": {
      "left": {
        "text": "以前的"
      },
      "right": {
        "text": "下一個"
      }
    }
  },
  "Card.VoltMX.AddCreatePayeeWeb_v9.configure11": {
    "content": {
      "title": "映射收件人",
      "body": "***<ul> \n <li>從左窗格展開<strong> textfield -tbxlastName </strong>，然後選擇<strong> text {string} </strong> {5}。<br />。 9} \n <li>從左窗格展開<strong> textfield -tbxnickname </strong>，然後選擇<strong> text {string} </strong> {14}。<br />。 18} \n <li>從左窗格展開<strong> textfield -tbxphone </strong>，然後選擇<strong> text {string} </strong> {23}。<br />。 27} \n </ul>"
    },
    "navigationBar": {
      "left": {
        "text": "以前的"
      },
      "right": {
        "text": "下一個"
      }
    }
  },
  "Card.VoltMX.AddCreatePayeeWeb_v9.configureAdd2": {
    "content": {
      "title": "成功行動",
      "body": "***<ol> \n <li>從<strong>操作編輯器的頂端</strong>窗口，選擇<strong>設計視圖</strong>。</li> \n <li>從操作編輯器帆布中，如果colecter.opstatus等於0 </strong>。</li> \n <li>輸入<strong>設置窗口小部件屬性 \n  </strong>在搜索欄中，然後選擇<strong>在<strong> widget </strong> e節下設置widget property </strong>。</li> \n <li>從右窗格中，展開<b>桌面表單</b>> <b> frmaddrecipient </b>> <b> flxaddrecipient </b>，然後選擇<strong> flexsuccess </strong>。 \n <li>在最後一個窗格中修改以下值： \n <ul> \n <li>屬性：<strong>可見</strong> </li> \n <li>值：<strong> true </strong> </li> \n </ul> </li> \n </ol>"
    },
    "navigationBar": {
      "left": {
        "text": "以前的"
      },
      "right": {
        "text": "下一個"
      }
    }
  },
  "Card.VoltMX.AddCreatePayeeWeb_v9.configureAdd3": {
    "content": {
      "title": "配置成功警報",
      "body": "***<ol> \n <li>從<strong>操作編輯器的左菜單</strong>，在<strong>函數</strong>部分下，選擇<strong>添加smippet </strong>。</li>。{8} \n <li>在右窗格中，鍵入以下代碼：<br /> <span style=\"background-color: #999999;\"> self.view.forcelayout（）; </span> </li> {13} \n <li>單擊<strong>保存</strong>。</li> \n </ol>"
    },
    "navigationBar": {
      "left": {
        "text": "以前的"
      },
      "right": {
        "text": "下一個"
      }
    }
  },
  "Card.VoltMX.AddCreatePayeeWeb_v9.successAlert": {
    "content": {
      "title": "配置成功警報",
      "body": "***<ol> \n <li>從<strong> project </strong>探索器，展開<strong>響應web / desktop </strong>＆gt; <strong> forms </strong>＆gt; <strong> frmaddrecipient </strong>＆gt; <strong> flexsuccess </strong>＆gt; <strong> flexsuccessalert，</strong>，然後選擇<strong> btndone </strong>。</li>。{16} \n <li>從<strong>屬性</strong>面板，導航到<strong> action </strong> tab。</li> \n <li>對於<strong> onClick </strong>事件，單擊<strong> edit </strong>。 \n </ol>"
    },
    "navigationBar": {
      "left": {
        "text": "以前的"
      },
      "right": {
        "text": "下一個"
      }
    }
  },
  "Card.VoltMX.AddCreatePayeeWeb_v9.successAlert1": {
    "content": {
      "title": "配置成功警報",
      "body": "***<ol> \n <li>在搜索欄中inter <strong>設置widget property </strong>，然後在<strong> widget </strong>節下選擇<strong>設置widget property </strong>。</li> \n <li>從右窗格中，展開<b>桌面表單</b>> <b> frmaddrecipient </b>> <b> flxaddrecipient </b>，然後選擇<strong> flexsuccess </strong>。 \n <li>在最後一個窗格中修改以下值： \n <ul> \n <li>屬性：<strong>可見</strong> </li> \n <li>值：<strong> false </strong> </li> \n </ul> \n </li> \n </ol>"
    },
    "navigationBar": {
      "left": {
        "text": "以前的"
      },
      "right": {
        "text": "下一個"
      }
    }
  },
  "Card.VoltMX.AddCreatePayeeWeb_v9.successAlert2": {
    "content": {
      "title": "配置成功警報",
      "body": "***<ol> \n <li>輸入<strong>在搜索欄中添加snippet </strong>，然後選擇<strong>在<strong>函數</strong> e節下添加snippet </strong>。</li> \n <li>在右窗格中，鍵入以下代碼：<br /> <span style=\"background-color: #999999;\"> self.view.forcelayout（）; </span> </li> {13} \n <li>從<strong>操作編輯器的左菜單</strong>，在<strong>常規</strong>部分下，選擇<strong>導航至form </strong>。</li>。{21} \n <li>從右窗格中，選擇<strong> frmrecipient </strong>。</li> \n <li>單擊<strong>保存</strong>。</li> \n </ol>"
    },
    "navigationBar": {
      "left": {
        "text": "以前的"
      },
      "right": {
        "text": "下一個"
      }
    }
  },
  "Card.VoltMX.AddCreatePayeeWeb_v9.configureBack": {
    "content": {
      "title": "配置返回按鈕",
      "body": "***<ol> \n <li>從<strong> project </strong>探索器，展開<strong>響應web / desktop </strong>＆gt; <strong> forms </strong>＆gt; <strong> frmaddrecipient </strong>＆gt; <strong> flxaddrecipient </strong>＆gt; <strong> flxtoolbar </strong>，然後選擇<strong> flxback </strong>。</li>。{16} \n <li>從<strong>屬性</strong>面板，導航到<strong> action </strong> tab。</li> \n <li>對於<strong> onClick </strong>事件，單擊<strong> edit </strong>。 \n </ol>"
    },
    "navigationBar": {
      "left": {
        "text": "以前的"
      },
      "right": {
        "text": "下一個"
      }
    }
  },
  "Card.VoltMX.AddCreatePayeeWeb_v9.ConfigureBack1": {
    "content": {
      "title": "配置後退導航",
      "body": "***<ol> \n <li>從<strong>操作編輯器的左菜單</strong>，在<strong>常規</strong>部分下，選擇<strong>導航至form </strong>。</li>。{8} \n <li>從右窗格中，選擇<strong> frmrecipient </strong>。</li> \n <li>單擊<strong>保存</strong>。</li> \n </ol>"
    },
    "navigationBar": {
      "left": {
        "text": "以前的"
      },
      "right": {
        "text": "下一個"
      }
    }
  },
  "Card.VoltMX.AddCreatePayeeWeb_v9.confCancel": {
    "content": {
      "title": "配置取消按鈕",
      "body": "***<ol> \n <li>從<strong> project </strong>探索器，展開<strong>響應web / desktop </strong>＆gt; <strong> forms </strong>＆gt; <strong> frmaddrecipient </strong>＆gt; <strong> flxaddrecipient </strong>＆gt; <strong> flxentryfields </strong>＆gt; <strong> flxbuttons </strong>，並選擇<strong> 16} btncancel </strong> 17}。 \n <li>從<strong> properties </strong>面板，導航到<strong> action </strong> tab。</li> \n <li>對於<strong> onClick </strong>事件，單擊<strong> edit </strong>。<br /> <strong> action Editor </strong>窗口出現。 \n </ol>"
    },
    "navigationBar": {
      "left": {
        "text": "以前的"
      },
      "right": {
        "text": "下一個"
      }
    }
  },
  "Card.VoltMX.AddCreatePayeeWeb_v9.confCancel1": {
    "content": {
      "title": "配置取消按鈕",
      "body": "<ol> \n <li>從<strong>操作編輯器的左菜單</strong>，在<strong>常規</strong>部分下，選擇<strong>導航至form </strong>。</li> \n <li>從右窗格中，選擇<strong> frmrecipient </strong>。</li> \n <li>單擊<strong>保存</strong>。</li> \n </ol>"
    },
    "navigationBar": {
      "left": {
        "text": "以前的"
      },
      "right": {
        "text": "下一個"
      }
    }
  },
  "Card.VoltMX.AddCreatePayeeWeb_v9.confAccount": {
    "content": {
      "title": "將導航配置為帳戶屏幕",
      "body": "***<ol> \n <li>從<strong> project </strong>探索器，展開<strong>響應web / desktop </strong>＆gt; <strong> forms </strong>＆gt; <strong> frmaddrecipient </strong>＆gt; <strong> flxaddrecipient </strong>＆gt; <strong> flxmenu </strong>，然後選擇<strong> flxAccOuntTab </strong>。 \n <li>從<strong>屬性</strong>面板，導航到<strong> action </strong> tab。</li> \n <li>對於<strong> onClick </strong>事件，單擊<strong> edit </strong>。 \n </ol>"
    },
    "navigationBar": {
      "left": {
        "text": "以前的"
      },
      "right": {
        "text": "下一個"
      }
    }
  },
  "Card.VoltMX.AddCreatePayeeWeb_v9.confAccount1": {
    "content": {
      "title": "將導航配置為帳戶屏幕",
      "body": "***<ol> \n <li>從<strong>操作編輯器的左菜單</strong>，在<strong>常規</strong>部分下，選擇<strong>導航至form </strong>。</li>。{8} \n <li>從右窗格中，選擇<strong> frmaccount </strong>。</li> \n <li>單擊<strong>保存</strong>。</li> \n </ol>"
    },
    "navigationBar": {
      "left": {
        "text": "以前的"
      },
      "right": {
        "text": "下一個"
      }
    }
  },
  "Card.VoltMX.AddCreatePayeeWeb_v9.confLogout": {
    "content": {
      "title": "配置註銷",
      "body": "***<ol> \n <li>來自<strong> project </strong>探索，展開<strong>響應web / desktop </strong>＆gt; <strong>表格</strong>＆gt; \n <strong> frmaddrecipient </strong>＆gt; <strong> flxaddrecipient </strong>＆gt; <strong> flxheader </strong>，然後選擇<strong> flxuserlogout </strong>。</li>。{16} \n <li>從<strong>屬性</strong>面板，導航到<strong> action </strong> tab。</li> \n <li>對於<strong> onClick </strong>事件，單擊<strong> edit </strong>。 <strong>操作編輯器</strong>窗口，選擇<strong>設計視圖</strong>。</li> \n </ol>"
    },
    "navigationBar": {
      "left": {
        "text": "以前的"
      },
      "right": {
        "text": "下一個"
      }
    }
  },
  "Card.VoltMX.AddCreatePayeeWeb_v9.confLogout1": {
    "content": {
      "title": "配置註銷",
      "body": "<ol> \n <li>從<strong>操作編輯器的左菜單</strong>下，在<strong>網絡</strong>節下，選擇<strong> Invoke Service </strong>。</li> \n <li>從操作編輯器的右窗格中，對於<strong>選擇Service </strong>下降，選擇<strong> userauthentication2 $ logout </strong>。</li> \n </ol>"
    },
    "navigationBar": {
      "left": {
        "text": "以前的"
      },
      "right": {
        "text": "下一個"
      }
    }
  },
  "Card.VoltMX.AddCreatePayeeWeb_v9.confLgout2": {
    "content": {
      "title": "配置註銷",
      "body": "***<ol> \n <li>在操作編輯器帆布上，單擊<strong>成功</strong>。</li> \n <li>從<strong>操作編輯器的左菜單</strong>下，在<strong>常規</strong> e節下，選擇<strong>導航至form </strong>。</li>。{12} \n <li>從右窗格中，選擇<strong> frmlogin </strong>。</li> \n <li>單擊<strong>保存</strong>。</li> \n </ol>"
    },
    "navigationBar": {
      "left": {
        "text": "以前的"
      },
      "right": {
        "text": "下一個"
      }
    }
  },
  "Card.VoltMX.AddCreatePayeeWeb_v9.run": {
    "content": {
      "title": "運行應用程序",
      "body": "***<ol> \n <li>從左導航欄中，單擊<strong>運行</strong>。<br />將需要一些時間才能讓Iris顯示<strong> Volt MX Iris Preview </strong>窗口。<br /> Volt MX IRIS 預覽窗口啟動您的應用程序。</li> \n <li>在應用程序中輸入以下登錄憑據。 \n <ul> \n <li>用戶名：<strong> john.doe@woodburn.com </strong> </li> \n <li>密碼：<strong> voltmx@123 </strong> </li> \n </ul> \n </li> \n <li>單擊<strong>登錄</strong>。<br />出現帳戶列表。</li> \n <li>單擊<strong>收件人</strong> tab。<br />出現收件人列表。</li> <li>您可以在<strong>中添加一個收件人{32}添加收件人</strong>頁面，單擊<strong>（34}（34}（ +）</strong>圖標。</li> \n <li>單擊<strong>將收件人</strong>添加到<strong>收件人</strong>列表。</li> \n <li>從列表中選擇一個收件人以查看其詳細信息。<br />從“詳細信息”頁面中，您可以刪除收件人。<br />您將學習如何在下一步徒步旅行中編輯收件人。</li> \n <li>單擊屏幕頂部的註銷按鈕<img src=\"https://i.ibb.co/WcS0Fd5/logout.jpg\" alt=\"logout\" width=\"13\" height=\"13\">以導航到登錄屏幕。</li> \n </ol>"
    },
    "navigationBar": {
      "left": {
        "text": "以前的"
      },
      "right": {
        "text": "下一個"
      }
    }
  },
  "Card.VoltMX.AddCreatePayeeWeb_v9.done": {
    "content": {
      "title": "恭喜",
      "body": "<p>您成功地：</p> \n <ul> \n <li> <strong>生成創建收件人屏幕</strong> </li> \n <li> <strong>創建並自定義了創建收件人屏幕</strong> </li>的UI \n <li> <strong>在創建收件人屏幕<br /> </strong> </li>中添加導航 \n <li> <strong>將註銷添加到創建收件人屏幕</strong> </li> \n </ul> \n <p>有關編輯應用程序中收件人的更多信息，請查看下一個徒步旅行：<a class=\"tour-link\" tour=\"c108beta-87ac-46re-87u3-92e61cnf\"> 8。 添加編輯收件人功能</a>。</p>"
    },
    "navigationBar": {
      "left": {
        "text": "以前的"
      },
      "right": {
        "text": "完畢"
      }
    }
  }
}