{
  "Tour.AddCreatePayeeWeb_v9": {
    "description": " Description of Tour"
  },
  "Hike.VoltMX.AddCreatePayeeWeb_v9": {
    "description": " Description of hike"
  },
  "Card.VoltMX.AddCreatePayeeWeb_v9.confAccount": {
    "content": {
      "title": "Configure Navigation to Accounts Screen",
      "body": "<ol>\n<li>From the <strong>Project</strong> explorer, expand <strong>Responsive Web/ Desktop </strong>&gt;<strong> Forms</strong> &gt; <strong>frmAddRecipient </strong>&gt;<strong> flxAddRecipient </strong>&gt;<strong> flxMenu</strong>, and select <strong>flxAccountTab</strong>.</li>\n<li>From the <strong>Properties </strong>panel, navigate to the <strong>Action</strong> tab.</li>\n<li>For the <strong>onClick</strong> event, click <strong>Edit</strong>.<br /> The <strong>Action Editor</strong> window appears.</li>\n</ol>"
    },
    "navigationBar": {
      "left": {
        "text": "Previous"
      },
      "right": {
        "text": "Next"
      }
    }
  },
  "Card.VoltMX.AddCreatePayeeWeb_v9.confAccount1": {
    "content": {
      "title": "Configure Navigation to Accounts Screen",
      "body": "<ol>\n<li>From the left menu of the <strong>Action Editor</strong>, under the <strong>General </strong>section, select <strong>Navigate to Form</strong>.</li>\n<li>From the right pane, select <strong>frmAccount</strong>.</li>\n<li>Click <strong>Save</strong>.</li>\n</ol>"
    },
    "navigationBar": {
      "left": {
        "text": "Previous"
      },
      "right": {
        "text": "Next"
      }
    }
  },
  "Card.VoltMX.AddCreatePayeeWeb_v9.confCancel": {
    "content": {
      "title": "Configure the Cancel Button",
      "body": "<ol>\n<li>From the <strong>Project</strong> explorer, expand <strong>Responsive Web / Desktop </strong>&gt;<strong> Forms</strong> &gt; <strong>frmAddRecipient </strong>&gt;<strong> flxAddRecipient </strong>&gt;<strong> flxEntryFields </strong>&gt;<strong> flxButtons</strong>, and select <strong>btnCancel</strong>.</li>\n<li>From the <strong>Properties </strong>panel, navigate to the <strong>Action </strong>tab.</li>\n<li>For the <strong>onClick</strong> event, click <strong>Edit</strong>.<br /> The <strong>Action Editor</strong> window appears.</li>\n</ol>"
    },
    "navigationBar": {
      "left": {
        "text": "Previous"
      },
      "right": {
        "text": "Next"
      }
    }
  },
  "Card.VoltMX.AddCreatePayeeWeb_v9.confCancel1": {
    "content": {
      "title": "Configure the Cancel Button",
      "body": "<ol>\n<li>From the left menu of <strong>Action Editor</strong>, under the <strong>General </strong>section, select <strong>Navigate to Form</strong>.</li>\n<li>From the right pane, select <strong>frmRecipients</strong>.</li>\n<li>Click <strong>Save</strong>.</li>\n</ol>"
    },
    "navigationBar": {
      "left": {
        "text": "Previous"
      },
      "right": {
        "text": "Next"
      }
    }
  },
  "Card.VoltMX.AddCreatePayeeWeb_v9.configure11": {
    "content": {
      "title": "Mapping the Recipients",
      "body": "<ul>\n<li>From the left pane expand <strong>TextField - tbxLastName </strong> and select <strong>text {string}</strong>.<br />From the right pane select <strong>LastName {string}</strong>.</li>\n<li>From the left pane expand <strong>TextField - tbxNickName </strong> and select <strong>text {string}</strong>.<br />From the right pane select <strong>NickName{string}</strong>.</li>\n<li>From the left pane expand <strong>TextField - tbxPhone </strong> and select <strong>text {string}</strong>.<br />From the right pane select <strong>Phone{string}</strong>.</li>\n</ul>"
    },
    "navigationBar": {
      "left": {
        "text": "Previous"
      },
      "right": {
        "text": "Next"
      }
    }
  },
  "Card.VoltMX.AddCreatePayeeWeb_v9.configureAdd": {
    "content": {
      "title": "Configuring the Add Operation",
      "body": "<ol>\n<li>From the <strong>Project</strong> explorer, expand <strong>Responsive Web / Desktop </strong>&gt;<strong> Forms</strong> &gt; <strong>frmAddRecipient </strong>&gt;<strong> flxAddRecipient </strong>&gt;<strong> flxEntryFields </strong>&gt; <strong>flxButtons</strong>, and select <strong>btnAdd</strong>.</li>\n<li>From the <strong>Data &amp; Services</strong> panel, expand <strong>Project Services </strong>&gt;<strong> RecipientStorage </strong>&gt;<strong> Recipients</strong>.</li>\n<li>Select the <strong>create</strong> operation and drop it onto the <strong>Add</strong> button on the canvas.</li>\n<li>From the list of actions, select <strong>Action:onClick</strong>.<br />The <strong>Action Editor</strong> window appears.<br />The mapping editor opens on the right pane of the window.</li>\n</ol>"
    },
    "navigationBar": {
      "left": {
        "text": "Previous"
      },
      "right": {
        "text": "Next"
      }
    }
  },
  "Card.VoltMX.AddCreatePayeeWeb_v9.configureAdd1": {
    "content": {
      "title": "Mapping the Recipients",
      "body": "<ol>\n<li>From the left pane of the mapping editor, expand <strong>Forms </strong>&gt;<strong> frmAddRecipient</strong>.</li>\n<li>From the right pane of the mapping editor, expand <strong>Services </strong>&gt;<strong> RecipientStorage$Recipients$create</strong>.</li>\n<li>Map the following widgets from the left pane to the service parameters on the right pane:\n<ul>\n<li>From the left pane expand <strong>TextField - tbxFirstName</strong> and select <strong>text {string}.<br /></strong>From the right pane select <strong>FirstName {string}</strong>.</li>\n</ul>\n</li>\n</ol>"
    },
    "navigationBar": {
      "left": {
        "text": "Previous"
      },
      "right": {
        "text": "Next"
      }
    }
  },
  "Card.VoltMX.AddCreatePayeeWeb_v9.configureAdd2": {
    "content": {
      "title": "Action for Success",
      "body": "<ol>\n<li>From the top-right of the <strong>Action Editor</strong> window, select the <strong>Design View</strong>.</li>\n<li>From the Action Editor canvas, select <strong>IF Recipients.opstatus is equal to 0</strong>.</li>\n<li>From the <strong>Action Editor </strong>left menu, under the <strong>Widget </strong>section, select <strong>Set Widget Property</strong>.</li>\n<li>From the right pane, expand <b>Desktop Forms</b> > <b>frmAddRecipient</b> > <b>flxAddRecipient</b> and  select <strong>flexSuccess</strong>.</li>\n<li>In the last pane modify the following values:\n<ul>\n<li>Property: <strong>Visible</strong></li>\n<li>Value: <strong>True</strong></li>\n</ul></li>\n</ol>"
    },
    "navigationBar": {
      "left": {
        "text": "Previous"
      },
      "right": {
        "text": "Next"
      }
    }
  },
  "Card.VoltMX.AddCreatePayeeWeb_v9.configureAdd3": {
    "content": {
      "title": "Configure the Success Alert",
      "body": "<ol>\n<li>From the left menu of the <strong>Action Editor</strong>, under the <strong>Function</strong> section, select <strong>Add Snippet</strong>.</li>\n<li>In the right pane, type the following code:<br /><span style=\"background-color: #999999;\"> self.view.forceLayout();</span></li>\n<li>Click <strong>Save</strong>.</li>\n</ol>"
    },
    "navigationBar": {
      "left": {
        "text": "Previous"
      },
      "right": {
        "text": "Next"
      }
    }
  },
  "Card.VoltMX.AddCreatePayeeWeb_v9.configureBack": {
    "content": {
      "title": "Configuring Back Button",
      "body": "<ol>\n<li>From the <strong>Project</strong> explorer, expand <strong>Responsive Web / Desktop </strong>&gt;<strong> Forms</strong> &gt; <strong>frmAddRecipient </strong>&gt;<strong> flxAddRecipient </strong>&gt;<strong> flxToolbar</strong>, and select <strong>flxBack</strong>.</li>\n<li>From the <strong>Properties </strong>panel, navigate to the <strong>Action </strong>tab.</li>\n<li>For the <strong>onClick</strong> event, click <strong>Edit</strong>.<br /> The <strong>Action Editor</strong> window appears.</li>\n</ol>"
    },
    "navigationBar": {
      "left": {
        "text": "Previous"
      },
      "right": {
        "text": "Next"
      }
    }
  },
  "Card.VoltMX.AddCreatePayeeWeb_v9.ConfigureBack1": {
    "content": {
      "title": "Configure the Back Navigation",
      "body": "<ol>\n<li>From the left menu of the <strong>Action Editor</strong>, under the <strong>General</strong> section, select <strong>Navigate to Form</strong>.</li>\n<li>From the right pane, select <strong>frmRecipients</strong>.</li>\n<li>Click <strong>Save</strong>.</li>\n</ol>"
    },
    "navigationBar": {
      "left": {
        "text": "Previous"
      },
      "right": {
        "text": "Next"
      }
    }
  },
  "Card.VoltMX.AddCreatePayeeWeb_v9.confLgout2": {
    "content": {
      "title": "Configure Logout",
      "body": "<ol>\n<li>On the Action Editor canvas, click <strong>Success</strong>.</li>\n<li>From the left menu of the <strong>Action Editor</strong>, under the <strong>General</strong> section, select <strong>Navigate to Form</strong>.</li>\n<li>From the right pane, select <strong>frmLogin</strong>.</li>\n<li>Click <strong>Save</strong>.</li>\n</ol>"
    },
    "navigationBar": {
      "left": {
        "text": "Previous"
      },
      "right": {
        "text": "Next"
      }
    }
  },
  "Card.VoltMX.AddCreatePayeeWeb_v9.confLogout": {
    "content": {
      "title": "Configure Logout",
      "body": "<ol>\n<li>From the <strong>Project</strong> explorer, expand <strong>frmAddRecipient </strong>&gt;<strong> flxAddRecipient </strong>&gt;<strong> flxHeader</strong>, and select <strong>flxUserLogout</strong>.</li>\n<li>From the <strong>Properties </strong>panel, navigate to the <strong>Action </strong>tab.</li>\n<li>For the <strong>onClick </strong>event, click <strong>Edit</strong>.<br /> The <strong>Action Editor</strong> window appears.</li><li>From the top-right of the <strong>Action Editor</strong> window, select the <strong>Design View</strong>.</li>\n</ol>"
    },
    "navigationBar": {
      "left": {
        "text": "Previous"
      },
      "right": {
        "text": "Next"
      }
    }
  },
  "Card.VoltMX.AddCreatePayeeWeb_v9.confLogout1": {
    "content": {
      "title": "Configure Logout",
      "body": "<ol>\n<li>From the left menu of the <strong>Action Editor</strong>, under the <strong>Network</strong> section, select <strong>Invoke Service</strong>.</li>\n<li>From the right pane of the Action Editor, for the <strong>Select Service</strong> drop down, select <strong>UserAuthentication$logout</strong>.</li>\n</ol>"
    },
    "navigationBar": {
      "left": {
        "text": "Previous"
      },
      "right": {
        "text": "Next"
      }
    }
  },
  "Card.VoltMX.AddCreatePayeeWeb_v9.createPayeeForm": {
    "content": {
      "title": "Creating the Add Recipient Screen",
      "body": "<ol>\n<li>From the <strong>Project</strong> explorer, expand <strong>Responsive Web / Desktop</strong> &gt; <strong>Forms</strong>.</li>\n<li>Right-click <strong>Forms</strong> and select <strong>New Form</strong>.</li>\n<li>Rename the new form <strong>frmAddRecipient</strong>.</li>\n</ol>"
    },
    "navigationBar": {
      "left": {
        "text": "Previous"
      },
      "right": {
        "text": "Next"
      }
    }
  },
  "Card.VoltMX.AddCreatePayeeWeb_v9.done": {
    "content": {
      "title": "Congratulations",
      "body": "<p>You&rsquo;ve successfully:</p>\n<ul>\n<li><strong>Generated the Create Recipients screen</strong></li>\n<li><strong>Created and customized the UI for the create recipients screen</strong></li>\n<li><strong>Added navigation to and from the Create Recipients screen<br /></strong></li>\n<li><strong>Added logout to the create recipients screen</strong></li>\n</ul>\n<p>For more information on editing the recipients in your app, check out the next hike: <a class=\"tour-link\" tour=\"c108beta-87ac-46re-87u3-92e61cnf\">8. Add Edit Recipients Feature</a>.</p>"
    },
    "navigationBar": {
      "left": {
        "text": "Previous"
      },
      "right": {
        "text": "Done"
      }
    }
  },
  "Card.VoltMX.AddCreatePayeeWeb_v9.Intro": {
    "content": {
      "title": "Adding Recipient to a Web App",
      "body": "<p><strong>Let&rsquo;s get started!</strong></p>\n<p>In this hike, you will learn how to:</p>\n<ul>\n<li>Generate a form Create Recipient</li>\n<li>Design the UI for the Create Recipient form using services</li>\n</ul>\n<p>Before you get started, complete the following hikes:</p>\n<ol><b>\n<li><a class=\"tour-link\" tour=\"705a94tb-faa0-47r7-a1ud-31b3dbnf\">Launch your Responsive Web App</a></li>\n<li><a class=\"tour-link\" tour=\"220f01t3-bda6-40r0-92uf-56631bnb\">Create UI from Collections</a></li>\n<li><a class=\"tour-link\" tour=\"5e1da5td-37a0-44r6-beu6-374c3cn1\">Add Authentication to the App</a></li>\n<li><a class=\"tour-link\" tour=\"a851b9t8-75a9-4ara-88ud-946004n9\">Creating Services for a Web App</a></li>\n<li><a class=\"tour-link\" tour=\"ca148ftd-07a9-4ard-98ud-6163d4nc\">Connect App UI to Data in a Web App</a></li>\n<li><a class=\"tour-link\" tour=\"082af3t0-74a2-4ere-a6u3-749d59n5\">Creating Recipient Details and Delete Feature</a></li></b>\n</ol>\n<p>&nbsp;</p>\n<p>Ensure that you open the same project that you have created in the previous hikes.</p>\n<p>To open a closed project, from the main menu, navigate to <strong>Project</strong> &gt; <strong>Open</strong> &gt; <strong>HCL Reference Architecture</strong> &gt; <strong>RecipientsWebApp</strong>.</p>\n<p><strong>When you are ready, click Start!</strong></p>"
    },
    "navigationBar": {
      "left": {
        "text": "Previous"
      },
      "right": {
        "text": "Start"
      }
    }
  },
  "Card.VoltMX.AddCreatePayeeWeb_v9.navigate": {
    "content": {
      "title": "Navigating from Recipients Screen",
      "body": "<ol>\n<li>From the <strong>Project</strong> explorer, expand <strong>Responsive Web /Desktop </strong>&gt;<strong> Forms</strong> &gt; <strong>frmRecipients </strong>&gt;<strong> flxRecipientList </strong>&gt;<strong> flxToolbar, </strong>and select <strong>btnAddPayee</strong>.</li>\n<li>From the <strong>Properties</strong> panel, navigate to the <strong>Action</strong> tab.</li>\n<li>For the <strong>onClick</strong> event, click <strong>Edit</strong>.<br /> The <strong>Action Editor</strong> window appears.</li>\n</ol>"
    },
    "navigationBar": {
      "left": {
        "text": "Previous"
      },
      "right": {
        "text": "Next"
      }
    }
  },
  "Card.VoltMX.AddCreatePayeeWeb_v9.navigate1": {
    "content": {
      "title": "Navigating from Recipients Screen",
      "body": "<ol>\n<li>From the left menu of the&nbsp;<strong>Action Editor</strong>, under the <strong>General</strong> section, select <strong>Navigate to Form</strong>.</li>\n<li>From the right pane, select <strong>frmAddRecipient</strong>.</li>\n<li>Click <strong>Save</strong>.</li>\n</ol>"
    },
    "navigationBar": {
      "left": {
        "text": "Previous"
      },
      "right": {
        "text": "Next"
      }
    }
  },
  "Card.VoltMX.AddCreatePayeeWeb_v9.run": {
    "content": {
      "title": "Run the App",
      "body": "<ol>\n<li>From the left navigation bar, click <strong>Run</strong>.<br /> It will take some time for Iris to display the <strong>Live Preview is ready</strong> window.<br /> The Iris Preview window launches your application.</li>\n<li>Enter the following login credentials in your app.\n<ul>\n<li>Username: <strong>john.doe@woodburn.com</strong></li>\n<li>Password: <strong>VoltMX@123</strong></li>\n</ul>\n</li>\n<li>Click <strong>Login</strong>.<br /> The account list appears.</li>\n<li>Click the <strong>Recipients</strong> tab.<br /> The recipient list appears.</li>\n<li>Click the add <strong>(+) </strong>icon to add a recipient.</li>\n<li>Select a recipient from the list to view their details.<br />From the details page, you can delete the recipient.<br />You will learn how to edit recipients in next hike.</li>\n<li>Click the logout button on top of the screen to navigate to the login screen.</li>\n</ol>"
    },
    "navigationBar": {
      "left": {
        "text": "Previous"
      },
      "right": {
        "text": "Next"
      }
    }
  },
  "Card.VoltMX.AddCreatePayeeWeb_v9.successAlert": {
    "content": {
      "title": "Configuring the Success Alert",
      "body": "<ol>\n<li>From the <strong>Project</strong> explorer, expand <strong>Responsive Web/ Desktop </strong>&gt;<strong> Forms</strong> &gt; <strong>frmAddRecipient </strong>&gt;<strong> flexSuccess </strong>&gt;<strong> flexSuccessAlert, </strong>and select <strong>btnDone</strong>.</li>\n<li>From the <strong>Properties</strong> panel, navigate to the <strong>Action</strong> tab.</li>\n<li>For the <strong>onClick</strong> event, click <strong>Edit</strong>.<br /> The <strong>Action Editor</strong> window appears.</li>\n</ol>"
    },
    "navigationBar": {
      "left": {
        "text": "Previous"
      },
      "right": {
        "text": "Next"
      }
    }
  },
  "Card.VoltMX.AddCreatePayeeWeb_v9.successAlert1": {
    "content": {
      "title": "Configuring the Success Alert",
      "body": "<ol>\n<li>From the left menu of the&nbsp;<strong>Action Editor</strong>, under the <strong>Widget </strong>section, select <strong>Set Widget Property</strong>.</li>\n<li>From the right pane, expand <b>Desktop Forms</b> > <b>frmAddRecipient</b> > <b>flxAddRecipient</b> and  select <strong>flexSuccess</strong>.</li>\n<li>In the last pane modify the following values:\n<ul>\n<li>Property: <strong>Visible</strong></li>\n<li>Value: <strong>False</strong></li>\n</ul>\n</li>\n</ol>"
    },
    "navigationBar": {
      "left": {
        "text": "Previous"
      },
      "right": {
        "text": "Next"
      }
    }
  },
  "Card.VoltMX.AddCreatePayeeWeb_v9.successAlert2": {
    "content": {
      "title": "Configuring the Success Alert",
      "body": "<ol>\n<li>From the left menu of the <strong>Action Editor</strong>, under the <strong>Function </strong>section, select <strong>Add Snippet</strong>.</li>\n<li>In the right pane, type the following code:<br /><span style=\"background-color: #999999;\">self.view.forceLayout();</span></li>\n<li>From the left menu of the <strong>Action Editor</strong>, under the <strong>General</strong> section, select <strong>Navigate to Form</strong>.</li>\n<li>From the right pane, select <strong>frmRecipients</strong>.</li>\n<li>Click <strong>Save</strong>.</li>\n</ol>"
    },
    "navigationBar": {
      "left": {
        "text": "Previous"
      },
      "right": {
        "text": "Next"
      }
    }
  },
  "Card.VoltMX.AddCreatePayeeWeb_v9.uiForm": {
    "content": {
      "title": "UI for Adding Recipients",
      "body": "<ol>\n<li>From the bottom left panel of Iris, navigate to<strong> Default Library</strong>.</li>\n<li>Next to the <strong>Default Library</strong>, you will see the tab for <strong>My Libraries</strong> and a search icon.<br />Click the search icon.</li>\n<li>In the search bar that appears, enter <strong>AddRecipient</strong>.</li>\n<li>From the <strong>RecipientsWeb</strong>, select <strong>AddRecipient </strong>and drop it onto <strong>frmAddRecipient</strong> on the canvas.</li>\n<li>On the <strong>Resolved Conflicts</strong> dialog box, click <strong>Close</strong>.</li>\n</ol>"
    },
    "navigationBar": {
      "left": {
        "text": "Previous"
      },
      "right": {
        "text": "Next"
      }
    }
  }
}