{
  "kuid": "5b9bb4t5-dfa7-47rb-bau6-068fd2n2",
  "id": "VoltMX.IntroductionToInternationalizat.Intro",
  "content": {
    "title": "Introduction to Internationalization",
    "body": "<p><strong>Internationalization(i18n)</strong> helps you to display the content of your application based on the locale of the device.</p>\n<p>To incorporate i18n in your application, you must define the key-value pairs of the various fields, such as placeholders and texts. Here, key is the field and values are the translation of the keys in the required languages.</p>\n<p>In this hike you will:</p>\n<ul>\n<li>Configure locales specific to Spanish and English for an app</li>\n<li>Add key-value pair for various texts displayed in the app for Spanish and English</li>\n</ul>\n<p><strong>When you&rsquo;re ready, click Start!</strong></p>"
  },
  "pointer": {
    "direction": "left",
    "element": "",
    "type": "none"
  },
  "navigationType": "manual",
  "navigationBar": {
    "left": {
      "text": "Previous",
      "enable": false,
      "hide": true
    },
    "right": {
      "text": "Start",
      "enable": true,
      "hide": false
    }
  },
  "navigationCondition": "",
  "position": "CENTER",
  "meta": {
    "Creator": "Rashmi Menon",
    "CreatedOn": "Thu, 05 Dec 2019 05:39:14 GMT"
  },
  "context": [],
  "localization": {
    "en-us": {
      "content": {
        "title": "Introduction to Internationalization",
        "body": "<p><strong>Internationalization(i18n)</strong> helps you to display the content of your application based on the locale of the device.</p>\n<p>To incorporate i18n in your application, you must define the key-value pairs of the various fields, such as placeholders and texts. Here, key is the field and values are the translation of the keys in the required languages.</p>\n<p>In this hike you will:</p>\n<ul>\n<li>Configure locales specific to Spanish and English for an app</li>\n<li>Add key-value pair for various texts displayed in the app for Spanish and English</li>\n</ul>\n<p><strong>When you&rsquo;re ready, click Start!</strong></p>"
      },
      "navigationBar": {
        "left": {
          "text": "Previous"
        },
        "right": {
          "text": "Start"
        }
      }
    },
    "zh-cn": {
      "content": {
        "title": "国际化简介",
        "body": "<p> <strong>国际化（i18n）</strong>可帮助您根据设备的语言环境显示应用程序的内容。</p> \n <p>要将I18N合并到您的应用程序中，您必须定义各个字段的键值对，例如占位符和文本。 在这里，键是字段和值是按必需语言中键的翻译。</p> \n <p>在此徒步旅行中，您将：</p> \n <ul> \n <li>配置特定于西班牙语和英语的语言</li> \n <li>在应用程序中显示的西班牙语和英语</li>中显示的各种文本中添加键值对 \n </ul> \n <p> <strong>当您准备就绪时，单击“开始”！</strong> </p>"
      },
      "navigationBar": {
        "left": {
          "text": "以前的"
        },
        "right": {
          "text": "开始"
        }
      }
    },
    "zh-tw": {
      "content": {
        "title": "國際化簡介",
        "body": "<p> <strong>國際化（i18n）</strong>可幫助您根據設備的語言環境顯示應用程序的內容。</p> \n <p>要將I18N合併到您的應用程序中，您必須定義各個字段的鍵值對，例如佔位符和文本。 在這裡，鑰匙是字段和值是所需語言中鍵的翻譯。</p> \n <p>在此徒步旅行中，您將：</p> \n <ul> \n <li>配置特定於西班牙語和英語的語言</li> \n <li>在應用程序中顯示的西班牙語和英語</li>中顯示的各種文本中添加鍵值對 \n </ul> \n <p> <strong>當您準備就緒時，單擊“開始”！</strong> </p>"
      },
      "navigationBar": {
        "left": {
          "text": "以前的"
        },
        "right": {
          "text": "開始"
        }
      }
    }
  }
}