{
    "kuid": "42aa2bt6-60a6-48rd-9eud-499cedn1",
    "id": "VoltMX.UseSampleServicesV9.createObj",
    "content": {
        "title": "Create an Object Service",
        "body": "<ol>\n<li>Navigate to the <strong>Data & Services</strong> panel and expand <strong>Project Services</strong>.</li>\n<li>Click <strong>Configure New</strong>.</li>\n<li>Under <strong>Data Storage</strong> select <strong>Relational Database</strong>.<br />The <strong>Configure Object Service</strong> window appears.</li>\n</ol>"
    },
    "pointer": {
        "direction": "right",
        "element": {
            "module": "datapanel",
            "itemType": "dp_tree_entry",
            "context": {},
            "path": "PROJECT SERVICES\\Configure New"
        },
        "type": "default"
    },
    "navigationType": "manual",
    "navigationBar": {
        "left": {
            "text": "Previous",
            "enable": true,
            "hide": false
        },
        "right": {
            "text": "Next",
            "enable": true,
            "hide": false
        }
    },
    "navigationCondition": "",
    "position": "BOTTOM_RIGHT",
    "meta": {
        "Creator": "Rashmi Menon",
        "CreatedOn": "Wed, 27 Nov 2019 09:16:42 GMT"
    },
    "context": []
}