{
    "kuid": "935743t0-1eab-41re-82u0-a4e560nf",
    "id": "VoltMX.NewLaunchWebApp.explore1",
    "content": {
        "title": "Explore the App",
        "body": "<ol>\n<li>In the <strong>Design View</strong>, to view the different forms inside the app, navigate to the <strong>Project</strong> explorer, and expand <strong>Responsive Web / Desktop</strong> &gt; <strong>Forms</strong>.</li>\n<li>You can see six forms inside the app. Click on each form and see what the canvas displays.</li>\n<li>Change the canvas size from 100% to an appropriate percentage to view all the UI elements.</li>\n</ol>"
    },
    "pointer": {
        "direction": "left",
        "element": {
            "module": "projectexplorer",
            "path": "project-body\\project\\Responsive Web / Desktop\\Forms"
        },
        "type": "default"
    },
    "navigationType": "manual",
    "navigationBar": {
        "left": {
            "text": "Previous",
            "enable": true,
            "hide": false
        },
        "right": {
            "text": "Next",
            "enable": true,
            "hide": false
        }
    },
    "navigationCondition": "",
    "position": "BOTTOM_RIGHT",
    "meta": {
        "Creator": "Rashmi Menon",
        "CreatedOn": "Thu, 19 Dec 2019 08:36:42 GMT"
    },
    "context": []
}