{
    "kuid": "2f895at7-8da9-45r3-90u5-9a895fn1",
    "id": "Kony.ShareAndPreviewAppV9.launch",
    "content": {
        "title": "Launch the App",
        "body": "<ol>\n<li>From the <strong>Live Preview is ready </strong>window, you have two options to view the app:\n<ul>\n<li><strong>App Viewer Code</strong></li>\n<li><strong>Scan QR Code</strong></li>\n</ul></li>\n\n<li>Launch the <strong>Quantum App </strong>on your <strong>mobile</strong> device.</li>\n<li>Select the <strong>Cloud</strong> tab.</li>\n<li>In the <strong>5 Digit App Viewer Code</strong> input box, enter the <strong>App Viewer Code</strong> from Visualizer.</li>\n<li>Alternatively, from <strong>Quantum App </strong>on your mobile device, go to the <strong>Cloud </strong>tab and click <strong>SCAN QR CODE</strong>.</li>\n</ol>\n<p>Allow camera access to the <strong>Quantum App</strong>. <br /> Scan the <strong>QR Code </strong>displayed on Visualizer to view the app.</p>"
    },
    "pointer": {
        "direction": "left",
        "element": "",
        "type": "none"
    },
    "navigationType": "manual",
    "navigationBar": {
        "left": {
            "text": "Previous",
            "enable": true,
            "hide": false
        },
        "right": {
            "text": "Next",
            "enable": true,
            "hide": false
        }
    },
    "navigationCondition": "",
    "position": "BOTTOM_RIGHT",
    "meta": {
        "Creator": "Prem Garudadri",
        "CreatedOn": "Wed, 18 Dec 2019 09:37:31 GMT"
    },
    "context": []
}