{
  "kuid": "faee1ct6-24a9-4er9-b3uc-23ea53n5",
  "id": "VoltMX.CreateUIRWV9.uiAccount",
  "content": {
    "title": "UI of Account Form",
    "body": "<ol>\n<li>From the left corner of the Iris canvas, navigate to the <strong>Default Library</strong>.</li>\n<li>In the search bar that appears, enter <strong>AccountList</strong>.</li>\n<li>From the results, under <strong>RecipientsWeb </strong>collection, select <strong>AccountList</strong>.</li>\n<li>Drag the <strong>AccountList </strong>collection onto <strong>frmAccount</strong> on the canvas.</li>\n</ol>"
  },
  "pointer": {
    "direction": "left",
    "element": {
      "module": "konylibrary",
      "css_selector": "div[class *='viztabActivelia']"
    },
    "type": "default"
  },
  "navigationType": "manual",
  "navigationBar": {
    "left": {
      "text": "Previous",
      "enable": true,
      "hide": false
    },
    "right": {
      "text": "Next",
      "enable": true,
      "hide": false
    }
  },
  "navigationCondition": "",
  "position": "BOTTOM_RIGHT",
  "meta": {
    "Creator": "Prem Garudadri",
    "CreatedOn": "Wed, 18 Dec 2019 16:21:58 GMT"
  },
  "context": [],
  "localization": {
    "en-us": {
      "content": {
        "title": "UI of Account Form",
        "body": "<ol>\n<li>From the left corner of the Iris canvas, navigate to the <strong>Default Library</strong>.</li>\n<li>In the search bar that appears, enter <strong>AccountList</strong>.</li>\n<li>From the results, under <strong>RecipientsWeb </strong>collection, select <strong>AccountList</strong>.</li>\n<li>Drag the <strong>AccountList </strong>collection onto <strong>frmAccount</strong> on the canvas.</li>\n</ol>"
      },
      "navigationBar": {
        "left": {
          "text": "Previous"
        },
        "right": {
          "text": "Next"
        }
      }
    },
    "zh-cn": {
      "content": {
        "title": "帐户表的UI",
        "body": "<ol> \n <li>从虹膜画布的左角，导航到<strong>默认库</strong>。</li> \n <li>在出现的搜索栏中，输入<strong> accountList </strong>。</li> \n <li>从结果中，在<strong> contoctientsWeb </strong>集合下，选择<strong> accountList </strong>。</li> \n <li>将<strong>帐户清单</strong>收集到<strong> frmaccount </strong>在画布上。</li> \n </ol>"
      },
      "navigationBar": {
        "left": {
          "text": "以前的"
        },
        "right": {
          "text": "下一个"
        }
      }
    },
    "zh-tw": {
      "content": {
        "title": "帳戶表的UI",
        "body": "<ol> \n <li>從虹膜畫布的左角，導航到<strong>默認庫</strong>。</li> \n <li>在出現的搜索欄中，輸入<strong> accountList </strong>。</li> \n <li>從結果中，在<strong> contoctientsWeb </strong>集合下，選擇<strong> accountList </strong>。</li> \n <li>將<strong>帳戶清單</strong>收集到<strong> frmaccount </strong>在畫布上。</li> \n </ol>"
      },
      "navigationBar": {
        "left": {
          "text": "以前的"
        },
        "right": {
          "text": "下一個"
        }
      }
    }
  }
}