{
  "kuid": "9205b0tb-45ab-49r8-a1uc-f1a77cn6",
  "id": "VoltMX.VoltMXOrientationV9.introduction",
  "content": {
    "title": "Introduction to Volt MX Iris",
    "body": "<p>Learn about the <strong>Volt MX Iris </strong> features that help you build apps in simple steps without having to write any code.</p>"
  },
  "pointer": {
    "direction": "left",
    "element": "",
    "type": "none"
  },
  "navigationType": "manual",
  "navigationBar": {
    "left": {
      "text": "Previous",
      "enable": false,
      "hide": true
    },
    "right": {
      "text": "Start",
      "enable": true,
      "hide": false
    }
  },
  "navigationCondition": "",
  "position": "CENTER",
  "meta": {
    "Creator": "Rashmi Menon",
    "CreatedOn": "Mon, 25 Nov 2019 06:51:30 GMT"
  },
  "context": [],
  "localization": {
    "en-us": {
      "content": {
        "title": "Introduction to Volt MX Iris",
        "body": "<p>Learn about the <strong>Volt MX Iris </strong> features that help you build apps in simple steps without having to write any code.</p>"
      },
      "navigationBar": {
        "left": {
          "text": "Previous"
        },
        "right": {
          "text": "Start"
        }
      }
    },
    "zh-cn": {
      "content": {
        "title": "Volt MX Iris简介",
        "body": "<p>了解<strong> Volt MX Iris </strong>功能，这些功能可以帮助您以简单的步骤构建应用而无需编写任何代码。</p>"
      },
      "navigationBar": {
        "left": {
          "text": "以前的"
        },
        "right": {
          "text": "开始"
        }
      }
    },
    "zh-tw": {
      "content": {
        "title": "Volt MX Iris簡介",
        "body": "<p>了解<strong> Volt MX Iris </strong>功能，這些功能可以幫助您以簡單的步驟構建應用而無需編寫任何代碼。</p>"
      },
      "navigationBar": {
        "left": {
          "text": "以前的"
        },
        "right": {
          "text": "開始"
        }
      }
    }
  }
}