{
  "kuid": "9205b0tb-45ab-49r8-a1uc-f1a77cn6",
  "id": "VoltMX.VoltMXOrientationV9.introduction",
  "content": {
    "title": "Introduction to Volt MX Iris",
    "body": "<p>Learn about the Volt MX Iris features that help you build apps in simple steps without having to write any code.</p>"
  },
  "pointer": {
    "direction": "left",
    "element": "",
    "type": "none"
  },
  "navigationType": "manual",
  "navigationBar": {
    "left": {
      "text": "Previous",
      "enable": false,
      "hide": true
    },
    "right": {
      "text": "Start",
      "enable": true,
      "hide": false
    }
  },
  "navigationCondition": "",
  "position": "CENTER",
  "meta": {
    "Creator": "Rashmi Menon",
    "CreatedOn": "Mon, 25 Nov 2019 06:51:30 GMT"
  },
  "context": []
}
