{
  "kuid": "afa0d7td-fba1-44r8-95ue-58e6acnb",
  "id": "VoltMX.InternationalWithLayoutV9.view",
  "content": {
    "title": "Launch the App",
    "body": "<ol>\n<li>On your <strong>mobile </strong>device, after successful launch, the <strong>Volt MX JavaScript Debugger Configuration </strong>window appears.<br />Click <strong>Cancel</strong>.</li>\n<li>The Login form appears in the default locale layout.</li>\n<li>Kill the application.</li>\n<li>Change the language of the device to <strong>Arabic (United Arab Emirates)</strong>. For more information on how to do this in Android, refer the link <a href='#'onClick='javascript:openURL(\"https://m.wikihow.com/Change-the-Language-to-Arabic-on-Android\")'>here</a>.</li>\n<li>Open the application <strong>RecipientsMobile</strong><br />The Login form now appears with Arabic values and the layout also has changed to right.</li>\n</ol>"
  },
  "pointer": {
    "direction": "left",
    "element": "",
    "type": "none"
  },
  "navigationType": "manual",
  "navigationBar": {
    "left": {
      "text": "Previous",
      "enable": true,
      "hide": false
    },
    "right": {
      "text": "Next",
      "enable": true,
      "hide": false
    }
  },
  "navigationCondition": "",
  "position": "BOTTOM_RIGHT",
  "meta": {
    "Creator": "Rashmi Menon",
    "CreatedOn": "Thu, 05 Dec 2019 06:42:45 GMT"
  },
  "context": [],
  "localization": {
    "en-us": {
      "content": {
        "title": "Launch the App",
        "body": "<ol>\n<li>On your <strong>mobile </strong>device, after successful launch, the <strong>Volt MX JavaScript Debugger Configuration </strong>window appears.<br />Click <strong>Cancel</strong>.</li>\n<li>The Login form appears in the default locale layout.</li>\n<li>Kill the application.</li>\n<li>Change the language of the device to <strong>Arabic (United Arab Emirates)</strong>. For more information on how to do this in Android, refer the link <a href='#'onClick='javascript:openURL(\"https://m.wikihow.com/Change-the-Language-to-Arabic-on-Android\")'>here</a>.</li>\n<li>Open the application <strong>RecipientsMobile</strong><br />The Login form now appears with Arabic values and the layout also has changed to right.</li>\n</ol>"
      },
      "navigationBar": {
        "left": {
          "text": "Previous"
        },
        "right": {
          "text": "Next"
        }
      }
    },
    "zh-cn": {
      "content": {
        "title": "启动该应用程序",
        "body": "***<ol> \n <li>在您的<strong>移动</strong>设备上，成功启动后，<strong> volt mx javascript调试器配置</strong>窗口出现。<br />单击<strong> cancel </strong>。 \n <li>登录表格出现在默认场所布局中。</li> \n <li>杀死应用程序。</li> \n <li>将设备的语言更改为<strong>阿拉伯语（阿拉伯联合酋长国）</strong>。 有关如何在Android中执行此操作的更多信息，请参阅此处</a>的链接<a href='#'onClick='javascript:openURL(\"https://m.wikihow.com/Change-the-Language-to-Arabic-on-Android\")'>。</li> \n <li>打开应用程序<strong>收件人mobile </strong> <br />现在以阿拉伯值出现登录表单，并且布局也已更改为右。</li> \n </ol>"
      },
      "navigationBar": {
        "left": {
          "text": "以前的"
        },
        "right": {
          "text": "下一个"
        }
      }
    },
    "zh-tw": {
      "content": {
        "title": "啟動該應用程序",
        "body": "***<ol> \n <li>在您的<strong>移動</strong>設備上，成功啟動後，<strong> volt mx javascript調試器配置</strong>窗口出現。<br />單擊<strong> cancel </strong>。 \n <li>登錄表格出現在默認場所佈局中。</li> \n <li>殺死應用程序。</li> \n <li>將設備的語言更改為<strong>阿拉伯語（阿拉伯聯合酋長國）</strong>。 有關如何在Android中執行此操作的更多信息，請參閱此處</a>的鏈接<a href='#'onClick='javascript:openURL(\"https://m.wikihow.com/Change-the-Language-to-Arabic-on-Android\")'>。</li> \n <li>打開應用程序<strong>收件人mobile </strong> <br />現在以阿拉伯值出現登錄表單，並且佈局也已更改為右。</li> \n </ol>"
      },
      "navigationBar": {
        "left": {
          "text": "以前的"
        },
        "right": {
          "text": "下一個"
        }
      }
    }
  }
}