{
  "kuid": "f907eat4-16a1-4fr2-aau7-55c52fn6",
  "id": "VoltMX.ResponsiveBreakV9.editPayeefrm",
  "content": {
    "title": "Adding Breakpoint for Edit Recipient Screen",
    "body": "<ol>\n<ul><li>From the <strong>Project</strong> explorer, expand <strong>Responsive Web / Desktop </strong>&gt;<strong> Forms</strong>, and select <strong>frmEditRecipient</strong>.</li></ul>\n</ol>"
  },
  "pointer": {
    "direction": "left",
    "element": {
      "module": "projectexplorer",
      "path": "project-body\\project\\Responsive Web / Desktop\\Forms"
    },
    "type": "default"
  },
  "navigationType": "manual",
  "navigationBar": {
    "left": {
      "text": "Previous",
      "enable": true,
      "hide": false
    },
    "right": {
      "text": "Next",
      "enable": true,
      "hide": false
    }
  },
  "navigationCondition": "",
  "position": "BOTTOM_RIGHT",
  "meta": {
    "Creator": "Rashmi Menon",
    "CreatedOn": "Sat, 29 Feb 2020 03:24:41 GMT"
  },
  "context": [],
  "localization": {
    "en-us": {
      "content": {
        "title": "Adding Breakpoint for Edit Recipient Screen",
        "body": "<ol>\n<ul><li>From the <strong>Project</strong> explorer, expand <strong>Responsive Web / Desktop </strong>&gt;<strong> Forms</strong>, and select <strong>frmEditRecipient</strong>.</li></ul>\n</ol>"
      },
      "navigationBar": {
        "left": {
          "text": "Previous"
        },
        "right": {
          "text": "Next"
        }
      }
    },
    "zh-cn": {
      "content": {
        "title": "添加编辑收件人屏幕的断点",
        "body": "***<ol> \n <ul> <li>来自<strong> project </strong>资源管理器，展开<strong>响应web / desktop </strong>＆gt; <strong> forms </strong>，然后选择<strong> frmeditrecipient </strong>。 } </ul> \n </ol>"
      },
      "navigationBar": {
        "left": {
          "text": "以前的"
        },
        "right": {
          "text": "下一个"
        }
      }
    },
    "zh-tw": {
      "content": {
        "title": "添加編輯收件人屏幕的斷點",
        "body": "***<ol> \n <ul> <li>來自<strong> project </strong>資源管理器，展開<strong>響應web / desktop </strong>＆gt; <strong> forms </strong>，然後選擇<strong> frmeditrecipient </strong>。 } </ul> \n </ol>"
      },
      "navigationBar": {
        "left": {
          "text": "以前的"
        },
        "right": {
          "text": "下一個"
        }
      }
    }
  }
}