{
  "kuid": "d8f45ft6-1ba1-46re-80ub-e4c3e0n4",
  "id": "VoltMX.AuthApp.mappingV9",
  "content": {
    "title": "Mapping Username and Password",
    "body": "<p>Map the following elements from the left pane to the right pane:</p><ul>\n<li>From the left pane, expand <strong>TextField &ndash; txtUserName</strong> and select <strong>text {string}</strong>.<br /> From the right pane, select <strong>userid {string}</strong>.</li>\n<li>From the left pane, expand <strong>TextField &ndash; txtPassword</strong> and select <strong>text {string}</strong>.<br /> From the right pane, select <strong>password {string}</strong>.</li>\n</ul>"
  },
  "pointer": {
    "direction": "left",
    "element": "",
    "type": "none"
  },
  "navigationType": "manual",
  "navigationBar": {
    "left": {
      "text": "Previous",
      "enable": true,
      "hide": false
    },
    "right": {
      "text": "Next",
      "enable": true,
      "hide": false
    }
  },
  "navigationCondition": "",
  "position": "BOTTOM_RIGHT",
  "meta": {
    "Creator": "Rashmi Menon",
    "CreatedOn": "Fri, 20 Dec 2019 05:44:42 GMT"
  },
  "context": [],
  "localization": {
    "en-us": {
      "content": {
        "title": "Mapping Username and Password",
        "body": "<p>Map the following elements from the left pane to the right pane:</p><ul>\n<li>From the left pane, expand <strong>TextField &ndash; txtUserName</strong> and select <strong>text {string}</strong>.<br /> From the right pane, select <strong>userid {string}</strong>.</li>\n<li>From the left pane, expand <strong>TextField &ndash; txtPassword</strong> and select <strong>text {string}</strong>.<br /> From the right pane, select <strong>password {string}</strong>.</li>\n</ul>"
      },
      "navigationBar": {
        "left": {
          "text": "Previous"
        },
        "right": {
          "text": "Next"
        }
      }
    },
    "zh-cn": {
      "content": {
        "title": "映射用户名和密码",
        "body": "***<p>映射以下元素从左窗格到右窗格：</p> <ul> \n <li>从左窗格中展开<strong> textfield＆ndash; txtusername </strong>，然后选择<strong> text {string} </strong>。 \n <li>从左窗格中展开<strong> textfield＆ndash; txtpassword </strong>并选择<strong> text {string} </strong>。 \n </ul>"
      },
      "navigationBar": {
        "left": {
          "text": "以前的"
        },
        "right": {
          "text": "下一个"
        }
      }
    },
    "zh-tw": {
      "content": {
        "title": "映射用戶名和密碼",
        "body": "***<p>映射以下元素從左窗格到右窗格：</p> <ul> \n <li>從左窗格中展開<strong> textfield＆ndash; txtusername </strong>，然後選擇<strong> text {string} </strong>。 \n <li>從左窗格中展開<strong> textfield＆ndash; txtpassword </strong>並選擇<strong> text {string} </strong>。 \n </ul>"
      },
      "navigationBar": {
        "left": {
          "text": "以前的"
        },
        "right": {
          "text": "下一個"
        }
      }
    }
  }
}