{
  "kuid": "724ef0t2-50ae-46r1-a4u3-218a0fn9",
  "id": "VoltMX.CreateEmailIdCompV9.addAlert",
  "content": {
    "title": "Add an Alert",
    "body": "<ol>\n<li>From the <strong>Action Editor</strong> left menu, under <strong>Client</strong>, select <strong>Show Alert</strong>.</li>\n<li>Enter the following details in the right pane:<br />\n<ul>\n<li>Alert Type: <strong>Info</strong></li>\n<li>Alert Title: <strong>Your Email has been added! </strong></li>\n<li>Yes Label: <strong>OK</strong></li>\n<li>Alert Message: <strong>Email has been verified and added</strong>.</li>\n</ul>\n</li>\n<li>Click <strong>Save</strong>.</li>\n</ol>"
  },
  "pointer": {
    "direction": "left",
    "element": "",
    "type": "none"
  },
  "navigationType": "manual",
  "navigationBar": {
    "left": {
      "text": "Previous",
      "enable": true,
      "hide": false
    },
    "right": {
      "text": "Next",
      "enable": true,
      "hide": false
    }
  },
  "navigationCondition": "",
  "position": "BOTTOM_LEFT",
  "meta": {
    "Creator": "Rashmi Menon",
    "CreatedOn": "Tue, 26 Nov 2019 06:39:59 GMT"
  },
  "context": [],
  "localization": {
    "en-us": {
      "content": {
        "title": "Add an Alert",
        "body": "<ol>\n<li>From the <strong>Action Editor</strong> left menu, under <strong>Client</strong>, select <strong>Show Alert</strong>.</li>\n<li>Enter the following details in the right pane:<br />\n<ul>\n<li>Alert Type: <strong>Info</strong></li>\n<li>Alert Title: <strong>Your Email has been added! </strong></li>\n<li>Yes Label: <strong>OK</strong></li>\n<li>Alert Message: <strong>Email has been verified and added</strong>.</li>\n</ul>\n</li>\n<li>Click <strong>Save</strong>.</li>\n</ol>"
      },
      "navigationBar": {
        "left": {
          "text": "Previous"
        },
        "right": {
          "text": "Next"
        }
      }
    },
    "zh-cn": {
      "content": {
        "title": "添加警报",
        "body": "***<ol> \n <li>来自<strong>操作编辑器</strong>左菜单，在<strong> client </strong>下，选择<strong> show arter </strong>。</li>。{8} \n <li>在右窗格中输入以下详细信息：<br /> \n <ul> \n <li>警报类型：<strong> info </strong> </li> \n <li>警报标题：<strong>您的电子邮件已添加！ </strong> </li> \n <li>是标签：<strong> OK </strong> </li> \n <li>警报消息：<strong>电子邮件已被验证并添加</strong>。</li> \n </ul> \n </li> \n <li>单击<strong>保存</strong>。</li> \n </ol>"
      },
      "navigationBar": {
        "left": {
          "text": "以前的"
        },
        "right": {
          "text": "下一个"
        }
      }
    },
    "zh-tw": {
      "content": {
        "title": "添加警報",
        "body": "***<ol> \n <li>來自<strong>操作編輯器</strong>左菜單，在<strong> client </strong>下，選擇<strong> show arter </strong>。</li>。{8} \n <li>在右窗格中輸入以下詳細信息：<br /> \n <ul> \n <li>警報類型：<strong> info </strong> </li> \n <li>警報標題：<strong>您的電子郵件已添加！ </strong> </li> \n <li>是標籤：<strong> OK </strong> </li> \n <li>警報消息：<strong>電子郵件已被驗證並添加</strong>。</li> \n </ul> \n </li> \n <li>單擊<strong>保存</strong>。</li> \n </ol>"
      },
      "navigationBar": {
        "left": {
          "text": "以前的"
        },
        "right": {
          "text": "下一個"
        }
      }
    }
  }
}