{
    "kuid": "35646bt1-91ab-4dr2-b8ud-7163fdnd",
    "id": "VoltMX.AddCreateMob_v9.settingData2",
    "content": {
        "title": "Success Message",
        "body": "<ol>\n<li>From the left menu of the Action Editor, under the <strong>Widget</strong>section, select&nbsp;<strong>Set Widget Property</strong>.</li>\n<li>From the right pane, under&nbsp;<strong>Mobile Forms</strong>&nbsp;&gt;&nbsp;<strong>frmAddRecipient&nbsp;</strong>&gt; <strong>flexFieldsContainer</strong>, and select&nbsp;<strong>flexAddSuccessHeader</strong>.</li>\n<li>In the right pane, modify the following values:\n<ul>\n<li>Property:&nbsp;<strong>Visible</strong></li>\n<li>Value:&nbsp;<strong>True</strong></li>\n</ul>\n</li>\n</ol>"
    },
    "pointer": {
        "direction": "left",
        "element": {
            "module": "actioneditor",
            "itemType": "ae-action-type",
            "info": {
                "actionType": "Set Widget Property"
            }
        },
        "type": "default"
    },
    "navigationType": "manual",
    "navigationBar": {
        "left": {
            "text": "Previous",
            "enable": true,
            "hide": false
        },
        "right": {
            "text": "Next",
            "enable": true,
            "hide": false
        }
    },
    "navigationCondition": "",
    "position": "BOTTOM_RIGHT",
    "meta": {
        "Creator": "Rashmi Menon",
        "CreatedOn": "Wed, 26 Feb 2020 05:23:29 GMT"
    },
    "context": []
}