{
  "Card.VoltMX.InternationalWithLayoutV9.intro": {
    "content": {
      "title": "布局国际化",
      "body": "<p> <strong>国际化（i18n）</strong>可帮助您根据设备的语言环境显示应用程序的内容。</p> \n <p>要将I18N合并到您的应用程序中，您必须定义各个字段的键值对，例如占位符和文本。 在这里，键是字段和值是按必需语言中键的翻译。</p> \n <p>在此徒步旅行中，您将：</p> \n <ul> \n <li>为应用程序</li>配置特定于阿拉伯语和英语的环境 \n <li>在应用程序中显示的英语和阿拉伯语</li>中显示的各种文本中添加键值对 \n <li>配置对App </li>中各个窗口小部件的阿拉伯环境支持的RTL支持 \n </ul> \n <p> <strong>您准备就绪时，单击“开始”！</strong> </p>"
    },
    "navigationBar": {
      "left": {
        "text": "以前的"
      },
      "right": {
        "text": "开始"
      }
    }
  },
  "Card.VoltMX.InternationalWithLayoutV9.import1": {
    "content": {
      "title": "导入市场应用程序",
      "body": "***<ol> \n <li>从虹膜的主菜单中，导航到<strong> forge </strong>＆gt; <strong>浏览</strong>。<br /> <strong> volt mx Iris </strong>窗口出现。</li> \n <li>在搜索栏上，输入<strong>收件人mobile </strong>。 <br/>单击搜索按钮。</li> \n <li>在出现的列表中，选择<strong> colectientsMobile </strong>。<br /> <strong> colectients mobile </strong>出现的详细信息。</li> \n <li>单击<strong>导入到工作区</strong>。<br />可能需要一些时间才能让Iris导入应用程序。<br/>如果您在此项目之前导入此项目，则<b> offrite错误对话</b> 5月 出现，单击<strong>确定</strong>按钮继续。</li> \n <li>单击<strong>在弹出窗口中继续</strong>按钮。</li> <li> {36}单击<strong>在弹出窗口中替换</strong>按钮。</li> \n <li>导入应用后，出现<strong> iris </strong>对话框。<br />单击<strong> ok ok </strong>。</li> \n </ol>"
    },
    "navigationBar": {
      "left": {
        "text": "以前的"
      },
      "right": {
        "text": "下一个"
      }
    }
  },
  "Card.VoltMX.InternationalWithLayoutV9.import2": {
    "content": {
      "title": "导入示例应用程序",
      "body": "***<ol> \n <li>从虹膜的主菜单中，导航到<strong> project </strong>＆gt; <strong>打开</strong>＆gt; <strong> HCl Reference Architection </strong>，然后选择<strong> colectientsMobile </strong>。<br />应用程序在<strong>情节板</strong>视图中打开。<strong> <br /> {14} </strong> {15} </li> \n <li>双击<strong> frmuserlogin </strong>表单以打开<strong> design </strong>视图中的表单。</li> \n </ol>"
    },
    "navigationBar": {
      "left": {
        "text": "以前的"
      },
      "right": {
        "text": "下一个"
      }
    }
  },
  "Card.VoltMX.InternationalWithLayoutV9.enable": {
    "content": {
      "title": "启用国际化",
      "body": "<ol>从左导航菜单中，选择<strong>设置</strong>。<br /> <strong>项目设置</strong>窗口出现。 \n </ol>"
    },
    "navigationBar": {
      "left": {
        "text": "以前的"
      },
      "right": {
        "text": "下一个"
      }
    }
  },
  "Card.VoltMX.InternationalWithLayoutV9.enable1": {
    "content": {
      "title": "启用国际化",
      "body": "<ol> \n <li>从<strong>项目设置</strong>窗口，导航到<strong>应用程序</strong> tab。</li> \n <li>在<strong>国际化（I18n）下：</strong>节<strong>，</strong>选择<strong>启用</strong>。<br />出现两个新字段。</li> \n <li>选择<strong>启用i18n布局config </strong>。</li> \n <li>单击<strong>配置</strong>。<br /> <strong>配置国际化</strong>窗口出现。</li> \n </ol>"
    },
    "navigationBar": {
      "left": {
        "text": "以前的"
      },
      "right": {
        "text": "下一个"
      }
    }
  },
  "Card.VoltMX.InternationalWithLayoutV9.enable2": {
    "content": {
      "title": "配置语言环境",
      "body": "<ol>在<strong>配置国际化</strong>窗口中，单击<strong>配置locales </strong>。<br /> <strong>配置configure locales </strong>窗口在默认情况下显示为预定的选项卡。 \n </ol>"
    },
    "navigationBar": {
      "left": {
        "text": "以前的"
      },
      "right": {
        "text": "下一个"
      }
    }
  },
  "Card.VoltMX.InternationalWithLayoutV9.configureE": {
    "content": {
      "title": "配置英语语言环境",
      "body": "<ol> \n <li>在<strong>搜索</strong>字段中，输入：<strong> en_us </strong>。<br> <strong>英语</strong> \n <strong>美国</strong>出现<strong>的语言环境。 </strong> </li> \n <li>选择LOCALE <strong> en_us </strong>。</li> \n <li>下<b>镜像默认布局</b>选择<strong> flex位置属性</strong>和<strong> flow Horizontal Alignment。</strong> </li> \n </ol>"
    },
    "navigationBar": {
      "left": {
        "text": "以前的"
      },
      "right": {
        "text": "下一个"
      }
    }
  },
  "Card.VoltMX.InternationalWithLayoutV9.configureA": {
    "content": {
      "title": "配置阿拉伯语语言环境",
      "body": "***<ol> \n <li>在<strong> search </strong>字段中，输入：<strong> ar_ae </strong>。<br /> <strong>阿拉伯语</strong> Locale for <strong> uae </strong>出现。{10}出现。</li> \n <li>选择LOCALE <b> ar_ae </b>。</li> \n <li> <b>镜像默认布局</b>选择所有复选框。 这些是用于<strong> flex位置属性，内容对齐</strong>和<strong>流水平对齐。<br /> </strong> {23}这意味着当设备的语言更改为<strong>阿拉伯语时，内容对齐将发生变化 （阿拉伯联合酋长国）</strong>。</li> \n <li>单击<strong>确定</strong>以返回<strong>配置国际化</strong>窗口。 <strong> <br /> </strong>您可以看到在此窗口中添加了三列：<strong> key </strong>，<strong> en_us </strong>，<strong> ar_ae </strong>。 \n </ol>"
    },
    "navigationBar": {
      "left": {
        "text": "以前的"
      },
      "right": {
        "text": "下一个"
      }
    }
  },
  "Card.VoltMX.InternationalWithLayoutV9.keyUN": {
    "content": {
      "title": "用户名的键值对",
      "body": "***<p>让我们为<strong> frmuserlogin </strong>的各种显示文本提供一些键值对。</p> \n <ol> \n <li>单击<strong>+</strong>。</li> \n <li>在列<strong>键</strong>下，Enter：<strong>用户名</strong> </li> {14} \n <li>在列<strong> en_us </strong>下方，输入：<strong>用户名</strong> </li> {20} \n <li>在列<strong> ar_ae </strong>下方，输入：<strong>اسمال疫氨基</strong> <span hk-tooltip='Arabic Translation for Username'> {26} <img src=\"https://i.ibb.co/Dfkmg6k/Button-Info-icon.png\" alt=\"Button-Info-icon\" width=\"10\" height=\"10\" /> {27} </span> </li> {29} \n </ol>"
    },
    "navigationBar": {
      "left": {
        "text": "以前的"
      },
      "right": {
        "text": "下一个"
      }
    }
  },
  "Card.VoltMX.InternationalWithLayoutV9.keyPWD": {
    "content": {
      "title": "密码对密码配对",
      "body": "***<ol> \n <li>单击<strong>+</strong>。</li> \n <li>列<strong>键</strong>，Enter：<strong>密码</strong> </li> {10} \n <li>在列<strong> en_us </strong>下，输入：<strong>密码</strong> </li> \n <li>在列<strong> ar_ae </strong>下方，输入：<b>ك。 \n </ol>"
    },
    "navigationBar": {
      "left": {
        "text": "以前的"
      },
      "right": {
        "text": "下一个"
      }
    }
  },
  "Card.VoltMX.InternationalWithLayoutV9.keyLogin": {
    "content": {
      "title": "登录的键值对",
      "body": "***<ol> \n <li>单击<strong>+</strong>。</li> \n <li>列<strong>键</strong>，enter：<strong> login </strong> </li> {10} \n <li>在列<strong> en_us </strong>下，输入：<strong> login </strong> </li> {16} \n <li>在列<strong> ar_ae </strong>下，输入：<strong>码}}}}}} </strong>} <span hk-tooltip='Arabic Translation for Login'> {22} <img src=\"https://i.ibb.co/Dfkmg6k/Button-Info-icon.png\" alt=\"Button-Info-icon\" width=\"10\" height=\"10\" /> {23} </span> </li> {25} {25} \n <li>单击<strong>完成</strong>以返回<strong>项目设置</strong>窗口。</li> \n </ol>"
    },
    "navigationBar": {
      "left": {
        "text": "以前的"
      },
      "right": {
        "text": "下一个"
      }
    }
  },
  "Card.VoltMX.InternationalWithLayoutV9.default": {
    "content": {
      "title": "设置默认场所",
      "body": "***<ol> \n <li>在<strong> project设置</strong>窗口中，在<strong>国际化（i18n）下方</strong> {5}部分，for <strong> default locale </strong>，从下拉列表中，select select <strong> 阿拉伯语（阿拉伯联合酋长国）</strong>。</li> \n <li>单击<strong>完成</strong>。</li> \n </ol>"
    },
    "navigationBar": {
      "left": {
        "text": "以前的"
      },
      "right": {
        "text": "下一个"
      }
    }
  },
  "Card.VoltMX.InternationalWithLayoutV9.setUN": {
    "content": {
      "title": "设置I18N密钥用户名",
      "body": "<p>现在，让我们将<strong> i18n键</strong>值设置为<strong> frmuserlogin </strong>中的文本。</p> \n <ol> \n <li>在画布上选择带有文本<strong>用户名</strong>的文本框。</li> \n <li>从<strong>属性</strong>面板，导航到<strong>文本框</strong> tab。</li> \n <li>在<strong>常规</strong>部分下，对于属性<strong>占位符i18n键</strong>，从下拉列表中选择<strong>用户名</strong>。</li> \n </ol>"
    },
    "navigationBar": {
      "left": {
        "text": "以前的"
      },
      "right": {
        "text": "下一个"
      }
    }
  },
  "Card.VoltMX.InternationalWithLayoutV9.setPWD": {
    "content": {
      "title": "设置I18N密钥密码",
      "body": "<ol> \n <li>在画布上选择带有文本<strong>密码</strong>的文本框。</li> \n <li>从<strong>属性</strong>面板，导航到<strong>文本框</strong> tab。</li> \n <li>在<strong>常规</strong>部分下，对于属性<strong>占位符i18n键</strong>，从下拉列表中选择<strong>密码</strong>。</li> \n </ol>"
    },
    "navigationBar": {
      "left": {
        "text": "以前的"
      },
      "right": {
        "text": "下一个"
      }
    }
  },
  "Card.VoltMX.InternationalWithLayoutV9.setLogin": {
    "content": {
      "title": "设置I18N密钥登录",
      "body": "<ol> \n <li>在画布上选择<strong>登录</strong>按钮。</li> \n <li>从<strong>属性</strong>面板，导航到<strong> look </strong> tab。</li> \n <li>在<strong>外观</strong>部分下，对于属性<strong>文本I18N键</strong>，从下拉列表中选择<strong>登录</strong>。</li> \n </ol> \n <p>您已成功配置了<strong> frmuserlogin </strong>的文本的I18N键。</p>"
    },
    "navigationBar": {
      "left": {
        "text": "以前的"
      },
      "right": {
        "text": "下一个"
      }
    }
  },
  "Card.VoltMX.InternationalWithLayoutV9.connect": {
    "content": {
      "title": "连接移动设备",
      "body": "***<ol> \n <li>使用USB电缆将您的<strong>移动</strong>设备连接到计算机。<br />对于Android移动设备，请确保将USB的使用设置为<strong> Transfer </strong> <strong> {7}文件 </strong>。</li> \n <li>确保设备语言设置为<strong>英语（美国）</strong>。</li> \n </ol>"
    },
    "navigationBar": {
      "left": {
        "text": "以前的"
      },
      "right": {
        "text": "下一个"
      }
    }
  },
  "Card.VoltMX.InternationalWithLayoutV9.publish1": {
    "content": {
      "title": "发布应用程序",
      "body": "<ol> \n <li>从主菜单中，导航至<strong>构建</strong>。</li> \n <li>单击<strong>构建并发布本机</strong>。<br /> <strong>构建和发布本机</strong>窗口出现。</li> \n </ol>"
    },
    "navigationBar": {
      "left": {
        "text": "以前的"
      },
      "right": {
        "text": "下一个"
      }
    }
  },
  "Card.VoltMX.InternationalWithLayoutV9.publish2": {
    "content": {
      "title": "发布应用程序",
      "body": "***<ol> \n <li>来自<strong> post build action </strong>下拉菜单，选择<strong>在我的设备/仿真器</strong>上运行。</li> \n <li>从<strong>配置的设备和仿真器</strong>部分，在<strong> Mobile </strong>下，选择您的<strong> Mobile </strong> </li> {14} \n <li>从<strong>构建模式</strong>下拉菜单，选择<strong> debug </strong>。</li> \n <li>单击<strong>构建</strong>。<br /> iris可能需要几分钟才能构建和启动应用程序。</li> \n </ol>"
    },
    "navigationBar": {
      "left": {
        "text": "以前的"
      },
      "right": {
        "text": "下一个"
      }
    }
  },
  "Card.VoltMX.InternationalWithLayoutV9.view": {
    "content": {
      "title": "启动该应用程序",
      "body": "***<ol> \n <li>在您的<strong>移动</strong>设备上，成功启动后，<strong> volt mx javascript调试器配置</strong>窗口出现。<br />单击<strong> cancel </strong>。 \n <li>登录表格出现在默认场所布局中。</li> \n <li>杀死应用程序。</li> \n <li>将设备的语言更改为<strong>阿拉伯语（阿拉伯联合酋长国）</strong>。 有关如何在Android中执行此操作的更多信息，请参阅此处</a>的链接<a href='#'onClick='javascript:openURL(\"https://m.wikihow.com/Change-the-Language-to-Arabic-on-Android\")'>。</li> \n <li>打开应用程序<strong>收件人mobile </strong> <br />现在以阿拉伯值出现登录表单，并且布局也已更改为右。</li> \n </ol>"
    },
    "navigationBar": {
      "left": {
        "text": "以前的"
      },
      "right": {
        "text": "下一个"
      }
    }
  },
  "Card.VoltMX.InternationalWithLayoutV9.done": {
    "content": {
      "title": "恭喜",
      "body": "<p> <strong>您</strong> <strong>成功</strong>：</p> \n <ul> \n <li>配置了两个语言环境</li> \n <li>提供了</li>中使用的不同文本的键值对 \n <li>在保留某些窗口小部件的位置和内容对齐的同时，为小部件提供了RTL支持</li> \n <li>以</li>的形式为小部件配置了i18n键 \n <li>查看移动设备的语言时，小部件和内容位置的差异。</li> \n </ul> \n <p>有关国际化的更多信息，请单击<a href='#'onClick='javascript:openURL(\"https://opensource.hcltechsw.com/volt-mx-docs/docs/tutorials/internalizationAndLocalization.html\")'>此处</a>。</p>"
    },
    "navigationBar": {
      "left": {
        "text": "以前的"
      },
      "right": {
        "text": "完毕"
      }
    }
  }
}