{
  "Tour.InternationalizationwithLayout92": {
    "description": "旅遊描述"
  },
  "Hike.VoltMX.InternationalWithLayoutV9": {
    "description": "徒步說明"
  },
  "Card.VoltMX.InternationalWithLayoutV9.configureA": {
    "content": {
      "title": "配置阿拉伯語區域設置",
      "body": "<ol>\n<li>在<strong> 搜索</strong>字段，輸入：<strong>ar_AE</strong>.<br /><strong>阿拉伯語</strong>語言環境<strong>阿聯酋</strong>.</li>\n<li>選擇<b>ar_AE</b>.</li>\n<li>下<b>鏡像默認佈局</b>選中所有復選框。這些是為了<strong>Flex 位置屬性，內容對齊</strong>和<strong>流水平對齊。<br /> </strong>這意味著當設備的語言更改為<strong>阿拉伯語（阿拉伯聯合酋長國）</strong>.</li>\n<li>點擊<strong>好的</strong>返回<strong>配置國際化</strong>窗口。<strong><br /> </strong>可以看到在這個窗口中添加了三列：<strong>密鑰</strong>, <strong> en_US</strong>, <strong>ar_AE</strong>.</li>\n</ol>"
    },
    "navigationBar": {
      "left": {
        "text": "上一個"
      },
      "right": {
        "text": "下一個"
      }
    }
  },
  "Card.VoltMX.InternationalWithLayoutV9.configureE": {
    "content": {
      "title": "配置英語區域設置",
      "body": "<ol>\n<li>在<strong> 搜索</strong>字段，輸入：<strong><br /> </strong><strong>英語語言環境</strong>對於<strong>美國</strong>出現<strong>. </strong></li>\n<li>選擇語言環境<strong> en_US</strong>.</li>\n<li>下<b>鏡像默認佈局</b>選中前兩個複選框。這些是為了<strong>Flex 位置屬性</strong>和<strong>流水平對齊。</strong></li>\n</ol>"
    },
    "navigationBar": {
      "left": {
        "text": "上一個"
      },
      "right": {
        "text": "下一個"
      }
    }
  },
  "Card.VoltMX.InternationalWithLayoutV9.connect": {
    "content": {
      "title": "連接您的移動設備",
      "body": "<ol>\n<li>連接您的<strong>手機</strong>使用 USB 電纜將設備連接到您的計算機。<br />對於Android移動設備，確保USB的使用設置為<strong>轉移</strong> <strong>文件</strong>.</li>\n<li>確保設備語言設置為<strong>英語（美國）</strong>.</li>\n</ol>"
    },
    "navigationBar": {
      "left": {
        "text": "上一個"
      },
      "right": {
        "text": "下一個"
      }
    }
  },
  "Card.VoltMX.InternationalWithLayoutV9.default": {
    "content": {
      "title": "設置默認語言環境",
      "body": "<ol>\n<li>在<strong>項目設置</strong>窗口，在<strong>國際化（i18n）</strong>部分，用於<strong>默認語言環境</strong> ，從下拉列表中選擇<strong>阿拉伯語（阿拉伯聯合酋長國）</strong>.</li>\n<li>點擊<strong>完成</strong>.</li>\n</ol>"
    },
    "navigationBar": {
      "left": {
        "text": "上一個"
      },
      "right": {
        "text": "下一個"
      }
    }
  },
  "Card.VoltMX.InternationalWithLayoutV9.done": {
    "content": {
      "title": " 恭喜",
      "body": "<p><strong>你</strong> <strong>已經成功</strong>:</p>\n<ul>\n<li>配置了兩個語言環境</li>\n<li>為表單中使用的不同文本提供鍵值對</li>\n<li>為表單中的小部件提供 RTL 支持，同時保留某些小部件的位置和內容對齊</li>\n<li>為表單中的小部件配置 i18n 鍵</li>\n<li>查看移動設備語言改變時widget和內容的位置差異。</li>\n</ul>\n<p>有關國際化的更多信息，請單擊<a href='#'onClick='javascript:openURL(\"https://opensource.hcltechsw.com/volt-mx-docs/docs/tutorials/internalizationAndLocalization.html\")'>這裡</a>.</p>"
    },
    "navigationBar": {
      "left": {
        "text": "上一個"
      },
      "right": {
        "text": "完成"
      }
    }
  },
  "Card.VoltMX.InternationalWithLayoutV9.enable": {
    "content": {
      "title": "啟用國際化",
      "body": "<ol>\n<li>從左側導航菜單中，選擇<strong>設置</strong>.<br /><strong>項目設置</strong>窗口出現。</li>\n</ol>"
    },
    "navigationBar": {
      "left": {
        "text": "上一個"
      },
      "right": {
        "text": "下一個"
      }
    }
  },
  "Card.VoltMX.InternationalWithLayoutV9.enable1": {
    "content": {
      "title": "啟用國際化",
      "body": "<ol>\n<li>來自<strong>項目設置</strong>窗口，導航到<strong>申請</strong>標籤，</li>\n<li>下<strong>國際化（i18n）：</strong>部分<strong>, </strong>選擇<strong>啟用</strong>.<br />出現兩個新字段。</li>\n<li>選擇<strong>啟用i18n佈局配置</strong>.</li>\n<li>點擊<strong>配置</strong>.<br /><strong>配置國際化</strong>窗口出現。</li>\n</ol>"
    },
    "navigationBar": {
      "left": {
        "text": "上一個"
      },
      "right": {
        "text": "下一個"
      }
    }
  },
  "Card.VoltMX.InternationalWithLayoutV9.enable2": {
    "content": {
      "title": "配置語言環境",
      "body": "<ol>\n<li>在<strong>配置國際化</strong>窗口，點擊<strong>配置語言環境</strong>.<br /><strong>配置語言環境</strong>默認情況下打開預定義選項卡的窗口出現。</li>\n</ol>"
    },
    "navigationBar": {
      "left": {
        "text": "上一個"
      },
      "right": {
        "text": "下一個"
      }
    }
  },
  "Card.VoltMX.InternationalWithLayoutV9.import1": {
    "content": {
      "title": "導入市場應用",
      "body": "<ol>\n<li>從 Iris 的主菜單，導航到<strong>鍛造</strong>&gt;<strong>瀏覽</strong>.<br /><strong>Volt MX Forge</strong>窗口出現</li>\n<li>在搜索欄上，輸入，<strong> RecipientsMobile</strong>.</li>\n<li>在出現的列表中，選擇<strong> RecipientsMobile</strong>.<br />詳細信息<strong> RecipientsMobile</strong>出現。</li>\n<li>點擊<strong>導入到工作區</strong>.<br />Iris 導入應用程序可能需要一些時間。</li>\n<li>應用導入後，<strong>虹膜</strong>對話框出現。<br />點擊<strong>好的</strong>.</li>\n</ol>"
    },
    "navigationBar": {
      "left": {
        "text": "上一個"
      },
      "right": {
        "text": "下一個"
      }
    }
  },
  "Card.VoltMX.InternationalWithLayoutV9.import2": {
    "content": {
      "title": "導入示例應用",
      "body": "<ol>\n<li>從 Iris 的主菜單，導航到<strong>項目</strong>&gt;<strong>打開</strong>&gt;<strong>HCL 參考架構</strong> ，然後選擇<strong> RecipientsMobile</strong>.<br />應用程序在<strong>故事板</strong>查看。<strong><br /></strong></li>\n<li>雙擊<strong>frmUserLogin</strong> form 在<strong>設計</strong>查看。</li>\n</ol>"
    },
    "navigationBar": {
      "left": {
        "text": "上一個"
      },
      "right": {
        "text": "下一個"
      }
    }
  },
  "Card.VoltMX.InternationalWithLayoutV9.intro": {
    "content": {
      "title": "佈局國際化",
      "body": "<p><strong>國際化（i18n）</strong>幫助您根據設備的區域設置顯示應用程序的內容。</p>\n<p>要將 i18n 合併到您的應用程序中，您必須定義各種字段的鍵值對，例如佔位符和文本。在這裡，鍵是字段，值是鍵在所需語言中的翻譯。</p>\n<p>在這次徒步旅行中，您將：</p>\n<ul>\n<li>為應用程序配置特定於阿拉伯語和英語的區域設置</li>\n<li>為應用程序中顯示的英語和阿拉伯語的各種文本添加鍵值對</li>\n<li>為應用程序中的各種小部件配置對阿拉伯語語言環境的RTL支持</li>\n</ul>\n<p><strong>準備好後，單擊開始！</strong></p>"
    },
    "navigationBar": {
      "left": {
        "text": "上一個"
      },
      "right": {
        "text": "開始"
      }
    }
  },
  "Card.VoltMX.InternationalWithLayoutV9.keyLogin": {
    "content": {
      "title": "用於登錄的鍵值對",
      "body": "<ol>\n<li>點擊<strong>+</strong>.</li>\n<li> 列下<strong>密鑰</strong>，輸入：<strong>登錄</strong></li>\n<li> 列下<strong> en_US</strong>，輸入：<strong>登錄</strong></li>\n<li> 列下<strong>ar_AE</strong>，輸入：<strong> ØªØ³Ø¬ÙŠÙ„ Ø§Ù„Ø¯Ø®ÙˆÙ„</strong> <span hk-tooltip='Arabic Translation for Login'><img src=\"https://i.ibb.co/Dfkmg6k/Button-Info-icon.png\" alt=\"Button-Info-icon\" width=\"10\" height=\"10\" /></span></li>\n<li>點擊<strong>完成</strong>返回<strong>項目設置</strong>窗口。</li>\n</ol>"
    },
    "navigationBar": {
      "left": {
        "text": "上一個"
      },
      "right": {
        "text": "下一個"
      }
    }
  },
  "Card.VoltMX.InternationalWithLayoutV9.keyPWD": {
    "content": {
      "title": "密碼的鍵值對",
      "body": "<ol>\n<li>點擊<strong>+</strong>.</li>\n<li> 列下<strong>密鑰</strong>，輸入：<strong>密碼</strong></li>\n<li> 列下<strong> en_US</strong>，輸入：<strong>密碼</strong></li>\n<li> 列下<strong>ar_AE</strong>，輸入：<b> ÙƒÙ„Ù…Ù‡ Ø§Ù„Ø³Ø±</b> <span hk-tooltip='Arabic Translation for Password'><img src=\"https://i.ibb.co/Dfkmg6k/Button-Info-icon.png\" alt=\"Button-Info-icon\" width=\"10\" height=\"10\" /></span></li>\n</ol>"
    },
    "navigationBar": {
      "left": {
        "text": "上一個"
      },
      "right": {
        "text": "下一個"
      }
    }
  },
  "Card.VoltMX.InternationalWithLayoutV9.keyUN": {
    "content": {
      "title": "用戶名的鍵值對",
      "body": "<p>讓我們為各種顯示文本提供一些鍵值對<strong>frmUserLogin</strong>.</p>\n<ol>\n<li>點擊<strong>+</strong>.</li>\n<li> 列下<strong>密鑰</strong>，輸入：<strong>用戶名</strong></li>\n<li> 列下<strong> en_US</strong>，輸入：<strong>用戶名</strong></li>\n<li> 列下<strong>ar_AE</strong>，輸入：<strong> Ø§Ø³Ù... Ø§Ù„Ù...Ø³ØªØ®Ø¯Ù...</strong> <span hk-tooltip='Arabic Translation for Username'><img src=\"https://i.ibb.co/Dfkmg6k/Button-Info-icon.png\" alt=\"Button-Info-icon\" width=\"10\" height=\"10\" /></span></li>\n</ol>"
    },
    "navigationBar": {
      "left": {
        "text": "上一個"
      },
      "right": {
        "text": "下一個"
      }
    }
  },
  "Card.VoltMX.InternationalWithLayoutV9.publish1": {
    "content": {
      "title": "發布應用",
      "body": "<ol>\n<li>從主菜單，導航到<strong>構建</strong>.</li>\n<li>點擊<strong>構建和發布本機</strong>.<br /><strong>構建和發布本機</strong>窗口出現。</li>\n</ol>"
    },
    "navigationBar": {
      "left": {
        "text": "上一個"
      },
      "right": {
        "text": "下一個"
      }
    }
  },
  "Card.VoltMX.InternationalWithLayoutV9.publish2": {
    "content": {
      "title": "發布應用",
      "body": "<ol>\n<li>來自<strong>構建後操作</strong>下拉菜單，選擇<strong>在我的設備上運行</strong>.</li>\n<li>來自<strong>配置的設備</strong>部分，下<strong>手機</strong> , 選擇你的<strong>手機</strong></li>\n<li>來自<strong>構建模式</strong>下拉菜單，選擇<strong>調試</strong>.</li>\n<li>點擊<strong>構建</strong>.<br />Iris 構建和啟動應用程序可能需要幾分鐘時間。</li>\n</ol>"
    },
    "navigationBar": {
      "left": {
        "text": "上一個"
      },
      "right": {
        "text": "下一個"
      }
    }
  },
  "Card.VoltMX.InternationalWithLayoutV9.setLogin": {
    "content": {
      "title": "設置i18n密鑰登錄",
      "body": "<ol>\n<li>選擇<strong>登錄</strong>畫布上的按鈕。</li>\n<li>來自<strong>屬性</strong>面板，導航到<strong>看</strong>選項卡。</li>\n<li> 在<strong>外觀</strong> 部分，用於屬性<strong>文本i18n鍵</strong>，選擇<strong>登錄</strong>來自下拉列表。</li>\n</ol>\n<p> 您已成功為裡面的文本配置 i18n 密鑰<strong>frmUserLogin</strong>.</p>"
    },
    "navigationBar": {
      "left": {
        "text": "上一個"
      },
      "right": {
        "text": "下一個"
      }
    }
  },
  "Card.VoltMX.InternationalWithLayoutV9.setPWD": {
    "content": {
      "title": "設置i18n密鑰密碼",
      "body": "<ol>\n<li> 選擇帶有文本的文本框<strong>密碼</strong>在畫布上。</li>\n<li>來自<strong>屬性</strong>面板，導航到<strong>文本框</strong>選項卡。</li>\n<li> 在<strong>一般</strong> 部分，用於屬性<strong>佔位符i18n鍵</strong>，選擇<strong>密碼</strong>來自下拉列表。</li>\n</ol>"
    },
    "navigationBar": {
      "left": {
        "text": "上一個"
      },
      "right": {
        "text": "下一個"
      }
    }
  },
  "Card.VoltMX.InternationalWithLayoutV9.setUN": {
    "content": {
      "title": "設置i18n密鑰用戶名",
      "body": "<p>現在，讓我們設置<strong>i18n 密鑰</strong> 中文本的值<strong>frmUserLogin</strong>.</p>\n<ol>\n<li> 選擇帶有文本的文本框<strong>用戶名</strong>在畫布上。</li>\n<li>來自<strong>屬性</strong>面板，導航到<strong>文本框</strong>選項卡。</li>\n<li> 在<strong>一般</strong> 部分，用於屬性<strong>佔位符i18n鍵</strong>，選擇<strong>用戶名</strong>來自下拉列表。</li>\n</ol>"
    },
    "navigationBar": {
      "left": {
        "text": "上一個"
      },
      "right": {
        "text": "下一個"
      }
    }
  },
  "Card.VoltMX.InternationalWithLayoutV9.view": {
    "content": {
      "title": "啟動應用程序",
      "body": "<ol>\n<li>在你的<strong>手機</strong>設備，成功啟動後，<strong>Volt MX JavaScript 調試器配置</strong>窗口出現。<br />點擊<strong>取消</strong>.</li>\n<li>登錄表單出現在默認的語言環境佈局中。</li>\n<li>終止應用程序。</li>\n<li>將設備的語言更改為<strong>阿拉伯語（阿拉伯聯合酋長國）</strong>。有關如何在 Android 中執行此操作的更多信息，請參閱鏈接<a href='#'onClick='javascript:openURL(\"https://m.wikihow.com/Change-the-Language-to-Arabic-on-Android\")'>這裡</a>.</li>\n<li>打開應用程序<strong> RecipientsMobile</strong><br />登錄表單現在顯示為阿拉伯值，並且佈局也已更改為左側。</li>\n</ol>"
    },
    "navigationBar": {
      "left": {
        "text": "上一個"
      },
      "right": {
        "text": "下一個"
      }
    }
  }
}