{
  "Tour.InternationalizationwithLayout92": "Description of Tour",
  "Hike.VoltMX.InternationalWithLayoutV9": "Description of hike",
  "Card.VoltMX.InternationalWithLayoutV9.configureA": {
    "content": {
      "title": "Configure Arabic Locale",
      "body": "<ol>\n<li>In the <strong>Search </strong>field, enter: <strong>ar_AE</strong>.<br /> The <strong>Arabic</strong> locale for <strong>UAE</strong> appears.</li>\n<li>Select the locale <b>ar_AE</b>.</li>\n<li>Under <b>Mirror Default Layout</b> select all checkboxes. These are for <strong>Flex Position Properties, Content Alignment </strong>and <strong>Flow Horizontal Alignment.<br /> </strong>This means that the content alignment will change when the language of the device is changed to <strong>Arabic (United Arab Emirates)</strong>.</li>\n<li>Click <strong>OK </strong>to return to the <strong>Configure Internationalization </strong> window. <strong><br /> </strong>You can see that three columns are added in this window: <strong>Key</strong>, <strong>en_US</strong>, <strong>ar_AE</strong>.</li>\n</ol>"
    },
    "navigationBar": {
      "left": {
        "text": "Previous"
      },
      "right": {
        "text": "Next"
      }
    }
  },
  "Card.VoltMX.InternationalWithLayoutV9.configureE": {
    "content": {
      "title": "Configure English Locale",
      "body": "<ol>\n<li>In the <strong>Search </strong>field, enter: <strong>en_US</strong>.<br>The<strong> English  </strong> \nlocale for<strong> United States </strong>appears<strong>. </strong></li>\n<li>Select the locale <strong>en_US</strong>.</li>\n<li>Under <b>Mirror Default Layout</b> select <strong>Flex Position Properties </strong>and <strong>Flow Horizontal Alignment.</strong></li>\n</ol>"
    },
    "navigationBar": {
      "left": {
        "text": "Previous"
      },
      "right": {
        "text": "Next"
      }
    }
  },
  "Card.VoltMX.InternationalWithLayoutV9.connect": {
    "content": {
      "title": "Connect your Mobile Device",
      "body": "<ol>\n<li>Connect your <strong>mobile</strong> device to your computer using a USB cable.<br />For an Android mobile device, ensure that the use of USB is set as <strong>Transfer</strong> <strong>files</strong>.</li>\n<li>Ensure that the device language is set as <strong>English (United States)</strong>.</li>\n</ol>"
    },
    "navigationBar": {
      "left": {
        "text": "Previous"
      },
      "right": {
        "text": "Next"
      }
    }
  },
  "Card.VoltMX.InternationalWithLayoutV9.default": {
    "content": {
      "title": "Set Default Locale",
      "body": "<ol>\n<li>In the <strong>Project Settings </strong>window, under the <strong>Internationalization (i18n)</strong> section, for <strong>Default Locale</strong>, from the drop-down list, select <strong>Arabic (United Arab Emirates)</strong>.</li>\n<li>Click <strong>Done</strong>.</li>\n</ol>"
    },
    "navigationBar": {
      "left": {
        "text": "Previous"
      },
      "right": {
        "text": "Next"
      }
    }
  },
  "Card.VoltMX.InternationalWithLayoutV9.done": {
    "content": {
      "title": "Congratulations",
      "body": "<p><strong>You</strong> <strong>have successfully</strong>:</p>\n<ul>\n<li>Configured two locales</li>\n<li>Provided key-value pairs for the different texts used in a form</li>\n<li>Provided RTL support for the widgets in the form while retaining position and content alignment for some widgets</li>\n<li>Configured the i18n keys for the widgets in a form</li>\n<li>Viewed the difference in the position of the widgets and content when the language of a mobile device is changed.</li>\n</ul>\n<p>For more information on Internationalization, click  <a href='#'onClick='javascript:openURL(\"https://opensource.hcltechsw.com/volt-mx-docs/docs/tutorials/internalizationAndLocalization.html\")'>here</a>.</p>"
    },
    "navigationBar": {
      "left": {
        "text": "Previous"
      },
      "right": {
        "text": "Done"
      }
    }
  },
  "Card.VoltMX.InternationalWithLayoutV9.enable": {
    "content": {
      "title": "Enable Internationalization",
      "body": "<ol>From the left Navigation menu, select <strong>Settings</strong>.<br />The <strong>Project Settings </strong>window appears.\n</ol>"
    },
    "navigationBar": {
      "left": {
        "text": "Previous"
      },
      "right": {
        "text": "Next"
      }
    }
  },
  "Card.VoltMX.InternationalWithLayoutV9.enable1": {
    "content": {
      "title": "Enable Internationalization",
      "body": "<ol>\n<li>From the <strong>Project Settings</strong> window, navigate to the <strong>Application </strong>tab.</li>\n<li>Under <strong>Internationalization(i18n): </strong>section<strong>, </strong>select <strong>Enable</strong>.<br /> Two new fields appear.</li>\n<li>Select <strong>Enable i18n Layout Config</strong>.</li>\n<li>Click <strong>Configure</strong>.<br /> The <strong>Configure Internationalization </strong>window appears.</li>\n</ol>"
    },
    "navigationBar": {
      "left": {
        "text": "Previous"
      },
      "right": {
        "text": "Next"
      }
    }
  },
  "Card.VoltMX.InternationalWithLayoutV9.enable2": {
    "content": {
      "title": "Configure Locales",
      "body": "<ol>In the <strong>Configure Internationalization </strong>window, click <strong>Configure Locales</strong>.<br /> The <strong>Configure Locales </strong>window appears with the Predefined tab open by default.\n</ol>"
    },
    "navigationBar": {
      "left": {
        "text": "Previous"
      },
      "right": {
        "text": "Next"
      }
    }
  },
  "Card.VoltMX.InternationalWithLayoutV9.import1": {
    "content": {
      "title": "Import a Marketplace App",
      "body": "<ol>\n<li>From the main menu of the Iris, navigate to <strong>Forge</strong> &gt; <strong>Browse</strong>.<br />The <strong>Volt MX Iris</strong> window appears.</li>\n<li>Please sign in to the Volt MX Cloud environment when you are prompted. HCL Marketplace will be opened</li>\n<li>On the search bar, enter <strong>RecipientsMobile</strong>. <br/>Click search button.</li>\n<li>In the list that appears, select <strong>RecipientsMobile</strong>.<br />The details of the <strong>RecipientsMobile</strong> appears.</li>\n<li>Click <strong>Import to Workspace</strong>.<br /> It may take some time for Iris to import the app.<br/>If you imported this project before, the <b>overwrite error dialog</b> may appear, click <strong>OK</strong> button to proceed.</li>\n<li>Click <strong>Continue</strong> button in popup window.</li><li>Click <strong>Replace</strong> button in popup window.</li>\n<li>After the app is imported, an <strong>Iris</strong> dialog appears.<br />Click <strong>OK</strong>.</li>\n</ol>"
    },
    "navigationBar": {
      "left": {
        "text": "Previous"
      },
      "right": {
        "text": "Next"
      }
    }
  },
  "Card.VoltMX.InternationalWithLayoutV9.import2": {
    "content": {
      "title": "Open the App",
      "body": "<ol>\n<li>From the main menu of the Iris, navigate to <strong>Project</strong> &gt; <strong>Open</strong> &gt; <strong>HCL Reference Architecture</strong>, and select <strong>RecipientsMobile</strong>.<br />The application opens in the <strong>Storyboard</strong> view.<strong><br /></strong></li>\n<li>Double click on <strong>frmUserLogin</strong> form to open the form in the <strong>Design</strong> view.</li>\n</ol>"
    },
    "navigationBar": {
      "left": {
        "text": "Previous"
      },
      "right": {
        "text": "Next"
      }
    }
  },
  "Card.VoltMX.InternationalWithLayoutV9.intro": {
    "content": {
      "title": "Internationalization with Layout",
      "body": "<p><strong>Internationalization(i18n)</strong> helps you to display the content of your application based on the locale of the device.</p>\n<p>To incorporate i18n in your application, you must define the key-value pairs of the various fields, such as placeholders and texts. Here, key is the field and values are the translation of the keys in the required languages.</p>\n<p>In this hike you will:</p>\n<ul>\n<li>Configure locales specific to Arabic and English for an app</li>\n<li>Add key-value pair for various texts displayed in the app for English and Arabic</li>\n<li>Configure the RTL support for Arabic locale for various widgets in the app</li>\n</ul>\n<p><strong>When you are ready, click Start!</strong></p>"
    },
    "navigationBar": {
      "left": {
        "text": "Previous"
      },
      "right": {
        "text": "Start"
      }
    }
  },
  "Card.VoltMX.InternationalWithLayoutV9.keyLogin": {
    "content": {
      "title": "Key-Value Pair for Login",
      "body": "<ol>\n<li>Click <strong>+</strong>.</li>\n<li>Under the column <strong>Key</strong>, enter: <strong>Login </strong></li>\n<li>Under the column <strong>en_US</strong>, enter: <strong>Login</strong></li>\n<li>Under the column <strong>ar_AE</strong>, enter: <strong>تسجيل الدخول</strong> <span hk-tooltip='Arabic Translation for Login'><img src=\"https://i.ibb.co/Dfkmg6k/Button-Info-icon.png\" alt=\"Button-Info-icon\" width=\"10\" height=\"10\" /></span></li>\n<li>Click <strong>Finish </strong>to return to the <strong>Project Settings</strong> window.</li>\n</ol>"
    },
    "navigationBar": {
      "left": {
        "text": "Previous"
      },
      "right": {
        "text": "Next"
      }
    }
  },
  "Card.VoltMX.InternationalWithLayoutV9.keyPWD": {
    "content": {
      "title": "Key-Value Pair for Password",
      "body": "<ol>\n<li>Click <strong>+</strong>.</li>\n<li>Under the column <strong>Key</strong>, enter: <strong>Password </strong></li>\n<li>Under the column <strong>en_US</strong>, enter: <strong>Password</strong></li>\n<li>Under the column <strong>ar_AE</strong>, enter: <b>كلمه السر</b> <span hk-tooltip='Arabic Translation for Password'><img src=\"https://i.ibb.co/Dfkmg6k/Button-Info-icon.png\" alt=\"Button-Info-icon\" width=\"10\" height=\"10\" /></span></li>\n</ol>"
    },
    "navigationBar": {
      "left": {
        "text": "Previous"
      },
      "right": {
        "text": "Next"
      }
    }
  },
  "Card.VoltMX.InternationalWithLayoutV9.keyUN": {
    "content": {
      "title": "Key-Value Pair for Username",
      "body": "<p>Let us provide some key-value pairs for the various display texts for <strong>frmUserLogin</strong>.</p>\n<ol>\n<li>Click <strong>+</strong>.</li>\n<li>Under the column <strong>Key</strong>, enter: <strong>Username</strong></li>\n<li>Under the column <strong>en_US</strong>, enter: <strong>Username</strong></li>\n<li>Under the column <strong>ar_AE</strong>, enter: <strong>اسم المستخدم</strong> <span hk-tooltip='Arabic Translation for Username'><img src=\"https://i.ibb.co/Dfkmg6k/Button-Info-icon.png\" alt=\"Button-Info-icon\" width=\"10\" height=\"10\" /></span></li>\n</ol>"
    },
    "navigationBar": {
      "left": {
        "text": "Previous"
      },
      "right": {
        "text": "Next"
      }
    }
  },
  "Card.VoltMX.InternationalWithLayoutV9.publish1": {
    "content": {
      "title": "Publish the App",
      "body": "<ol>\n<li>From the main menu, navigate to <strong>Build</strong>.</li>\n<li>Click <strong>Build and Publish Native</strong>.<br />The<strong> Build and Publish Native </strong>window appears.</li>\n</ol>"
    },
    "navigationBar": {
      "left": {
        "text": "Previous"
      },
      "right": {
        "text": "Next"
      }
    }
  },
  "Card.VoltMX.InternationalWithLayoutV9.publish2": {
    "content": {
      "title": "Publish the App",
      "body": "<ol>\n<li>From the <strong>Post Build Action </strong>drop-down menu, select <strong>Run on my Device/Emulator</strong>.</li>\n<li>From the <strong>Configured Devices & Emulators </strong>section, under <strong>Mobile</strong>, select your <strong>mobile </strong></li>\n<li>From the <strong>Build Mode </strong>drop-down menu, select <strong>Debug</strong>.</li>\n<li>Click <strong>Build</strong>.<br />It may take a few minutes for Iris to build and launch the app.</li>\n</ol>"
    },
    "navigationBar": {
      "left": {
        "text": "Previous"
      },
      "right": {
        "text": "Next"
      }
    }
  },
  "Card.VoltMX.InternationalWithLayoutV9.setLogin": {
    "content": {
      "title": "Set i18n Key Login",
      "body": "<ol>\n<li>Select the <strong>Login </strong>button on the canvas.</li>\n<li>From the <strong>Properties </strong>panel, navigate to the <strong>Look </strong> tab.</li>\n<li>Under the <strong>Appearance </strong>section, for the property <strong>Text i18n Key</strong>, select <strong>Login </strong>from the drop-down list.</li>\n</ol>\n<p>You have successfully configured i18n Keys for the texts inside <strong>frmUserLogin</strong>.</p>"
    },
    "navigationBar": {
      "left": {
        "text": "Previous"
      },
      "right": {
        "text": "Next"
      }
    }
  },
  "Card.VoltMX.InternationalWithLayoutV9.setPWD": {
    "content": {
      "title": "Set i18n Key Password",
      "body": "<ol>\n<li>Select the textbox with the text <strong>Password </strong>on the canvas.</li>\n<li>From the <strong>Properties </strong>panel, navigate to the <strong>Text Box </strong> tab.</li>\n<li>Under the <strong>General </strong>section, for the property <strong>Placeholder i18n Key</strong>, select <strong>Password </strong>from the drop-down list.</li>\n</ol>"
    },
    "navigationBar": {
      "left": {
        "text": "Previous"
      },
      "right": {
        "text": "Next"
      }
    }
  },
  "Card.VoltMX.InternationalWithLayoutV9.setUN": {
    "content": {
      "title": "Set i18n Key Username",
      "body": "<p>Now, let us set the <strong>i18n key</strong> values to the texts in <strong>frmUserLogin</strong>.</p>\n<ol>\n<li>Select the textbox with the text <strong>Username </strong>on the canvas.</li>\n<li>From the <strong>Properties </strong>panel, navigate to the <strong>Text Box </strong> tab.</li>\n<li>Under the <strong>General </strong>section, for the property <strong>Placeholder i18n Key</strong>, select <strong>Username </strong>from the drop-down list.</li>\n</ol>"
    },
    "navigationBar": {
      "left": {
        "text": "Previous"
      },
      "right": {
        "text": "Next"
      }
    }
  },
  "Card.VoltMX.InternationalWithLayoutV9.view": {
    "content": {
      "title": "Launch the App",
      "body": "<ol>\n<li>On your <strong>mobile </strong>device, after successful launch, the <strong>Volt MX JavaScript Debugger Configuration </strong>window appears.<br />Click <strong>Cancel</strong>.</li>\n<li>The Login form appears in the default locale layout.</li>\n<li>Kill the application.</li>\n<li>Change the language of the device to <strong>Arabic (United Arab Emirates)</strong>. For more information on how to do this in Android, refer the link <a href='#'onClick='javascript:openURL(\"https://m.wikihow.com/Change-the-Language-to-Arabic-on-Android\")'>here</a>.</li>\n<li>Open the application <strong>RecipientsMobile</strong><br />The Login form now appears with Arabic values and the layout also has changed to right.</li>\n</ol>"
    },
    "navigationBar": {
      "left": {
        "text": "Previous"
      },
      "right": {
        "text": "Next"
      }
    }
  }
}