{
  "Card.VoltMX.InternationalWithLayoutV9.intro": {
    "content": {
      "title": "佈局國際化",
      "body": "<p> <strong>國際化（i18n）</strong>可幫助您根據設備的語言環境顯示應用程序的內容。</p> \n <p>要將I18N合併到您的應用程序中，您必須定義各個字段的鍵值對，例如佔位符和文本。 在這裡，鑰匙是字段和值是所需語言中鍵的翻譯。</p> \n <p>在此徒步旅行中，您將：</p> \n <ul> \n <li>為應用程序</li>配置特定於阿拉伯語和英語的環境 \n <li>在應用程序中顯示的英語和阿拉伯語</li>中顯示的各種文本中添加鍵值對 \n <li>配置對App </li>中各個窗口小部件的阿拉伯環境支持的RTL支持 \n </ul> \n <p> <strong>您準備就緒時，單擊“開始”！</strong> </p>"
    },
    "navigationBar": {
      "left": {
        "text": "以前的"
      },
      "right": {
        "text": "開始"
      }
    }
  },
  "Card.VoltMX.InternationalWithLayoutV9.import1": {
    "content": {
      "title": "導入市場應用程序",
      "body": "***<ol> \n <li>從虹膜的主菜單中，導航到<strong> forge </strong>＆gt; <strong>瀏覽</strong>。<br /> <strong> volt mx Iris </strong>窗口出現。</li> \n <li>在搜索欄上，輸入<strong>收件人mobile </strong>。 <br/>單擊搜索按鈕。</li> \n <li>在出現的列表中，選擇<strong> colectientsMobile </strong>。<br /> <strong> colectients mobile </strong>出現的詳細信息。</li> \n <li>單擊<strong>導入到工作區</strong>。<br />可能需要一些時間才能讓Iris導入應用程序。<br/>如果您在此項目之前導入此項目，則<b> offrite錯誤對話</b> 5月 出現，單擊<strong>確定</strong>按鈕繼續。</li> \n <li>單擊<strong>在彈出窗口中繼續</strong>按鈕。</li> <li> {36}單擊<strong>在彈出窗口中替換</strong>按鈕。</li> \n <li>導入應用後，出現<strong> iris </strong>對話框。<br />單擊<strong> ok ok </strong>。</li> \n </ol>"
    },
    "navigationBar": {
      "left": {
        "text": "以前的"
      },
      "right": {
        "text": "下一個"
      }
    }
  },
  "Card.VoltMX.InternationalWithLayoutV9.import2": {
    "content": {
      "title": "導入示例應用程序",
      "body": "***<ol> \n <li>從虹膜的主菜單中，導航到<strong> project </strong>＆gt; <strong>打開</strong>＆gt; <strong> HCl Reference Architection </strong>，然後選擇<strong> colectientsMobile </strong>。<br />應用程序在<strong>情節板</strong>視圖中打開。<strong> <br /> {14} </strong> {15} </li> \n <li>雙擊<strong> frmuserlogin </strong>表單以打開<strong> design </strong>視圖中的表單。</li> \n </ol>"
    },
    "navigationBar": {
      "left": {
        "text": "以前的"
      },
      "right": {
        "text": "下一個"
      }
    }
  },
  "Card.VoltMX.InternationalWithLayoutV9.enable": {
    "content": {
      "title": "啟用國際化",
      "body": "<ol>從左導航菜單中，選擇<strong>設置</strong>。<br /> <strong>項目設置</strong>窗口出現。 \n </ol>"
    },
    "navigationBar": {
      "left": {
        "text": "以前的"
      },
      "right": {
        "text": "下一個"
      }
    }
  },
  "Card.VoltMX.InternationalWithLayoutV9.enable1": {
    "content": {
      "title": "啟用國際化",
      "body": "<ol> \n <li>從<strong>項目設置</strong>窗口，導航到<strong>應用程序</strong> tab。</li> \n <li>在<strong>國際化（I18n）下：</strong>節<strong>，</strong>選擇<strong>啟用</strong>。<br />出現兩個新字段。</li> \n <li>選擇<strong>啟用i18n佈局config </strong>。</li> \n <li>單擊<strong>配置</strong>。<br /> <strong>配置國際化</strong>窗口出現。</li> \n </ol>"
    },
    "navigationBar": {
      "left": {
        "text": "以前的"
      },
      "right": {
        "text": "下一個"
      }
    }
  },
  "Card.VoltMX.InternationalWithLayoutV9.enable2": {
    "content": {
      "title": "配置語言環境",
      "body": "<ol>在<strong>配置國際化</strong>窗口中，單擊<strong>配置locales </strong>。<br /> <strong>配置configure locales </strong>窗口在默認情況下顯示為預定的選項卡。 \n </ol>"
    },
    "navigationBar": {
      "left": {
        "text": "以前的"
      },
      "right": {
        "text": "下一個"
      }
    }
  },
  "Card.VoltMX.InternationalWithLayoutV9.configureE": {
    "content": {
      "title": "配置英語語言環境",
      "body": "<ol> \n <li>在<strong>搜索</strong>字段中，輸入：<strong> en_us </strong>。<br> <strong>英語</strong> \n <strong>美國</strong>出現<strong>的語言環境。 </strong> </li> \n <li>選擇LOCALE <strong> en_us </strong>。</li> \n <li>下<b>鏡像默認佈局</b>選擇<strong> flex位置屬性</strong>和<strong> flow Horizontal Alignment。</strong> </li> \n </ol>"
    },
    "navigationBar": {
      "left": {
        "text": "以前的"
      },
      "right": {
        "text": "下一個"
      }
    }
  },
  "Card.VoltMX.InternationalWithLayoutV9.configureA": {
    "content": {
      "title": "配置阿拉伯語語言環境",
      "body": "***<ol> \n <li>在<strong> search </strong>字段中，輸入：<strong> ar_ae </strong>。<br /> <strong>阿拉伯語</strong> Locale for <strong> uae </strong>出現。{10}出現。</li> \n <li>選擇LOCALE <b> ar_ae </b>。</li> \n <li> <b>鏡像默認佈局</b>選擇所有復選框。 這些是用於<strong> flex位置屬性，內容對齊</strong>和<strong>流水平對齊。<br /> </strong> {23}這意味著當設備的語言更改為<strong>阿拉伯語時，內容對齊將發生變化 （阿拉伯聯合酋長國）</strong>。</li> \n <li>單擊<strong>確定</strong>以返回<strong>配置國際化</strong>窗口。 <strong> <br /> </strong>您可以看到在此窗口中添加了三列：<strong> key </strong>，<strong> en_us </strong>，<strong> ar_ae </strong>。 \n </ol>"
    },
    "navigationBar": {
      "left": {
        "text": "以前的"
      },
      "right": {
        "text": "下一個"
      }
    }
  },
  "Card.VoltMX.InternationalWithLayoutV9.keyUN": {
    "content": {
      "title": "用戶名的鍵值對",
      "body": "***<p>讓我們為<strong> frmuserlogin </strong>的各種顯示文本提供一些鍵值對。</p> \n <ol> \n <li>單擊<strong>+</strong>。</li> \n <li>在列<strong>鍵</strong>下，Enter：<strong>用戶名</strong> </li> {14} \n <li>在列<strong> en_us </strong>下方，輸入：<strong>用戶名</strong> </li> {20} \n <li>在列<strong> ar_ae </strong>下方，輸入：<strong>اسمال疫氨基</strong> <span hk-tooltip='Arabic Translation for Username'> {26} <img src=\"https://i.ibb.co/Dfkmg6k/Button-Info-icon.png\" alt=\"Button-Info-icon\" width=\"10\" height=\"10\" /> {27} </span> </li> {29} \n </ol>"
    },
    "navigationBar": {
      "left": {
        "text": "以前的"
      },
      "right": {
        "text": "下一個"
      }
    }
  },
  "Card.VoltMX.InternationalWithLayoutV9.keyPWD": {
    "content": {
      "title": "密碼對密碼配對",
      "body": "***<ol> \n <li>單擊<strong>+</strong>。</li> \n <li>列<strong>鍵</strong>，Enter：<strong>密碼</strong> </li> {10} \n <li>在列<strong> en_us </strong>下，輸入：<strong>密碼</strong> </li> \n <li>在列<strong> ar_ae </strong>下方，輸入：<b>ك。 \n </ol>"
    },
    "navigationBar": {
      "left": {
        "text": "以前的"
      },
      "right": {
        "text": "下一個"
      }
    }
  },
  "Card.VoltMX.InternationalWithLayoutV9.keyLogin": {
    "content": {
      "title": "登錄的鍵值對",
      "body": "***<ol> \n <li>單擊<strong>+</strong>。</li> \n <li>列<strong>鍵</strong>，enter：<strong> login </strong> </li> {10} \n <li>在列<strong> en_us </strong>下，輸入：<strong> login </strong> </li> {16} \n <li>在列<strong> ar_ae </strong>下，輸入：<strong>碼}}}}}} </strong>} <span hk-tooltip='Arabic Translation for Login'> {22} <img src=\"https://i.ibb.co/Dfkmg6k/Button-Info-icon.png\" alt=\"Button-Info-icon\" width=\"10\" height=\"10\" /> {23} </span> </li> {25} {25} \n <li>單擊<strong>完成</strong>以返回<strong>項目設置</strong>窗口。</li> \n </ol>"
    },
    "navigationBar": {
      "left": {
        "text": "以前的"
      },
      "right": {
        "text": "下一個"
      }
    }
  },
  "Card.VoltMX.InternationalWithLayoutV9.default": {
    "content": {
      "title": "設置默認場所",
      "body": "***<ol> \n <li>在<strong> project設置</strong>窗口中，在<strong>國際化（i18n）下方</strong> {5}部分，for <strong> default locale </strong>，從下拉列表中，select select <strong> 阿拉伯語（阿拉伯聯合酋長國）</strong>。</li> \n <li>單擊<strong>完成</strong>。</li> \n </ol>"
    },
    "navigationBar": {
      "left": {
        "text": "以前的"
      },
      "right": {
        "text": "下一個"
      }
    }
  },
  "Card.VoltMX.InternationalWithLayoutV9.setUN": {
    "content": {
      "title": "設置I18N密鑰用戶名",
      "body": "<p>現在，讓我們將<strong> i18n鍵</strong>值設置為<strong> frmuserlogin </strong>中的文本。</p> \n <ol> \n <li>在畫布上選擇帶有文本<strong>用戶名</strong>的文本框。</li> \n <li>從<strong>屬性</strong>面板，導航到<strong>文本框</strong> tab。</li> \n <li>在<strong>常規</strong>部分下，對於屬性<strong>佔位符i18n鍵</strong>，從下拉列表中選擇<strong>用戶名</strong>。</li> \n </ol>"
    },
    "navigationBar": {
      "left": {
        "text": "以前的"
      },
      "right": {
        "text": "下一個"
      }
    }
  },
  "Card.VoltMX.InternationalWithLayoutV9.setPWD": {
    "content": {
      "title": "設置I18N密鑰密碼",
      "body": "<ol> \n <li>在畫布上選擇帶有文本<strong>密碼</strong>的文本框。</li> \n <li>從<strong>屬性</strong>面板，導航到<strong>文本框</strong> tab。</li> \n <li>在<strong>常規</strong>部分下，對於屬性<strong>佔位符i18n鍵</strong>，從下拉列表中選擇<strong>密碼</strong>。</li> \n </ol>"
    },
    "navigationBar": {
      "left": {
        "text": "以前的"
      },
      "right": {
        "text": "下一個"
      }
    }
  },
  "Card.VoltMX.InternationalWithLayoutV9.setLogin": {
    "content": {
      "title": "設置I18N密鑰登錄",
      "body": "<ol> \n <li>在畫布上選擇<strong>登錄</strong>按鈕。</li> \n <li>從<strong>屬性</strong>面板，導航到<strong> look </strong> tab。</li> \n <li>在<strong>外觀</strong>部分下，對於屬性<strong>文本I18N鍵</strong>，從下拉列表中選擇<strong>登錄</strong>。</li> \n </ol> \n <p>您已成功配置了<strong> frmuserlogin </strong>的文本的I18N鍵。</p>"
    },
    "navigationBar": {
      "left": {
        "text": "以前的"
      },
      "right": {
        "text": "下一個"
      }
    }
  },
  "Card.VoltMX.InternationalWithLayoutV9.connect": {
    "content": {
      "title": "連接移動設備",
      "body": "***<ol> \n <li>使用USB電纜將您的<strong>移動</strong>設備連接到計算機。<br />對於Android移動設備，請確保將USB的使用設置為<strong> Transfer </strong> <strong> {7}文件 </strong>。</li> \n <li>確保設備語言設置為<strong>英語（美國）</strong>。</li> \n </ol>"
    },
    "navigationBar": {
      "left": {
        "text": "以前的"
      },
      "right": {
        "text": "下一個"
      }
    }
  },
  "Card.VoltMX.InternationalWithLayoutV9.publish1": {
    "content": {
      "title": "發布應用程序",
      "body": "<ol> \n <li>從主菜單中，導航至<strong>構建</strong>。</li> \n <li>單擊<strong>構建並發布本機</strong>。<br /> <strong>構建和發布本機</strong>窗口出現。</li> \n </ol>"
    },
    "navigationBar": {
      "left": {
        "text": "以前的"
      },
      "right": {
        "text": "下一個"
      }
    }
  },
  "Card.VoltMX.InternationalWithLayoutV9.publish2": {
    "content": {
      "title": "發布應用程序",
      "body": "***<ol> \n <li>來自<strong> post build action </strong>下拉菜單，選擇<strong>在我的設備/仿真器</strong>上運行。</li> \n <li>從<strong>配置的設備和仿真器</strong>部分，在<strong> Mobile </strong>下，選擇您的<strong> Mobile </strong> </li> {14} \n <li>從<strong>構建模式</strong>下拉菜單，選擇<strong> debug </strong>。</li> \n <li>單擊<strong>構建</strong>。<br /> iris可能需要幾分鐘才能構建和啟動應用程序。</li> \n </ol>"
    },
    "navigationBar": {
      "left": {
        "text": "以前的"
      },
      "right": {
        "text": "下一個"
      }
    }
  },
  "Card.VoltMX.InternationalWithLayoutV9.view": {
    "content": {
      "title": "啟動該應用程序",
      "body": "***<ol> \n <li>在您的<strong>移動</strong>設備上，成功啟動後，<strong> volt mx javascript調試器配置</strong>窗口出現。<br />單擊<strong> cancel </strong>。 \n <li>登錄表格出現在默認場所佈局中。</li> \n <li>殺死應用程序。</li> \n <li>將設備的語言更改為<strong>阿拉伯語（阿拉伯聯合酋長國）</strong>。 有關如何在Android中執行此操作的更多信息，請參閱此處</a>的鏈接<a href='#'onClick='javascript:openURL(\"https://m.wikihow.com/Change-the-Language-to-Arabic-on-Android\")'>。</li> \n <li>打開應用程序<strong>收件人mobile </strong> <br />現在以阿拉伯值出現登錄表單，並且佈局也已更改為右。</li> \n </ol>"
    },
    "navigationBar": {
      "left": {
        "text": "以前的"
      },
      "right": {
        "text": "下一個"
      }
    }
  },
  "Card.VoltMX.InternationalWithLayoutV9.done": {
    "content": {
      "title": "恭喜",
      "body": "<p> <strong>您</strong> <strong>成功</strong>：</p> \n <ul> \n <li>配置了兩個語言環境</li> \n <li>提供了</li>中使用的不同文本的鍵值對 \n <li>在保留某些窗口小部件的位置和內容對齊的同時，為小部件提供了RTL支持</li> \n <li>以</li>的形式為小部件配置了i18n鍵 \n <li>查看移動設備的語言時，小部件和內容位置的差異。</li> \n </ul> \n <p>有關國際化的更多信息，請單擊<a href='#'onClick='javascript:openURL(\"https://opensource.hcltechsw.com/volt-mx-docs/docs/tutorials/internalizationAndLocalization.html\")'>此處</a>。</p>"
    },
    "navigationBar": {
      "left": {
        "text": "以前的"
      },
      "right": {
        "text": "完畢"
      }
    }
  }
}