{
  "kuid": "3f65a4t2-c3ac-4erd-b8u3-e02e61n1",
  "id": "VoltMX.IntrotoActionEditorV9.explore",
  "content": {
    "title": "Explore the App",
    "body": "<p>You will now be able to view the app on your <strong>mobile</strong> device. </p>\n<ol>\n<li>Click on the <strong>CREATE ACCOUNT&nbsp;</strong>button on your login screen, you will be navigated to the registration screen.</li>\n<li>Click on <strong>Sign Up</strong> button on your registration screen. <br/>A notification appears.</li>\n<li>Enter your Email ID in the text field&nbsp;and click on the <strong>Sign Up </strong>button.<br/>\nA notification appears giving you further instructions for Sign Up.</li>\n<li>To <strong>Exit</strong> the <strong>mobile</strong> device, swipe two fingers from left to right or shake your <strong>mobile</strong> device and click <strong>Exit App</strong>.</li>\n</ol>"
  },
  "pointer": {
    "direction": "left",
    "element": "",
    "type": "none"
  },
  "navigationType": "manual",
  "navigationBar": {
    "left": {
      "text": "Previous",
      "enable": true,
      "hide": false
    },
    "right": {
      "text": "Next",
      "enable": true,
      "hide": false
    }
  },
  "navigationCondition": "",
  "position": "BOTTOM_RIGHT",
  "meta": {
    "Creator": "Rashmi Menon",
    "CreatedOn": "Tue, 26 Nov 2019 05:34:27 GMT"
  },
  "context": [],
  "localization": {
    "en-us": {
      "content": {
        "title": "Explore the App",
        "body": "<p>You will now be able to view the app on your <strong>mobile</strong> device. </p>\n<ol>\n<li>Click on the <strong>CREATE ACCOUNT&nbsp;</strong>button on your login screen, you will be navigated to the registration screen.</li>\n<li>Click on <strong>Sign Up</strong> button on your registration screen. <br/>A notification appears.</li>\n<li>Enter your Email ID in the text field&nbsp;and click on the <strong>Sign Up </strong>button.<br/>\nA notification appears giving you further instructions for Sign Up.</li>\n<li>To <strong>Exit</strong> the <strong>mobile</strong> device, swipe two fingers from left to right or shake your <strong>mobile</strong> device and click <strong>Exit App</strong>.</li>\n</ol>"
      },
      "navigationBar": {
        "left": {
          "text": "Previous"
        },
        "right": {
          "text": "Next"
        }
      }
    },
    "zh-cn": {
      "content": {
        "title": "探索应用程序",
        "body": "<p>现在，您将能够在<strong>移动</strong>设备上查看该应用程序。 </p> \n <ol> \n <li>单击<strong>在登录屏幕上创建帐户＆nbsp; </strong>按钮，您将被导航到注册屏幕。</li> \n <li>单击<strong>在您的注册屏幕上注册</strong>按钮。 <br/>出现通知。</li> \n <li>在文本字段中输入您的电子邮件ID，然后单击<strong>注册</strong>按钮。<br/> \n 出现通知，您可以进一步指示注册。</li> \n <li>到<strong>退出</strong> <strong>移动</strong>设备，从左到右滑动两个手指，或摇动<strong>移动</strong>设备，然后单击<strong> Exit App </strong>。 </li> \n </ol>"
      },
      "navigationBar": {
        "left": {
          "text": "以前的"
        },
        "right": {
          "text": "下一个"
        }
      }
    },
    "zh-tw": {
      "content": {
        "title": "探索應用程序",
        "body": "<p>現在，您將能夠在<strong>移動</strong>設備上查看該應用程序。 </p> \n <ol> \n <li>單擊<strong>在登錄屏幕上創建帳戶＆nbsp; </strong>按鈕，您將被導航到註冊屏幕。</li> \n <li>單擊<strong>在您的註冊屏幕上註冊</strong>按鈕。 <br/>出現通知。</li> \n <li>在文本字段中輸入您的電子郵件ID，然後單擊<strong>註冊</strong>按鈕。<br/> \n 出現通知，您可以進一步指示註冊。</li> \n <li>到<strong>退出</strong> <strong>移動</strong>設備，從左到右滑動兩個手指，或搖動<strong>移動</strong>設備，然後單擊<strong> Exit App </strong>。 </li> \n </ol>"
      },
      "navigationBar": {
        "left": {
          "text": "以前的"
        },
        "right": {
          "text": "下一個"
        }
      }
    }
  }
}