{
    "kuid": "af734ct5-40a2-42r4-b0ue-ba0cbcne",
    "id": "VoltMX.IntroductionToInternation.import1",
    "content": {
        "title": "Import a Marketplace App",
        "body": "<ol>\n<li>From the main menu of the Iris, navigate to <strong>Forge</strong> &gt; <strong>Browse</strong>.<br />The <strong>Volt MX Iris</strong> window appears</li>\n<li>On the search bar, enter <strong>RecipientsMobile</strong>.</li>\n<li>Click search icon <img src=\"https://i.ibb.co/gmMPVjC/search-Icon.png\" alt=\"search icon\" width=\"13\" height=\"13\" />.</li>\n<li>In the list that appears, select <strong>RecipientsMobile</strong>.<br />The details of the <strong>RecipientsMobile</strong> appears.</li>\n<li>Click <strong>Import to Workspace</strong>.<br /> It may take some time for Iris to import the app.</li>\n<li>If you have imported this project before, the \"overwrite existing project\" error dialog may appear, simply click the OK button to proceed.</li>\n<li>Click <strong>Continue</strong> button in pop window.</li>\n<li>Click <strong>Replace</strong> button in pop window.</li>\n<li>After the app is imported, an <strong>Iris</strong> dialog appears.<br />Click <strong>Ok</strong>.</li>\n</ol>"
    },
    "pointer": {
        "direction": "left",
        "element": "",
        "type": "none"
    },
    "navigationType": "manual",
    "navigationBar": {
        "left": {
            "text": "Previous",
            "enable": true,
            "hide": false
        },
        "right": {
            "text": "Next",
            "enable": true,
            "hide": false
        }
    },
    "navigationCondition": "",
    "position": "BOTTOM_RIGHT",
    "meta": {
        "Creator": "Rashmi Menon",
        "CreatedOn": "Thu, 05 Dec 2019 05:42:16 GMT"
    },
    "context": []
}