{
    "kuid": "1016c6t0-52ac-47r3-96ud-ca6c8cn3",
    "id": "kony.CreateEmailIdCompV9.createCont2",
    "content": {
        "title": "Design the Label Widget",
        "body": "<ol><li>In the <b>Properties</b> panel, click <b>Skin</b>.</li>\n<li>Under the <b>BackGround</b> section, modify the values of the following properties:<br/>\n<ul><li>For the <b>Type</b> property, select <b>Single Color</b></li>\n<li>For the <b>Color</b> property, click the square next to it and modify the <b>#</b> value to <b>51b4ed</b></li>\n<li>For the <b>Opacity</b> property, in the text box, enter <b>100</b></li></ul></li>\n</ol>"
    },
    "pointer": {
        "direction": "top",
        "element": {
            "module": "propertieswindow",
            "itemType": "pw-tab",
            "info": {
                "tabName": "Skin"
            }
        },
        "type": "default"
    },
    "navigationType": "manual",
    "navigationBar": {
        "left": {
            "text": "Previous",
            "enable": true,
            "hide": false
        },
        "right": {
            "text": "Next",
            "enable": true,
            "hide": false
        }
    },
    "navigationCondition": "",
    "position": "BOTTOM_RIGHT",
    "meta": {
        "Creator": "Rashmi Menon",
        "CreatedOn": "Tue, 26 Nov 2019 05:51:56 GMT"
    },
    "context": []
}