{
  "kuid": "333d2dtc-2ca0-48re-b1u6-ef9d93nf",
  "id": "VoltMX.IntrotoActionEditorV9.condBeh2",
  "content": {
    "title": "Adding Conditions for Sign Up",
    "body": "<ol>\n<li>In the&nbsp;<strong>Action Editor&nbsp;</strong>left menu, under <strong>Conditions</strong>, select <strong>If</strong>.</li>\n<li>In the <strong>Action Editor </strong>right pane, you will notice:<br />\n<ul style=\"list-style-type: disc;\">\n<li><strong>Condition Type&nbsp;</strong> is selected as <strong>If&nbsp;</strong></li>\n<li><strong>Criteria</strong> is selected&nbsp;as <strong>Satisfy All</strong></li>\n</ul>\n</li>\n<li>Click on the box below <strong>Widget Property </strong>drop-down. <br />You will notice your project's forms and widgets being listed in a hierarchy.&nbsp;</li>\n<li>Navigate to <strong>Mobile Forms</strong> &gt;&nbsp;<strong>frmRegistration&nbsp;</strong>&gt;&nbsp;<strong>ACMERegister&nbsp;</strong>&gt;&nbsp;<strong>flxACMERegister </strong>and select&nbsp;<strong>tbxEmail</strong>.</li>\n<li>Select <strong>text</strong> in the right pane.</li>\n</ol>"
  },
  "pointer": {
    "direction": "left",
    "element": {
      "module": "actioneditor",
      "itemType": "ae-action-type",
      "info": {
        "actionType": "If"
      }
    },
    "type": "default"
  },
  "navigationType": "manual",
  "navigationBar": {
    "left": {
      "text": "Previous",
      "enable": true,
      "hide": false
    },
    "right": {
      "text": "Next",
      "enable": true,
      "hide": false
    }
  },
  "navigationCondition": "",
  "position": "CENTER",
  "meta": {
    "Creator": "Rashmi Menon",
    "CreatedOn": "Tue, 26 Nov 2019 04:47:27 GMT"
  },
  "context": [],
  "localization": {
    "en-us": {
      "content": {
        "title": "Adding Conditions for Sign Up",
        "body": "<ol>\n<li>In the&nbsp;<strong>Action Editor&nbsp;</strong>left menu, under <strong>Conditions</strong>, select <strong>If</strong>.</li>\n<li>In the <strong>Action Editor </strong>right pane, you will notice:<br />\n<ul style=\"list-style-type: disc;\">\n<li><strong>Condition Type&nbsp;</strong> is selected as <strong>If&nbsp;</strong></li>\n<li><strong>Criteria</strong> is selected&nbsp;as <strong>Satisfy All</strong></li>\n</ul>\n</li>\n<li>Click on the box below <strong>Widget Property </strong>drop-down. <br />You will notice your project's forms and widgets being listed in a hierarchy.&nbsp;</li>\n<li>Navigate to <strong>Mobile Forms</strong> &gt;&nbsp;<strong>frmRegistration&nbsp;</strong>&gt;&nbsp;<strong>ACMERegister&nbsp;</strong>&gt;&nbsp;<strong>flxACMERegister </strong>and select&nbsp;<strong>tbxEmail</strong>.</li>\n<li>Select <strong>text</strong> in the right pane.</li>\n</ol>"
      },
      "navigationBar": {
        "left": {
          "text": "Previous"
        },
        "right": {
          "text": "Next"
        }
      }
    },
    "zh-cn": {
      "content": {
        "title": "增加注册条件",
        "body": "***<ol> \n <li>在＆nbsp; <strong>操作编辑器＆nbsp; </strong>左菜单下，在<strong>条件</strong>下，选择<strong>如果</strong>。</li>。{8} \n <li>在<strong>操作编辑器</strong>右窗格中，您会注意到：<br /> \n <ul style=\"list-style-type: disc;\"> \n <li> <strong>条件类型＆nbsp; </strong>被选择为<strong> if＆nbsp; </strong> </li> {19} \n <li> <strong>标准</strong>被选择＆nbsp; as <strong>满足所有</strong> </li> \n </ul> \n </li> \n <li>单击下面的框<strong>窗口小部件属性</strong>下拉。 <br />您会注意到您的项目表格和小部件正在层次结构中列出。＆nbsp; </li> \n <li>导航至<strong>移动表单</strong>＆gt;＆nbsp; <strong> frmregistration＆nbsp; </strong>＆gt;＆nbsp;＆nbsp; <strong> acmeregister＆nbsp; </strong>＆gt; ; <strong> tbxemail </strong>。</li> \n <li>在右窗格中选择<strong>文本</strong>。</li> \n </ol>"
      },
      "navigationBar": {
        "left": {
          "text": "以前的"
        },
        "right": {
          "text": "下一个"
        }
      }
    },
    "zh-tw": {
      "content": {
        "title": "增加註冊條件",
        "body": "***<ol> \n <li>在＆nbsp; <strong>操作編輯器＆nbsp; </strong>左菜單下，在<strong>條件</strong>下，選擇<strong>如果</strong>。</li>。{8} \n <li>在<strong>操作編輯器</strong>右窗格中，您會注意到：<br /> \n <ul style=\"list-style-type: disc;\"> \n <li> <strong>條件類型＆nbsp; </strong>被選擇為<strong> if＆nbsp; </strong> </li> {19} \n <li> <strong>標準</strong>被選擇＆nbsp; as <strong>滿足所有</strong> </li> \n </ul> \n </li> \n <li>單擊下面的框<strong>窗口小部件屬性</strong>下拉。 <br />您會注意到您的項目表格和小部件正在層次結構中列出。＆nbsp; </li> \n <li>導航至<strong>移動表單</strong>＆gt;＆nbsp; <strong> frmregistration＆nbsp; </strong>＆gt;＆nbsp;＆nbsp; <strong> acmeregister＆nbsp; </strong>＆gt; ; <strong> tbxemail </strong>。</li> \n <li>在右窗格中選擇<strong>文本</strong>。</li> \n </ol>"
      },
      "navigationBar": {
        "left": {
          "text": "以前的"
        },
        "right": {
          "text": "下一個"
        }
      }
    }
  }
}