{
  "kuid": "292959ta-7ba6-42r9-b9u4-a59c52n2",
  "id": "VoltMX.addLoginServiceV9.addUser",
  "content": {
    "title": "Add User for Authentication",
    "body": "<ol>\n<li>Click&nbsp;<strong>Add User</strong>.<br /> The<strong> Add User&nbsp;</strong>window appears.</li>\n<li>Enter the following values in the respective fields:\n<ul style=\"list-style-type: disc\">\n<li>Email/Username:<strong> john.doe@woodburn.com</strong></li>\n<li>First Name:<strong> John</strong></li>\n<li>Last Name:<strong> Doe</strong></li>\n<li>Password:<strong> VoltMX@123</strong></li>\n<li>Re-Enter Password:<strong> VoltMX@123</strong></li>\n<li>From&nbsp;<strong>Add/Select Group (s)</strong>, ensure the checkbox for&nbsp;<strong>Members </strong>is selected from the drop-down.</li>\n</ul></li>\n<li>Click&nbsp;<strong>Add User</strong>.</li>\n</ol>\n<p>A user is added to the repository.<br /> Note the Login credentials for testing.</p>"
  },
  "pointer": {
    "direction": "left",
    "element": {
      "module": "mfconsole"
    },
    "type": "default"
  },
  "navigationType": "manual",
  "navigationBar": {
    "left": {
      "text": "Previous",
      "enable": true,
      "hide": false
    },
    "right": {
      "text": "Next",
      "enable": true,
      "hide": false
    }
  },
  "navigationCondition": "",
  "position": "BOTTOM_RIGHT",
  "meta": {
    "Creator": "Rashmi Menon",
    "CreatedOn": "Wed, 18 Dec 2019 09:10:52 GMT"
  },
  "context": [],
  "localization": {
    "en-us": {
      "content": {
        "title": "Add User for Authentication",
        "body": "<ol>\n<li>Click&nbsp;<strong>Add User</strong>.<br /> The<strong> Add User&nbsp;</strong>window appears.</li>\n<li>Enter the following values in the respective fields:\n<ul style=\"list-style-type: disc\">\n<li>Email/Username:<strong> john.doe@woodburn.com</strong></li>\n<li>First Name:<strong> John</strong></li>\n<li>Last Name:<strong> Doe</strong></li>\n<li>Password:<strong> VoltMX@123</strong></li>\n<li>Re-Enter Password:<strong> VoltMX@123</strong></li>\n<li>From&nbsp;<strong>Add/Select Group (s)</strong>, ensure the checkbox for&nbsp;<strong>Members </strong>is selected from the drop-down.</li>\n</ul></li>\n<li>Click&nbsp;<strong>Add User</strong>.</li>\n</ol>\n<p>A user is added to the repository.<br /> Note the Login credentials for testing.</p>"
      },
      "navigationBar": {
        "left": {
          "text": "Previous"
        },
        "right": {
          "text": "Next"
        }
      }
    },
    "zh-cn": {
      "content": {
        "title": "添加用户进行身份验证",
        "body": "***<ol> \n <li>单击＆nbsp; <strong>添加用户</strong>。<br /> <strong>添加user＆nbsp; </strong>窗口出现。</li> \n <li>在各个字段中输入以下值： \n <ul style=\"list-style-type: disc\"> \n <li>电子邮件/用户名：<strong> john.doe@woodburn.com </strong> </li> \n <li>名字：<strong> John </strong> </li> \n <li>姓氏：<strong> doe </strong> </li> \n <li>密码：<strong> voltmx@123 </strong> </li> \n <li>重新输入密码：<strong> voltmx@123 </strong> </li> \n <li>来自＆nbsp; <strong> add/select组（s）</strong>，确保从下拉列表中选择＆nbsp; <strong>成员的复选框。</li>。{35} \n </ul> </li> \n <li>单击＆nbsp; <strong>添加用户</strong>。</li> \n </ol> \n <p>将用户添加到存储库中。<br />注意测试的登录凭据。</p>"
      },
      "navigationBar": {
        "left": {
          "text": "以前的"
        },
        "right": {
          "text": "下一个"
        }
      }
    },
    "zh-tw": {
      "content": {
        "title": "添加用戶進行身份驗證",
        "body": "***<ol> \n <li>單擊＆nbsp; <strong>添加用戶</strong>。<br /> <strong>添加user＆nbsp; </strong>窗口出現。</li> \n <li>在各個字段中輸入以下值： \n <ul style=\"list-style-type: disc\"> \n <li>電子郵件/用戶名：<strong> john.doe@woodburn.com </strong> </li> \n <li>名字：<strong> John </strong> </li> \n <li>姓氏：<strong> doe </strong> </li> \n <li>密碼：<strong> voltmx@123 </strong> </li> \n <li>重新輸入密碼：<strong> voltmx@123 </strong> </li> \n <li>來自＆nbsp; <strong> add/select組（s）</strong>，確保從下拉列表中選擇＆nbsp; <strong>成員的複選框。</li>。{35} \n </ul> </li> \n <li>單擊＆nbsp; <strong>添加用戶</strong>。</li> \n </ol> \n <p>將用戶添加到存儲庫中。<br />注意測試的登錄憑據。</p>"
      },
      "navigationBar": {
        "left": {
          "text": "以前的"
        },
        "right": {
          "text": "下一個"
        }
      }
    }
  }
}