{
  "kuid": "bce855t1-00ab-44rc-86uf-c8d73an9",
  "id": "VoltMX.ConnectAppUItoDataMob_v9.launch",
  "content": {
    "title": "View the App",
    "body": "<ol>\n<li>Enter the following login credentials in your app:\n<ul style=\"list-style-type: disc\">\n<li>Username:&nbsp;<strong>john.doe@woodburn.com</strong></li>\n<li>Password:&nbsp;<strong>VoltMX@123</strong></li>\n</ul>\n</li>\n<li>Click&nbsp;<strong>Login&nbsp;</strong>to view the list of the accounts.</li>\n<li>Click&nbsp;<strong>Recipients</strong> to view the list of recipients.</li>\n<li>To exit the app on your&nbsp;<strong>mobile </strong>device, swipe two fingers from left to right or shake your&nbsp;<strong>mobile </strong>device and click&nbsp;<strong>Exit App</strong>.</li>\n</ol>"
  },
  "pointer": {
    "direction": "left",
    "element": "",
    "type": "none"
  },
  "navigationType": "manual",
  "navigationBar": {
    "left": {
      "text": "Previous",
      "enable": true,
      "hide": false
    },
    "right": {
      "text": "Next",
      "enable": true,
      "hide": false
    }
  },
  "navigationCondition": "",
  "position": "CENTER",
  "meta": {
    "Creator": "Rashmi Menon",
    "CreatedOn": "Mon, 23 Mar 2020 08:48:45 GMT"
  },
  "context": [],
  "localization": {
    "en-us": {
      "content": {
        "title": "View the App",
        "body": "<ol>\n<li>Enter the following login credentials in your app:\n<ul style=\"list-style-type: disc\">\n<li>Username:&nbsp;<strong>john.doe@woodburn.com</strong></li>\n<li>Password:&nbsp;<strong>VoltMX@123</strong></li>\n</ul>\n</li>\n<li>Click&nbsp;<strong>Login&nbsp;</strong>to view the list of the accounts.</li>\n<li>Click&nbsp;<strong>Recipients</strong> to view the list of recipients.</li>\n<li>To exit the app on your&nbsp;<strong>mobile </strong>device, swipe two fingers from left to right or shake your&nbsp;<strong>mobile </strong>device and click&nbsp;<strong>Exit App</strong>.</li>\n</ol>"
      },
      "navigationBar": {
        "left": {
          "text": "Previous"
        },
        "right": {
          "text": "Next"
        }
      }
    },
    "zh-cn": {
      "content": {
        "title": "查看应用程序",
        "body": "<ol> \n <li>在您的应用中输入以下登录凭据： \n <ul style=\"list-style-type: disc\"> \n <li>用户名：＆nbsp; <strong> john.doe@woodburn.com </strong> </li> \n <li>密码：＆nbsp; <strong> voltmx@123 </strong> </li> \n </ul> \n </li> \n <li> click＆nbsp; <strong>登录＆nbsp; </strong>查看帐户列表。</li> \n <li>单击＆nbsp; <strong>收件人</strong>查看收件人列表。</li> \n <li>在您的＆nbsp; <strong>移动</strong>设备上退出应用程序，从左到右刷两个手指，或摇动您的＆nbsp; <strong>移动</strong>设备，然后单击＆nbsp; <strong> exit app </strong>。 </li> \n </ol>"
      },
      "navigationBar": {
        "left": {
          "text": "以前的"
        },
        "right": {
          "text": "下一个"
        }
      }
    },
    "zh-tw": {
      "content": {
        "title": "查看應用程序",
        "body": "<ol> \n <li>在您的應用中輸入以下登錄憑據： \n <ul style=\"list-style-type: disc\"> \n <li>用戶名：＆nbsp; <strong> john.doe@woodburn.com </strong> </li> \n <li>密碼：＆nbsp; <strong> voltmx@123 </strong> </li> \n </ul> \n </li> \n <li> click＆nbsp; <strong>登錄＆nbsp; </strong>查看帳戶列表。</li> \n <li>單擊＆nbsp; <strong>收件人</strong>查看收件人列表。</li> \n <li>在您的＆nbsp; <strong>移動</strong>設備上退出應用程序，從左到右刷兩個手指，或搖動您的＆nbsp; <strong>移動</strong>設備，然後單擊＆nbsp; <strong> exit app </strong>。 </li> \n </ol>"
      },
      "navigationBar": {
        "left": {
          "text": "以前的"
        },
        "right": {
          "text": "下一個"
        }
      }
    }
  }
}