{
  "kuid": "549d34ta-fba5-4br1-87u3-478a3dn7",
  "id": "VoltMX.UserRepositoryAuthV9.Intro",
  "content": {
    "title": "Introduction to User Repository",
    "body": "In this hike, we will:<br/>\n<ul>\n<li>Add <b>Volt MX User Repository</b> as an authentication source to your app</li>\n<li>Use <b>Volt MX User Repository</b> in your app to authorize users</li></ul>"
  },
  "pointer": {
    "direction": "left",
    "element": "",
    "type": "none"
  },
  "navigationType": "manual",
  "navigationBar": {
    "left": {
      "text": "Previous",
      "enable": false,
      "hide": true
    },
    "right": {
      "text": "Start",
      "enable": true,
      "hide": false
    }
  },
  "navigationCondition": "",
  "position": "CENTER",
  "meta": {
    "Creator": "Rashmi Menon",
    "CreatedOn": "Wed, 27 Nov 2019 06:25:02 GMT"
  },
  "context": [],
  "localization": {
    "en-us": {
      "content": {
        "title": "Introduction to User Repository",
        "body": "In this hike, we will:<br/>\n<ul>\n<li>Add <b>Volt MX User Repository</b> as an authentication source to your app</li>\n<li>Use <b>Volt MX User Repository</b> in your app to authorize users</li></ul>"
      },
      "navigationBar": {
        "left": {
          "text": "Previous"
        },
        "right": {
          "text": "Start"
        }
      }
    },
    "zh-cn": {
      "content": {
        "title": "用户存储库简介",
        "body": "在这次远足中，我们将：<br/> \n <ul> \n <li>添加<b> Volt MX用户存储库</b>作为您应用的身份验证源</li> \n <li>在您的应用中使用<b> Volt MX用户存储库</b>以授权用户</li> </ul>"
      },
      "navigationBar": {
        "left": {
          "text": "以前的"
        },
        "right": {
          "text": "开始"
        }
      }
    },
    "zh-tw": {
      "content": {
        "title": "用戶存儲庫簡介",
        "body": "在這次遠足中，我們將：<br/> \n <ul> \n <li>添加<b> Volt MX用戶存儲庫</b>作為您應用的身份驗證源</li> \n <li>在您的應用中使用<b> Volt MX用戶存儲庫</b>以授權用戶</li> </ul>"
      },
      "navigationBar": {
        "left": {
          "text": "以前的"
        },
        "right": {
          "text": "開始"
        }
      }
    }
  }
}