{
    "kuid": "c7240et3-b1a9-40r4-afu5-73bc3bn4",
    "id": "VoltMX.CreateServicesV9.createAccountsService",
    "content": {
        "title": "Create a New Service",
        "body": "<ol>\n<li>From the <strong>Data &amp; Services</strong> panel, expand <strong>Project Services</strong>.</li>\n<li>Click <strong>Configure New</strong>.</li>\n<li>Under the <strong>Data Storage</strong> section, select <strong>Import Excel File</strong>.<br /> Iris may take some time to open the <strong>Edit Object Service</strong> window.</li>\n<li>In the <strong>Import File</strong> dialog box, drag the <strong>Accounts.xlsx</strong> file from the extracted files.</li>\n<li>After the file is uploaded, click <strong>Next</strong>.</li>\n<li>Ensure that <strong>Accounts</strong> is selected under <strong>Excel Sheet Name</strong>, and then click <strong>Import</strong>.</li>\n<li>Click <strong>Done</strong> and wait for the <strong>Object(s) Saved Successfully</strong> advisory message before proceeding to the next step. <br /></br>The <b>Data Model</b> configuration window appears.</li>\n</ol>"
    },
    "pointer": {
        "direction": "top",
        "element": {
            "module": "datapanel",
            "itemType": "dp_tab"
        },
        "type": "default"
    },
    "navigationType": "manual",
    "navigationBar": {
        "left": {
            "text": "Previous",
            "enable": true,
            "hide": false
        },
        "right": {
            "text": "Next",
            "enable": true,
            "hide": false
        }
    },
    "navigationCondition": "",
    "position": "BOTTOM_RIGHT",
    "meta": {
        "Creator": "Sparsh Srivastava",
        "CreatedOn": "Wed, 18 Dec 2019 09:00:13 GMT"
    },
    "context": []
}