{
  "kuid": "9013aat0-fba6-4crd-8dud-142691nb",
  "id": "VoltMX.ResponsiveBreakV9.view",
  "content": {
    "title": "View the Responsiveness of the Screens",
    "body": "<ol>\n<li>Click the add <strong>(+) </strong>icon to add a recipient.<br />Drag and resize the form canvas to see the change in the layout of the form.<br />Alternatively, from the top of the <strong>Volt MX Iris Preview</strong> window, use the dimensions specifier to change the dimensions and see the change in layout.</li>\n<li>Select a recipient from the list to view their details.</li>\n<li>From the details page, click the <strong>Delete </strong>button to delete the recipient.</li>\n<li>From the details page, click the <strong>Edit</strong> button to edit the recipient details.<br />Drag and resize the form canvas to see the change in the layout of the form.<br />Alternatively, from the top of the <strong>Volt MX Iris Preview</strong> window, use the dimensions specifier to change the dimensions and see the change in layout.</li>\n<li>Click the logout button <img src=\"https://i.ibb.co/WcS0Fd5/logout.jpg\" alt=\"logout\" width=\"13\" height=\"13\"> on top of the screen to navigate to the login screen.</li>\n</ol>"
  },
  "pointer": {
    "direction": "left",
    "element": "",
    "type": "none"
  },
  "navigationType": "manual",
  "navigationBar": {
    "left": {
      "text": "Previous",
      "enable": true,
      "hide": false
    },
    "right": {
      "text": "Next",
      "enable": true,
      "hide": false
    }
  },
  "navigationCondition": "",
  "position": "CENTER",
  "meta": {
    "Creator": "Prem Garudadri",
    "CreatedOn": "Thu, 19 Dec 2019 06:22:18 GMT"
  },
  "context": [],
  "localization": {
    "en-us": {
      "content": {
        "title": "View the Responsiveness of the Screens",
        "body": "<ol>\n<li>Click the add <strong>(+) </strong>icon to add a recipient.<br />Drag and resize the form canvas to see the change in the layout of the form.<br />Alternatively, from the top of the <strong>Volt MX Iris Preview</strong> window, use the dimensions specifier to change the dimensions and see the change in layout.</li>\n<li>Select a recipient from the list to view their details.</li>\n<li>From the details page, click the <strong>Delete </strong>button to delete the recipient.</li>\n<li>From the details page, click the <strong>Edit</strong> button to edit the recipient details.<br />Drag and resize the form canvas to see the change in the layout of the form.<br />Alternatively, from the top of the <strong>Volt MX Iris Preview</strong> window, use the dimensions specifier to change the dimensions and see the change in layout.</li>\n<li>Click the logout button <img src=\"https://i.ibb.co/WcS0Fd5/logout.jpg\" alt=\"logout\" width=\"13\" height=\"13\"> on top of the screen to navigate to the login screen.</li>\n</ol>"
      },
      "navigationBar": {
        "left": {
          "text": "Previous"
        },
        "right": {
          "text": "Next"
        }
      }
    },
    "zh-cn": {
      "content": {
        "title": "查看屏幕的响应能力",
        "body": "<ol> \n <li>单击添加<strong>（+）</strong>图标添加收件人。<br />拖动并调整表单帆布的大小，以查看表单的布局中的更改。<br />另外，从 <strong> Volt MX Iris Preview </strong>窗口，使用Dimensions指定器更改尺寸并查看布局的更改。</li> \n <li>从列表中选择一个收件人以查看其详细信息。</li> \n <li>从详细信息页面中，单击<strong>删除</strong>按钮以删除收件人。</li> \n <li>从详细信息页面中，单击<strong>编辑</strong>按钮以编辑收件人详细信息。<br />拖动并调整表单帆布的大小，以查看表单布局的更改。<br />，另外，从 <strong> Volt MX Iris Preview </strong>窗口的顶部，使用Dimensions Specifier更改尺寸并查看布局的更改。</li> \n <li>单击屏幕顶部的注销按钮<img src=\"https://i.ibb.co/WcS0Fd5/logout.jpg\" alt=\"logout\" width=\"13\" height=\"13\">以导航到登录屏幕。</li> \n </ol>"
      },
      "navigationBar": {
        "left": {
          "text": "以前的"
        },
        "right": {
          "text": "下一个"
        }
      }
    },
    "zh-tw": {
      "content": {
        "title": "查看屏幕的響應能力",
        "body": "<ol> \n <li>單擊添加<strong>（+）</strong>圖標添加收件人。<br />拖動並調整表單帆布的大小，以查看表單的佈局中的更改。<br />另外，從 <strong> Volt MX Iris Preview </strong>窗口，使用Dimensions指定器更改尺寸並查看佈局的更改。</li> \n <li>從列表中選擇一個收件人以查看其詳細信息。</li> \n <li>從詳細信息頁面中，單擊<strong>刪除</strong>按鈕以刪除收件人。</li> \n <li>從詳細信息頁面中，單擊<strong>編輯</strong>按鈕以編輯收件人詳細信息。<br />拖動並調整表單帆布的大小，以查看表單佈局的更改。<br />，另外，從 <strong> Volt MX Iris Preview </strong>窗口的頂部，使用Dimensions Specifier更改尺寸並查看佈局的更改。</li> \n <li>單擊屏幕頂部的註銷按鈕<img src=\"https://i.ibb.co/WcS0Fd5/logout.jpg\" alt=\"logout\" width=\"13\" height=\"13\">以導航到登錄屏幕。</li> \n </ol>"
      },
      "navigationBar": {
        "left": {
          "text": "以前的"
        },
        "right": {
          "text": "下一個"
        }
      }
    }
  }
}