{
  "kuid": "cc4d73t9-d9aa-4frf-88uc-188d60na",
  "id": "VoltMX.CreateServicesWebV9.configurePayService",
  "content": {
    "title": "Configure the Payee Service",
    "body": "<ol>\n<li>On the top-left corner, click the service name.</li>\n<li>In the Name box, type <strong>RecipientStorage2</strong>.</li>\n<li>Under <strong>Sample Data</strong>, drag the <strong>Recipients.zip</strong> file from the extracted files.</li><li>For the  <b>Delete Strategy</b> option, select <b>Hard Delete</b>.\n<li>Click <strong>Save</strong>.</li>\n<li>Close the <strong>Edit Object Service</strong> window.<br /> It may take some time for Iris to add the service to the <strong>Project Services</strong> section.</li>\n</ol>"
  },
  "pointer": {
    "direction": "left",
    "element": "",
    "type": "none"
  },
  "navigationType": "manual",
  "navigationBar": {
    "left": {
      "text": "Previous",
      "enable": true,
      "hide": false
    },
    "right": {
      "text": "Next",
      "enable": true,
      "hide": false
    }
  },
  "navigationCondition": "",
  "position": "BOTTOM_RIGHT",
  "meta": {
    "Creator": "Rashmi Menon",
    "CreatedOn": "Thu, 19 Dec 2019 06:29:57 GMT"
  },
  "context": [],
  "localization": {
    "en-us": {
      "content": {
        "title": "Configure the Payee Service",
        "body": "<ol>\n<li>On the top-left corner, click the service name.</li>\n<li>In the Name box, type <strong>RecipientStorage2</strong>.</li>\n<li>Under <strong>Sample Data</strong>, drag the <strong>Recipients.zip</strong> file from the extracted files.</li><li>For the  <b>Delete Strategy</b> option, select <b>Hard Delete</b>.\n<li>Click <strong>Save</strong>.</li>\n<li>Close the <strong>Edit Object Service</strong> window.<br /> It may take some time for Iris to add the service to the <strong>Project Services</strong> section.</li>\n</ol>"
      },
      "navigationBar": {
        "left": {
          "text": "Previous"
        },
        "right": {
          "text": "Next"
        }
      }
    },
    "zh-cn": {
      "content": {
        "title": "配置收款人服务",
        "body": "***<ol> \n <li>在左上角，单击服务名称。</li> \n <li>在名称框中，键入<strong> colectStorage2 </strong>。</li> \n <li>在<strong>下示例数据</strong>下，从提取的文件中拖动<strong> colect.zip </strong>文件。</li> <li> <b>删除策略</b>选项 16}硬删除</b>。 \n <li>单击<strong>保存</strong>。</li> \n <li>关闭<strong>编辑对象服务</strong>窗口。<br /> iris可能需要一些时间将服务添加到<strong> project Services </strong>节。</li> \n </ol>"
      },
      "navigationBar": {
        "left": {
          "text": "以前的"
        },
        "right": {
          "text": "下一个"
        }
      }
    },
    "zh-tw": {
      "content": {
        "title": "配置收款人服務",
        "body": "***<ol> \n <li>在左上角，單擊服務名稱。</li> \n <li>在名稱框中，鍵入<strong> colectStorage2 </strong>。</li> \n <li>在<strong>下示例數據</strong>下，從提取的文件中拖動<strong> colect.zip </strong>文件。</li> <li> <b>刪除策略</b>選項 16}硬刪除</b>。 \n <li>單擊<strong>保存</strong>。</li> \n <li>關閉<strong>編輯對象服務</strong>窗口。<br /> iris可能需要一些時間將服務添加到<strong> project Services </strong>節。</li> \n </ol>"
      },
      "navigationBar": {
        "left": {
          "text": "以前的"
        },
        "right": {
          "text": "下一個"
        }
      }
    }
  }
}