{
    "kuid": "f14a76t8-81ae-4br9-89ue-b0369fn6",
    "id": "VoltMX.UsingTestRecorder_v9.testCase2",
    "content": {
        "title": "Create the Second Test Case",
        "body": "<ol>\n<li>From the <strong>Project</strong> Explorer, navigate to <strong>Test Resources</strong> &gt; <strong>Jasmine</strong> &gt; <strong>Mobile</strong>.</li>\n<li>Right-click <strong>Test Cases</strong> and select <strong>Create Test Case</strong>.<br />The <strong>Test Case Recorder</strong> window appears.</li>\n</ol>"
    },
    "pointer": {
        "direction": "left",
        "element": "",
        "type": "none"
    },
    "navigationType": "manual",
    "navigationBar": {
        "left": {
            "text": "Previous",
            "enable": true,
            "hide": false
        },
        "right": {
            "text": "Next",
            "enable": true,
            "hide": false
        }
    },
    "navigationCondition": "",
    "position": "BOTTOM_RIGHT",
    "meta": {
        "Creator": "Rashmi Menon",
        "CreatedOn": "Thu, 27 Feb 2020 09:06:29 GMT"
    },
    "context": []
}