{
  "kuid": "8dd92btc-aaab-44re-b3ub-f9f84cnf",
  "id": "VoltMX.CreateEmailIdCompV9.build",
  "content": {
    "title": "Build the App",
    "body": "<ol>\n<li>From the main menu, go to <b>Build</b> and select <b>Live Preview Settings</b>.</li>\n<li>In the <b>Live Preview Settings</b> window, under <b>Native</b>, select checkboxes next to OS of the <b>mobile</b> device on which you are going to view the app.<br/>\nFor example: <b>iOS</b> and <b>Android</b><br/>\nEnsure that you have unselected the checkboxes for all other platforms and channels.\n<li>Click <b>Save & Run</b>.<br/>\nIt may take some time for the Iris to show the <b>Live Preview is ready</b> window."
  },
  "pointer": {
    "direction": "left",
    "element": "",
    "type": "none"
  },
  "navigationType": "manual",
  "navigationBar": {
    "left": {
      "text": "Previous",
      "enable": true,
      "hide": false
    },
    "right": {
      "text": "Next",
      "enable": true,
      "hide": false
    }
  },
  "navigationCondition": "",
  "position": "BOTTOM_RIGHT",
  "meta": {
    "Creator": "Rashmi Menon",
    "CreatedOn": "Tue, 26 Nov 2019 06:46:10 GMT"
  },
  "context": [],
  "localization": {
    "en-us": {
      "content": {
        "title": "Build the App",
        "body": "<ol>\n<li>From the main menu, go to <b>Build</b> and select <b>Live Preview Settings</b>.</li>\n<li>In the <b>Live Preview Settings</b> window, under <b>Native</b>, select checkboxes next to OS of the <b>mobile</b> device on which you are going to view the app.<br/>\nFor example: <b>iOS</b> and <b>Android</b><br/>\nEnsure that you have unselected the checkboxes for all other platforms and channels.\n<li>Click <b>Save & Run</b>.<br/>\nIt may take some time for the Iris to show the <b>Live Preview is ready</b> window."
      },
      "navigationBar": {
        "left": {
          "text": "Previous"
        },
        "right": {
          "text": "Next"
        }
      }
    },
    "zh-cn": {
      "content": {
        "title": "构建应用程序",
        "body": "<ol> \n <li>从主菜单中，转到<b>构建</b>，然后选择<b> Live Preview设置</b>。</li> \n <li>在<b> Live Preview设置</b>窗口中，在<b>本机</b>下，选择要查看应用程序的<b>移动</b>设备的OS旁边的复选框。 <br/> \n 例如：<b> ios </b>和<b> android </b> <br/> \n 确保您未选择所有其他平台和频道的复选框。 \n <li>单击<b>保存并运行</b>。<br/> \n 虹膜可能需要一些时间才能显示<b>实时预览已准备就绪</b>窗口。"
      },
      "navigationBar": {
        "left": {
          "text": "以前的"
        },
        "right": {
          "text": "下一个"
        }
      }
    },
    "zh-tw": {
      "content": {
        "title": "構建應用程序",
        "body": "<ol> \n <li>從主菜單中，轉到<b>構建</b>，然後選擇<b> Live Preview設置</b>。</li> \n <li>在<b> Live Preview設置</b>窗口中，在<b>本機</b>下，選擇要查看應用程序的<b>移動</b>設備的OS旁邊的複選框。 <br/> \n 例如：<b> ios </b>和<b> android </b> <br/> \n 確保您未選擇所有其他平台和頻道的複選框。 \n <li>單擊<b>保存並運行</b>。<br/> \n 虹膜可能需要一些時間才能顯示<b>實時預覽已準備就緒</b>窗口。"
      },
      "navigationBar": {
        "left": {
          "text": "以前的"
        },
        "right": {
          "text": "下一個"
        }
      }
    }
  }
}