{
    "kuid": "71afd163-a524-45e2-9f8d-f1262b1f",
    "id": "Kony.NewLaunchApp.Viewing",
    "content": {
        "title": "Explore the App",
        "body": "<p>You will now be able to view the app on your <strong>mobile</strong> device. </p>\n<ol>\n<li>Enter the following login credentials in your app:\n<ul>\n<li>Username: <strong>testuser@samples.kony.com</strong></li>\n<li>Password: <strong>test@123</strong></li>\n</ul>\n</li>\n<li>Click <strong>Login</strong>.<br /> The Employee list appears.</li>\n<li>To view the details of a particular employee, click the employee's name.</li>\n<li>To <strong>Exit</strong> the <strong>mobile</strong> device, swipe two fingers from left to right or shake your <strong>mobile</strong> device and click <strong>Exit App</strong>.</li>\n</ol>"
    },
    "position": "CENTER",
    "navigationType": "manual",
    "navigationCondition": "",
    "pointer": {
        "direction": "left",
        "element": "",
        "type": "none"
    },
    "navigationBar": {
        "left": {
            "text": "Previous",
            "hide": false,
            "enable": true
        },
        "right": {
            "text": "Next",
            "enable": true,
            "hide": false
        }
    }
}