{
  "kuid": "f403ecta-b6a2-40rc-81ua-50eb95n6",
  "id": "VoltMX.AuthApp.MappingEditor",
  "content": {
    "title": "Map Login Parameters to UI",
    "body": "<ol>\n<li>From the Action Editor canvas,&nbsp;click on <strong>Invoke Service: UserAuthentication2$login</strong>, and select&nbsp;<strong>Open Mapping Editor</strong> in the right pane of action editor.<br />The Mapping Editor appears in the right pane of the canvas.</li>\n<li>From the left pane of the <strong>Mapping Editor</strong>, expand <strong>Forms</strong> &gt; <strong>frmLogin</strong>.</li>\n<li>From the right pane of the <strong>Mapping Editor</strong>, expand <strong>Services</strong> &gt; <strong>Service &ndash; UserAuthentication2$login</strong>.</li>\n</ol>"
  },
  "pointer": {
    "direction": "left",
    "element": {
      "module": "actioneditor",
      "css_selector": "div[class='kwt100 open-mapping-editor']"
    },
    "type": "default"
  },
  "navigationType": "manual",
  "navigationBar": {
    "left": {
      "text": "Previous",
      "enable": true,
      "hide": false
    },
    "right": {
      "text": "Next",
      "enable": true,
      "hide": false
    }
  },
  "navigationCondition": "",
  "position": "BOTTOM_LEFT",
  "meta": {
    "Creator": "Deepti Ravula",
    "CreatedOn": "Thu, 19 Dec 2019 06:42:37 GMT"
  },
  "context": [],
  "localization": {
    "en-us": {
      "content": {
        "title": "Map Login Parameters to UI",
        "body": "<ol>\n<li>From the Action Editor canvas,&nbsp;click on <strong>Invoke Service: UserAuthentication2$login</strong>, and select&nbsp;<strong>Open Mapping Editor</strong> in the right pane of action editor.<br />The Mapping Editor appears in the right pane of the canvas.</li>\n<li>From the left pane of the <strong>Mapping Editor</strong>, expand <strong>Forms</strong> &gt; <strong>frmLogin</strong>.</li>\n<li>From the right pane of the <strong>Mapping Editor</strong>, expand <strong>Services</strong> &gt; <strong>Service &ndash; UserAuthentication2$login</strong>.</li>\n</ol>"
      },
      "navigationBar": {
        "left": {
          "text": "Previous"
        },
        "right": {
          "text": "Next"
        }
      }
    },
    "zh-cn": {
      "content": {
        "title": "地图登录参数到UI",
        "body": "***<ol> \n <li>来自Action Editor canvas，单击<strong> Invoke Service：userauthentication2 $ login </strong>，然后在Action Editor的右窗格中选择＆nbsp; <strong>打开映射编辑器</strong>。 映射编辑器出现在画布的右窗格中。</li> \n <li>从<strong>映射编辑器</strong>的左窗格中，展开<strong> forms </strong>＆gt; <strong> frmlogin </strong>。</li> \n <li>从<strong>映射编辑器</strong>的右窗格中，展开<strong> services </strong>＆gt; <strong>服务＆ndash; userauthentication2 $ login </strong>。</li> \n </ol>"
      },
      "navigationBar": {
        "left": {
          "text": "以前的"
        },
        "right": {
          "text": "下一个"
        }
      }
    },
    "zh-tw": {
      "content": {
        "title": "地圖登錄參數到UI",
        "body": "***<ol> \n <li>來自Action Editor canvas，單擊<strong> Invoke Service：userauthentication2 $ login </strong>，然後在Action Editor的右窗格中選擇＆nbsp; <strong>打開映射編輯器</strong>。 映射編輯器出現在畫布的右窗格中。</li> \n <li>從<strong>映射編輯器</strong>的左窗格中，展開<strong> forms </strong>＆gt; <strong> frmlogin </strong>。</li> \n <li>從<strong>映射編輯器</strong>的右窗格中，展開<strong> services </strong>＆gt; <strong>服務＆ndash; userauthentication2 $ login </strong>。</li> \n </ol>"
      },
      "navigationBar": {
        "left": {
          "text": "以前的"
        },
        "right": {
          "text": "下一個"
        }
      }
    }
  }
}