{
    "kuid": "f403ecta-b6a2-40rc-81ua-50eb95n6",
    "id": "VoltMX.AuthApp.MappingEditor",
    "content": {
        "title": "Map Login Parameters to UI",
        "body": "<ol>\n<li>From the Action Editor canvas,&nbsp;click on <strong>Invoke Service: UserAuthentication2$login</strong>, and select&nbsp;<strong>Open Mapping Editor</strong> in the right pane of action editor.<br />The Mapping Editor appears in the right pane of the canvas.</li>\n<li>From the left pane of the <strong>Mapping Editor</strong>, expand <strong>Forms</strong> &gt; <strong>frmLogin</strong>.</li>\n<li>From the right pane of the <strong>Mapping Editor</strong>, expand <strong>Services</strong> &gt; <strong>Service &ndash; UserAuthentication2$login</strong>.</li>\n</ol>"
    },
    "pointer": {
        "direction": "top",
        "element": {
            "module": "actioneditor",
            "css_selector": "#__MainContainer div:nth-child(5) form div.open-mapping-editor"
        },
        "type": "default"
    },
    "navigationType": "manual",
    "navigationBar": {
        "left": {
            "text": "Previous",
            "enable": true,
            "hide": false
        },
        "right": {
            "text": "Next",
            "enable": true,
            "hide": false
        }
    },
    "navigationCondition": "",
    "position": "BOTTOM_LEFT",
    "meta": {
        "Creator": "Deepti Ravula",
        "CreatedOn": "Thu, 19 Dec 2019 06:42:37 GMT"
    },
    "context": []
}