{
  "kuid": "681179t8-f9ab-4dr0-b8ue-3ad496n1",
  "id": "VoltMX.CreateEmailIdCompV9.ComponentUI1",
  "content": {
    "title": "Create a Component",
    "body": "<ol>\n<li>From the upper-left corner of Iris, go to the <b>Templates</b> explorer.</li>\n<li>Right-click on <b>Components</b> and  select <b>New</b> > <b>with Contract</b>. </li>\n<li>Enter the following details:<br/>\n<ul><li>Namespace: <b>userEntry</b></li><li> Name: <b>emailField</b></li></ul></li>\n<li>Click <b>OK</b>. </li>\n<li>An <b>emailField</b> flex container is created by default. From the <b>Templates</b> explorer, expand <b>Components</b> > <b>userEntry.emailField [1.0.0]</b> and select the <b>emailField</b> flex container.</li>\n<li>From the <b>Properties</b> panel, click  <b>Look</b>.</li><li>Under the <b>Flex</b> section, modify the values of the following properties:<br/>\n<ul><li>Top: <b>190 Dp</b></li>\n<li>Height: <b>30%</b></li>\n<li>Width: <b>100%</b></li></ul></li>\n</ol>"
  },
  "pointer": {
    "direction": "top",
    "element": {
      "module": "projectexplorer",
      "css_selector": ".ktable ul li div[id ='frmKonyLib_pxtemptab_A']"
    },
    "type": "default"
  },
  "navigationType": "manual",
  "navigationBar": {
    "left": {
      "text": "Previous",
      "enable": true,
      "hide": false
    },
    "right": {
      "text": "Next",
      "enable": true,
      "hide": false
    }
  },
  "navigationCondition": "",
  "position": "BOTTOM_RIGHT",
  "meta": {
    "Creator": "Rashmi Menon",
    "CreatedOn": "Tue, 26 Nov 2019 05:59:35 GMT"
  },
  "context": [],
  "localization": {
    "en-us": {
      "content": {
        "title": "Create a Component",
        "body": "<ol>\n<li>From the upper-left corner of Iris, go to the <b>Templates</b> explorer.</li>\n<li>Right-click on <b>Components</b> and  select <b>New</b> > <b>with Contract</b>. </li>\n<li>Enter the following details:<br/>\n<ul><li>Namespace: <b>userEntry</b></li><li> Name: <b>emailField</b></li></ul></li>\n<li>Click <b>OK</b>. </li>\n<li>An <b>emailField</b> flex container is created by default. From the <b>Templates</b> explorer, expand <b>Components</b> > <b>userEntry.emailField [1.0.0]</b> and select the <b>emailField</b> flex container.</li>\n<li>From the <b>Properties</b> panel, click  <b>Look</b>.</li><li>Under the <b>Flex</b> section, modify the values of the following properties:<br/>\n<ul><li>Top: <b>190 Dp</b></li>\n<li>Height: <b>30%</b></li>\n<li>Width: <b>100%</b></li></ul></li>\n</ol>"
      },
      "navigationBar": {
        "left": {
          "text": "Previous"
        },
        "right": {
          "text": "Next"
        }
      }
    },
    "zh-cn": {
      "content": {
        "title": "创建一个组件",
        "body": "***<ol> \n <li>从虹膜的左上角，转到<b>模板</b> explorer。</li> \n <li>右键单击<b>组件</b>，然后选择<b> new </b>> <b>与Contract </b>进行选择。 </li> \n <li>输入以下详细信息：<br/> \n <ul> <li>命名空间：<b> userEntry </b> </li> <li> {20}名称：<b> emailfield </b> </li> {23} </ul> </li> {25} {25} \n <li>单击<b> OK </b>。 </li> \n <li> a <b> emailfield </b> Flex容器默认创建。 从<b>模板</b> Explorer，展开<b>组件</b>> <b> userentry.email.emailfield [1.0.0] </b>，然后选择<b> emailfield </b> {40} flex container。 \n <li>来自<b> properties </b>面板，单击<b> look </b>。 } \n <ul> <li>顶部：<b> 190 dp </b> </li> \n <li>高度：<b> 30％</b> </li> \n <li>宽度：<b> 100％</b> </li> </ul> </li> \n </ol>"
      },
      "navigationBar": {
        "left": {
          "text": "以前的"
        },
        "right": {
          "text": "下一个"
        }
      }
    },
    "zh-tw": {
      "content": {
        "title": "創建一個組件",
        "body": "***<ol> \n <li>從虹膜的左上角，轉到<b>模板</b> explorer。</li> \n <li>右鍵單擊<b>組件</b>，然後選擇<b> new </b>> <b>與Contract </b>進行選擇。 </li> \n <li>輸入以下詳細信息：<br/> \n <ul> <li>命名空間：<b> userEntry </b> </li> <li> {20}名稱：<b> emailfield </b> </li> {23} </ul> </li> {25} {25} \n <li>單擊<b> OK </b>。 </li> \n <li> a <b> emailfield </b> Flex容器默認創建。 從<b>模板</b> Explorer，展開<b>組件</b>> <b> userentry.email.emailfield [1.0.0] </b>，然後選擇<b> emailfield </b> {40} flex container。 \n <li>來自<b> properties </b>面板，單擊<b> look </b>。 } \n <ul> <li>頂部：<b> 190 dp </b> </li> \n <li>高度：<b> 30％</b> </li> \n <li>寬度：<b> 100％</b> </li> </ul> </li> \n </ol>"
      },
      "navigationBar": {
        "left": {
          "text": "以前的"
        },
        "right": {
          "text": "下一個"
        }
      }
    }
  }
}