{
    "kuid": "681179t8-f9ab-4dr0-b8ue-3ad496n1",
    "id": "VoltMX.CreateEmailIdCompV9.ComponentUI1",
    "content": {
        "title": "Create a Component",
        "body": "<ol>\n<li>From the upper-left corner of Iris, go to the <b>Templates</b> explorer.</li>\n<li>Right-click on <b>Components</b> and  select <b>New</b> > <b>with Contract</b>. </li>\n<li>Enter the following details:<br/>\n<ul><li>Namespace: <b>userEntry</b></li><li> Name: <b>emailField</b></li></ul></li>\n<li>Click <b>OK</b>. </li>\n<li>An <b>emailField</b> flex container is created by default. From the <b>Templates</b> explorer, expand <b>Components</b> > <b>userEntry.emailField [1.0.0]</b> and select the <b>emailField</b> flex container.</li>\n<li>From the <b>Properties</b> panel, click  <b>Look</b>.</li><li>Under the <b>Flex</b> section, modify the values of the following properties:<br/>\n<ul><li>Top: <b>190 Dp</b></li>\n<li>Height: <b>30%</b></li>\n<li>Width: <b>100%</b></li></ul></li>\n</ol>"
    },
    "pointer": {
        "direction": "top",
        "element": {
            "module": "projectexplorer",
            "css_selector": ".ktable ul li div[id ='frmKonyLib_pxtemptab_A']"
        },
        "type": "default"
    },
    "navigationType": "manual",
    "navigationBar": {
        "left": {
            "text": "Previous",
            "enable": true,
            "hide": false
        },
        "right": {
            "text": "Next",
            "enable": true,
            "hide": false
        }
    },
    "navigationCondition": "",
    "position": "BOTTOM_RIGHT",
    "meta": {
        "Creator": "Rashmi Menon",
        "CreatedOn": "Tue, 26 Nov 2019 05:59:35 GMT"
    },
    "context": []
}