{
  "kuid": "6b23e4td-33ab-40rd-a7uf-d8e7dcn3",
  "id": "VoltMX.IntrotoSegmentTempV9.segTemplate1",
  "content": {
    "title": "Create Row Template",
    "body": "<ol><li>From the <b>Properties</b> panel, go to the <b>Segment</b> tab.</li>\n<li>Under the <b>General</b> section, for the property <b>Row Template</b>, from the drop-down list, select the option <b>Create New</b>.<br/>\nA new template with a FlexContainer is created under the <b>Templates</b> explorer.</li>\n<li>From the <b>Templates</b> explorer, right-click on the template named as <b>TempXXXX</b> under <b>Segments</b>, select <b>Rename</b>.</li>\n<li>Rename the template from <b>TempXXXX</b> to <b>segmentTemp</b>.</li></ol>"
  },
  "pointer": {
    "direction": "top",
    "element": {
      "module": "propertieswindow",
      "itemType": "pw-tab",
      "info": {
        "tabName": "Segment"
      }
    },
    "type": "default"
  },
  "navigationType": "manual",
  "navigationBar": {
    "left": {
      "text": "Previous",
      "enable": true,
      "hide": false
    },
    "right": {
      "text": "Next",
      "enable": true,
      "hide": false
    }
  },
  "navigationCondition": "",
  "position": "BOTTOM_RIGHT",
  "meta": {
    "Creator": "Rashmi Menon",
    "CreatedOn": "Mon, 25 Nov 2019 11:37:59 GMT"
  },
  "context": [],
  "localization": {
    "en-us": {
      "content": {
        "title": "Create Row Template",
        "body": "<ol><li>From the <b>Properties</b> panel, go to the <b>Segment</b> tab.</li>\n<li>Under the <b>General</b> section, for the property <b>Row Template</b>, from the drop-down list, select the option <b>Create New</b>.<br/>\nA new template with a FlexContainer is created under the <b>Templates</b> explorer.</li>\n<li>From the <b>Templates</b> explorer, right-click on the template named as <b>TempXXXX</b> under <b>Segments</b>, select <b>Rename</b>.</li>\n<li>Rename the template from <b>TempXXXX</b> to <b>segmentTemp</b>.</li></ol>"
      },
      "navigationBar": {
        "left": {
          "text": "Previous"
        },
        "right": {
          "text": "Next"
        }
      }
    },
    "zh-cn": {
      "content": {
        "title": "创建行模板",
        "body": "***<ol> <li>从<b> properties </b>面板，转到<b> sement </b> tab。</li> \n <li>在<b>常规</b>部分下，对于属性<b>行template </b>，从下拉列表中，选择“选项<b>创建新</b>”。<br/>。{14} \n <b>模板</b> explorer。 \n <li>从<b>模板</b>浏览器，右键单击的模板上右键单击为<b> tempxxxx </b>下<b> seagments </b>，select {24}，选择<b> rename </b>。 \n <li>将模板从<b> tempxxxx </b>重命名为<b> segmentTemp </b>。</li> </ol>"
      },
      "navigationBar": {
        "left": {
          "text": "以前的"
        },
        "right": {
          "text": "下一个"
        }
      }
    },
    "zh-tw": {
      "content": {
        "title": "創建行模板",
        "body": "***<ol> <li>從<b> properties </b>面板，轉到<b> sement </b> tab。</li> \n <li>在<b>常規</b>部分下，對於屬性<b>行template </b>，從下拉列表中，選擇“選項<b>創建新</b>”。<br/>。{14} \n <b>模板</b> explorer。 \n <li>從<b>模板</b>瀏覽器，右鍵單擊的模板上右鍵單擊為<b> tempxxxx </b>下<b> seagments </b>，select {24}，選擇<b> rename </b>。 \n <li>將模板從<b> tempxxxx </b>重命名為<b> segmentTemp </b>。</li> </ol>"
      },
      "navigationBar": {
        "left": {
          "text": "以前的"
        },
        "right": {
          "text": "下一個"
        }
      }
    }
  }
}