{
    "kuid": "4ee7e48c-b3cd-4ba6-ba4d-cc047f45",
    "id": "Kony.NewLaunchApp.AppPreview1",
    "content": {
        "title": "Settings for Live Preview",
        "body": "<ol><li>From the main menu, select <b>Build</b>.\n</li><li>Click <b>Live Preview Settings</b>.</li></ol>"
    },
    "pointer": {
        "direction": "left",
        "element": "",
        "type": "none"
    },
    "navigationType": "manual",
    "navigationBar": {
        "left": {
            "text": "Previous",
            "enable": true,
            "hide": false
        },
        "right": {
            "text": "Next",
            "enable": true,
            "hide": false
        }
    },
    "navigationCondition": "",
    "position": "BOTTOM_RIGHT",
    "meta": {
        "Creator": "Rashmi Menon",
        "CreatedOn": "Tue, 08 Jan 2019 10:01:29 GMT"
    },
    "context": []
}