{
    "kuid": "b8687dt7-4da3-4cr2-b6ue-d9e4b2nb",
    "id": "VoltMX.CreateDetailsScreen_v9.deleteActions",
    "content": {
        "title": "Unbinding Data",
        "body": "<ol>\n<li>From the <strong>Project</strong> explorer, expand <strong>Responsive Web/ Desktop</strong> &gt; <strong>Forms</strong>, and select <strong>frmDetails</strong>.</li>\n<li>From the <strong>Properties</strong> panel, navigate to the <strong>Action </strong>tab.</li>\n<li>For the <strong>onMapping</strong> event, click <strong>Edit</strong>.<br />The <strong>Action Editor</strong> window appears.</li><li>From the top-right corner of the <b>Action Editor</b> window, select the <b>Design View</b>.</li>\n</ol>"
    },
    "pointer": {
        "direction": "top",
        "element": {
            "module": "propertieswindow",
            "itemType": "pw-tab",
            "info": {
                "tabName": "Action"
            }
        },
        "type": "default"
    },
    "navigationType": "manual",
    "navigationBar": {
        "left": {
            "text": "Previous",
            "enable": true,
            "hide": false
        },
        "right": {
            "text": "Next",
            "enable": true,
            "hide": false
        }
    },
    "navigationCondition": "",
    "position": "BOTTOM_RIGHT",
    "meta": {
        "Creator": "Rashmi Menon",
        "CreatedOn": "Thu, 20 Feb 2020 11:25:22 GMT"
    },
    "context": []
}