{
    "kuid": "6015c4t8-c6a2-41rf-89uc-a7ea38n5",
    "id": "VoltMX.EditPayeeWeb_v9.UIEdit",
    "content": {
        "title": "UI for Edit Recipient",
        "body": "<ol>\n<li>From the bottom left panel of Iris, navigate to<strong> Default Library</strong>.</li>\n<li>Next to the <strong>Default Library</strong>, you will see the tab for <strong>My Libraries</strong> and a search icon.<br />Click the search icon.</li>\n<li>In the search bar that appears, enter <strong>EditRecipient</strong>.</li>\n<li>From the <strong>RecipientsWeb</strong>, select <strong>EditRecipient</strong> and drop it onto <strong>frmEditRecipient </strong> form on the canvas.</li>\n<li>On the <strong>Resolved Conflicts</strong> dialog box, click <strong>Close</strong>.</li>\n</ol>"
    },
    "pointer": {
        "direction": "left",
        "element": {
            "module": "konylibrary"
        },
        "type": "default"
    },
    "navigationType": "manual",
    "navigationBar": {
        "left": {
            "text": "Previous",
            "enable": true,
            "hide": false
        },
        "right": {
            "text": "Next",
            "enable": true,
            "hide": false
        }
    },
    "navigationCondition": "",
    "position": "BOTTOM_RIGHT",
    "meta": {
        "Creator": "Rashmi Menon",
        "CreatedOn": "Fri, 28 Feb 2020 05:04:21 GMT"
    },
    "context": []
}