{
  "kuid": "bb8a35tb-05af-41r7-9fub-2ba2dcn9",
  "id": "VoltMX.CreateEmailIdCompV9.rename",
  "content": {
    "title": "Create the UI",
    "body": "<ol>\n<li>In the <strong>Storyboard</strong> view, above the new Form, click <strong>Form1</strong>.</li>\n<li>Rename the form from <b>Form1 </b>to <strong>Contact</strong>.</li>\n<li>To add widgets to the form, double-click on the form to open the form in <strong>Design </strong>view.</li>\n<li>From the lower-left corner of Iris, go to the <strong>Default Library</strong> and click on the search icon <img src=\"https://i.ibb.co/gmMPVjC/search-Icon.png\" alt=\"search icon\" width=\"13\" height=\"13\" /> . In the search bar, enter <strong>Label</strong>.</li>\n<li>From the results, under <b>Default, </b>select <strong>Label</strong>.</li>\n<li>Drag and drop the widget onto the <strong>Contact</strong> form on the canvas.</li>\n</ol>"
  },
  "pointer": {
    "direction": "left",
    "element": {
      "module": "appcanvas",
      "paneId": "ac-area-one"
    },
    "type": "default"
  },
  "navigationType": "manual",
  "navigationBar": {
    "left": {
      "text": "Previous",
      "enable": true,
      "hide": false
    },
    "right": {
      "text": "Next",
      "enable": true,
      "hide": false
    }
  },
  "navigationCondition": "",
  "position": "BOTTOM_RIGHT",
  "meta": {
    "Creator": "Rashmi Menon",
    "CreatedOn": "Tue, 26 Nov 2019 05:47:12 GMT"
  },
  "context": [],
  "localization": {
    "en-us": {
      "content": {
        "title": "Create the UI",
        "body": "<ol>\n<li>In the <strong>Storyboard</strong> view, above the new Form, click <strong>Form1</strong>.</li>\n<li>Rename the form from <b>Form1 </b>to <strong>Contact</strong>.</li>\n<li>To add widgets to the form, double-click on the form to open the form in <strong>Design </strong>view.</li>\n<li>From the lower-left corner of Iris, go to the <strong>Default Library</strong> and click on the search icon <img src=\"https://i.ibb.co/gmMPVjC/search-Icon.png\" alt=\"search icon\" width=\"13\" height=\"13\" /> . In the search bar, enter <strong>Label</strong>.</li>\n<li>From the results, under <b>Default, </b>select <strong>Label</strong>.</li>\n<li>Drag and drop the widget onto the <strong>Contact</strong> form on the canvas.</li>\n</ol>"
      },
      "navigationBar": {
        "left": {
          "text": "Previous"
        },
        "right": {
          "text": "Next"
        }
      }
    },
    "zh-cn": {
      "content": {
        "title": "创建UI",
        "body": "<ol> \n <li>在<strong>故事板</strong>视图中，在新表单上方，单击<strong> form1 </strong>。</li> \n <li>将表单从<b> form1 </b>重命名为<strong> contact </strong>。</li> \n <li>将小部件添加到表单中，双击表单上以打开<strong> design </strong>视图中的表单。</li> \n <li>从虹膜的下左角，转到<strong>默认库</strong>，然后单击搜索图标<img src=\"https://i.ibb.co/gmMPVjC/search-Icon.png\" alt=\"search icon\" width=\"13\" height=\"13\" />。 在搜索栏中，输入<strong>标签</strong>。</li> \n <li>从结果中，<b>默认，</b>选择<strong> label </strong>。</li> \n <li>将小部件拖到<strong> contact </strong>表单上。</li> \n </ol>"
      },
      "navigationBar": {
        "left": {
          "text": "以前的"
        },
        "right": {
          "text": "下一个"
        }
      }
    },
    "zh-tw": {
      "content": {
        "title": "創建UI",
        "body": "<ol> \n <li>在<strong>故事板</strong>視圖中，在新表單上方，單擊<strong> form1 </strong>。</li> \n <li>將表單從<b> form1 </b>重命名為<strong> contact </strong>。</li> \n <li>將小部件添加到表單中，雙擊表單上以打開<strong> design </strong>視圖中的表單。</li> \n <li>從虹膜的下左角，轉到<strong>默認庫</strong>，然後單擊搜索圖標<img src=\"https://i.ibb.co/gmMPVjC/search-Icon.png\" alt=\"search icon\" width=\"13\" height=\"13\" />。 在搜索欄中，輸入<strong>標籤</strong>。</li> \n <li>從結果中，<b>默認，</b>選擇<strong> label </strong>。</li> \n <li>將小部件拖到<strong> contact </strong>表單上。</li> \n </ol>"
      },
      "navigationBar": {
        "left": {
          "text": "以前的"
        },
        "right": {
          "text": "下一個"
        }
      }
    }
  }
}