{
    "kuid": "517a60tc-2ca9-48rd-98u2-0d6ef7nd",
    "id": "VoltMX.UserRepositoryAuthV9.loginUI",
    "content": {
        "title": "Create the UI for Login",
        "body": "<ol>\n<li>Expand <strong>Project Services</strong> &gt; <strong>Identity</strong> &gt; <strong>employeeUserStore</strong> and select the <strong>login</strong> \n operation.</li>\n<li>Drop the <strong>login</strong> operation onto the <strong>frmLogin</strong> form on your canvas.</li>\n<li>Navigate to the <strong>Project</strong> explorer &gt; <strong>Responsive Web/Desktop</strong> &gt; <strong>frmLogin</strong> on the top left of your canvas and select <strong>flexlogin</strong>.</li>\n<li>Navigate to <strong>Properties</strong> &gt; <strong>Look</strong> on the top right of your canvas.</li>\n<li>Set <strong>Width</strong> to <strong>40%</strong> and <strong>Center X</strong> to <strong>50%</strong>.</li>\n</ol>\n<ol>The login screen is created on the form.</ol>"
    },
    "pointer": {
        "direction": "right",
        "element": {
            "module": "datapanel",
            "itemType": "dp_tree_entry",
            "context": {},
            "path": "PROJECT SERVICES"
        },
        "type": "default"
    },
    "navigationType": "manual",
    "navigationBar": {
        "left": {
            "text": "Previous",
            "enable": true,
            "hide": false
        },
        "right": {
            "text": "Next",
            "enable": true,
            "hide": false
        }
    },
    "navigationCondition": "",
    "position": "BOTTOM_RIGHT",
    "meta": {
        "Creator": "Rashmi Menon",
        "CreatedOn": "Wed, 27 Nov 2019 06:56:31 GMT"
    },
    "context": []
}