{
  "kuid": "517a60tc-2ca9-48rd-98u2-0d6ef7nd",
  "id": "VoltMX.UserRepositoryAuthV9.loginUI",
  "content": {
    "title": "Create the UI for Login",
    "body": "<ol>\n<li>Expand <strong>Project Services</strong> &gt; <strong>employeeUserStore</strong> and select the <strong>login</strong> \n operation.</li>\n<li>Drop the <strong>login</strong> operation onto the <strong>frmLogin</strong> form on your canvas.</li><li>Go to the <b>Design</b> page before navigating to the <b>Project Explorer</b>.</li>\n<li>From the <strong>Project</strong> explorer, navigate to <strong>Responsive Web / Desktop</strong> &gt; <strong>Forms</strong> &gt; <strong>frmLogin</strong> and select <strong>flexlogin</strong>.</li>\n<li>Navigate to <strong>Properties</strong> &gt; <strong>Look</strong> on the top right of your canvas.</li>\n<li>Set <strong>Width</strong> to <strong>40%</strong> and <strong>Center X</strong> to <strong>50%</strong>.</li>\n</ol>\n<ol>The login screen is created on the form.</ol>"
  },
  "pointer": {
    "direction": "right",
    "element": {
      "module": "datapanel",
      "itemType": "dp_tree_entry",
      "context": {},
      "path": "PROJECT SERVICES"
    },
    "type": "default"
  },
  "navigationType": "manual",
  "navigationBar": {
    "left": {
      "text": "Previous",
      "enable": true,
      "hide": false
    },
    "right": {
      "text": "Next",
      "enable": true,
      "hide": false
    }
  },
  "navigationCondition": "",
  "position": "BOTTOM_LEFT",
  "meta": {
    "Creator": "Rashmi Menon",
    "CreatedOn": "Wed, 27 Nov 2019 06:56:31 GMT"
  },
  "context": [],
  "localization": {
    "en-us": {
      "content": {
        "title": "Create the UI for Login",
        "body": "<ol>\n<li>Expand <strong>Project Services</strong> &gt; <strong>employeeUserStore</strong> and select the <strong>login</strong> \n operation.</li>\n<li>Drop the <strong>login</strong> operation onto the <strong>frmLogin</strong> form on your canvas.</li><li>Go to the <b>Design</b> page before navigating to the <b>Project Explorer</b>.</li>\n<li>From the <strong>Project</strong> explorer, navigate to <strong>Responsive Web / Desktop</strong> &gt; <strong>Forms</strong> &gt; <strong>frmLogin</strong> and select <strong>flexlogin</strong>.</li>\n<li>Navigate to <strong>Properties</strong> &gt; <strong>Look</strong> on the top right of your canvas.</li>\n<li>Set <strong>Width</strong> to <strong>40%</strong> and <strong>Center X</strong> to <strong>50%</strong>.</li>\n</ol>\n<ol>The login screen is created on the form.</ol>"
      },
      "navigationBar": {
        "left": {
          "text": "Previous"
        },
        "right": {
          "text": "Next"
        }
      }
    },
    "zh-cn": {
      "content": {
        "title": "创建登录的UI",
        "body": "***<ol> \n <li>展开<strong>项目服务</strong>＆gt; <strong>员工股票</strong>，然后选择<strong> login </strong> \n  操作。</li> \n <li>将<strong> login </strong>操作放在<strong> frmlogin </strong>表格上。 } Project Explorer </b>。</li> \n <li>从<strong> project </strong> Explorer，导航到<strong>响应web / desktop </strong>＆gt; <strong>表格</strong>＆gt; <strong> frmlogin </strong>并选择<strong> flexlogin </strong>。</li> \n <li>导航至<strong>属性</strong>＆gt; <strong>在画布的右上方看</strong>。</li> \n <li>设置<strong>宽度</strong>到<strong> 40％</strong>和<strong>中心x </strong> to <strong> 50％</strong>。</li> {48} \n </ol> \n <ol>登录屏幕是在表单上创建的。</ol>"
      },
      "navigationBar": {
        "left": {
          "text": "以前的"
        },
        "right": {
          "text": "下一个"
        }
      }
    },
    "zh-tw": {
      "content": {
        "title": "創建登錄的UI",
        "body": "***<ol> \n <li>展開<strong>項目服務</strong>＆gt; <strong>員工股票</strong>，然後選擇<strong> login </strong> \n  操作。</li> \n <li>將<strong> login </strong>操作放在<strong> frmlogin </strong>表格上。 } Project Explorer </b>。</li> \n <li>從<strong> project </strong> Explorer，導航到<strong>響應web / desktop </strong>＆gt; <strong>表格</strong>＆gt; <strong> frmlogin </strong>並選擇<strong> flexlogin </strong>。</li> \n <li>導航至<strong>屬性</strong>＆gt; <strong>在畫布的右上方看</strong>。</li> \n <li>設置<strong>寬度</strong>到<strong> 40％</strong>和<strong>中心x </strong> to <strong> 50％</strong>。</li> {48} \n </ol> \n <ol>登錄屏幕是在表單上創建的。</ol>"
      },
      "navigationBar": {
        "left": {
          "text": "以前的"
        },
        "right": {
          "text": "下一個"
        }
      }
    }
  }
}