{
  "Card.VoltMX.FlexPropertiesV9.Intro": {
    "content": {
      "title": "了解Flex布局属性",
      "body": "<p> Flex布局提供了多个用于管理应用程序布局的属性。 <br > <br > </p> \n <p>此远足重点关注布局属性及其关联的规则。 按照此远足的步骤了解布局属性。</p>"
    },
    "navigationBar": {
      "left": {
        "text": "以前的"
      },
      "right": {
        "text": "开始"
      }
    }
  },
  "Card.VoltMX.FlexPropertiesV9.project": {
    "content": {
      "title": "创建一个新项目",
      "body": "<ol> \n <li>导航至<strong> project </strong>＆gt; <strong>新项目</strong>。</li> \n <li>来自<strong>您现在想从什么开始？ </strong>窗口，选择<strong>本机应用</strong>。</li> \n <li>单击<strong> Next </strong>。<br/> <b>您从本机应用程序</b>窗口打开。 </li> \n </ol>"
    },
    "navigationBar": {
      "left": {
        "text": "以前的"
      },
      "right": {
        "text": "下一个"
      }
    }
  },
  "Card.VoltMX.FlexPropertiesV9.project2": {
    "content": {
      "title": "创建一个新项目",
      "body": "<ol> \n <li> <strong>项目名称</strong>，enter <strong> flextutorial </strong>。</li> \n <li>单击<strong>创建</strong>。<br />使用<b> form1 </b> form创建一个新应用程序。 <br />应用程序在<strong>故事板</strong>视图中打开。</li> \n </ol>"
    },
    "navigationBar": {
      "left": {
        "text": "以前的"
      },
      "right": {
        "text": "下一个"
      }
    }
  },
  "Card.VoltMX.FlexPropertiesV9.rename": {
    "content": {
      "title": "重命名表格",
      "body": "<ol> \n <li>在<strong>故事板</strong>视图中，在新表单上方，单击<strong> form1 </strong>。</li> \n <li>将表单从<b> form1 </b>重命名为<strong> frmflex </strong>。</li> \n <li>将小部件添加到表单中，双击表单上以移至<strong> design </strong> view。</li> \n </ol>"
    },
    "navigationBar": {
      "left": {
        "text": "以前的"
      },
      "right": {
        "text": "下一个"
      }
    }
  },
  "Card.VoltMX.FlexPropertiesV9.AddButton": {
    "content": {
      "title": "将按钮添加到表格",
      "body": "***<ol> \n <li>从虹膜的左下左下，导航到<strong>默认库</strong>。</li> \n <li>在<b>默认库旁边，</b>您将看到<b>我的库</b>选项卡和搜索图标。 单击搜索图标🔍。</li> \n <li>在出现的搜索栏中，输入<b>按钮。</b> </li> \n <li>从结果，在<b>默认下，</b>查找<b>按钮</b>。</li> \n <li>将<strong> button </strong> widt拖放到<strong> frmflex </strong>形式上。</li> \n <li>来自<b> project </b>资源管理器，展开<b>移动</b>＆gt; <b>表格</b>＆gt; <b> frmflex </b>。</li> \n <li>在<b> frmflex </b>下命名为<b> buttonxxxx </b>的按钮上右键单击右键单击，select <b>重命名</b>并重命名<b> buttonxxxx </b> {45}的按钮 } btnlayout </b>。</li> \n </ol>"
    },
    "navigationBar": {
      "left": {
        "text": "以前的"
      },
      "right": {
        "text": "下一个"
      }
    }
  },
  "Card.VoltMX.FlexPropertiesV9.ChTop": {
    "content": {
      "title": "布局顶部属性",
      "body": "<ol> \n <li>来自<strong> project </strong> Explorer展开<strong>移动</strong>＆gt; <strong>表格</strong>＆gt; <strong> frmflex </strong>并选择<strong> btnlayout </strong>。</li> \n <li>导航到画布右上方的<strong>属性</strong>面板，然后选择<strong> look </strong> tab。</li> \n <li>在<strong> flex </strong>部分下，将<strong>顶部</strong>属性设置为<strong> 0 dp </strong>。</li> \n </ol> \n <p>请注意，现在将按钮停靠在画布上的屏幕顶部。</p>"
    },
    "navigationBar": {
      "left": {
        "text": "以前的"
      },
      "right": {
        "text": "下一个"
      }
    }
  },
  "Card.VoltMX.FlexPropertiesV9.ChBottom": {
    "content": {
      "title": "布局底部属性",
      "body": "<ol> \n <li>从<strong>属性</strong>面板，展开<strong> look </strong>＆gt; <strong> flex </strong>在画布的右上角。</li> \n <li>将<strong>底部</strong>属性更改为<strong> 0 dp </strong>。</li> \n <li>空白<strong> top </strong>属性。</li> \n </ol> \n <p>请注意，现在将按钮停靠在画布上的屏幕底部。</p>"
    },
    "navigationBar": {
      "left": {
        "text": "以前的"
      },
      "right": {
        "text": "下一个"
      }
    }
  },
  "Card.VoltMX.FlexPropertiesV9.ChLeftRight": {
    "content": {
      "title": "更改左右属性",
      "body": "<ol> \n <li>从<strong>属性</strong>面板，展开<strong> look </strong>＆gt; <strong> flex </strong>在画布的右上角。</li> \n <li>将<strong>左</strong>属性更改为<strong> 30 dp </strong>。<br />请注意，窗口小部件在画布的左侧有点移动。</li> \n <li>同样，将<strong>右</strong>属性更改为<strong> 5 dp。 <br /> </strong>空白<strong>左</strong>属性。<br />请注意，小部件移动到画布的右侧。</li> \n </ol>"
    },
    "navigationBar": {
      "left": {
        "text": "以前的"
      },
      "right": {
        "text": "下一个"
      }
    }
  },
  "Card.VoltMX.FlexPropertiesV9.CenteringXY": {
    "content": {
      "title": "对齐X和Y轴的小部件",
      "body": "<ol> \n <li>来自<strong>属性</strong>面板，Exand <strong> look </strong>＆gt; <strong> flex </strong>在画布的右上角。</li> \n <li>设置： \n <ul> \n <li> <strong>中心x </strong> to <strong> 50％</strong> </li> \n <li> <strong>中心y </strong> to <strong> 50％</strong> </li> \n </ul> \n 请注意，小部件已移至画布上的表格中心。</li> \n </ol>"
    },
    "navigationBar": {
      "left": {
        "text": "以前的"
      },
      "right": {
        "text": "下一个"
      }
    }
  },
  "Card.VoltMX.FlexPropertiesV9.Zindex": {
    "content": {
      "title": "使用Z索引将小部件移至背景",
      "body": "***<ol>\n<li>从虹膜的左下左下，导航到<strong>默认库</strong>。</li>\n<li>在<b>默认库旁边，</b>您将看到<strong>我的库</strong>选项卡和搜索图标。单击搜索图标🔍。</li>\n<li>在出现的搜索栏中，输入<b>徽标</b>。</li>\n<li>从结果中，在<b>标头</b>下，查找<b>徽标</b>。</li>\n<li>在<b> frmflex </b>形式上拖动<b>徽标</b>组件。</li>\n<li>在出现的搜索栏中，输入<b> search1 </b>。</li>\n<li>从结果中，在<b>子标题下</b>，查找<b> search1 </b>。</li>\n<li>在<b> frmflex </b>形式上拖动<b> search1 </b>组件。</li>\n<li>将<b>徽标</b>窗口小部件上方<b> search1 </b> widget，<ul> <li> {49}从forp-left <b> project </b> project {51} explorer，扩展</b>＆gt; <b>表格</b>＆gt; <b> frmflex </b>，选择<b> headerContainer02 </b>。 <b> flex </b>，将<b> z索引</b>属性设置为<b> 2 </b>。</li> </ul> </li> {74}\n</ol>"
    },
    "navigationBar": {
      "left": {
        "text": "以前的"
      },
      "right": {
        "text": "下一个"
      }
    }
  },
  "Card.VoltMX.FlexPropertiesV9.AppViewer": {
    "content": {
      "title": "Volt MX应用程序",
      "body": "<ol> \n <li>使用USB电缆将您的<b>移动</b>连接到计算机。<br /> \n 对于Android设备，请确保使用USB到<b>传输文件</b>。</li> \n <li>在您的<b>移动</b>上启动<b> volt mx app </b>。</li> \n <li>选择<b> USB </b> TAB。</li> \n <li>在成功的连接上，<b> iris </b>在您的计算机上显示成功提示。<br /> \n 同时，USB图标在您的<b> volt mx app </b>上旋转绿色。</li> \n </ol>"
    },
    "navigationBar": {
      "left": {
        "text": "以前的"
      },
      "right": {
        "text": "下一个"
      }
    }
  },
  "Card.VoltMX.FlexPropertiesV9.livePreview": {
    "content": {
      "title": "实时预览设置",
      "body": "<ol> <li>从主菜单中，选择<b>构建</b>。</li> \n <li>单击<b>实时预览设置</b>。</li>"
    },
    "navigationBar": {
      "left": {
        "text": "以前的"
      },
      "right": {
        "text": "下一个"
      }
    }
  },
  "Card.VoltMX.FlexPropertiesV9.run": {
    "content": {
      "title": "运行应用程序",
      "body": "<ol> <li>从<b> Live Preview设置</b>窗口，在<b>本机</b>下，选择要查看应用程序的移动/平板电脑OS旁边的复选框。 <br/>例如：<b> ios </b>和<b> android </b>。<br/>确保您未选择所有其他平台和频道。</li> \n <li>单击<b>保存＆运行</b>。<br/>可能需要一些时间才能让Iris显示<b> Live Preview已准备就绪</b>窗口。</ol>"
    },
    "navigationBar": {
      "left": {
        "text": "以前的"
      },
      "right": {
        "text": "下一个"
      }
    }
  },
  "Card.VoltMX.FlexPropertiesV9.AppViewDone": {
    "content": {
      "title": "查看应用程序",
      "body": "***<ol> \n <li>在您的<b> volt mx app </b>上，单击<b>启动</b>。<br /> \n 如果提示您提供应用程序名称，请输入<b> flextutorial </b>，然后单击<b>启动</b>。</li> <li> {12} {12} to <b> exit </b>预览，从左边滑动两个手指 正确或摇动手机。</li> \n </ol>"
    },
    "navigationBar": {
      "left": {
        "text": "以前的"
      },
      "right": {
        "text": "下一个"
      }
    }
  },
  "Card.VoltMX.FlexPropertiesV9.Done": {
    "content": {
      "title": "恭喜",
      "body": "<p>您使用其布局属性成功地更改了flexcontainer中的小部件的布局。</p>"
    },
    "navigationBar": {
      "left": {
        "text": "以前的"
      },
      "right": {
        "text": "完毕"
      }
    }
  }
}