{
  "Tour.FlexPropertiesV9": {
    "description": "旅游描述"
  },
  "Hike.VoltMX.FlexPropertiesV9": {
    "description": "徒步说明"
  },
  "Card.VoltMX.FlexPropertiesV9.AddButton": {
    "content": {
      "title": "向表单添加按钮",
      "body": "<ol>\n<li>来自<strong>默认库</strong>画布左下角的标签，搜索<strong>按钮</strong>小部件。</li>\n<li>拖放<strong>按钮</strong>小部件到<strong>frmFlex</strong>画布上的表格。</li>\n<li> 选择新添加的<strong>按钮</strong>来自<strong>项目</strong>画布左上角的资源管理器。</li>\n<li>右键单击<strong>按钮</strong>小部件和重命名<strong>btnLayout</strong>.</li>\n</ol>"
    },
    "navigationBar": {
      "left": {
        "text": "上一个"
      },
      "right": {
        "text": "下一个"
      }
    }
  },
  "Card.VoltMX.FlexPropertiesV9.AppViewDone": {
    "content": {
      "title": "查看应用",
      "body": "<ol>\n<li>在你的<b>Volt MX 应用程序</b>，点击<b>启动</b>.<br />如果提示您提供应用程序名称，请输入<b>FlexTutorial</b>然后点击<b>启动</b>.</li><li> 到<b>退出</b>预览，从左向右滑动两根手指或摇动手机。</li>\n</ol>"
    },
    "navigationBar": {
      "left": {
        "text": "上一个"
      },
      "right": {
        "text": "下一个"
      }
    }
  },
  "Card.VoltMX.FlexPropertiesV9.AppViewer": {
    "content": {
      "title": "Volt MX 应用程序",
      "body": "<ol>\n<li>连接您的<b>手机</b>使用 USB 电缆连接到您的计算机。<br />对于Android设备，请确保您使用USB<b>传输文件</b>.</li>\n<li>启动<b>Volt MX 应用程序</b>在你的<b>手机</b>.</li>\n<li>选择<b>USB</b>选项卡。</li>\n<li>连接成功后，<b>虹膜</b>在您的计算机上显示成功提示。<br />同时，USB 图标在您的<b>Volt MX 应用程序</b>.</li>\n</ol>"
    },
    "navigationBar": {
      "left": {
        "text": "上一个"
      },
      "right": {
        "text": "下一个"
      }
    }
  },
  "Card.VoltMX.FlexPropertiesV9.CenteringXY": {
    "content": {
      "title": "沿 X 轴和 Y 轴对齐小部件",
      "body": "<ol>\n<li>来自<strong>属性</strong>面板，扩展<strong>看</strong>&gt;<strong>弹性</strong>在画布的右上角。</li>\n<li>设置：<ul>\n<li><strong>中心X</strong>到<strong>50%</strong></li>\n<li><strong>中心Y</strong>到<strong>50%</strong></li>\n</ul>请注意，小部件已移动到画布上表单的中心。</li>\n</ol>"
    },
    "navigationBar": {
      "left": {
        "text": "上一个"
      },
      "right": {
        "text": "下一个"
      }
    }
  },
  "Card.VoltMX.FlexPropertiesV9.ChBottom": {
    "content": {
      "title": "布局底部属性",
      "body": "<ol>\n<li>来自<strong>属性</strong>面板，展开<strong>看</strong>&gt;<strong>弹性</strong>在画布的右上角。</li>\n<li>改变<strong>底部</strong>属​​性<strong>0 DP</strong>.</li>\n<li>将<strong>顶部</strong>属性。</li>\n</ol>\n<p>注意按钮现在停靠在画布屏幕的底部。</p>"
    },
    "navigationBar": {
      "left": {
        "text": "上一个"
      },
      "right": {
        "text": "下一个"
      }
    }
  },
  "Card.VoltMX.FlexPropertiesV9.ChLeftRight": {
    "content": {
      "title": "更改左右属性",
      "body": "<ol>\n<li>来自<strong>属性</strong>面板，展开><strong>看</strong>&gt;<strong>弹性</strong>在画布的右上角。</li>\n<li>改变<strong>左</strong>属​​性<strong>30 DP</strong>.<br />请注意，小部件向画布左侧移动了一点。</li>\n<li>同样，改变<strong>右</strong>属性<strong>5 DP。<br /></strong>将<strong>左</strong>属性。<br />请注意，小部件移动到画布的右侧。</li>\n</ol>"
    },
    "navigationBar": {
      "left": {
        "text": "上一个"
      },
      "right": {
        "text": "下一个"
      }
    }
  },
  "Card.VoltMX.FlexPropertiesV9.ChTop": {
    "content": {
      "title": "布局顶部属性",
      "body": "<ol>\n<li>来自<strong>项目</strong>资源管理器展开<strong>手机</strong>&gt;<strong>表格</strong>&gt;<strong>frmFlex</strong>并选择<strong>btnLayout</strong>.</li>\n<li>导航到<strong>属性</strong>画布右上角的面板，然后选择<strong>看</strong>选项卡。</li>\n<li> 在<strong>弹性</strong>部分，设置<strong>顶部</strong>属​​性<strong>0 Dp</strong>.</li>\n</ol>\n<p>注意按钮现在停靠在画布屏幕的顶部。</p>"
    },
    "navigationBar": {
      "left": {
        "text": "上一个"
      },
      "right": {
        "text": "下一个"
      }
    }
  },
  "Card.VoltMX.FlexPropertiesV9.Done": {
    "content": {
      "title": " 恭喜",
      "body": "<p>您已使用 FlexContainer 的布局属性成功更改了小部件的布局。</p>"
    },
    "navigationBar": {
      "left": {
        "text": "上一个"
      },
      "right": {
        "text": "完成"
      }
    }
  },
  "Card.VoltMX.FlexPropertiesV9.Intro": {
    "content": {
      "title": "了解 Flex 布局属性",
      "body": "<p>Flex 布局提供了多个用于管理应用程序布局的属性。<br ><br ></p>\n<p>这次加息的重点是布局属性和与之相关的规则。按照本次徒步旅行中的步骤了解布局属性。</p>"
    },
    "navigationBar": {
      "left": {
        "text": "上一个"
      },
      "right": {
        "text": "开始"
      }
    }
  },
  "Card.VoltMX.FlexPropertiesV9.livePreview": {
    "content": {
      "title": "实时预览设置",
      "body": "<ol><li>从主菜单中，选择<b>构建</b>.</li>\n<li>点击<b>实时预览设置</b>.</li>"
    },
    "navigationBar": {
      "left": {
        "text": "上一个"
      },
      "right": {
        "text": "下一个"
      }
    }
  },
  "Card.VoltMX.FlexPropertiesV9.project": {
    "content": {
      "title": "创建一个新项目",
      "body": "<ol>\n<li>导航到<strong>项目</strong>&gt;<strong>新项目</strong>.</li>\n<li>来自<strong> 你现在想从什么开始？</strong>窗口，选择<strong>本机应用程序</strong>.</li>\n<li>点击<strong>下一个</strong>.<br/><b>您从本机应用程序开始</b>窗口打开。</li>\n</ol>"
    },
    "navigationBar": {
      "left": {
        "text": "上一个"
      },
      "right": {
        "text": "下一个"
      }
    }
  },
  "Card.VoltMX.FlexPropertiesV9.project2": {
    "content": {
      "title": "创建一个新项目",
      "body": "<ol>\n<li>下<strong>项目名称</strong>，输入<strong>FlexTutorial</strong>.</li>\n<li>点击<strong>创建</strong>.<br />创建了一个新应用程序<b>Form1</b>表格。<br />应用程序在<strong>故事板</strong>查看。</li>\n</ol>"
    },
    "navigationBar": {
      "left": {
        "text": "上一个"
      },
      "right": {
        "text": "下一个"
      }
    }
  },
  "Card.VoltMX.FlexPropertiesV9.rename": {
    "content": {
      "title": "重命名表单",
      "body": "<ol>\n<li>在<strong>故事板</strong>查看，在新表单上方，单击<strong>Form1</strong>.</li>\n<li>重命名表单<strong>frmFlex</strong>.</li>\n<li>要向表单添加小部件，双击表单移动到<strong>设计</strong>查看。</li>\n</ol>"
    },
    "navigationBar": {
      "left": {
        "text": "上一个"
      },
      "right": {
        "text": "下一个"
      }
    }
  },
  "Card.VoltMX.FlexPropertiesV9.run": {
    "content": {
      "title": "运行应用程序",
      "body": "<ol><li>来自<b>实时预览设置</b>窗下<b>本地</b> 选中您要在其上查看应用程序的手机/平板电脑操作系统旁边的复选框。<br/>例如：<b>iOS</b>和<b>安卓</b>.<br/>确保您已取消选择所有其他平台和频道。</li>\n<li>点击<b>保存并运行</b>.<br/> Iris 可能需要一些时间才能显示<b>实时预览已准备就绪</b>窗口。</ol>"
    },
    "navigationBar": {
      "left": {
        "text": "上一个"
      },
      "right": {
        "text": "下一个"
      }
    }
  },
  "Card.VoltMX.FlexPropertiesV9.Zindex": {
    "content": {
      "title": "使用 Z 索引将小部件移动到背景",
      "body": "<ol>\n<li>来自<strong>默认库</strong>画布左下角的选项卡，拖放以下内容：<ul>\n<li><strong>标志</strong>小部件到<strong>frmFlex</strong>画布上的表格。</li>\n<li><strong>搜索1</strong>小部件到<strong>frmFlex</strong>画布上的表格。</li>\n</ul>\n</li>\n<li>带来<strong>标志</strong>上方的小部件<strong>搜索1</strong>小部件，<ul>\n<li>选择<strong>headerContainer02</strong>来自<strong>项目</strong>画布左上角的资源管理器。</li>\n<li>来自<strong>属性</strong>面板，展开<strong>看</strong>&gt;<strong>弹性</strong>在画布的右上角。设置<strong>Z索引</strong>属​​性<strong>2</strong>.</li>\n</ul>\n</li>\n</ol>"
    },
    "navigationBar": {
      "left": {
        "text": "上一个"
      },
      "right": {
        "text": "下一个"
      }
    }
  }
}