{
  "Tour.FlexPropertiesV9": {
    "description": " यात्रा का विवरण"
  },
  "Hike.VoltMX.FlexPropertiesV9": {
    "description": " वृद्धि का विवरण"
  },
  "Card.VoltMX.FlexPropertiesV9.AddButton": {
    "content": {
      "title": " फॉर्म में बटन जोड़ें",
      "body": "<ol>\n<li> से<strong> डिफ़ॉल्ट लाइब्रेरी</strong> अपने कैनवास के नीचे बाईं ओर टैब, खोजें<strong> बटन</strong> विजेट।</li>\n<li> खींचें और छोड़ें<strong> बटन</strong> पर विजेट<strong> frmFlex</strong> कैनवास पर प्रपत्र।</li>\n<li> नए जोड़े गए का चयन करें<strong> बटन</strong> से विजेट<strong> परियोजना</strong> आपके कैनवास के ऊपर बाईं ओर एक्सप्लोरर।</li>\n<li> पर राइट-क्लिक करें<strong> बटन</strong> विजेट और नाम बदलें<strong> btnलेआउट</strong>.</li>\n</ol>"
    },
    "navigationBar": {
      "left": {
        "text": " पिछला"
      },
      "right": {
        "text": " अगला"
      }
    }
  },
  "Card.VoltMX.FlexPropertiesV9.AppViewDone": {
    "content": {
      "title": " ऐप देखें",
      "body": "<ol>\n<li> अपने पर<b> वोल्ट एमएक्स ऐप</b> , क्लिक करें<b> लॉन्च</b>.<br /> यदि आपको आवेदन का नाम देने के लिए कहा जाए, तो दर्ज करें<b> फ्लेक्स ट्यूटोरियल</b> और क्लिक करें<b> लॉन्च</b>.</li><li> To<b> बाहर निकलें</b> पूर्वावलोकन, दो अंगुलियों को बाएं से दाएं स्वाइप करें या अपना मोबाइल हिलाएं।</li>\n</ol>"
    },
    "navigationBar": {
      "left": {
        "text": " पिछला"
      },
      "right": {
        "text": " अगला"
      }
    }
  },
  "Card.VoltMX.FlexPropertiesV9.AppViewer": {
    "content": {
      "title": " वोल्ट एमएक्स ऐप",
      "body": "<ol>\n<li> अपना कनेक्ट करें<b> मोबाइल</b> USB केबल का उपयोग करके अपने कंप्यूटर पर।<br /> Android उपकरणों के लिए, सुनिश्चित करें कि आप USB का उपयोग करते हैं<b> फ़ाइलें स्थानांतरित करें</b>.</li>\n<li> लॉन्च करें<b> वोल्ट एमएक्स ऐप</b> अपने पर<b> मोबाइल</b>.</li>\n<li> चुनें<b> यूएसबी</b> टैब।</li>\n<li> सफल कनेक्शन पर,<b> आइरिस</b> आपके कंप्यूटर पर एक सफलता संकेत दिखाता है।<br /> उसी समय, आपके यूएसबी आइकन हरे रंग में बदल जाता है<b> वोल्ट एमएक्स ऐप</b>.</li>\n</ol>"
    },
    "navigationBar": {
      "left": {
        "text": " पिछला"
      },
      "right": {
        "text": " अगला"
      }
    }
  },
  "Card.VoltMX.FlexPropertiesV9.CenteringXY": {
    "content": {
      "title": " X और Y अक्ष पर विजेट्स को संरेखित करना",
      "body": "<ol>\n<li> से<strong> गुण</strong> पैनल, विस्तार<strong> देखो</strong> &gt;<strong> फ्लेक्स</strong> आपके कैनवास के शीर्ष दाईं ओर।</li>\n<li> सेट करें:<ul>\n<li><strong> केंद्र X</strong> to<strong> 50%</strong></li>\n<li><strong> केंद्र Y</strong> to<strong> 50%</strong></li>\n</ul> ध्यान दें कि विजेट कैनवास पर प्रपत्र के केंद्र में चला गया है।</li>\n</ol>"
    },
    "navigationBar": {
      "left": {
        "text": " पिछला"
      },
      "right": {
        "text": " अगला"
      }
    }
  },
  "Card.VoltMX.FlexPropertiesV9.ChBottom": {
    "content": {
      "title": " लेआउट नीचे गुण",
      "body": "<ol>\n<li> से<strong> गुण</strong> पैनल, विस्तार करें<strong> देखो</strong> &gt;<strong> फ्लेक्स</strong> आपके कैनवास के शीर्ष दाईं ओर।</li>\n<li> बदलें Change<strong> नीचे</strong> संपत्ति को<strong> 0 डीपी</strong>.</li>\n<li> खाली करें<strong> शीर्ष</strong> संपत्ति।</li>\n</ol>\n<p> ध्यान दें कि बटन अब कैनवास पर स्क्रीन के नीचे डॉक किया गया है।</p>"
    },
    "navigationBar": {
      "left": {
        "text": " पिछला"
      },
      "right": {
        "text": " अगला"
      }
    }
  },
  "Card.VoltMX.FlexPropertiesV9.ChLeftRight": {
    "content": {
      "title": " बाएँ और दाएँ गुण बदलें",
      "body": "<ol>\n<li> से<strong> गुण</strong> पैनल, विस्तृत करें &gt;<strong> देखो</strong> &gt;<strong> फ्लेक्स</strong> आपके कैनवास के शीर्ष दाईं ओर।</li>\n<li> बदलें Change<strong> बायां</strong> संपत्ति को<strong> 30 डीपी</strong>.<br /> ध्यान दें कि विजेट कैनवास के बाईं ओर थोड़ा सा चलता है।</li>\n<li> इसी तरह, बदलें<strong> दाएं</strong> संपत्ति को<strong> 5 डीपी।<br /></strong> खाली करें<strong> बायां</strong> संपत्ति।<br /> ध्यान दें कि विजेट कैनवास के दाईं ओर चलता है।</li>\n</ol>"
    },
    "navigationBar": {
      "left": {
        "text": " पिछला"
      },
      "right": {
        "text": " अगला"
      }
    }
  },
  "Card.VoltMX.FlexPropertiesV9.ChTop": {
    "content": {
      "title": " लेआउट शीर्ष गुण",
      "body": "<ol>\n<li> से<strong> परियोजना</strong> एक्सप्लोरर का विस्तार<strong> मोबाइल</strong> &gt;<strong> प्रपत्र</strong> &gt;<strong> frmFlex</strong> और चुनें<strong> btnलेआउट</strong>.</li>\n<li> पर नेविगेट करें<strong> गुण</strong> अपने कैनवास के शीर्ष दाईं ओर पैनल और चुनें<strong> देखो</strong> टैब।</li>\n<li> के तहत<strong> फ्लेक्स</strong> अनुभाग, सेट करें<strong> शीर्ष</strong> संपत्ति को<strong> 0 डीपी</strong>.</li>\n</ol>\n<p> ध्यान दें कि बटन अब कैनवास पर स्क्रीन के शीर्ष पर डॉक किया गया है।</p>"
    },
    "navigationBar": {
      "left": {
        "text": " पिछला"
      },
      "right": {
        "text": " अगला"
      }
    }
  },
  "Card.VoltMX.FlexPropertiesV9.Done": {
    "content": {
      "title": " बधाई",
      "body": "<p> आपने FlexContainer के लेआउट गुणों का उपयोग करके विजेट्स के लेआउट को सफलतापूर्वक बदल दिया है।</p>"
    },
    "navigationBar": {
      "left": {
        "text": " पिछला"
      },
      "right": {
        "text": " हो गया"
      }
    }
  },
  "Card.VoltMX.FlexPropertiesV9.Intro": {
    "content": {
      "title": " फ्लेक्स लेआउट गुणों को समझना",
      "body": "<p> फ्लेक्स लेआउट आपके ऐप के लेआउट को प्रबंधित करने के लिए कई गुण प्रदान करता है।<br ><br ></p>\n<p> यह वृद्धि लेआउट गुणों और उनसे जुड़े नियमों पर केंद्रित है। लेआउट गुणों को समझने के लिए इस वृद्धि के चरणों का पालन करें।</p>"
    },
    "navigationBar": {
      "left": {
        "text": " पिछला"
      },
      "right": {
        "text": " प्रारंभ"
      }
    }
  },
  "Card.VoltMX.FlexPropertiesV9.livePreview": {
    "content": {
      "title": " लाइव पूर्वावलोकन के लिए सेटिंग्स",
      "body": "<ol><li> मुख्य मेनू से, चुनें<b> बिल्ड</b>.</li>\n<li> क्लिक करें<b> लाइव पूर्वावलोकन सेटिंग्स</b>.</li>"
    },
    "navigationBar": {
      "left": {
        "text": " पिछला"
      },
      "right": {
        "text": " अगला"
      }
    }
  },
  "Card.VoltMX.FlexPropertiesV9.project": {
    "content": {
      "title": " एक नया प्रोजेक्ट बनाएं",
      "body": "<ol>\n<li> नेविगेट करें<strong> परियोजना</strong> &gt;<strong> नई परियोजना</strong>.</li>\n<li> से<strong> आप अभी क्या शुरू करना चाहते हैं?</strong> विंडो, चुनें<strong> मूल ऐप</strong>.</li>\n<li> क्लिक करें<strong> अगला</strong>.<br/> The<b> आपने एक नेटिव ऐप से शुरुआत की</b> विंडो खुलती है।</li>\n</ol>"
    },
    "navigationBar": {
      "left": {
        "text": " पिछला"
      },
      "right": {
        "text": " अगला"
      }
    }
  },
  "Card.VoltMX.FlexPropertiesV9.project2": {
    "content": {
      "title": " एक नया प्रोजेक्ट बनाएं",
      "body": "<ol>\n<li> अंडर<strong> परियोजना का नाम</strong> , दर्ज करें<strong> फ्लेक्स ट्यूटोरियल</strong>.</li>\n<li> क्लिक करें<strong> बनाएँ</strong>.<br /> के साथ एक नया एप्लिकेशन बनाया गया है<b> फॉर्म1</b> फॉर्म।<br /> आवेदन में खुलता है<strong> स्टोरीबोर्ड</strong> देखें।</li>\n</ol>"
    },
    "navigationBar": {
      "left": {
        "text": " पिछला"
      },
      "right": {
        "text": " अगला"
      }
    }
  },
  "Card.VoltMX.FlexPropertiesV9.rename": {
    "content": {
      "title": " फॉर्म का नाम बदलें",
      "body": "<ol>\n<li> में<strong> स्टोरीबोर्ड</strong> देखें, नए फॉर्म के ऊपर, क्लिक करें<strong> फॉर्म1</strong>.</li>\n<li> फॉर्म का नाम बदलें<strong> frmFlex</strong>.</li>\n<li> प्रपत्र में विजेट जोड़ने के लिए प्रपत्र पर डबल-क्लिक करें।<strong> डिज़ाइन</strong> देखें।</li>\n</ol>"
    },
    "navigationBar": {
      "left": {
        "text": " पिछला"
      },
      "right": {
        "text": " अगला"
      }
    }
  },
  "Card.VoltMX.FlexPropertiesV9.run": {
    "content": {
      "title": " ऐप चलाएँ",
      "body": "<ol><li> से<b> लाइव पूर्वावलोकन सेटिंग्स</b> विंडो, अंडर<b> मूल निवासी</b> जिस मोबाइल/टैबलेट पर आप ऐप देखने जा रहे हैं, उसके OS के बगल में स्थित चेकबॉक्स चुनें।<br/> उदाहरण के लिए:<b> आईओएस</b> और<b> Android</b>.<br/> सुनिश्चित करें कि आपने अन्य सभी प्लेटफार्मों और चैनलों को अचयनित किया है।</li>\n<li> क्लिक करें<b> सहेजें और चलाएँ</b>.<br/> आइरिस को दिखाने में कुछ समय लग सकता है<b> लाइव पूर्वावलोकन तैयार है</b> window.</ol>"
    },
    "navigationBar": {
      "left": {
        "text": " पिछला"
      },
      "right": {
        "text": " अगला"
      }
    }
  },
  "Card.VoltMX.FlexPropertiesV9.Zindex": {
    "content": {
      "title": " विजेट को पृष्ठभूमि में ले जाने के लिए Z अनुक्रमणिका का उपयोग करना",
      "body": "<ol>\n<li> से<strong> डिफ़ॉल्ट लाइब्रेरी</strong> अपने कैनवास के नीचे बाईं ओर टैब, निम्नलिखित को खींचें और छोड़ें:<ul>\n<li><strong> लोगो</strong> पर विजेट<strong> frmFlex</strong> कैनवास पर प्रपत्र।</li>\n<li><strong> Search1</strong> पर विजेट<strong> frmFlex</strong> कैनवास पर प्रपत्र।</li>\n</ul>\n</li>\n<li> लाने के लिए<strong> लोगो</strong> ऊपर विजेट<strong> Search1</strong> विजेट,<ul>\n<li> चुनें<strong> हैडरकंटेनर02</strong> से<strong> परियोजना</strong> आपके कैनवास के ऊपर बाईं ओर एक्सप्लोरर।</li>\n<li> से<strong> गुण</strong> पैनल, विस्तार करें<strong> देखो</strong> &gt;<strong> फ्लेक्स</strong> आपके कैनवास के ऊपर दाईं ओर। ठीक<strong> जेड इंडेक्स</strong> संपत्ति को<strong>2</strong>.</li>\n</ul>\n</li>\n</ol>"
    },
    "navigationBar": {
      "left": {
        "text": " पिछला"
      },
      "right": {
        "text": " अगला"
      }
    }
  }
}