{
  "Card.VoltMX.FlexPropertiesV9.Intro": {
    "content": {
      "title": "了解Flex佈局屬性",
      "body": "<p> Flex佈局提供了多個用於管理應用程序佈局的屬性。 <br > <br > </p> \n <p>此遠足重點關注佈局屬性及其關聯的規則。 按照此遠足的步驟了解佈局屬性。</p>"
    },
    "navigationBar": {
      "left": {
        "text": "以前的"
      },
      "right": {
        "text": "開始"
      }
    }
  },
  "Card.VoltMX.FlexPropertiesV9.project": {
    "content": {
      "title": "創建一個新項目",
      "body": "<ol> \n <li>導航至<strong> project </strong>＆gt; <strong>新項目</strong>。</li> \n <li>來自<strong>您現在想從什麼開始？ </strong>窗口，選擇<strong>本機應用</strong>。</li> \n <li>單擊<strong> Next </strong>。<br/> <b>您從本機應用程序</b>窗口打開。 </li> \n </ol>"
    },
    "navigationBar": {
      "left": {
        "text": "以前的"
      },
      "right": {
        "text": "下一個"
      }
    }
  },
  "Card.VoltMX.FlexPropertiesV9.project2": {
    "content": {
      "title": "創建一個新項目",
      "body": "<ol> \n <li> <strong>項目名稱</strong>，enter <strong> flextutorial </strong>。</li> \n <li>單擊<strong>創建</strong>。<br />使用<b> form1 </b> form創建一個新應用程序。 <br />應用程序在<strong>故事板</strong>視圖中打開。</li> \n </ol>"
    },
    "navigationBar": {
      "left": {
        "text": "以前的"
      },
      "right": {
        "text": "下一個"
      }
    }
  },
  "Card.VoltMX.FlexPropertiesV9.rename": {
    "content": {
      "title": "重命名表格",
      "body": "<ol> \n <li>在<strong>故事板</strong>視圖中，在新表單上方，單擊<strong> form1 </strong>。</li> \n <li>將表單從<b> form1 </b>重命名為<strong> frmflex </strong>。</li> \n <li>將小部件添加到表單中，雙擊表單上以移至<strong> design </strong> view。</li> \n </ol>"
    },
    "navigationBar": {
      "left": {
        "text": "以前的"
      },
      "right": {
        "text": "下一個"
      }
    }
  },
  "Card.VoltMX.FlexPropertiesV9.AddButton": {
    "content": {
      "title": "將按鈕添加到表格",
      "body": "***<ol> \n <li>從虹膜的左下左下，導航到<strong>默認庫</strong>。</li> \n <li>在<b>默認庫旁邊，</b>您將看到<b>我的庫</b>選項卡和搜索圖標。 單擊搜索圖標🔍。</li> \n <li>在出現的搜索欄中，輸入<b>按鈕。</b> </li> \n <li>從結果，在<b>默認下，</b>查找<b>按鈕</b>。</li> \n <li>將<strong> button </strong> widt拖放到<strong> frmflex </strong>形式上。</li> \n <li>來自<b> project </b>資源管理器，展開<b>移動</b>＆gt; <b>表格</b>＆gt; <b> frmflex </b>。</li> \n <li>在<b> frmflex </b>下命名為<b> buttonxxxx </b>的按鈕上右鍵單擊右鍵單擊，select <b>重命名</b>並重命名<b> buttonxxxx </b> {45}的按鈕 } btnlayout </b>。</li> \n </ol>"
    },
    "navigationBar": {
      "left": {
        "text": "以前的"
      },
      "right": {
        "text": "下一個"
      }
    }
  },
  "Card.VoltMX.FlexPropertiesV9.ChTop": {
    "content": {
      "title": "佈局頂部屬性",
      "body": "<ol> \n <li>來自<strong> project </strong> Explorer展開<strong>移動</strong>＆gt; <strong>表格</strong>＆gt; <strong> frmflex </strong>並選擇<strong> btnlayout </strong>。</li> \n <li>導航到畫布右上方的<strong>屬性</strong>面板，然後選擇<strong> look </strong> tab。</li> \n <li>在<strong> flex </strong>部分下，將<strong>頂部</strong>屬性設置為<strong> 0 dp </strong>。</li> \n </ol> \n <p>請注意，現在將按鈕停靠在畫布上的屏幕頂部。</p>"
    },
    "navigationBar": {
      "left": {
        "text": "以前的"
      },
      "right": {
        "text": "下一個"
      }
    }
  },
  "Card.VoltMX.FlexPropertiesV9.ChBottom": {
    "content": {
      "title": "佈局底部屬性",
      "body": "<ol> \n <li>從<strong>屬性</strong>面板，展開<strong> look </strong>＆gt; <strong> flex </strong>在畫布的右上角。</li> \n <li>將<strong>底部</strong>屬性更改為<strong> 0 dp </strong>。</li> \n <li>空白<strong> top </strong>屬性。</li> \n </ol> \n <p>請注意，現在將按鈕停靠在畫布上的屏幕底部。</p>"
    },
    "navigationBar": {
      "left": {
        "text": "以前的"
      },
      "right": {
        "text": "下一個"
      }
    }
  },
  "Card.VoltMX.FlexPropertiesV9.ChLeftRight": {
    "content": {
      "title": "更改左右屬性",
      "body": "<ol> \n <li>從<strong>屬性</strong>面板，展開<strong> look </strong>＆gt; <strong> flex </strong>在畫布的右上角。</li> \n <li>將<strong>左</strong>屬性更改為<strong> 30 dp </strong>。<br />請注意，窗口小部件在畫布的左側有點移動。</li> \n <li>同樣，將<strong>右</strong>屬性更改為<strong> 5 dp。 <br /> </strong>空白<strong>左</strong>屬性。<br />請注意，小部件移動到畫布的右側。</li> \n </ol>"
    },
    "navigationBar": {
      "left": {
        "text": "以前的"
      },
      "right": {
        "text": "下一個"
      }
    }
  },
  "Card.VoltMX.FlexPropertiesV9.CenteringXY": {
    "content": {
      "title": "對齊X和Y軸的小部件",
      "body": "<ol> \n <li>來自<strong>屬性</strong>面板，Exand <strong> look </strong>＆gt; <strong> flex </strong>在畫布的右上角。</li> \n <li>設置： \n <ul> \n <li> <strong>中心x </strong> to <strong> 50％</strong> </li> \n <li> <strong>中心y </strong> to <strong> 50％</strong> </li> \n </ul> \n 請注意，小部件已移至畫布上的表格中心。</li> \n </ol>"
    },
    "navigationBar": {
      "left": {
        "text": "以前的"
      },
      "right": {
        "text": "下一個"
      }
    }
  },
  "Card.VoltMX.FlexPropertiesV9.Zindex": {
    "content": {
      "title": "使用Z索引將小部件移至背景",
      "body": "***<ol>\n<li>從虹膜的左下左下，導航到<strong>默認庫</strong>。</li>\n<li>在<b>默認庫旁邊，</b>您將看到<strong>我的庫</strong>選項卡和搜索圖標。單擊搜索圖標🔍。</li>\n<li>在出現的搜索欄中，輸入<b>徽標</b>。</li>\n<li>從結果中，在<b>標頭</b>下，查找<b>徽標</b>。</li>\n<li>在<b> frmflex </b>形式上拖動<b>徽標</b>組件。</li>\n<li>在出現的搜索欄中，輸入<b> search1 </b>。</li>\n<li>從結果中，在<b>子標題下</b>，查找<b> search1 </b>。</li>\n<li>在<b> frmflex </b>形式上拖動<b> search1 </b>組件。</li>\n<li>將<b>徽標</b>窗口小部件上方<b> search1 </b> widget，<ul> <li> {49}從forp-left <b> project </b> project {51} explorer，擴展</b>＆gt; <b>表格</b>＆gt; <b> frmflex </b>，選擇<b> headerContainer02 </b>。 <b> flex </b>，將<b> z索引</b>屬性設置為<b> 2 </b>。</li> </ul> </li> {74}\n</ol>"
    },
    "navigationBar": {
      "left": {
        "text": "以前的"
      },
      "right": {
        "text": "下一個"
      }
    }
  },
  "Card.VoltMX.FlexPropertiesV9.AppViewer": {
    "content": {
      "title": "Volt MX應用程序",
      "body": "<ol> \n <li>使用USB電纜將您的<b>移動</b>連接到計算機。<br /> \n 對於Android設備，請確保使用USB到<b>傳輸文件</b>。</li> \n <li>在您的<b>移動</b>上啟動<b> volt mx app </b>。</li> \n <li>選擇<b> USB </b> TAB。</li> \n <li>在成功的連接上，<b> iris </b>在您的計算機上顯示成功提示。<br /> \n 同時，USB圖標在您的<b> volt mx app </b>上旋轉綠色。</li> \n </ol>"
    },
    "navigationBar": {
      "left": {
        "text": "以前的"
      },
      "right": {
        "text": "下一個"
      }
    }
  },
  "Card.VoltMX.FlexPropertiesV9.livePreview": {
    "content": {
      "title": "實時預覽設置",
      "body": "<ol> <li>從主菜單中，選擇<b>構建</b>。</li> \n <li>單擊<b>實時預覽設置</b>。</li>"
    },
    "navigationBar": {
      "left": {
        "text": "以前的"
      },
      "right": {
        "text": "下一個"
      }
    }
  },
  "Card.VoltMX.FlexPropertiesV9.run": {
    "content": {
      "title": "運行應用程序",
      "body": "<ol> <li>從<b> Live Preview設置</b>窗口，在<b>本機</b>下，選擇要查看應用程序的移動/平板電腦OS旁邊的複選框。 <br/>例如：<b> ios </b>和<b> android </b>。<br/>確保您未選擇所有其他平台和頻道。</li> \n <li>單擊<b>保存＆運行</b>。<br/>可能需要一些時間才能讓Iris顯示<b> Live Preview已準備就緒</b>窗口。</ol>"
    },
    "navigationBar": {
      "left": {
        "text": "以前的"
      },
      "right": {
        "text": "下一個"
      }
    }
  },
  "Card.VoltMX.FlexPropertiesV9.AppViewDone": {
    "content": {
      "title": "查看應用程序",
      "body": "***<ol> \n <li>在您的<b> volt mx app </b>上，單擊<b>啟動</b>。<br /> \n 如果提示您提供應用程序名稱，請輸入<b> flextutorial </b>，然後單擊<b>啟動</b>。</li> <li> {12} {12} to <b> exit </b>預覽，從左邊滑動兩個手指 正確或搖動手機。</li> \n </ol>"
    },
    "navigationBar": {
      "left": {
        "text": "以前的"
      },
      "right": {
        "text": "下一個"
      }
    }
  },
  "Card.VoltMX.FlexPropertiesV9.Done": {
    "content": {
      "title": "恭喜",
      "body": "<p>您使用其佈局屬性成功地更改了flexcontainer中的小部件的佈局。</p>"
    },
    "navigationBar": {
      "left": {
        "text": "以前的"
      },
      "right": {
        "text": "完畢"
      }
    }
  }
}