{
  "kuid": "d0d202t1-84ac-4ar7-97ud-df4594n8",
  "id": "VoltMX.ConnectAppUItoDataMob_v9.nav",
  "content": {
    "title": "Navigation from Recipients List",
    "body": "<ol>\n<li>From the <strong>Project explorer</strong>, expand <strong>frmRecipients</strong> &gt; <strong>flexRecipientList</strong> &gt; <strong>flexHeader,</strong> and select <strong>headerButtonLeft</strong>.</li>\n<li>From the <strong>Properties</strong> panel, navigate to the <strong>Action </strong>tab.</li>\n<li>For the <strong>onClick</strong> event, click <strong>Edit</strong>. <br />The <strong>Action Editor</strong> window appears.</li>\n</ol>"
  },
  "pointer": {
    "direction": "left",
    "element": {
      "module": "projectexplorer",
      "path": "project-body\\project\\Mobile\\Forms\\frmRecipients"
    },
    "type": "default"
  },
  "navigationType": "manual",
  "navigationBar": {
    "left": {
      "text": "Previous",
      "enable": true,
      "hide": false
    },
    "right": {
      "text": "Next",
      "enable": true,
      "hide": false
    }
  },
  "navigationCondition": "",
  "position": "BOTTOM_LEFT",
  "meta": {
    "Creator": "Rashmi Menon",
    "CreatedOn": "Mon, 23 Mar 2020 08:41:51 GMT"
  },
  "context": [],
  "localization": {
    "en-us": {
      "content": {
        "title": "Navigation from Recipients List",
        "body": "<ol>\n<li>From the <strong>Project explorer</strong>, expand <strong>frmRecipients</strong> &gt; <strong>flexRecipientList</strong> &gt; <strong>flexHeader,</strong> and select <strong>headerButtonLeft</strong>.</li>\n<li>From the <strong>Properties</strong> panel, navigate to the <strong>Action </strong>tab.</li>\n<li>For the <strong>onClick</strong> event, click <strong>Edit</strong>. <br />The <strong>Action Editor</strong> window appears.</li>\n</ol>"
      },
      "navigationBar": {
        "left": {
          "text": "Previous"
        },
        "right": {
          "text": "Next"
        }
      }
    },
    "zh-cn": {
      "content": {
        "title": "从收件人列表中导航",
        "body": "<ol> \n <li>来自<strong> project Explorer </strong>，展开<strong> frmrecipient </strong>＆gt; <strong> FlexRecipientList </strong>＆gt; <strong> flexheader，</strong>，然后选择<strong> headerButtonLeft </strong>。</li> \n <li>从<strong>属性</strong>面板，导航到<strong> action </strong> tab。</li> \n <li>对于<strong> onClick </strong>事件，单击<strong> edit </strong>。 <br /> <strong>操作编辑器</strong>窗口出现。</li> \n </ol>"
      },
      "navigationBar": {
        "left": {
          "text": "以前的"
        },
        "right": {
          "text": "下一个"
        }
      }
    },
    "zh-tw": {
      "content": {
        "title": "從收件人列表中導航",
        "body": "<ol> \n <li>來自<strong> project Explorer </strong>，展開<strong> frmrecipient </strong>＆gt; <strong> FlexRecipientList </strong>＆gt; <strong> flexheader，</strong>，然後選擇<strong> headerButtonLeft </strong>。</li> \n <li>從<strong>屬性</strong>面板，導航到<strong> action </strong> tab。</li> \n <li>對於<strong> onClick </strong>事件，單擊<strong> edit </strong>。 <br /> <strong>操作編輯器</strong>窗口出現。</li> \n </ol>"
      },
      "navigationBar": {
        "left": {
          "text": "以前的"
        },
        "right": {
          "text": "下一個"
        }
      }
    }
  }
}