{
  "kuid": "516281t9-4bae-47r3-8bu0-a24761nc",
  "id": "VoltMX.AuthApp.AddUser",
  "content": {
    "title": "Add a User to the Repository",
    "body": "<ol>\n<li>Click <strong>Add User</strong>.<br /> The<strong> Add User </strong>window appears.</li>\n<li>Enter the following values in the respective fields:\n<ul>\n<li>Email/Username:<strong>&nbsp;john.doe@woodburn.com</strong></li>\n<li>First Name:<strong>&nbsp;John</strong></li>\n<li>Last Name:<strong>&nbsp;Doe</strong></li>\n<li>Password:<strong> VoltMX@123</strong></li>\n<li>Re-Enter Password:<strong> VoltMX@123</strong></li>\n<li>Entering a Phone number is optional</li>\n<li>From <strong>Add / Select Group (s)</strong>, ensure the checkbox for <strong>Members </strong>is selected from the drop-down.</li>\n</ul>\n</li>\n<li>Click <strong>Add User</strong>.</li>\n</ol>\n<p>A user is added to the repository.<br /> Note the <strong>Login</strong> credentials for testing.</p>"
  },
  "pointer": {
    "direction": "left",
    "element": "",
    "type": "none"
  },
  "navigationType": "manual",
  "navigationBar": {
    "left": {
      "text": "Previous",
      "enable": true,
      "hide": false
    },
    "right": {
      "text": "Next",
      "enable": true,
      "hide": false
    }
  },
  "navigationCondition": "",
  "position": "BOTTOM_RIGHT",
  "meta": {
    "Creator": "Deepti Ravula",
    "CreatedOn": "Thu, 19 Dec 2019 06:35:42 GMT"
  },
  "context": [],
  "localization": {
    "en-us": {
      "content": {
        "title": "Add a User to the Repository",
        "body": "<ol>\n<li>Click <strong>Add User</strong>.<br /> The<strong> Add User </strong>window appears.</li>\n<li>Enter the following values in the respective fields:\n<ul>\n<li>Email/Username:<strong>&nbsp;john.doe@woodburn.com</strong></li>\n<li>First Name:<strong>&nbsp;John</strong></li>\n<li>Last Name:<strong>&nbsp;Doe</strong></li>\n<li>Password:<strong> VoltMX@123</strong></li>\n<li>Re-Enter Password:<strong> VoltMX@123</strong></li>\n<li>Entering a Phone number is optional</li>\n<li>From <strong>Add / Select Group (s)</strong>, ensure the checkbox for <strong>Members </strong>is selected from the drop-down.</li>\n</ul>\n</li>\n<li>Click <strong>Add User</strong>.</li>\n</ol>\n<p>A user is added to the repository.<br /> Note the <strong>Login</strong> credentials for testing.</p>"
      },
      "navigationBar": {
        "left": {
          "text": "Previous"
        },
        "right": {
          "text": "Next"
        }
      }
    },
    "zh-cn": {
      "content": {
        "title": "将用户添加到存储库中",
        "body": "***<ol> \n <li>单击<strong>添加用户</strong>。<br /> <strong>添加用户</strong>窗口出现。</li> \n <li>在各个字段中输入以下值： \n <ul> \n <li>电子邮件/用户名：<strong>＆nbsp; john.doe@woodburn.com </strong> </li> {13} \n <li>名字：<strong>＆nbsp; john </strong> </li> \n <li>姓氏：<strong>＆nbsp; doe </strong> </li> \n <li>密码：<strong> voltmx@123 </strong> </li> \n <li>重新输入密码：<strong> voltmx@123 </strong> </li> \n <li>输入电话号码是可选的</li> \n <li>来自<strong> add / select组（s）</strong>，确保从下拉下选择<strong>成员的复选框</strong>。</li> \n </ul> \n </li> \n <li>单击<strong>添加用户</strong>。</li> \n </ol> \n <p>将用户添加到存储库中。<br />注意<strong> login </strong>测试凭证。</p>"
      },
      "navigationBar": {
        "left": {
          "text": "以前的"
        },
        "right": {
          "text": "下一个"
        }
      }
    },
    "zh-tw": {
      "content": {
        "title": "將用戶添加到存儲庫中",
        "body": "***<ol> \n <li>單擊<strong>添加用戶</strong>。<br /> <strong>添加用戶</strong>窗口出現。</li> \n <li>在各個字段中輸入以下值： \n <ul> \n <li>電子郵件/用戶名：<strong>＆nbsp; john.doe@woodburn.com </strong> </li> {13} \n <li>名字：<strong>＆nbsp; john </strong> </li> \n <li>姓氏：<strong>＆nbsp; doe </strong> </li> \n <li>密碼：<strong> voltmx@123 </strong> </li> \n <li>重新輸入密碼：<strong> voltmx@123 </strong> </li> \n <li>輸入電話號碼是可選的</li> \n <li>來自<strong> add / select組（s）</strong>，確保從下拉下選擇<strong>成員的複選框</strong>。</li> \n </ul> \n </li> \n <li>單擊<strong>添加用戶</strong>。</li> \n </ol> \n <p>將用戶添加到存儲庫中。<br />注意<strong> login </strong>測試憑證。</p>"
      },
      "navigationBar": {
        "left": {
          "text": "以前的"
        },
        "right": {
          "text": "下一個"
        }
      }
    }
  }
}