{
    "kuid": "74b727t1-b8ae-4fr5-b8u1-981352nc",
    "id": "VoltMX.NFIBarcodeV9.uiForm",
    "content": {
        "title": "UI Design for Form",
        "body": "<ol>\n<li>From the <strong>Project </strong>explorer, navigate to <strong>Mobile </strong>&gt; <strong>Forms, </strong>and select <strong>barcodeScanner</strong>.</li>\n<li>In the lower-left corner of Volt MX Iris, navigate to <strong>My Libraries </strong></li>\n<li>Ensure that the library: <strong>NFIcollections </strong>and the Collection: <strong>BarcodeScanner </strong>are open.<br />Select the <strong>flxBarcodeScanner </strong>collection and drop it on the <strong>barcodeScanner </strong>form on the canvas.</li>\n</ol>"
    },
    "pointer": {
        "direction": "left",
        "element": {
            "module": "projectexplorer",
            "path": "project-body\\project\\Mobile\\Forms\\barcodeScanner"
        },
        "type": "default"
    },
    "navigationType": "manual",
    "navigationBar": {
        "left": {
            "text": "Previous",
            "enable": true,
            "hide": false
        },
        "right": {
            "text": "Next",
            "enable": true,
            "hide": false
        }
    },
    "navigationCondition": "",
    "position": "BOTTOM_RIGHT",
    "meta": {
        "Creator": "Rashmi Menon",
        "CreatedOn": "Thu, 28 Nov 2019 04:33:24 GMT"
    },
    "context": []
}