{
  "kuid": "ce74ddtb-daa1-4dr9-a3u0-bd68a6n3",
  "id": "VoltMX.AddCreatePayeeWeb_v9.confLgout2",
  "content": {
    "title": "Configure Logout",
    "body": "<ol>\n<li>On the Action Editor canvas, click <strong>Success</strong>.</li>\n<li>From the left menu of the <strong>Action Editor</strong>, under the <strong>General</strong> section, select <strong>Navigate to Form</strong>.</li>\n<li>From the right pane, select <strong>frmLogin</strong>.</li>\n<li>Click <strong>Save</strong>.</li>\n</ol>"
  },
  "pointer": {
    "direction": "left",
    "element": {
      "module": "actioneditor",
      "css_selector": "li.actionTreeActiveItem ul li ul li  table td div.actionBubble1"
    },
    "type": "default"
  },
  "navigationType": "manual",
  "navigationBar": {
    "left": {
      "text": "Previous",
      "enable": true,
      "hide": false
    },
    "right": {
      "text": "Next",
      "enable": true,
      "hide": false
    }
  },
  "navigationCondition": "",
  "position": "BOTTOM_LEFT",
  "meta": {
    "Creator": "Rashmi Menon",
    "CreatedOn": "Tue, 25 Feb 2020 05:48:05 GMT"
  },
  "context": [],
  "localization": {
    "en-us": {
      "content": {
        "title": "Configure Logout",
        "body": "<ol>\n<li>On the Action Editor canvas, click <strong>Success</strong>.</li>\n<li>From the left menu of the <strong>Action Editor</strong>, under the <strong>General</strong> section, select <strong>Navigate to Form</strong>.</li>\n<li>From the right pane, select <strong>frmLogin</strong>.</li>\n<li>Click <strong>Save</strong>.</li>\n</ol>"
      },
      "navigationBar": {
        "left": {
          "text": "Previous"
        },
        "right": {
          "text": "Next"
        }
      }
    },
    "zh-cn": {
      "content": {
        "title": "配置注销",
        "body": "***<ol> \n <li>在操作编辑器帆布上，单击<strong>成功</strong>。</li> \n <li>从<strong>操作编辑器的左菜单</strong>下，在<strong>常规</strong> e节下，选择<strong>导航至form </strong>。</li>。{12} \n <li>从右窗格中，选择<strong> frmlogin </strong>。</li> \n <li>单击<strong>保存</strong>。</li> \n </ol>"
      },
      "navigationBar": {
        "left": {
          "text": "以前的"
        },
        "right": {
          "text": "下一个"
        }
      }
    },
    "zh-tw": {
      "content": {
        "title": "配置註銷",
        "body": "***<ol> \n <li>在操作編輯器帆布上，單擊<strong>成功</strong>。</li> \n <li>從<strong>操作編輯器的左菜單</strong>下，在<strong>常規</strong> e節下，選擇<strong>導航至form </strong>。</li>。{12} \n <li>從右窗格中，選擇<strong> frmlogin </strong>。</li> \n <li>單擊<strong>保存</strong>。</li> \n </ol>"
      },
      "navigationBar": {
        "left": {
          "text": "以前的"
        },
        "right": {
          "text": "下一個"
        }
      }
    }
  }
}