{
    "kuid": "9e7887tf-73a0-4erb-8cu0-62176ene",
    "id": "VoltMX.UseStorageServiceV9.rename",
    "content": {
        "title": "Rename the Form",
        "body": "<ol>\n<li>In the <strong>Storyboard</strong> view, above the new Form, click <strong>Form1</strong>.</li>\n<li>Rename the form from <strong>Form1</strong>to <strong>frmDetails</strong>.</li>\n<li>Double-click on the form to open the form in <strong>Design </strong>view.</li>\n</ol>"
    },
    "pointer": {
        "direction": "left",
        "element": "",
        "type": "none"
    },
    "navigationType": "manual",
    "navigationBar": {
        "left": {
            "text": "Previous",
            "enable": true,
            "hide": false
        },
        "right": {
            "text": "Next",
            "enable": true,
            "hide": false
        }
    },
    "navigationCondition": "",
    "position": "BOTTOM_RIGHT",
    "meta": {
        "Creator": "Rashmi Menon",
        "CreatedOn": "Wed, 27 Nov 2019 10:00:55 GMT"
    },
    "context": []
}