{
  "Card.VoltMX.IntroductionToInternationalizat.Intro": {
    "content": {
      "title": "國際化簡介",
      "body": "<p> <strong>國際化（i18n）</strong>可幫助您根據設備的語言環境顯示應用程序的內容。</p> \n <p>要將I18N合併到您的應用程序中，您必須定義各個字段的鍵值對，例如佔位符和文本。 在這裡，鑰匙是字段和值是所需語言中鍵的翻譯。</p> \n <p>在此徒步旅行中，您將：</p> \n <ul> \n <li>配置特定於西班牙語和英語的語言</li> \n <li>在應用程序中顯示的西班牙語和英語</li>中顯示的各種文本中添加鍵值對 \n </ul> \n <p> <strong>當您準備就緒時，單擊“開始”！</strong> </p>"
    },
    "navigationBar": {
      "left": {
        "text": "以前的"
      },
      "right": {
        "text": "開始"
      }
    }
  },
  "Card.VoltMX.IntroductionToInternation.import1": {
    "content": {
      "title": "導入市場應用程序",
      "body": "<ol> \n <li>從虹膜的主菜單中，導航到<strong> forge </strong>＆gt; <strong>瀏覽</strong>。<br /> <strong> volt mx Iris </strong>窗口出現</li> \n <li>在搜索欄上，輸入<strong>收件人</strong>。</li> \n <li>單擊搜索圖標🔍。</li> \n <li>在出現的列表中，選擇<strong>收件人</strong>。<br /> <strong> colectients mobile </strong>出現的詳細信息。</li> \n <li>單擊<strong>導入到工作區</strong>。<br />可能需要一些時間才能讓Iris導入該應用程序。</li> \n <li>如果您之前已導入此項目，則可能會出現“現有項目覆蓋現有項目”錯誤對話框，只需單擊“確定”按鈕繼續。</li> \n <li>單擊<strong>在流行窗口中繼續</strong>按鈕。</li> \n <li>單擊<strong>在流行窗口中替換</strong>按鈕。</li> \n <li>導入應用後，出現<strong> iris </strong>對話框。<br />單擊<strong> ok ok </strong>。</li> \n </ol>"
    },
    "navigationBar": {
      "left": {
        "text": "以前的"
      },
      "right": {
        "text": "下一個"
      }
    }
  },
  "Card.VoltMX.IntroductionToInternationalizat.import2": {
    "content": {
      "title": "打開應用程序",
      "body": "***<ol> \n <li>從虹膜的主菜單中，導航到<strong> project </strong>＆gt; <strong>打開</strong>＆gt; <strong> HCl Reference Architection </strong>，然後選擇<strong> colectientsMobile </strong>。<br />應用程序在<strong>情節板</strong>視圖中打開。<strong> <br /> {14} </strong> {15} </li> \n <li>雙擊<strong> frmuserlogin </strong>表單以打開<strong> design </strong>視圖中的表單。</li> \n </ol>"
    },
    "navigationBar": {
      "left": {
        "text": "以前的"
      },
      "right": {
        "text": "下一個"
      }
    }
  },
  "Card.VoltMX.IntroductionToInternationalizat.enable": {
    "content": {
      "title": "啟用國際化",
      "body": "<ol> \n <li>從左導航菜單中，選擇<strong>設置</strong>。<br /> <strong> project settings </strong>窗口出現。</li> \n <li>在<strong>應用程序</strong> tab中，在<strong>國際化（I18n）下：</strong>選擇<strong> enable </strong>。<br />出現兩個新字段。</li> \n <li>單擊<strong>配置</strong>。<br /> <strong>配置國際化</strong>窗口出現。</li> \n </ol>"
    },
    "navigationBar": {
      "left": {
        "text": "以前的"
      },
      "right": {
        "text": "下一個"
      }
    }
  },
  "Card.VoltMX.IntroductionToInternationalizat.enable2": {
    "content": {
      "title": "啟用國際化",
      "body": "<ol> \n 在<strong>配置國際化</strong>窗口中，單擊<strong>配置locales </strong>。<br /> <strong> configure locales </strong>窗口在默認情況下按預定的選項卡出現。 \n </ol>"
    },
    "navigationBar": {
      "left": {
        "text": "以前的"
      },
      "right": {
        "text": "下一個"
      }
    }
  },
  "Card.VoltMX.IntroductionToInternationalizat.configure": {
    "content": {
      "title": "配置英語語言環境",
      "body": "***<ol> \n <li>在<strong> search </strong>字段中，輸入：<strong> en_us </strong>。<br /> <strong>英語</strong> LOCALE for <strong> for {9} United State </strong>出現。</li> \n <li>選擇LOCALE <strong> en_us </strong>。</li> \n </ol>"
    },
    "navigationBar": {
      "left": {
        "text": "以前的"
      },
      "right": {
        "text": "下一個"
      }
    }
  },
  "Card.VoltMX.IntroductionToInternational.configureS": {
    "content": {
      "title": "配置您的首選語言環境",
      "body": "***<ol> \n <li>在<strong>搜索</strong>字段中，輸入您的首選語言環境，例如<strong> eS_US </strong>。 出現。</li> \n <li>選擇<b> es_us </b>。</li> \n <li>單擊<strong> ok </strong>以返回<strong>配置國際化</strong>窗口。<strong> <br /> {22} </strong>您可以看到在此窗口中添加了三列：<strong>鍵 </strong>，<strong> en_us </strong>，<strong> es_us </strong>。</li> \n </ol>"
    },
    "navigationBar": {
      "left": {
        "text": "以前的"
      },
      "right": {
        "text": "下一個"
      }
    }
  },
  "Card.VoltMX.IntroductionToInternationalV9.KeyUN": {
    "content": {
      "title": "用戶名的鍵值對",
      "body": "***<p>讓我們為<strong> frmuserlogin </strong>的各種顯示文本提供一些鍵值對。</p> \n <ol> \n <li>單擊<strong>+</strong>。</li> \n <li>在列<strong>鍵</strong>下，Enter：<strong>用戶名</strong>。</li> \n <li>在列<strong> en_us </strong>下方，輸入：<strong>用戶名</strong>。</li> \n <li>在列<strong> es_us </strong>下方，輸入：<strong> nombre de usuario </strong> <span hk-tooltip='Spanish Translation for Username'> {26} <img src=\"https://i.ibb.co/Dfkmg6k/Button-Info-icon.png\" alt=\"Button-Info-icon\" width=\"10\" height=\"10\" /> </span> {28}。</li> \n </ol>"
    },
    "navigationBar": {
      "left": {
        "text": "以前的"
      },
      "right": {
        "text": "下一個"
      }
    }
  },
  "Card.VoltMX.IntroductionToInternationalV9.keyPWD": {
    "content": {
      "title": "密碼對密碼配對",
      "body": "***<ol> \n <li>單擊<strong>+</strong>。</li> \n <li>列下<strong>鍵</strong>，Enter：<strong>密碼</strong>。</li> \n <li>在列<strong> en_us </strong>下，輸入：<strong>密碼</strong>。</li> \n <li>在列<strong> es_us </strong>下，輸入：<strong> contrase＆ntilde; a </strong> <span hk-tooltip='Spanish Translation for Password'> {22} <img src=\"https://i.ibb.co/Dfkmg6k/Button-Info-icon.png\" alt=\"Button-Info-icon\" width=\"10\" height=\"10\" /> </span> {24}。</li> \n </ol>"
    },
    "navigationBar": {
      "left": {
        "text": "以前的"
      },
      "right": {
        "text": "下一個"
      }
    }
  },
  "Card.VoltMX.IntroductionToInternationalV9.keyLogin": {
    "content": {
      "title": "登錄的鍵值對",
      "body": "***<ol> \n <li>單擊<strong>+</strong>。</li> \n <li>列下<strong>鍵</strong>，Enter：<strong> login </strong>。</li> \n <li>在列<strong> en_us </strong>下方，輸入：<strong> login </strong>。</li> \n <li>在列<strong> es_us </strong>下方，輸入：<strong> iniciar sesi＆oacute; n </strong> <span hk-tooltip='Spanish Translation for Login'> {22} <img src=\"https://i.ibb.co/Dfkmg6k/Button-Info-icon.png\" alt=\"Button-Info-icon\" width=\"10\" height=\"10\" /> </span> {24} </li>。{25} \n <li>單擊<strong>完成</strong>以返回<strong>項目設置</strong>。</li> \n </ol>"
    },
    "navigationBar": {
      "left": {
        "text": "以前的"
      },
      "right": {
        "text": "下一個"
      }
    }
  },
  "Card.VoltMX.IntroductionToInternationalV9.default": {
    "content": {
      "title": "設置默認場所",
      "body": "***<ol> \n <li>在<strong> project設置</strong>窗口中，導航到<br/> <strong>國際化（I18n）</strong>部分。 <br/>對於<strong>默認環境</strong>，從下拉列表中，選擇<strong>英語（美國）。</strong> </li> {12} \n <li>單擊<strong>完成</strong>。</li> \n </ol>"
    },
    "navigationBar": {
      "left": {
        "text": "以前的"
      },
      "right": {
        "text": "下一個"
      }
    }
  },
  "Card.VoltMX.IntroductionToInternationalV9.setKey1": {
    "content": {
      "title": "設置I18N密鑰用戶名",
      "body": "<p>現在，讓我們將<strong> i18n鍵</strong>值設置為<strong> frmuserlogin </strong>中的文本。</p> \n <ol> \n <li>在畫布上選擇帶有文本<strong>用戶名</strong>的文本框。</li> \n <li>從<strong>屬性</strong>面板，導航到<strong>文本框</strong> tab。</li> \n <li>在<strong>常規</strong>部分下，對於屬性<strong>佔位符i18n鍵</strong>，從下拉列表中選擇<strong>用戶名</strong>。</li> \n </ol>"
    },
    "navigationBar": {
      "left": {
        "text": "以前的"
      },
      "right": {
        "text": "下一個"
      }
    }
  },
  "Card.VoltMX.IntroductionToInternationalV9.setKey2": {
    "content": {
      "title": "設置I18N密鑰密碼",
      "body": "<ol> \n <li>在畫布上選擇帶有文本<strong>密碼</strong>的文本框。</li> \n <li>從<strong>屬性</strong>面板，導航到<strong>文本框</strong> tab。</li> \n <li>在<strong>常規</strong>部分下，對於屬性<strong>佔位符i18n鍵</strong>，從下拉列表中選擇<strong>密碼</strong>。</li> \n </ol>"
    },
    "navigationBar": {
      "left": {
        "text": "以前的"
      },
      "right": {
        "text": "下一個"
      }
    }
  },
  "Card.VoltMX.IntroductionToInternationalV9.setKey3": {
    "content": {
      "title": "設置I18N密鑰登錄",
      "body": "<ol> \n <li>在畫布上選擇<strong>登錄</strong>按鈕。</li> \n <li>從<strong>屬性</strong>面板，導航到<strong> look </strong> tab。</li> \n <li>在<strong>外觀</strong>部分下，對於屬性<strong>文本I18N鍵</strong>，從下拉列表中選擇<strong>登錄</strong>。</li> \n </ol> \n <p>您已成功配置了<strong> frmuserlogin </strong>的文本的I18N鍵。</p>"
    },
    "navigationBar": {
      "left": {
        "text": "以前的"
      },
      "right": {
        "text": "下一個"
      }
    }
  },
  "Card.VoltMX.IntroductionToInternationalV9.connect": {
    "content": {
      "title": "連接移動設備",
      "body": "***<ol> \n <li>使用USB電纜將您的<strong>移動</strong>設備連接到計算機。<br />對於Android移動設備，請確保將USB的使用設置為<strong> Transfer </strong> <strong> {7}文件 </strong>。</li> \n <li>確保設備語言設置為<strong>英語（美國）</strong>。</li> \n </ol>"
    },
    "navigationBar": {
      "left": {
        "text": "以前的"
      },
      "right": {
        "text": "下一個"
      }
    }
  },
  "Card.VoltMX.IntroductionToInternationalV9.publish": {
    "content": {
      "title": "發布應用程序",
      "body": "<ol> \n <li>從主菜單中，導航至<strong>構建</strong>。</li> \n <li>單擊<strong>構建並發布本機</strong>。<br /> <strong>構建和發布本機</strong>窗口出現。</li> \n </ol>"
    },
    "navigationBar": {
      "left": {
        "text": "以前的"
      },
      "right": {
        "text": "下一個"
      }
    }
  },
  "Card.VoltMX.IntroductionToInternationalV9.publish1": {
    "content": {
      "title": "發布應用程序",
      "body": "<ol> \n <li>來自<strong> post build action </strong>下拉菜單，選擇<strong>在我的設備/仿真器</strong>上運行。</li> \n <li>從<strong>配置的設備</strong>部分，在<strong>移動</strong>下，選擇您的<strong>移動</strong> </li> \n <li>從<strong>構建模式</strong>下拉菜單，選擇<strong> debug </strong>。</li> \n <li>單擊<strong>構建</strong>。</li> \n </ol> \n <p> Iris可能需要幾分鐘才能構建和啟動該應用程序。</p>"
    },
    "navigationBar": {
      "left": {
        "text": "以前的"
      },
      "right": {
        "text": "下一個"
      }
    }
  },
  "Card.VoltMX.IntroductionToInternationalV9.view": {
    "content": {
      "title": "啟動該應用程序",
      "body": "***<ol> \n <li>在您的<strong>移動</strong>設備上，成功啟動後，<strong> volt mx javascript調試器配置</strong>窗口出現。<br />單擊<strong> cancel </strong>。 \n <li>登錄表格出現在默認場所佈局中。</li> \n <li>關閉應用程序。</li> \n <li>將設備的語言更改為<strong>西班牙語（美國）</strong> <span hk-tooltip='Español (Estados Unidos)'> <img src=\"https://i.ibb.co/Dfkmg6k/Button-Info-icon.png\" alt=\"Button-Info-icon\" width=\"10\" height=\"10\" /> </span> {19} </li> {20} \n <li>打開應用程序<strong>收件人mobile </strong> <br />登錄表單現在以西班牙語出現。</li> \n </ol>"
    },
    "navigationBar": {
      "left": {
        "text": "以前的"
      },
      "right": {
        "text": "下一個"
      }
    }
  },
  "Card.VoltMX.IntroductionToInternationalV9.done": {
    "content": {
      "title": "恭喜",
      "body": "<p> <strong>您</strong> <strong>成功</strong>：</p> \n <ul> \n <li>配置了兩個地方：英語和西班牙語。</li> \n <li>提供了</li>中使用的不同文本的鍵值對 \n <li>以</li>的形式為小部件配置了i18n鍵 \n <li>查看移動設備的語言時的內容差異。</li> \n </ul> \n <p>有關國際化的更多信息，請單擊<a href='#'onClick='javascript:openURL(\"https://opensource.hcltechsw.com/volt-mx-docs/docs/tutorials/internalizationAndLocalization.html\")'>此處</a>。</p>"
    },
    "navigationBar": {
      "left": {
        "text": "以前的"
      },
      "right": {
        "text": "完畢"
      }
    }
  }
}