{
  "Card.VoltMX.IntroductionToInternationalizat.Intro": {
    "content": {
      "title": "国际化简介",
      "body": "<p> <strong>国际化（i18n）</strong>可帮助您根据设备的语言环境显示应用程序的内容。</p> \n <p>要将I18N合并到您的应用程序中，您必须定义各个字段的键值对，例如占位符和文本。 在这里，键是字段和值是按必需语言中键的翻译。</p> \n <p>在此徒步旅行中，您将：</p> \n <ul> \n <li>配置特定于西班牙语和英语的语言</li> \n <li>在应用程序中显示的西班牙语和英语</li>中显示的各种文本中添加键值对 \n </ul> \n <p> <strong>当您准备就绪时，单击“开始”！</strong> </p>"
    },
    "navigationBar": {
      "left": {
        "text": "以前的"
      },
      "right": {
        "text": "开始"
      }
    }
  },
  "Card.VoltMX.IntroductionToInternation.import1": {
    "content": {
      "title": "导入市场应用程序",
      "body": "<ol> \n <li>从虹膜的主菜单中，导航到<strong> forge </strong>＆gt; <strong>浏览</strong>。<br /> <strong> volt mx Iris </strong>窗口出现</li> \n <li>在搜索栏上，输入<strong>收件人</strong>。</li> \n <li>单击搜索图标🔍。</li> \n <li>在出现的列表中，选择<strong>收件人</strong>。<br /> <strong> colectients mobile </strong>出现的详细信息。</li> \n <li>单击<strong>导入到工作区</strong>。<br />可能需要一些时间才能让Iris导入该应用程序。</li> \n <li>如果您之前已导入此项目，则可能会出现“现有项目覆盖现有项目”错误对话框，只需单击“确定”按钮继续。</li> \n <li>单击<strong>在流行窗口中继续</strong>按钮。</li> \n <li>单击<strong>在流行窗口中替换</strong>按钮。</li> \n <li>导入应用后，出现<strong> iris </strong>对话框。<br />单击<strong> ok ok </strong>。</li> \n </ol>"
    },
    "navigationBar": {
      "left": {
        "text": "以前的"
      },
      "right": {
        "text": "下一个"
      }
    }
  },
  "Card.VoltMX.IntroductionToInternationalizat.import2": {
    "content": {
      "title": "打开应用程序",
      "body": "***<ol> \n <li>从虹膜的主菜单中，导航到<strong> project </strong>＆gt; <strong>打开</strong>＆gt; <strong> HCl Reference Architection </strong>，然后选择<strong> colectientsMobile </strong>。<br />应用程序在<strong>情节板</strong>视图中打开。<strong> <br /> {14} </strong> {15} </li> \n <li>双击<strong> frmuserlogin </strong>表单以打开<strong> design </strong>视图中的表单。</li> \n </ol>"
    },
    "navigationBar": {
      "left": {
        "text": "以前的"
      },
      "right": {
        "text": "下一个"
      }
    }
  },
  "Card.VoltMX.IntroductionToInternationalizat.enable": {
    "content": {
      "title": "启用国际化",
      "body": "<ol> \n <li>从左导航菜单中，选择<strong>设置</strong>。<br /> <strong> project settings </strong>窗口出现。</li> \n <li>在<strong>应用程序</strong> tab中，在<strong>国际化（I18n）下：</strong>选择<strong> enable </strong>。<br />出现两个新字段。</li> \n <li>单击<strong>配置</strong>。<br /> <strong>配置国际化</strong>窗口出现。</li> \n </ol>"
    },
    "navigationBar": {
      "left": {
        "text": "以前的"
      },
      "right": {
        "text": "下一个"
      }
    }
  },
  "Card.VoltMX.IntroductionToInternationalizat.enable2": {
    "content": {
      "title": "启用国际化",
      "body": "<ol> \n 在<strong>配置国际化</strong>窗口中，单击<strong>配置locales </strong>。<br /> <strong> configure locales </strong>窗口在默认情况下按预定的选项卡出现。 \n </ol>"
    },
    "navigationBar": {
      "left": {
        "text": "以前的"
      },
      "right": {
        "text": "下一个"
      }
    }
  },
  "Card.VoltMX.IntroductionToInternationalizat.configure": {
    "content": {
      "title": "配置英语语言环境",
      "body": "***<ol> \n <li>在<strong> search </strong>字段中，输入：<strong> en_us </strong>。<br /> <strong>英语</strong> LOCALE for <strong> for {9} United State </strong>出现。</li> \n <li>选择LOCALE <strong> en_us </strong>。</li> \n </ol>"
    },
    "navigationBar": {
      "left": {
        "text": "以前的"
      },
      "right": {
        "text": "下一个"
      }
    }
  },
  "Card.VoltMX.IntroductionToInternational.configureS": {
    "content": {
      "title": "配置您的首选语言环境",
      "body": "***<ol> \n <li>在<strong>搜索</strong>字段中，输入您的首选语言环境，例如<strong> eS_US </strong>。 出现。</li> \n <li>选择<b> es_us </b>。</li> \n <li>单击<strong> ok </strong>以返回<strong>配置国际化</strong>窗口。<strong> <br /> {22} </strong>您可以看到在此窗口中添加了三列：<strong>键 </strong>，<strong> en_us </strong>，<strong> es_us </strong>。</li> \n </ol>"
    },
    "navigationBar": {
      "left": {
        "text": "以前的"
      },
      "right": {
        "text": "下一个"
      }
    }
  },
  "Card.VoltMX.IntroductionToInternationalV9.KeyUN": {
    "content": {
      "title": "用户名的键值对",
      "body": "***<p>让我们为<strong> frmuserlogin </strong>的各种显示文本提供一些键值对。</p> \n <ol> \n <li>单击<strong>+</strong>。</li> \n <li>在列<strong>键</strong>下，Enter：<strong>用户名</strong>。</li> \n <li>在列<strong> en_us </strong>下方，输入：<strong>用户名</strong>。</li> \n <li>在列<strong> es_us </strong>下方，输入：<strong> nombre de usuario </strong> <span hk-tooltip='Spanish Translation for Username'> {26} <img src=\"https://i.ibb.co/Dfkmg6k/Button-Info-icon.png\" alt=\"Button-Info-icon\" width=\"10\" height=\"10\" /> </span> {28}。</li> \n </ol>"
    },
    "navigationBar": {
      "left": {
        "text": "以前的"
      },
      "right": {
        "text": "下一个"
      }
    }
  },
  "Card.VoltMX.IntroductionToInternationalV9.keyPWD": {
    "content": {
      "title": "密码对密码配对",
      "body": "***<ol> \n <li>单击<strong>+</strong>。</li> \n <li>列下<strong>键</strong>，Enter：<strong>密码</strong>。</li> \n <li>在列<strong> en_us </strong>下，输入：<strong>密码</strong>。</li> \n <li>在列<strong> es_us </strong>下，输入：<strong> contrase＆ntilde; a </strong> <span hk-tooltip='Spanish Translation for Password'> {22} <img src=\"https://i.ibb.co/Dfkmg6k/Button-Info-icon.png\" alt=\"Button-Info-icon\" width=\"10\" height=\"10\" /> </span> {24}。</li> \n </ol>"
    },
    "navigationBar": {
      "left": {
        "text": "以前的"
      },
      "right": {
        "text": "下一个"
      }
    }
  },
  "Card.VoltMX.IntroductionToInternationalV9.keyLogin": {
    "content": {
      "title": "登录的键值对",
      "body": "***<ol> \n <li>单击<strong>+</strong>。</li> \n <li>列下<strong>键</strong>，Enter：<strong> login </strong>。</li> \n <li>在列<strong> en_us </strong>下方，输入：<strong> login </strong>。</li> \n <li>在列<strong> es_us </strong>下方，输入：<strong> iniciar sesi＆oacute; n </strong> <span hk-tooltip='Spanish Translation for Login'> {22} <img src=\"https://i.ibb.co/Dfkmg6k/Button-Info-icon.png\" alt=\"Button-Info-icon\" width=\"10\" height=\"10\" /> </span> {24} </li>。{25} \n <li>单击<strong>完成</strong>以返回<strong>项目设置</strong>。</li> \n </ol>"
    },
    "navigationBar": {
      "left": {
        "text": "以前的"
      },
      "right": {
        "text": "下一个"
      }
    }
  },
  "Card.VoltMX.IntroductionToInternationalV9.default": {
    "content": {
      "title": "设置默认场所",
      "body": "***<ol> \n <li>在<strong> project设置</strong>窗口中，导航到<br/> <strong>国际化（I18n）</strong>部分。 <br/>对于<strong>默认环境</strong>，从下拉列表中，选择<strong>英语（美国）。</strong> </li> {12} \n <li>单击<strong>完成</strong>。</li> \n </ol>"
    },
    "navigationBar": {
      "left": {
        "text": "以前的"
      },
      "right": {
        "text": "下一个"
      }
    }
  },
  "Card.VoltMX.IntroductionToInternationalV9.setKey1": {
    "content": {
      "title": "设置I18N密钥用户名",
      "body": "<p>现在，让我们将<strong> i18n键</strong>值设置为<strong> frmuserlogin </strong>中的文本。</p> \n <ol> \n <li>在画布上选择带有文本<strong>用户名</strong>的文本框。</li> \n <li>从<strong>属性</strong>面板，导航到<strong>文本框</strong> tab。</li> \n <li>在<strong>常规</strong>部分下，对于属性<strong>占位符i18n键</strong>，从下拉列表中选择<strong>用户名</strong>。</li> \n </ol>"
    },
    "navigationBar": {
      "left": {
        "text": "以前的"
      },
      "right": {
        "text": "下一个"
      }
    }
  },
  "Card.VoltMX.IntroductionToInternationalV9.setKey2": {
    "content": {
      "title": "设置I18N密钥密码",
      "body": "<ol> \n <li>在画布上选择带有文本<strong>密码</strong>的文本框。</li> \n <li>从<strong>属性</strong>面板，导航到<strong>文本框</strong> tab。</li> \n <li>在<strong>常规</strong>部分下，对于属性<strong>占位符i18n键</strong>，从下拉列表中选择<strong>密码</strong>。</li> \n </ol>"
    },
    "navigationBar": {
      "left": {
        "text": "以前的"
      },
      "right": {
        "text": "下一个"
      }
    }
  },
  "Card.VoltMX.IntroductionToInternationalV9.setKey3": {
    "content": {
      "title": "设置I18N密钥登录",
      "body": "<ol> \n <li>在画布上选择<strong>登录</strong>按钮。</li> \n <li>从<strong>属性</strong>面板，导航到<strong> look </strong> tab。</li> \n <li>在<strong>外观</strong>部分下，对于属性<strong>文本I18N键</strong>，从下拉列表中选择<strong>登录</strong>。</li> \n </ol> \n <p>您已成功配置了<strong> frmuserlogin </strong>的文本的I18N键。</p>"
    },
    "navigationBar": {
      "left": {
        "text": "以前的"
      },
      "right": {
        "text": "下一个"
      }
    }
  },
  "Card.VoltMX.IntroductionToInternationalV9.connect": {
    "content": {
      "title": "连接移动设备",
      "body": "***<ol> \n <li>使用USB电缆将您的<strong>移动</strong>设备连接到计算机。<br />对于Android移动设备，请确保将USB的使用设置为<strong> Transfer </strong> <strong> {7}文件 </strong>。</li> \n <li>确保设备语言设置为<strong>英语（美国）</strong>。</li> \n </ol>"
    },
    "navigationBar": {
      "left": {
        "text": "以前的"
      },
      "right": {
        "text": "下一个"
      }
    }
  },
  "Card.VoltMX.IntroductionToInternationalV9.publish": {
    "content": {
      "title": "发布应用程序",
      "body": "<ol> \n <li>从主菜单中，导航至<strong>构建</strong>。</li> \n <li>单击<strong>构建并发布本机</strong>。<br /> <strong>构建和发布本机</strong>窗口出现。</li> \n </ol>"
    },
    "navigationBar": {
      "left": {
        "text": "以前的"
      },
      "right": {
        "text": "下一个"
      }
    }
  },
  "Card.VoltMX.IntroductionToInternationalV9.publish1": {
    "content": {
      "title": "发布应用程序",
      "body": "<ol> \n <li>来自<strong> post build action </strong>下拉菜单，选择<strong>在我的设备/仿真器</strong>上运行。</li> \n <li>从<strong>配置的设备</strong>部分，在<strong>移动</strong>下，选择您的<strong>移动</strong> </li> \n <li>从<strong>构建模式</strong>下拉菜单，选择<strong> debug </strong>。</li> \n <li>单击<strong>构建</strong>。</li> \n </ol> \n <p> Iris可能需要几分钟才能构建和启动该应用程序。</p>"
    },
    "navigationBar": {
      "left": {
        "text": "以前的"
      },
      "right": {
        "text": "下一个"
      }
    }
  },
  "Card.VoltMX.IntroductionToInternationalV9.view": {
    "content": {
      "title": "启动该应用程序",
      "body": "***<ol> \n <li>在您的<strong>移动</strong>设备上，成功启动后，<strong> volt mx javascript调试器配置</strong>窗口出现。<br />单击<strong> cancel </strong>。 \n <li>登录表格出现在默认场所布局中。</li> \n <li>关闭应用程序。</li> \n <li>将设备的语言更改为<strong>西班牙语（美国）</strong> <span hk-tooltip='Español (Estados Unidos)'> <img src=\"https://i.ibb.co/Dfkmg6k/Button-Info-icon.png\" alt=\"Button-Info-icon\" width=\"10\" height=\"10\" /> </span> {19} </li> {20} \n <li>打开应用程序<strong>收件人mobile </strong> <br />登录表单现在以西班牙语出现。</li> \n </ol>"
    },
    "navigationBar": {
      "left": {
        "text": "以前的"
      },
      "right": {
        "text": "下一个"
      }
    }
  },
  "Card.VoltMX.IntroductionToInternationalV9.done": {
    "content": {
      "title": "恭喜",
      "body": "<p> <strong>您</strong> <strong>成功</strong>：</p> \n <ul> \n <li>配置了两个地方：英语和西班牙语。</li> \n <li>提供了</li>中使用的不同文本的键值对 \n <li>以</li>的形式为小部件配置了i18n键 \n <li>查看移动设备的语言时的内容差异。</li> \n </ul> \n <p>有关国际化的更多信息，请单击<a href='#'onClick='javascript:openURL(\"https://opensource.hcltechsw.com/volt-mx-docs/docs/tutorials/internalizationAndLocalization.html\")'>此处</a>。</p>"
    },
    "navigationBar": {
      "left": {
        "text": "以前的"
      },
      "right": {
        "text": "完毕"
      }
    }
  }
}