{
  "Tour.IntroductionToInternationalization92": {
    "description": " यात्रा का विवरण"
  },
  "Hike.VoltMX.IntroductionToInternationalV9": {
    "description": " वृद्धि का विवरण"
  },
  "Card.VoltMX.IntroductionToInternation.import1": {
    "content": {
      "title": " मार्केटप्लेस ऐप आयात करें",
      "body": "<ol>\n<li> आइरिस के मुख्य मेनू से नेविगेट करें<strong> फोर्ज</strong> &gt;<strong> ब्राउज़ करें</strong>.<br /> The<strong> वोल्ट एमएक्स फोर्ज</strong> विंडो प्रकट होती है</li>\n<li> सर्च बार पर एंटर करें,<strong> प्राप्तकर्तामोबाइल</strong>.</li>\n<li> दिखाई देने वाली सूची में, चुनें<strong> प्राप्तकर्तामोबाइल</strong>.<br /> का विवरण<strong> प्राप्तकर्तामोबाइल</strong> प्रकट होता है।</li>\n<li> क्लिक करें<strong> कार्यक्षेत्र में आयात करें</strong>.<br /> आइरिस को ऐप आयात करने में कुछ समय लग सकता है।</li>\n<li> ऐप आयात होने के बाद, ए<strong> आइरिस</strong> संवाद प्रकट होता है।<br /> क्लिक करें<strong> ठीक है</strong>.</li>\n</ol>"
    },
    "navigationBar": {
      "left": {
        "text": " पिछला"
      },
      "right": {
        "text": " अगला"
      }
    }
  },
  "Card.VoltMX.IntroductionToInternational.configureS": {
    "content": {
      "title": " स्पेनिश लोकेल कॉन्फ़िगर करें",
      "body": "<ol>\n<li> में<strong> खोजें</strong> फ़ील्ड, दर्ज करें:<strong> es_US</strong>.<br /> The<strong> स्पेनिश</strong> के लिए स्थान<strong> संयुक्त राज्य अमेरिका</strong> प्रकट होता है।</li>\n<li> चुनें<b> es_US</b>.</li>\n<li> क्लिक करें<strong> ठीक</strong> पर लौटने के लिए<strong> अंतर्राष्ट्रीयकरण कॉन्फ़िगर करें</strong> window.<strong><br /> </strong> आप देख सकते हैं कि इस विंडो में तीन कॉलम जोड़े गए हैं:<strong> कुंजी</strong>, <strong> en_US</strong>, <strong> es_US</strong>.</li>\n</ol>"
    },
    "navigationBar": {
      "left": {
        "text": " पिछला"
      },
      "right": {
        "text": " अगला"
      }
    }
  },
  "Card.VoltMX.IntroductionToInternationalizat.configure": {
    "content": {
      "title": " अंग्रेजी लोकेल कॉन्फ़िगर करें",
      "body": "<ol>\n<li> में<strong> खोजें</strong> फ़ील्ड, दर्ज करें:<strong><br /> </strong> The<strong> अंग्रेजी भाषा</strong> के लिए<strong> संयुक्त राज्य अमेरिका</strong> प्रकट होता है।</li>\n<li> लोकेल चुनें<strong> en_US</strong>.</li>\n</ol>"
    },
    "navigationBar": {
      "left": {
        "text": " पिछला"
      },
      "right": {
        "text": " अगला"
      }
    }
  },
  "Card.VoltMX.IntroductionToInternationalizat.enable": {
    "content": {
      "title": " अंतर्राष्ट्रीयकरण सक्षम करें",
      "body": "<ol>\n<li> बाएं नेविगेशन मेनू से, चुनें<strong> सेटिंग्स</strong>.<br /> The<strong> परियोजना सेटिंग्स</strong> विंडो प्रकट होती है।</li>\n<li> में<strong> आवेदन:</strong> टैब, नीचे<strong> अंतर्राष्ट्रीयकरण (i18n):</strong> चुनें<strong> सक्षम करें</strong>.<br /> दो नए क्षेत्र दिखाई देते हैं।</li>\n<li> क्लिक करें<strong> कॉन्फ़िगर करें</strong>.<br /> The<strong> अंतर्राष्ट्रीयकरण कॉन्फ़िगर करें</strong> विंडो प्रकट होती है।</li>\n</ol>"
    },
    "navigationBar": {
      "left": {
        "text": " पिछला"
      },
      "right": {
        "text": " अगला"
      }
    }
  },
  "Card.VoltMX.IntroductionToInternationalizat.enable2": {
    "content": {
      "title": " अंतर्राष्ट्रीयकरण सक्षम करें",
      "body": "<ol>\n<li> में<strong> अंतर्राष्ट्रीयकरण कॉन्फ़िगर करें</strong> विंडो, क्लिक करें<strong> स्थान कॉन्फ़िगर करें</strong>.<br /> The<strong> स्थान कॉन्फ़िगर करें</strong> विंडो डिफ़ॉल्ट रूप से पूर्वनिर्धारित टैब के साथ दिखाई देती है।</li>\n</ol>"
    },
    "navigationBar": {
      "left": {
        "text": " पिछला"
      },
      "right": {
        "text": " अगला"
      }
    }
  },
  "Card.VoltMX.IntroductionToInternationalizat.import2": {
    "content": {
      "title": " ऐप खोलें",
      "body": "<ol>\n<li> आइरिस के मुख्य मेनू से नेविगेट करें<strong> परियोजना</strong> &gt;<strong> खुला</strong> &gt;<strong> एचसीएल संदर्भ वास्तुकला</strong> , और चुनें<strong> प्राप्तकर्तामोबाइल</strong>.<br /> आवेदन में खुलता है<strong> स्टोरीबोर्ड</strong> देखें।<strong><br /></strong></li>\n<li> डबल क्लिक करें<strong> frmUserLogin</strong> फॉर्म को खोलने के लिए फॉर्म<strong> डिज़ाइन</strong> देखें।</li>\n</ol>"
    },
    "navigationBar": {
      "left": {
        "text": " पिछला"
      },
      "right": {
        "text": " अगला"
      }
    }
  },
  "Card.VoltMX.IntroductionToInternationalizat.Intro": {
    "content": {
      "title": " अंतर्राष्ट्रीयकरण का परिचय",
      "body": "<p><strong> अंतर्राष्ट्रीयकरण (i18n)</strong> डिवाइस के स्थान के आधार पर आपके एप्लिकेशन की सामग्री को प्रदर्शित करने में आपकी सहायता करता है।</p>\n<p> अपने आवेदन में i18n को शामिल करने के लिए, आपको प्लेसहोल्डर और टेक्स्ट जैसे विभिन्न क्षेत्रों के कुंजी-मूल्य जोड़े को परिभाषित करना होगा। यहां, कुंजी फ़ील्ड है और मान आवश्यक भाषाओं में कुंजियों का अनुवाद है।</p>\n<p> इस बढ़ोतरी में आप:</p>\n<ul>\n<li> एक ऐप के लिए स्पेनिश और अंग्रेजी के लिए विशिष्ट स्थान कॉन्फ़िगर करें</li>\n<li> स्पेनिश और अंग्रेजी के लिए ऐप में प्रदर्शित विभिन्न टेक्स्ट के लिए की-वैल्यू पेयर जोड़ें</li>\n</ul>\n<p><strong> जब आप तैयार हों, तो स्टार्ट पर क्लिक करें!</strong></p>"
    },
    "navigationBar": {
      "left": {
        "text": " पिछला"
      },
      "right": {
        "text": " प्रारंभ"
      }
    }
  },
  "Card.VoltMX.IntroductionToInternationalV9.connect": {
    "content": {
      "title": " अपना मोबाइल डिवाइस कनेक्ट करें",
      "body": "<ol>\n<li> अपना कनेक्ट करें<strong> मोबाइल</strong> USB केबल का उपयोग करके आपके कंप्यूटर पर डिवाइस।<br /> एंड्रॉइड मोबाइल डिवाइस के लिए, सुनिश्चित करें कि यूएसबी का उपयोग इस प्रकार सेट है<strong> स्थानांतरण</strong> <strong> फ़ाइलें</strong>.</li>\n<li> सुनिश्चित करें कि डिवाइस भाषा के रूप में सेट है<strong> अंग्रेजी (संयुक्त राज्य अमेरिका)</strong>.</li>\n</ol>"
    },
    "navigationBar": {
      "left": {
        "text": " पिछला"
      },
      "right": {
        "text": " अगला"
      }
    }
  },
  "Card.VoltMX.IntroductionToInternationalV9.default": {
    "content": {
      "title": " डिफ़ॉल्ट लोकेल सेट करें",
      "body": "<ol>\n<li> में<strong> परियोजना सेटिंग्स</strong> विंडो, नेविगेट करें<br/><strong> अंतर्राष्ट्रीयकरण (i18n)</strong> अनुभाग।<br/> के लिए<strong> डिफ़ॉल्ट लोकेल</strong> ड्रॉप-डाउन सूची से, चुनें<strong> अंग्रेजी (संयुक्त राज्य)।</strong></li>\n<li> क्लिक करें<strong> हो गया</strong>.</li>\n</ol>"
    },
    "navigationBar": {
      "left": {
        "text": " पिछला"
      },
      "right": {
        "text": " अगला"
      }
    }
  },
  "Card.VoltMX.IntroductionToInternationalV9.done": {
    "content": {
      "title": " बधाई",
      "body": "<p><strong> आप</strong> <strong> सफलतापूर्वक किया गया है</strong>:</p>\n<ul>\n<li> दो स्थानों को कॉन्फ़िगर किया गया: अंग्रेजी और स्पेनिश।</li>\n<li> प्रपत्र में उपयोग किए जाने वाले विभिन्न टेक्स्ट के लिए कुंजी-मूल्य जोड़े प्रदान किए गए</li>\n<li> विजेट के लिए i18n कुंजियों को एक रूप में कॉन्फ़िगर किया गया</li>\n<li> मोबाइल डिवाइस की भाषा बदलने पर सामग्री में अंतर देखा।</li>\n</ul>\n<p> अंतर्राष्ट्रीयकरण पर अधिक जानकारी के लिए, क्लिक करें<a href='#'onClick='javascript:openURL(\"https://opensource.hcltechsw.com/volt-mx-docs/docs/tutorials/internalizationAndLocalization.html\")'> यहाँ</a>.</p>"
    },
    "navigationBar": {
      "left": {
        "text": " पिछला"
      },
      "right": {
        "text": " हो गया"
      }
    }
  },
  "Card.VoltMX.IntroductionToInternationalV9.keyLogin": {
    "content": {
      "title": " लॉगिन के लिए की-वैल्यू पेयर",
      "body": "<ol>\n<li> क्लिक करें<strong>+</strong>.</li>\n<li> कॉलम के तहत<strong> कुंजी</strong> , दर्ज करें:<strong> लॉगिन करें</strong></li>\n<li> कॉलम के तहत<strong> en_US</strong> , दर्ज करें:<strong> लॉगिन</strong></li>\n<li> कॉलम के तहत<strong> es_US</strong> , दर्ज करें:<strong> प्रारंभिक सत्र</strong><span hk-tooltip='Spanish Translation for Login'><img src=\"https://i.ibb.co/Dfkmg6k/Button-Info-icon.png\" alt=\"Button-Info-icon\" width=\"10\" height=\"10\" /></span></li>\n<li> क्लिक करें<strong> समाप्त</strong> पर लौटने के लिए<strong> परियोजना सेटिंग्स</strong>.</li>\n</ol>"
    },
    "navigationBar": {
      "left": {
        "text": " पिछला"
      },
      "right": {
        "text": " अगला"
      }
    }
  },
  "Card.VoltMX.IntroductionToInternationalV9.keyPWD": {
    "content": {
      "title": " पासवर्ड के लिए कुंजी-मूल्य जोड़ी",
      "body": "<ol>\n<li> क्लिक करें<strong>+</strong>.</li>\n<li> कॉलम के तहत<strong> कुंजी</strong> , दर्ज करें:<strong> पासवर्ड</strong></li>\n<li> कॉलम के तहत<strong> en_US</strong> , दर्ज करें:<strong> पासवर्ड</strong></li>\n<li> कॉलम के तहत<strong> es_US</strong> , दर्ज करें:<strong> इसके विपरीत&ntilde;a</strong><span hk-tooltip='Spanish Translation for Password'><img src=\"https://i.ibb.co/Dfkmg6k/Button-Info-icon.png\" alt=\"Button-Info-icon\" width=\"10\" height=\"10\" /></span></li>\n</ol>"
    },
    "navigationBar": {
      "left": {
        "text": " पिछला"
      },
      "right": {
        "text": " अगला"
      }
    }
  },
  "Card.VoltMX.IntroductionToInternationalV9.KeyUN": {
    "content": {
      "title": " उपयोगकर्ता नाम के लिए कुंजी-मूल्य जोड़ी",
      "body": "<p> आइए हम विभिन्न डिस्प्ले टेक्स्ट के लिए कुछ प्रमुख मूल्य जोड़े प्रदान करते हैं<strong> frmUserLogin</strong>.</p>\n<ol>\n<li> क्लिक करें<strong>+</strong>.</li>\n<li> कॉलम के तहत<strong> कुंजी</strong> , दर्ज करें:<strong> उपयोगकर्ता नाम</strong></li>\n<li> कॉलम के तहत<strong> en_US</strong> , दर्ज करें:<strong> उपयोगकर्ता नाम</strong></li>\n<li> कॉलम के तहत<strong> es_US</strong> , दर्ज करें:<strong> nombre de usuario</strong> <span hk-tooltip='Spanish Translation for Username'><img src=\"https://i.ibb.co/Dfkmg6k/Button-Info-icon.png\" alt=\"Button-Info-icon\" width=\"10\" height=\"10\" /></span></li>\n</ol>"
    },
    "navigationBar": {
      "left": {
        "text": " पिछला"
      },
      "right": {
        "text": " अगला"
      }
    }
  },
  "Card.VoltMX.IntroductionToInternationalV9.publish": {
    "content": {
      "title": " ऐप प्रकाशित करें",
      "body": "<ol>\n<li> मुख्य मेनू से नेविगेट करें<strong> बिल्ड</strong>.</li>\n<li> क्लिक करें<strong> मूल निवासी बनाएं और प्रकाशित करें</strong>.<br /> The<strong> मूल निवासी बनाएं और प्रकाशित करें</strong> विंडो प्रकट होती है।</li>\n</ol>"
    },
    "navigationBar": {
      "left": {
        "text": " पिछला"
      },
      "right": {
        "text": " अगला"
      }
    }
  },
  "Card.VoltMX.IntroductionToInternationalV9.publish1": {
    "content": {
      "title": " ऐप प्रकाशित करें",
      "body": "<ol>\n<li> से<strong> पोस्ट बिल्ड एक्शन</strong> ड्रॉप-डाउन मेनू, चुनें<strong> मेरे डिवाइस पर चलाएँ</strong>.</li>\n<li> से<strong> कॉन्फ़िगर किए गए डिवाइस</strong> अनुभाग, के अंतर्गत<strong> मोबाइल</strong> , अपना चयन करें<strong> मोबाइल</strong></li>\n<li> से<strong> बिल्ड मोड</strong> ड्रॉप-डाउन मेनू, चुनें<strong> डीबग</strong>.</li>\n<li> क्लिक करें<strong> बिल्ड</strong>.</li>\n</ol>\n<p> आइरिस को ऐप बनाने और लॉन्च करने में कुछ मिनट लग सकते हैं।</p>"
    },
    "navigationBar": {
      "left": {
        "text": " पिछला"
      },
      "right": {
        "text": " अगला"
      }
    }
  },
  "Card.VoltMX.IntroductionToInternationalV9.setKey1": {
    "content": {
      "title": " i18n कुंजी उपयोगकर्ता नाम सेट करें",
      "body": "<p> अब, आइए सेट करें<strong> i18n कुंजी</strong> में ग्रंथों के लिए मान<strong> frmUserLogin</strong>.</p>\n<ol>\n<li> टेक्स्ट के साथ टेक्स्टबॉक्स चुनें<strong> उपयोगकर्ता नाम</strong> कैनवास पर।</li>\n<li> से<strong> गुण</strong> पैनल, पर नेविगेट करें<strong> टेक्स्ट बॉक्स</strong> टैब।</li>\n<li> के तहत<strong> सामान्य</strong> अनुभाग<strong> प्लेसहोल्डर i18n कुंजी</strong> , चुनें<strong> उपयोगकर्ता नाम</strong> ड्रॉप-डाउन सूची से।</li>\n</ol>"
    },
    "navigationBar": {
      "left": {
        "text": " पिछला"
      },
      "right": {
        "text": " अगला"
      }
    }
  },
  "Card.VoltMX.IntroductionToInternationalV9.setKey2": {
    "content": {
      "title": " i18n कुंजी पासवर्ड सेट करें",
      "body": "<ol>\n<li> टेक्स्ट के साथ टेक्स्टबॉक्स चुनें<strong> पासवर्ड</strong> कैनवास पर।</li>\n<li> से<strong> गुण</strong> पैनल, पर नेविगेट करें<strong> टेक्स्ट बॉक्स</strong> टैब।</li>\n<li> के तहत<strong> सामान्य</strong> अनुभाग<strong> प्लेसहोल्डर i18n कुंजी</strong> , चुनें<strong> पासवर्ड</strong> ड्रॉप-डाउन सूची से।</li>\n</ol>"
    },
    "navigationBar": {
      "left": {
        "text": " पिछला"
      },
      "right": {
        "text": " अगला"
      }
    }
  },
  "Card.VoltMX.IntroductionToInternationalV9.setKey3": {
    "content": {
      "title": " i18n कुंजी लॉगिन सेट करें",
      "body": "<ol>\n<li> चुनें<strong> लॉगिन करें</strong> कैनवास पर बटन।</li>\n<li> से<strong> गुण</strong> पैनल, पर नेविगेट करें<strong> देखो</strong> टैब।</li>\n<li> के तहत<strong> सूरतसंपत्ति के लिए </strong> अनुभाग<strong> टेक्स्ट i18n कुंजी</strong> , चुनें<strong> लॉगिन करें</strong> ड्रॉप-डाउन सूची से।</li>\n</ol>\n<p> आपने अंदर के टेक्स्ट के लिए i18n कुंजी को सफलतापूर्वक कॉन्फ़िगर किया है<strong> frmUserLogin</strong>.</p>"
    },
    "navigationBar": {
      "left": {
        "text": " पिछला"
      },
      "right": {
        "text": " अगला"
      }
    }
  },
  "Card.VoltMX.IntroductionToInternationalV9.view": {
    "content": {
      "title": " ऐप लॉन्च करें",
      "body": "<ol>\n<li> अपने पर<strong> मोबाइल</strong> डिवाइस, सफल लॉन्च के बाद,<strong> वोल्ट एमएक्स जावास्क्रिप्ट डीबगर कॉन्फ़िगरेशन</strong> विंडो प्रकट होती है।<br /> क्लिक करें<strong> रद्द करें</strong>.</li>\n<li> लॉगिन फॉर्म डिफ़ॉल्ट लोकेल लेआउट में प्रकट होता है।</li>\n<li> एप्लिकेशन को बंद करें।</li>\n<li> डिवाइस की भाषा को इसमें बदलें<strong> स्पेनिश (संयुक्त राज्य अमेरिका)</strong>.</li>\n<li> एप्लिकेशन खोलें<strong> प्राप्तकर्तामोबाइल</strong><br /> लॉगिन फॉर्म अब स्पेनिश में दिखाई देता है।</li>\n</ol>"
    },
    "navigationBar": {
      "left": {
        "text": " पिछला"
      },
      "right": {
        "text": " अगला"
      }
    }
  }
}