{
    "kuid": "c3c846te-78a3-4fra-a2u0-24257bn6",
    "id": "VoltMX.AddCreateMob_v9.settingData4",
    "content": {
        "title": "Setting Delay",
        "body": "<ol>\n<li>From the left menu of the Action Editor, under <strong>FUNCTION</strong> select <strong>Add Snippet</strong>.</li>\n<li>In the right pane of the <strong>Action Editor</strong>, type the following code:<br /><span style=\"background-color: #999999;\"><strong>self.view.forceLayout();</strong></span></li>\n<li>From the left menu of the <strong>Action Editor</strong>, under the <strong>GENERAL</strong> section,&nbsp; select <strong>Set Timeout</strong>.</li>\n<li>Provide the following value:\n<ul>\n<li>Delay: <strong>2</strong></li>\n</ul>\n</li>\n</ol>"
    },
    "pointer": {
        "direction": "left",
        "element": "",
        "type": "none"
    },
    "navigationType": "manual",
    "navigationBar": {
        "left": {
            "text": "Previous",
            "enable": true,
            "hide": false
        },
        "right": {
            "text": "Next",
            "enable": true,
            "hide": false
        }
    },
    "navigationCondition": "",
    "position": "BOTTOM_LEFT",
    "meta": {
        "Creator": "Rashmi Menon",
        "CreatedOn": "Wed, 26 Feb 2020 05:26:25 GMT"
    },
    "context": []
}