{
    "kuid": "88ba07t2-87a2-4ar0-a5ub-7d07f6n9",
    "id": "HCL.IrisVisualChanges-3",
    "content": {
        "title": "Visual Changes",
        "body": "New Visual Changes"
    },
    "pointer": {
        "direction": "left",
        "element": {
            "module": "projectexplorer"
        },
        "type": "default"
    },
    "navigationType": "manual",
    "navigationBar": {
        "left": {
            "text": "Previous",
            "enable": true,
            "hide": false
        },
        "right": {
            "text": "Next",
            "enable": true,
            "hide": false
        }
    },
    "navigationCondition": "",
    "position": "BOTTOM_RIGHT",
    "meta": {
        "Creator": "michael angelo silva",
        "CreatedOn": "Wed, 28 Apr 2021 12:43:46 GMT"
    },
    "context": []
}