{
  "kuid": "2d20dct5-acad-42r9-a0u8-7db394nf",
  "id": "VoltMX.ConnectAppUItoDataMob_v9.intro",
  "content": {
    "title": "Connect App UI to Services",
    "body": "<p>In this hike, we will:</p>\n<ul>\n<li>Connect the UI elements of Accounts and Recipients form with the services</li>\n</ul>\n<p>Before you get started, complete the hike:</p>\n<ol><b>\n<li><a class=\"tour-link\" tour=\"7408efte-e2aa-4cr8-a9ub-d7ba36n8\">Launch your First Mobile App</a></li><li><a class=\"tour-link\" tour=\"a617eft5-7ca8-4ard-8eu8-94cdean5\">Create UI from Collections</a></li><li><a class=\"tour-link\" tour=\"15d8c7t4-cda7-40rb-afu7-345cfcnc\">Add Authentication to the App</a></li>\n<li><a class=\"tour-link\" tour=\"a7a762t5-3eac-44r5-8bu2-89b781n1\">Creating Services for a Native App</a> </li></b>\n</ol>\n<p>Ensure that you open the same project that you have created in the hikes 2 above.</p>\n<p>To open a closed project, from the main menu navigate to&nbsp;<strong>Project</strong>&nbsp;&gt;&nbsp;<strong>Open</strong>&nbsp;&gt;&nbsp;<strong>HCL Reference Architecture</strong>&nbsp;&gt;&nbsp;<strong>RecipientsMobApp</strong>. </p><br/>\n<p><strong>When you are ready, click Start!</strong></p>"
  },
  "pointer": {
    "direction": "left",
    "element": "",
    "type": "none"
  },
  "navigationType": "manual",
  "navigationBar": {
    "left": {
      "text": "Previous",
      "enable": false,
      "hide": true
    },
    "right": {
      "text": "Start",
      "enable": true,
      "hide": false
    }
  },
  "navigationCondition": "",
  "position": "CENTER",
  "meta": {
    "Creator": "Rashmi Menon",
    "CreatedOn": "Mon, 23 Mar 2020 07:38:25 GMT"
  },
  "context": [],
  "localization": {
    "en-us": {
      "content": {
        "title": "Connect App UI to Services",
        "body": "<p>In this hike, we will:</p>\n<ul>\n<li>Connect the UI elements of Accounts and Recipients form with the services</li>\n</ul>\n<p>Before you get started, complete the hike:</p>\n<ol><b>\n<li><a class=\"tour-link\" tour=\"7408efte-e2aa-4cr8-a9ub-d7ba36n8\">Launch your First Mobile App</a></li><li><a class=\"tour-link\" tour=\"a617eft5-7ca8-4ard-8eu8-94cdean5\">Create UI from Collections</a></li><li><a class=\"tour-link\" tour=\"15d8c7t4-cda7-40rb-afu7-345cfcnc\">Add Authentication to the App</a></li>\n<li><a class=\"tour-link\" tour=\"a7a762t5-3eac-44r5-8bu2-89b781n1\">Creating Services for a Native App</a> </li></b>\n</ol>\n<p>Ensure that you open the same project that you have created in the hikes 2 above.</p>\n<p>To open a closed project, from the main menu navigate to&nbsp;<strong>Project</strong>&nbsp;&gt;&nbsp;<strong>Open</strong>&nbsp;&gt;&nbsp;<strong>HCL Reference Architecture</strong>&nbsp;&gt;&nbsp;<strong>RecipientsMobApp</strong>. </p><br/>\n<p><strong>When you are ready, click Start!</strong></p>"
      },
      "navigationBar": {
        "left": {
          "text": "Previous"
        },
        "right": {
          "text": "Start"
        }
      }
    },
    "zh-cn": {
      "content": {
        "title": "将应用程序UI连接到服务",
        "body": "***<p>在这次远足中，我们将：</p> \n <ul> \n <li>将帐户和收件人形式的UI元素与服务</li>连接 \n </ul> \n <p>在开始之前，完成远足：</p> \n <ol> <b> \n <li> <a class=\"tour-link\" tour=\"7408efte-e2aa-4cr8-a9ub-d7ba36n8\">启动您的第一个移动应用</a> </li> <li> {14} <a class=\"tour-link\" tour=\"a617eft5-7ca8-4ard-8eu8-94cdean5\">从集合</a> {16} </li> {17} <li> {199} <a class=\"tour-link\" tour=\"15d8c7t4-cda7-40rb-afu7-345cfcnc\"> {19}添加身份验证到App </a> </li>} {21} \n <li> <a class=\"tour-link\" tour=\"a7a762t5-3eac-44r5-8bu2-89b781n1\">为本机应用创建服务</a> </li> </b> \n </ol> \n <p>确保您打开与上面徒步旅行2中创建的相同项目。</p> \n <p>打开一个封闭的项目，从主菜单导航到＆nbsp; <strong> project </strong>＆nbsp;＆gt;＆nbsp;＆nbsp; <strong> open </strong> }＆nbsp;＆gt;＆nbsp; <strong>收件人mobapp </strong>。 </p> <br/> \n <p> <strong>您准备就绪时，单击“开始”！</strong> </p>"
      },
      "navigationBar": {
        "left": {
          "text": "以前的"
        },
        "right": {
          "text": "开始"
        }
      }
    },
    "zh-tw": {
      "content": {
        "title": "將應用程序UI連接到服務",
        "body": "***<p>在這次遠足中，我們將：</p> \n <ul> \n <li>將帳戶和收件人形式的UI元素與服務</li>連接 \n </ul> \n <p>在開始之前，完成遠足：</p> \n <ol> <b> \n <li> <a class=\"tour-link\" tour=\"7408efte-e2aa-4cr8-a9ub-d7ba36n8\">啟動您的第一個移動應用</a> </li> <li> {14} <a class=\"tour-link\" tour=\"a617eft5-7ca8-4ard-8eu8-94cdean5\">從集合</a> {16} </li> {17} <li> {199} <a class=\"tour-link\" tour=\"15d8c7t4-cda7-40rb-afu7-345cfcnc\"> {19}添加身份驗證到App </a> </li>} {21} \n <li> <a class=\"tour-link\" tour=\"a7a762t5-3eac-44r5-8bu2-89b781n1\">為本機應用創建服務</a> </li> </b> \n </ol> \n <p>確保您打開與上面徒步旅行2中創建的相同項目。</p> \n <p>打開一個封閉的項目，從主菜單導航到＆nbsp; <strong> project </strong>＆nbsp;＆gt;＆nbsp;＆nbsp; <strong> open </strong> }＆nbsp;＆gt;＆nbsp; <strong>收件人mobapp </strong>。 </p> <br/> \n <p> <strong>您準備就緒時，單擊“開始”！</strong> </p>"
      },
      "navigationBar": {
        "left": {
          "text": "以前的"
        },
        "right": {
          "text": "開始"
        }
      }
    }
  }
}