{
    "kuid": "333d2dtc-2ca0-48re-b1u6-ef9d93nf",
    "id": "kony.IntrotoActionEditorV9.condBeh2",
    "content": {
        "title": "Adding Conditions for Sign Up",
        "body": "<ol>\n<li>From the top-right corner of the <strong>Action Editor</strong>, select the <strong>Design View</strong>.</li>\n<li>In the&nbsp;<strong>Action Editor&nbsp;</strong>left menu, under <strong>Conditions</strong>, select <strong>If</strong>.</li>\n<li>In the <strong>Action Editor </strong>right pane, you will notice:<br />\n<ul style=\"list-style-type: disc;\">\n<li><strong>Condition Type&nbsp;</strong> is selected as <strong>If&nbsp;</strong></li>\n<li><strong>Criteria</strong> is selected&nbsp;as <strong>Satisfy All</strong></li>\n</ul>\n</li>\n<li>Click on the box below <strong>Widget Property </strong>drop-down. <br />You will notice your project's forms and widgets being listed in a hierarchy.&nbsp;</li>\n<li>Navigate to <strong>Mobile Forms</strong> &gt;&nbsp;<strong>frmRegistration&nbsp;</strong>&gt;&nbsp;<strong>ACMERegister&nbsp;</strong>&gt;&nbsp;<strong>flxACMERegister </strong>and select&nbsp;<strong>tbxEmail</strong>.</li>\n<li>Select <strong>text</strong> in the right pane.</li>\n</ol>"
    },
    "pointer": {
        "direction": "left",
        "element": {
            "module": "actioneditor",
            "itemType": "ae-action-type",
            "info": {
                "actionType": "If"
            }
        },
        "type": "default"
    },
    "navigationType": "manual",
    "navigationBar": {
        "left": {
            "text": "Previous",
            "enable": true,
            "hide": false
        },
        "right": {
            "text": "Next",
            "enable": true,
            "hide": false
        }
    },
    "navigationCondition": "",
    "position": "BOTTOM_RIGHT",
    "meta": {
        "Creator": "Rashmi Menon",
        "CreatedOn": "Tue, 26 Nov 2019 04:47:27 GMT"
    },
    "context": []
}