{
  "kuid": "a9a33atf-38a4-41rb-8au2-9c6a3bn2",
  "id": "VoltMX.ShareAndPreviewAppV9.explore",
  "content": {
    "title": "Explore the App",
    "body": "<p>You will now be able to view the app on your&nbsp;<strong>mobile </strong>device.</p>\n<ol>\n<li>Enter the following login credentials in your app:\n<ul>\n<li>Username:<b>john.doe@woodburn.com</b></li>\n<li>Password:&nbsp;<strong>VoltMX@123</strong></li>\n</ul>\n</li>\n<li>Click&nbsp;<strong>Login</strong>.&nbsp;<br /> The&nbsp;<strong>Accounts List&nbsp;</strong> appears.</li>\n<li>Click&nbsp;<strong>Recipients</strong>.&nbsp;<br /> The&nbsp;<strong>Recipient list</strong> appears.</li>\n<li>Click Add<strong>(+)</strong>, to add a&nbsp;recipient to your account.</li>\n<li>Select&nbsp;a recipient from the list to view their details.<br /> From the details page, you can edit or delete the recipient.</li>\n<li>To exit the&nbsp;<strong>mobile app</strong>, swipe two fingers from left to right or shake your mobile device and click&nbsp;<strong>Exit App</strong>.</li>\n</ol>"
  },
  "pointer": {
    "direction": "left",
    "element": "",
    "type": "none"
  },
  "navigationType": "manual",
  "navigationBar": {
    "left": {
      "text": "Previous",
      "enable": true,
      "hide": false
    },
    "right": {
      "text": "Next",
      "enable": true,
      "hide": false
    }
  },
  "navigationCondition": "",
  "position": "CENTER",
  "meta": {
    "Creator": "Prem Garudadri",
    "CreatedOn": "Wed, 18 Dec 2019 09:38:24 GMT"
  },
  "context": [],
  "localization": {
    "en-us": {
      "content": {
        "title": "Explore the App",
        "body": "<p>You will now be able to view the app on your&nbsp;<strong>mobile </strong>device.</p>\n<ol>\n<li>Enter the following login credentials in your app:\n<ul>\n<li>Username:<b>john.doe@woodburn.com</b></li>\n<li>Password:&nbsp;<strong>VoltMX@123</strong></li>\n</ul>\n</li>\n<li>Click&nbsp;<strong>Login</strong>.&nbsp;<br /> The&nbsp;<strong>Accounts List&nbsp;</strong> appears.</li>\n<li>Click&nbsp;<strong>Recipients</strong>.&nbsp;<br /> The&nbsp;<strong>Recipient list</strong> appears.</li>\n<li>Click Add<strong>(+)</strong>, to add a&nbsp;recipient to your account.</li>\n<li>Select&nbsp;a recipient from the list to view their details.<br /> From the details page, you can edit or delete the recipient.</li>\n<li>To exit the&nbsp;<strong>mobile app</strong>, swipe two fingers from left to right or shake your mobile device and click&nbsp;<strong>Exit App</strong>.</li>\n</ol>"
      },
      "navigationBar": {
        "left": {
          "text": "Previous"
        },
        "right": {
          "text": "Next"
        }
      }
    },
    "zh-cn": {
      "content": {
        "title": "探索应用程序",
        "body": "***<p>您现在可以在您的＆nbsp; <strong>移动</strong>设备上查看应用程序。</p> \n <ol> \n <li>在您的应用中输入以下登录凭据： \n <ul> \n <li>用户名：<b> john.doe@woodburn.com </b> </li> \n <li>密码：＆nbsp; <strong> voltmx@123 </strong> </li> \n </ul> \n </li> \n <li> click＆nbsp; <strong>登录</strong>。 \n <li> click＆nbsp; <strong>收件人</strong>。 \n <li>单击添加<strong>（+）</strong>，以将a＆nbsp;收件人添加到您的帐户中。</li> \n <li>选择列表中的收件人以查看其详细信息。<br />从详细信息页面中，您可以编辑或删除收件人。</li> \n <li>退出＆nbsp; <strong>移动应用</strong>，从左到右滑动两个手指，或摇动移动设备，然后单击＆nbsp; <strong> exit App </strong>。</li> {43} \n </ol>"
      },
      "navigationBar": {
        "left": {
          "text": "以前的"
        },
        "right": {
          "text": "下一个"
        }
      }
    },
    "zh-tw": {
      "content": {
        "title": "探索應用程序",
        "body": "***<p>您現在可以在您的＆nbsp; <strong>移動</strong>設備上查看應用程序。</p> \n <ol> \n <li>在您的應用中輸入以下登錄憑據： \n <ul> \n <li>用戶名：<b> john.doe@woodburn.com </b> </li> \n <li>密碼：＆nbsp; <strong> voltmx@123 </strong> </li> \n </ul> \n </li> \n <li> click＆nbsp; <strong>登錄</strong>。 \n <li> click＆nbsp; <strong>收件人</strong>。 \n <li>單擊添加<strong>（+）</strong>，以將a＆nbsp;收件人添加到您的帳戶中。</li> \n <li>選擇列表中的收件人以查看其詳細信息。<br />從詳細信息頁面中，您可以編輯或刪除收件人。</li> \n <li>退出＆nbsp; <strong>移動應用</strong>，從左到右滑動兩個手指，或搖動移動設備，然後單擊＆nbsp; <strong> exit App </strong>。</li> {43} \n </ol>"
      },
      "navigationBar": {
        "left": {
          "text": "以前的"
        },
        "right": {
          "text": "下一個"
        }
      }
    }
  }
}