{
  "kuid": "48b7d3t6-2fa0-43r2-a9u4-f530d4n4",
  "id": "VoltMX.ConnectAppUItoDataMob_v9.mapping1",
  "content": {
    "title": "Add Mapping to UI Elements",
    "body": "<ol>\n<li>From the left pane of the mapping editor expand <strong>records{collection}.</strong><br/>From the right pane of the mapping editor expand <strong>rowData{collection}.</strong></li>\n<li>Map the following elements in the Mapping Editor from the left pane to the right pane.\n<ul>\n<li>From the left pane of the Mapping Editor, select <strong>AccountName{string}</strong>.<br /> From the right pane of the Mapping Editor, expand <strong>Label-lblAccName</strong> and select <strong>text{string}</strong>.</li>\n<li>From the left pane of the Mapping Editor, select <strong>Balance{string}</strong>.<br /> From the right pane of the Mapping Editor, expand <strong>Label-lblBlnce</strong> and select <strong>text{string}</strong>.</li>\n</ul>\n</li>\n</ol>"
  },
  "pointer": {
    "direction": "left",
    "element": "",
    "type": "none"
  },
  "navigationType": "manual",
  "navigationBar": {
    "left": {
      "text": "Previous",
      "enable": true,
      "hide": false
    },
    "right": {
      "text": "Next",
      "enable": true,
      "hide": false
    }
  },
  "navigationCondition": "",
  "position": "CENTER",
  "meta": {
    "Creator": "Rashmi Menon",
    "CreatedOn": "Mon, 23 Mar 2020 08:08:14 GMT"
  },
  "context": [],
  "localization": {
    "en-us": {
      "content": {
        "title": "Add Mapping to UI Elements",
        "body": "<ol>\n<li>From the left pane of the mapping editor expand <strong>records{collection}.</strong><br/>From the right pane of the mapping editor expand <strong>rowData{collection}.</strong></li>\n<li>Map the following elements in the Mapping Editor from the left pane to the right pane.\n<ul>\n<li>From the left pane of the Mapping Editor, select <strong>AccountName{string}</strong>.<br /> From the right pane of the Mapping Editor, expand <strong>Label-lblAccName</strong> and select <strong>text{string}</strong>.</li>\n<li>From the left pane of the Mapping Editor, select <strong>Balance{string}</strong>.<br /> From the right pane of the Mapping Editor, expand <strong>Label-lblBlnce</strong> and select <strong>text{string}</strong>.</li>\n</ul>\n</li>\n</ol>"
      },
      "navigationBar": {
        "left": {
          "text": "Previous"
        },
        "right": {
          "text": "Next"
        }
      }
    },
    "zh-cn": {
      "content": {
        "title": "将映射添加到UI元素",
        "body": "***<ol> \n <li>从映射编辑器的左窗格展开<strong>记录{Collection}。 \n <li>将映射编辑器中的以下元素从左窗格到右窗格映射。 \n <ul> \n <li>从映射编辑器的左窗格中，选择<strong> accountName {string} </strong> {12}。 } text {string} </strong>。</li> \n <li>从映射编辑器的左窗格中，选择<strong> balance {string} </strong>。 } text {string} </strong>。</li> \n </ul> \n </li> \n </ol>"
      },
      "navigationBar": {
        "left": {
          "text": "以前的"
        },
        "right": {
          "text": "下一个"
        }
      }
    },
    "zh-tw": {
      "content": {
        "title": "將映射添加到UI元素",
        "body": "***<ol> \n <li>從映射編輯器的左窗格展開<strong>記錄{Collection}。 \n <li>將映射編輯器中的以下元素從左窗格到右窗格映射。 \n <ul> \n <li>從映射編輯器的左窗格中，選擇<strong> accountName {string} </strong> {12}。 } text {string} </strong>。</li> \n <li>從映射編輯器的左窗格中，選擇<strong> balance {string} </strong>。 } text {string} </strong>。</li> \n </ul> \n </li> \n </ol>"
      },
      "navigationBar": {
        "left": {
          "text": "以前的"
        },
        "right": {
          "text": "下一個"
        }
      }
    }
  }
}