{
    "kuid": "ce70fbt8-a4ac-47rd-8fu9-776a92n7",
    "id": "Kony.CreateServicesV9.publishServices",
    "content": {
        "title": "Publish the Services",
        "body": "<ol>\n<li>On the <strong>Data &amp; Services</strong> panel, next to the <b>Refresh</b> button, click the menu option.</li>\n<li>Select <strong>Publish Project Services</strong>.<br /> It may take some time for Visualizer to publish the service.</li>\n</ol>"
    },
    "pointer": {
        "direction": "right",
        "element": {
            "module": "datapanel"
        },
        "type": "default"
    },
    "navigationType": "manual",
    "navigationBar": {
        "left": {
            "text": "Previous",
            "enable": true,
            "hide": false
        },
        "right": {
            "text": "Next",
            "enable": true,
            "hide": false
        }
    },
    "navigationCondition": "",
    "position": "BOTTOM_RIGHT",
    "meta": {
        "Creator": "Sparsh Srivastava",
        "CreatedOn": "Wed, 18 Dec 2019 09:11:28 GMT"
    },
    "context": []
}