{
  "kuid": "6a4a33t9-d9a9-43r2-9cuf-3c0be3n2",
  "id": "VoltMX.ResponsiveBreakV9.optimizeLayout1",
  "content": {
    "title": "Optimize the Layout of Names",
    "body": "<ol>\n<li>From the <strong>Properties</strong> panel, navigate to the <strong>FlexContainer</strong> tab.</li>\n<li>Under the <strong>General </strong>section, for the <strong>Layout Type</strong>, select <strong>Flow Vertical</strong> from the drop-down list.</li>\n</ol>"
  },
  "pointer": {
    "direction": "top",
    "element": {
      "module": "propertieswindow",
      "itemType": "pw-tab",
      "info": {
        "tabName": "FlexContainer"
      }
    },
    "type": "default"
  },
  "navigationType": "manual",
  "navigationBar": {
    "left": {
      "text": "Previous",
      "enable": true,
      "hide": false
    },
    "right": {
      "text": "Next",
      "enable": true,
      "hide": false
    }
  },
  "navigationCondition": "",
  "position": "BOTTOM_RIGHT",
  "meta": {
    "Creator": "Prem Garudadri",
    "CreatedOn": "Thu, 19 Dec 2019 06:20:43 GMT"
  },
  "context": [],
  "localization": {
    "en-us": {
      "content": {
        "title": "Optimize the Layout of Names",
        "body": "<ol>\n<li>From the <strong>Properties</strong> panel, navigate to the <strong>FlexContainer</strong> tab.</li>\n<li>Under the <strong>General </strong>section, for the <strong>Layout Type</strong>, select <strong>Flow Vertical</strong> from the drop-down list.</li>\n</ol>"
      },
      "navigationBar": {
        "left": {
          "text": "Previous"
        },
        "right": {
          "text": "Next"
        }
      }
    },
    "zh-cn": {
      "content": {
        "title": "优化名称的布局",
        "body": "<ol> \n <li>从<strong> properties </strong>面板，导航到<strong> flexcontainer </strong> tab。</li> \n <li>在<strong>常规</strong>部分，对于<strong>布局类型</strong>，从下拉列表中选择<strong> Flow Vertical </strong>。</li> \n </ol>"
      },
      "navigationBar": {
        "left": {
          "text": "以前的"
        },
        "right": {
          "text": "下一个"
        }
      }
    },
    "zh-tw": {
      "content": {
        "title": "優化名稱的佈局",
        "body": "<ol> \n <li>從<strong> properties </strong>面板，導航到<strong> flexcontainer </strong> tab。</li> \n <li>在<strong>常規</strong>部分，對於<strong>佈局類型</strong>，從下拉列表中選擇<strong> Flow Vertical </strong>。</li> \n </ol>"
      },
      "navigationBar": {
        "left": {
          "text": "以前的"
        },
        "right": {
          "text": "下一個"
        }
      }
    }
  }
}