{
    "kuid": "6a4a33t9-d9a9-43r2-9cuf-3c0be3n2",
    "id": "VoltMX.ResponsiveBreakV9.optimizeLayout1",
    "content": {
        "title": "Optimize the Layout of Names",
        "body": "<ol>\n<li>From the <strong>Properties</strong> panel, navigate to the <strong>FlexContainer</strong> tab.</li>\n<li>Under the <strong>General </strong>section, for the <strong>Layout Type</strong>, select <strong>Flow Vertical</strong> from the drop-down list.</li>\n</ol>"
    },
    "pointer": {
        "direction": "top",
        "element": {
            "module": "propertieswindow",
            "itemType": "pw-tab",
            "info": {
                "tabName": "FlexContainer"
            }
        },
        "type": "default"
    },
    "navigationType": "manual",
    "navigationBar": {
        "left": {
            "text": "Previous",
            "enable": true,
            "hide": false
        },
        "right": {
            "text": "Next",
            "enable": true,
            "hide": false
        }
    },
    "navigationCondition": "",
    "position": "BOTTOM_RIGHT",
    "meta": {
        "Creator": "Prem Garudadri",
        "CreatedOn": "Thu, 19 Dec 2019 06:20:43 GMT"
    },
    "context": []
}