{
    "kuid": "ffef6bt5-81a8-40rb-b0uc-e42c7ena",
    "id": "VoltMX.UseSampleServicesV9.createObj1",
    "content": {
        "title": "Create an Object Service",
        "body": "<ol>\n<li>On the <strong>Configure Object Service</strong> page, fill the fields with the following data:\n<ul>\n<li style=\"&ldquo;margin-left: 2em&rdquo;;\">Name: <strong> employeeObjectService</strong></li>\n<li style=\"&ldquo;margin-left: 2em&rdquo;;\">Database: <strong> com.mysql.jdbc.Driver </strong></li>\n<li style=\"&ldquo;margin-left: 2em&rdquo;;\">Database Connection URL: <strong> jdbc:mysql://sampledb.konylabs.net </strong>.</li>\n<li style=\"&ldquo;margin-left: 2em&rdquo;;\">User ID: <strong> employees </strong></li>\n<li style=\"&ldquo;margin-left: 2em&rdquo;;\">Password: <strong>K0ny1234</strong></li>\n</ul>\n</li>\n<li>Click <strong>Test Connection</strong>.</li>\n<li>Click <strong>Save &amp; Generate</strong>.<br />The <strong>Import Objects from Backend</strong> window appears.</li>\n</ol>"
    },
    "pointer": {
        "direction": "bottom",
        "element": {
            "module": "mfconsole",
            "css_selector": ".form-group.pull-right.mr-15"
        },
        "type": "default"
    },
    "navigationType": "manual",
    "navigationBar": {
        "left": {
            "text": "Previous",
            "enable": true,
            "hide": false
        },
        "right": {
            "text": "Next",
            "enable": true,
            "hide": false
        }
    },
    "navigationCondition": "",
    "position": "BOTTOM_RIGHT",
    "meta": {
        "Creator": "Rashmi Menon",
        "CreatedOn": "Wed, 27 Nov 2019 09:19:47 GMT"
    },
    "context": []
}