{
    "kuid": "c9fe73tf-a6a2-4br8-8eu9-0c008bn1",
    "id": "VoltMX.ConnectAppUItoDataMob_v9_preshow",
    "content": {
        "title": "preShow Event for Accounts Form",
        "body": "<ol>\n<li>From the <strong>Project </strong> explorer, navigate to<strong> Mobile</strong> > <strong>Forms</strong> and select <strong>frmAccount</strong>.</li>\n<li>From the top-right corner of the Iris, navigate to the <strong>Properties </strong>panel and select the <strong>Action</strong> tab.</li>\n<li>Under the <strong>General </strong>section, for the <strong>preShow</strong> event, click <strong>Edit</strong>.<br /> The <strong>Action Editor </strong>window appears.</li><li>From the top-right corner of the <b>Action Editor</b> window, select the <strong>Design View</strong>.</li>\n</ol>"
    },
    "pointer": {
        "direction": "left",
        "element": {
            "module": "projectexplorer",
            "path": "project-body\\project\\Mobile\\Forms\\frmAccountList"
        },
        "type": "default"
    },
    "navigationType": "manual",
    "navigationBar": {
        "left": {
            "text": "Previous",
            "enable": true,
            "hide": false
        },
        "right": {
            "text": "Next",
            "enable": true,
            "hide": false
        }
    },
    "navigationCondition": "",
    "position": "BOTTOM_RIGHT",
    "meta": {
        "Creator": "Rashmi Menon",
        "CreatedOn": "Mon, 23 Mar 2020 07:39:47 GMT"
    },
    "context": []
}