{
  "kuid": "6f00fdtd-f1a7-41r6-b3ua-a4d83dn6",
  "id": "VoltMX.IntroductionToInternationalizat.configure",
  "content": {
    "title": "Configure English Locale",
    "body": "<ol>\n<li>In the <strong>Search </strong>field, enter: <strong>en_US</strong>.<br /> The<strong> English </strong>locale for<strong> United States </strong>appears.</li>\n<li>Select the locale <strong>en_US</strong>.</li>\n</ol>"
  },
  "pointer": {
    "direction": "left",
    "element": "",
    "type": "none"
  },
  "navigationType": "manual",
  "navigationBar": {
    "left": {
      "text": "Previous",
      "enable": true,
      "hide": false
    },
    "right": {
      "text": "Next",
      "enable": true,
      "hide": false
    }
  },
  "navigationCondition": "",
  "position": "BOTTOM_RIGHT",
  "meta": {
    "Creator": "Rashmi Menon",
    "CreatedOn": "Thu, 05 Dec 2019 05:45:30 GMT"
  },
  "context": [],
  "localization": {
    "en-us": {
      "content": {
        "title": "Configure English Locale",
        "body": "<ol>\n<li>In the <strong>Search </strong>field, enter: <strong>en_US</strong>.<br /> The<strong> English </strong>locale for<strong> United States </strong>appears.</li>\n<li>Select the locale <strong>en_US</strong>.</li>\n</ol>"
      },
      "navigationBar": {
        "left": {
          "text": "Previous"
        },
        "right": {
          "text": "Next"
        }
      }
    },
    "zh-cn": {
      "content": {
        "title": "配置英语语言环境",
        "body": "***<ol> \n <li>在<strong> search </strong>字段中，输入：<strong> en_us </strong>。<br /> <strong>英语</strong> LOCALE for <strong> for {9} United State </strong>出现。</li> \n <li>选择LOCALE <strong> en_us </strong>。</li> \n </ol>"
      },
      "navigationBar": {
        "left": {
          "text": "以前的"
        },
        "right": {
          "text": "下一个"
        }
      }
    },
    "zh-tw": {
      "content": {
        "title": "配置英語語言環境",
        "body": "***<ol> \n <li>在<strong> search </strong>字段中，輸入：<strong> en_us </strong>。<br /> <strong>英語</strong> LOCALE for <strong> for {9} United State </strong>出現。</li> \n <li>選擇LOCALE <strong> en_us </strong>。</li> \n </ol>"
      },
      "navigationBar": {
        "left": {
          "text": "以前的"
        },
        "right": {
          "text": "下一個"
        }
      }
    }
  }
}