{
  "kuid": "fbea59t7-19a6-43re-a3ud-e2e824n0",
  "id": "VoltMX.IntroductionToInternationalV9.setKey3",
  "content": {
    "title": "Set i18n Key Login",
    "body": "<ol>\n<li>Select the <strong>Login </strong>button on the canvas.</li>\n<li>From the <strong>Properties </strong>panel, navigate to the <strong>Look </strong>tab.</li>\n<li>Under the <strong>Appearance </strong>section, for the property <strong>Text i18n Key</strong>, select <strong>Login </strong>from the drop-down list.</li>\n</ol>\n<p>You have successfully configured i18n Keys for the texts inside <strong>frmUserLogin</strong>.</p>"
  },
  "pointer": {
    "direction": "left",
    "element": {
      "module": "appcanvas",
      "css_selector": "#frmUserLogin_btnSignin"
    },
    "type": "default"
  },
  "navigationType": "manual",
  "navigationBar": {
    "left": {
      "text": "Previous",
      "enable": true,
      "hide": false
    },
    "right": {
      "text": "Next",
      "enable": true,
      "hide": false
    }
  },
  "navigationCondition": "",
  "position": "BOTTOM_RIGHT",
  "meta": {
    "Creator": "Rashmi Menon",
    "CreatedOn": "Thu, 05 Dec 2019 06:02:31 GMT"
  },
  "context": [],
  "localization": {
    "en-us": {
      "content": {
        "title": "Set i18n Key Login",
        "body": "<ol>\n<li>Select the <strong>Login </strong>button on the canvas.</li>\n<li>From the <strong>Properties </strong>panel, navigate to the <strong>Look </strong>tab.</li>\n<li>Under the <strong>Appearance </strong>section, for the property <strong>Text i18n Key</strong>, select <strong>Login </strong>from the drop-down list.</li>\n</ol>\n<p>You have successfully configured i18n Keys for the texts inside <strong>frmUserLogin</strong>.</p>"
      },
      "navigationBar": {
        "left": {
          "text": "Previous"
        },
        "right": {
          "text": "Next"
        }
      }
    },
    "zh-cn": {
      "content": {
        "title": "设置I18N密钥登录",
        "body": "<ol> \n <li>在画布上选择<strong>登录</strong>按钮。</li> \n <li>从<strong>属性</strong>面板，导航到<strong> look </strong> tab。</li> \n <li>在<strong>外观</strong>部分下，对于属性<strong>文本I18N键</strong>，从下拉列表中选择<strong>登录</strong>。</li> \n </ol> \n <p>您已成功配置了<strong> frmuserlogin </strong>的文本的I18N键。</p>"
      },
      "navigationBar": {
        "left": {
          "text": "以前的"
        },
        "right": {
          "text": "下一个"
        }
      }
    },
    "zh-tw": {
      "content": {
        "title": "設置I18N密鑰登錄",
        "body": "<ol> \n <li>在畫布上選擇<strong>登錄</strong>按鈕。</li> \n <li>從<strong>屬性</strong>面板，導航到<strong> look </strong> tab。</li> \n <li>在<strong>外觀</strong>部分下，對於屬性<strong>文本I18N鍵</strong>，從下拉列表中選擇<strong>登錄</strong>。</li> \n </ol> \n <p>您已成功配置了<strong> frmuserlogin </strong>的文本的I18N鍵。</p>"
      },
      "navigationBar": {
        "left": {
          "text": "以前的"
        },
        "right": {
          "text": "下一個"
        }
      }
    }
  }
}