{
  "kuid": "cbc286t1-d3a0-4cr8-a3u4-c8649an7",
  "id": "VoltMX.IntrotoSegmentTempV9.segTemplate",
  "content": {
    "title": "Create Row Template",
    "body": "<ol><li>From the <b>Project</b> explorer, expand <b>Mobile</b> > <b>Forms</b> > <b>frmList</b>.</li>\n<li>Select <b>employeeSegment</b>.</li></ol>"
  },
  "pointer": {
    "direction": "left",
    "element": {
      "module": "projectexplorer",
      "path": "project-body\\project\\Mobile\\Forms\\frmList\\employeeSegment"
    },
    "type": "default"
  },
  "navigationType": "manual",
  "navigationBar": {
    "left": {
      "text": "Previous",
      "enable": true,
      "hide": false
    },
    "right": {
      "text": "Next",
      "enable": true,
      "hide": false
    }
  },
  "navigationCondition": "",
  "position": "BOTTOM_RIGHT",
  "meta": {
    "Creator": "Rashmi Menon",
    "CreatedOn": "Mon, 25 Nov 2019 11:35:54 GMT"
  },
  "context": [],
  "localization": {
    "en-us": {
      "content": {
        "title": "Create Row Template",
        "body": "<ol><li>From the <b>Project</b> explorer, expand <b>Mobile</b> > <b>Forms</b> > <b>frmList</b>.</li>\n<li>Select <b>employeeSegment</b>.</li></ol>"
      },
      "navigationBar": {
        "left": {
          "text": "Previous"
        },
        "right": {
          "text": "Next"
        }
      }
    },
    "zh-cn": {
      "content": {
        "title": "创建行模板",
        "body": "***<ol> <li>来自<b> project </b>探索器，展开<b>移动</b>> <b> {6} form </b>> <b> frmlist </b>。</li>。{10} \n <li>选择<b>"
      },
      "navigationBar": {
        "left": {
          "text": "以前的"
        },
        "right": {
          "text": "下一个"
        }
      }
    },
    "zh-tw": {
      "content": {
        "title": "創建行模板",
        "body": "***<ol> <li>來自<b> project </b>探索器，展開<b>移動</b>> <b> {6} form </b>> <b> frmlist </b>。</li>。{10} \n <li>選擇<b>"
      },
      "navigationBar": {
        "left": {
          "text": "以前的"
        },
        "right": {
          "text": "下一個"
        }
      }
    }
  }
}