{
  "kuid": "232be5t9-48a9-4brf-8auc-83c5a0na",
  "id": "VoltMX.AuthApp.Intro",
  "content": {
    "title": "Add Authentication to the App",
    "body": "<p><strong>Let&rsquo;s get started!</strong><br /> In this hike, we will:</p>\n<ul>\n<li>Learn to configure an Identity Service</li>\n<li>Map the identity service to the UI elements of an app</li>\n</ul>\n<p>Before getting started, complete the following hikes:</p>\n<ol><b>\n<li><a class=\"tour-link\" tour=\"705a94tb-faa0-47r7-a1ud-31b3dbnf\">Launch your Responsive Web App</a></li><li><a class=\"tour-link\" tour=\"220f01t3-bda6-40r0-92uf-56631bnb\">Create UI from Collections</a></li></b>\n</ol>\n<p>Ensure that you open the same project that you have created in the hikes 2 above.<br /> To open a closed project, from the main menu, navigate to <strong>Project</strong> &gt; <strong>Open</strong> &gt; <strong>HCL Reference Architecture</strong> &gt; <strong>RecipientsWebApp2</strong>.</p>\n<p><strong>When you are ready, click Start!</strong></p>"
  },
  "pointer": {
    "direction": "left",
    "element": "",
    "type": "none"
  },
  "navigationType": "manual",
  "navigationBar": {
    "left": {
      "text": "Previous",
      "enable": false,
      "hide": true
    },
    "right": {
      "text": "Start",
      "enable": true,
      "hide": false
    }
  },
  "navigationCondition": "",
  "position": "CENTER",
  "meta": {
    "Creator": "Deepti Ravula",
    "CreatedOn": "Thu, 19 Dec 2019 06:27:34 GMT"
  },
  "context": [],
  "localization": {
    "en-us": {
      "content": {
        "title": "Add Authentication to the App",
        "body": "<p><strong>Let&rsquo;s get started!</strong><br /> In this hike, we will:</p>\n<ul>\n<li>Learn to configure an Identity Service</li>\n<li>Map the identity service to the UI elements of an app</li>\n</ul>\n<p>Before getting started, complete the following hikes:</p>\n<ol><b>\n<li><a class=\"tour-link\" tour=\"705a94tb-faa0-47r7-a1ud-31b3dbnf\">Launch your Responsive Web App</a></li><li><a class=\"tour-link\" tour=\"220f01t3-bda6-40r0-92uf-56631bnb\">Create UI from Collections</a></li></b>\n</ol>\n<p>Ensure that you open the same project that you have created in the hikes 2 above.<br /> To open a closed project, from the main menu, navigate to <strong>Project</strong> &gt; <strong>Open</strong> &gt; <strong>HCL Reference Architecture</strong> &gt; <strong>RecipientsWebApp2</strong>.</p>\n<p><strong>When you are ready, click Start!</strong></p>"
      },
      "navigationBar": {
        "left": {
          "text": "Previous"
        },
        "right": {
          "text": "Start"
        }
      }
    },
    "zh-cn": {
      "content": {
        "title": "将身份验证添加到应用程序",
        "body": "***<p> <strong>让我们开始！</strong> <br />在这次远足中，我们将：</p> \n <ul> \n <li>学习配置身份服务</li> \n <li>将身份服务映射到应用程序</li>的UI元素 \n </ul> \n <p>入门前，完成以下徒步旅行：</p> \n <ol> <b> \n <li> <a class=\"tour-link\" tour=\"705a94tb-faa0-47r7-a1ud-31b3dbnf\">启动响应式Web应用</a> </li> <li> <a class=\"tour-link\" tour=\"220f01t3-bda6-40r0-92uf-56631bnb\"> {20}从集合</a> </li> {22} </b>创建UI \n </ol> \n <p>确保您打开与上面徒步旅行2中创建的相同项目。<br />以从主菜单中打开一个封闭的项目，导航至<strong> project </strong>＆gt; <strong>打开</strong>＆gt; <strong> HCl参考架构</strong>＆gt; <strong> coverientsWebapp2 </strong>。</p> \n <p> <strong>您准备就绪时，单击“开始”！</strong> </p>"
      },
      "navigationBar": {
        "left": {
          "text": "以前的"
        },
        "right": {
          "text": "开始"
        }
      }
    },
    "zh-tw": {
      "content": {
        "title": "將身份驗證添加到應用程序",
        "body": "***<p> <strong>讓我們開始！</strong> <br />在這次遠足中，我們將：</p> \n <ul> \n <li>學習配置身份服務</li> \n <li>將身份服務映射到應用程序</li>的UI元素 \n </ul> \n <p>入門前，完成以下徒步旅行：</p> \n <ol> <b> \n <li> <a class=\"tour-link\" tour=\"705a94tb-faa0-47r7-a1ud-31b3dbnf\">啟動響應式Web應用</a> </li> <li> <a class=\"tour-link\" tour=\"220f01t3-bda6-40r0-92uf-56631bnb\"> {20}從集合</a> </li> {22} </b>創建UI \n </ol> \n <p>確保您打開與上面徒步旅行2中創建的相同項目。<br />以從主菜單中打開一個封閉的項目，導航至<strong> project </strong>＆gt; <strong>打開</strong>＆gt; <strong> HCl參考架構</strong>＆gt; <strong> coverientsWebapp2 </strong>。</p> \n <p> <strong>您準備就緒時，單擊“開始”！</strong> </p>"
      },
      "navigationBar": {
        "left": {
          "text": "以前的"
        },
        "right": {
          "text": "開始"
        }
      }
    }
  }
}