{
    "kuid": "b7217dt1-a2a6-45r1-80u5-5e58ccn8",
    "id": "kony.IntrotoActionEditorV9.preview",
    "content": {
        "title": "Settings for Live Preview",
        "body": "<ol><li>From the main menu, select <b>Build</b>.\n</li><li>Click <b>Live Preview Settings</b>.</li></ol>"
    },
    "pointer": {
        "direction": "left",
        "element": "",
        "type": "none"
    },
    "navigationType": "manual",
    "navigationBar": {
        "left": {
            "text": "Previous",
            "enable": true,
            "hide": false
        },
        "right": {
            "text": "Next",
            "enable": true,
            "hide": false
        }
    },
    "navigationCondition": "",
    "position": "BOTTOM_RIGHT",
    "meta": {
        "Creator": "Rashmi Menon",
        "CreatedOn": "Tue, 26 Nov 2019 05:16:17 GMT"
    },
    "context": []
}