{
    "kuid": "f1971fte-77a0-4brc-95ud-a27a77n2",
    "id": "VoltMX.IntrotoActionEditorV9.AddLogin",
    "content": {
        "title": "Add a Login Screen",
        "body": "<ol>\n<li>From the lower-left corner of Iris, navigate to the <strong>Default Library</strong>.</li>\n<li>Next to the <strong>Default Library</strong>, you will see the <strong>My Libraries</strong> tab and a search icon. Click the search icon&nbsp;<img src=\"https://i.ibb.co/VDQ1byP/Screenshot-2019-02-26-at-1-57-46-PM.png\" alt=\"\" width=\"20\" height=\"20\" />.</li>\n<li>In the search bar that appears, enter <strong>ACMELogin</strong>.</li>\n<li>Drag the <strong>ACMELogin</strong> component onto the <strong>frmLogin</strong> on the canvas.</li>\n<li>Click <strong>No</strong> in Import window.</li>\n</ol>"
    },
    "pointer": {
        "direction": "left",
        "element": {
            "module": "konylibrary"
        },
        "type": "default"
    },
    "navigationType": "manual",
    "navigationBar": {
        "left": {
            "text": "Previous",
            "enable": true,
            "hide": false
        },
        "right": {
            "text": "Next",
            "enable": true,
            "hide": false
        }
    },
    "navigationCondition": "",
    "position": "BOTTOM_RIGHT",
    "meta": {
        "Creator": "Rashmi Menon",
        "CreatedOn": "Tue, 26 Nov 2019 04:26:43 GMT"
    },
    "context": []
}