{
  "kuid": "3cd04etd-dca9-46r8-aeu6-7bbb36n3",
  "id": "VoltMX.FlexPropertiesV9.ChTop",
  "content": {
    "title": "Layout Top Properties",
    "body": "<ol>\n<li>From the <strong>Project</strong> explorer expand <strong>Mobile</strong> &gt; <strong>Forms</strong> &gt; <strong>frmFlex</strong> and select <strong>btnLayout</strong>.</li>\n<li>Navigate to the <strong>Properties</strong> panel on the top right of your canvas and select the <strong>Look</strong> tab.</li>\n<li>Under the <strong>Flex</strong> section, set the <strong>Top</strong> property to <strong>0 Dp</strong>.</li>\n</ol>\n<p>Notice the button is now docked to the top of the screen on the canvas.</p>"
  },
  "pointer": {
    "direction": "top",
    "element": {
      "module": "propertieswindow",
      "itemType": "pw-tab"
    },
    "type": "default"
  },
  "navigationType": "manual",
  "navigationBar": {
    "left": {
      "text": "Previous",
      "enable": true,
      "hide": false
    },
    "right": {
      "text": "Next",
      "enable": true,
      "hide": false
    }
  },
  "navigationCondition": "",
  "position": "BOTTOM_RIGHT",
  "meta": {
    "Creator": "Rashmi Menon",
    "CreatedOn": "Mon, 25 Nov 2019 08:46:22 GMT"
  },
  "context": [],
  "localization": {
    "en-us": {
      "content": {
        "title": "Layout Top Properties",
        "body": "<ol>\n<li>From the <strong>Project</strong> explorer expand <strong>Mobile</strong> &gt; <strong>Forms</strong> &gt; <strong>frmFlex</strong> and select <strong>btnLayout</strong>.</li>\n<li>Navigate to the <strong>Properties</strong> panel on the top right of your canvas and select the <strong>Look</strong> tab.</li>\n<li>Under the <strong>Flex</strong> section, set the <strong>Top</strong> property to <strong>0 Dp</strong>.</li>\n</ol>\n<p>Notice the button is now docked to the top of the screen on the canvas.</p>"
      },
      "navigationBar": {
        "left": {
          "text": "Previous"
        },
        "right": {
          "text": "Next"
        }
      }
    },
    "zh-cn": {
      "content": {
        "title": "布局顶部属性",
        "body": "<ol> \n <li>来自<strong> project </strong> Explorer展开<strong>移动</strong>＆gt; <strong>表格</strong>＆gt; <strong> frmflex </strong>并选择<strong> btnlayout </strong>。</li> \n <li>导航到画布右上方的<strong>属性</strong>面板，然后选择<strong> look </strong> tab。</li> \n <li>在<strong> flex </strong>部分下，将<strong>顶部</strong>属性设置为<strong> 0 dp </strong>。</li> \n </ol> \n <p>请注意，现在将按钮停靠在画布上的屏幕顶部。</p>"
      },
      "navigationBar": {
        "left": {
          "text": "以前的"
        },
        "right": {
          "text": "下一个"
        }
      }
    },
    "zh-tw": {
      "content": {
        "title": "佈局頂部屬性",
        "body": "<ol> \n <li>來自<strong> project </strong> Explorer展開<strong>移動</strong>＆gt; <strong>表格</strong>＆gt; <strong> frmflex </strong>並選擇<strong> btnlayout </strong>。</li> \n <li>導航到畫布右上方的<strong>屬性</strong>面板，然後選擇<strong> look </strong> tab。</li> \n <li>在<strong> flex </strong>部分下，將<strong>頂部</strong>屬性設置為<strong> 0 dp </strong>。</li> \n </ol> \n <p>請注意，現在將按鈕停靠在畫布上的屏幕頂部。</p>"
      },
      "navigationBar": {
        "left": {
          "text": "以前的"
        },
        "right": {
          "text": "下一個"
        }
      }
    }
  }
}