{
  "kuid": "3ab6c9t0-afa0-48r8-aeu5-2d56b8n5",
  "id": "VoltMX.ConnectAppUItoDataMob_v9.service1",
  "content": {
    "title": "Invoke Service Action",
    "body": "<ol>\n<li>From the <strong>Action Editor</strong> canvas, under <strong>Invoke Service</strong>, select <strong>Callback</strong>.</li>\n<li>From the left menu of the <strong>Action Editor</strong>, under the <strong>Mapping</strong> section, select <strong>Add Mapping</strong>.\n<br/>The <strong>Mapping Editor</strong> window appears.</li>\n<li>From the left pane of the <strong>Mapping Editor</strong>, expand <strong>Services</strong> &gt; <strong>Service- RecipientStorage1$Recipients$get</strong> and select <strong>records{collection}</strong>.</li>\n<li>From the right pane of the <strong>Mapping Editor</strong>, expand <strong>Forms</strong> &gt; <strong>frmRecipients</strong> &gt; <strong>Segment - segRecipients</strong> &gt; <strong>masterdatamap</strong> and select <strong>rowData{collection}</strong>.</li>\n<li>Expand <b>records{collection}</b> in the left pane and <b>rowData{collection}</b> in the right pane.</li>\n</ol>"
  },
  "pointer": {
    "direction": "left",
    "element": {
      "module": "actioneditor",
      "css_selector": ".KMenu li ul li ul li table td div.actionBubble1"
    },
    "type": "default"
  },
  "navigationType": "manual",
  "navigationBar": {
    "left": {
      "text": "Previous",
      "enable": false,
      "hide": false
    },
    "right": {
      "text": "Next",
      "enable": true,
      "hide": false
    }
  },
  "navigationCondition": "",
  "position": "CENTER",
  "meta": {
    "Creator": "Rashmi Menon",
    "CreatedOn": "Mon, 23 Mar 2020 08:21:37 GMT"
  },
  "context": [],
  "localization": {
    "en-us": {
      "content": {
        "title": "Invoke Service Action",
        "body": "<ol>\n<li>From the <strong>Action Editor</strong> canvas, under <strong>Invoke Service</strong>, select <strong>Callback</strong>.</li>\n<li>From the left menu of the <strong>Action Editor</strong>, under the <strong>Mapping</strong> section, select <strong>Add Mapping</strong>.\n<br/>The <strong>Mapping Editor</strong> window appears.</li>\n<li>From the left pane of the <strong>Mapping Editor</strong>, expand <strong>Services</strong> &gt; <strong>Service- RecipientStorage1$Recipients$get</strong> and select <strong>records{collection}</strong>.</li>\n<li>From the right pane of the <strong>Mapping Editor</strong>, expand <strong>Forms</strong> &gt; <strong>frmRecipients</strong> &gt; <strong>Segment - segRecipients</strong> &gt; <strong>masterdatamap</strong> and select <strong>rowData{collection}</strong>.</li>\n<li>Expand <b>records{collection}</b> in the left pane and <b>rowData{collection}</b> in the right pane.</li>\n</ol>"
      },
      "navigationBar": {
        "left": {
          "text": "Previous"
        },
        "right": {
          "text": "Next"
        }
      }
    },
    "zh-cn": {
      "content": {
        "title": "调用服务动作",
        "body": "***<ol> \n <li>来自<strong>操作编辑器</strong> canvas，在<strong> Indoke Service </strong>下，选择<strong> callback </strong>。</li> \n <li>从<strong>操作编辑器的左菜单，在<strong> mapping </strong>部分下，选择<strong>添加映射</strong>。 \n <br/> <strong>映射编辑器</strong>窗口出现。</li> \n <li>从<strong>映射编辑器的左窗格</strong>，展开<strong> services </strong>＆gt; <strong> service-coctientStorage1 $收件人$ get </strong>，然后选择<strong>记录{Collection} </strong>。</li> \n <li>从<strong>映射编辑器的右窗格</strong>，展开<strong> forms </strong>＆gt; <strong> frmrecipient </strong>＆gt; <strong>段 -  segrecipient </strong>＆gt; <strong> MasterDataMap </strong>并选择<strong> RowData {Collection} </strong>。</li> \n <li>在左窗格中展开<b>记录{collection} </b>，<b> rowdata {collection} </b>在右窗格中。</li> \n </ol>"
      },
      "navigationBar": {
        "left": {
          "text": "以前的"
        },
        "right": {
          "text": "下一个"
        }
      }
    },
    "zh-tw": {
      "content": {
        "title": "調用服務動作",
        "body": "***<ol> \n <li>來自<strong>操作編輯器</strong> canvas，在<strong> Indoke Service </strong>下，選擇<strong> callback </strong>。</li> \n <li>從<strong>操作編輯器的左菜單，在<strong> mapping </strong>部分下，選擇<strong>添加映射</strong>。 \n <br/> <strong>映射編輯器</strong>窗口出現。</li> \n <li>從<strong>映射編輯器的左窗格</strong>，展開<strong> services </strong>＆gt; <strong> service-coctientStorage1 $收件人$ get </strong>，然後選擇<strong>記錄{Collection} </strong>。</li> \n <li>從<strong>映射編輯器的右窗格</strong>，展開<strong> forms </strong>＆gt; <strong> frmrecipient </strong>＆gt; <strong>段 -  segrecipient </strong>＆gt; <strong> MasterDataMap </strong>並選擇<strong> RowData {Collection} </strong>。</li> \n <li>在左窗格中展開<b>記錄{collection} </b>，<b> rowdata {collection} </b>在右窗格中。</li> \n </ol>"
      },
      "navigationBar": {
        "left": {
          "text": "以前的"
        },
        "right": {
          "text": "下一個"
        }
      }
    }
  }
}