{
    "kuid": "39967ftf-6eab-4fr2-a2ub-417aa6n1",
    "id": "VoltMX.CreateDetailsScreen_v9.UIchange1",
    "content": {
        "title": "UI Change",
        "body": "<ol>\n<li>Under the <strong>Flex</strong> section, make the following changes:\n<ul>\n<li>Left: <strong>15.38%</strong></li>\n<li>Top: <strong>22.33%</strong></li>\n<li>Width: <strong>69.44%</strong></li>\n<li>Height: <strong>69.9%</strong></li>\n<li>Z Index: <strong>2</strong></li>\n</ul>\n</li>\n<li>Under the <strong>Dynamic Form</strong> section, for <strong>Fields</strong>, click <strong>Customize</strong>.<br />The <strong>Configure Details</strong> window appears<strong>.</strong></li>\n</ol>"
    },
    "pointer": {
        "direction": "top",
        "element": {
            "module": "propertieswindow",
            "itemType": "pw-tab",
            "info": {
                "tabName": "Look"
            }
        },
        "type": "default"
    },
    "navigationType": "manual",
    "navigationBar": {
        "left": {
            "text": "Previous",
            "enable": true,
            "hide": false
        },
        "right": {
            "text": "Next",
            "enable": true,
            "hide": false
        }
    },
    "navigationCondition": "",
    "position": "BOTTOM_RIGHT",
    "meta": {
        "Creator": "Rashmi Menon",
        "CreatedOn": "Thu, 20 Feb 2020 07:04:14 GMT"
    },
    "context": []
}