{
  "Card.VoltMX.ResponsiveBreakV9.Intro": {
    "content": {
      "title": "響應式網絡斷點",
      "body": "***<p> <strong>讓我開始！</strong> </p>\n<p>在這次遠足中，您將學習如何：</p>\n<ul>\n<li>添加表單創建收件人和編輯收件人屏幕的三個斷點。</li>\n<li>請參閱<strong>實時預覽</strong>實時對斷點的反應。</li>\n</ul>\n<p>在開始之前，完成以下徒步旅行：</p>\n<ol> <b>\n<li> <a class=\"tour-link\" tour=\"705a94tb-faa0-47r7-a1ud-31b3dbnf\">啟動您的響應式Web應用</a> </li> <li> {22} <a class=\"tour-link\" tour=\"220f01t3-bda6-40r0-92uf-56631bnb\">從集合</a> {24} </li> {25} <li> {26} <a class=\"tour-link\" tour=\"5e1da5td-37a0-44r6-beu6-374c3cn1\">添加身份驗證到App </a> </li> {29} {29}\n<li> <a class=\"tour-link\" tour=\"a851b9t8-75a9-4ara-88ud-946004n9\">為Web應用創建服務</a> </li>\n<li> <a class=\"tour-link\" tour=\"ca148ftd-07a9-4ard-98ud-6163d4nc\">將應用程序UI連接到Web應用中的數據</a> </li> <li> {38} <a class=\"tour-link\" tour=\"082af3t0-74a2-4ere-a6u3-749d59n5\">創建收件人詳細信息和刪除功能</a> </li>\n<li> <a class=\"tour-link\" tour=\"547395tb-d8ae-4fr9-b1ub-5033a6nb\">添加創建收件人</a> </li> <li> <a class=\"tour-link\" tour=\"c108beta-87ac-46re-87u3-92e61cnf\">添加編輯收件人功能</a> </li> </b> {50}\n</ol>\n<p>確保您打開與上面徒步旅行2中創建的相同項目。</p>\n<p>要從主菜單中打開一個封閉的項目，請導航至<strong> project </strong>＆gt; <strong>打開</strong>＆gt; <strong> HCl參考架構</strong>＆gt; <strong> conteriatientswebapp2 </strong>。</p>\n<p> <strong>您準備就緒時，單擊“開始”！</strong> </p>"
    },
    "navigationBar": {
      "left": {
        "text": "以前的"
      },
      "right": {
        "text": "開始"
      }
    }
  },
  "Card.VoltMX.ResponsiveBreakV9.loginForm": {
    "content": {
      "title": "添加添加收件人屏幕的斷點",
      "body": "***<ol> \n <ul> <li>從<strong> project </strong>探索器，展開<strong>響應web / desktop </strong>＆gt; <strong>表格</strong>並選擇<strong> frmaddrecipient </strong>。</li> </ul> {12} \n </ol>"
    },
    "navigationBar": {
      "left": {
        "text": "以前的"
      },
      "right": {
        "text": "下一個"
      }
    }
  },
  "Card.VoltMX.ResponsiveBreakV9.breakpointforking": {
    "content": {
      "title": "斷點分叉",
      "body": "***<ol> \n <li>從Iris Canvas菜單中，切換<strong>斷點分叉</strong> switch <strong> </strong>。 在虹膜帆布菜單上的比例設置為<strong> 100％</strong>。</li> \n <li>選擇畫布刻度上的每個斷點以查看表單的響應。</li> \n </ol>"
    },
    "navigationBar": {
      "left": {
        "text": "以前的"
      },
      "right": {
        "text": "下一個"
      }
    }
  },
  "Card.VoltMX.ResponsiveBreakV9.optimizeLayout": {
    "content": {
      "title": "優化名稱的佈局",
      "body": "***<ol> \n <li>從畫布刻度中，單擊<strong> 640 </strong>以優化第一個斷點的佈局。</li> \n <li>從<strong> project </strong>探索器，展開<strong>響應web / desktop </strong>＆gt; <strong>表格</strong>＆gt; <strong> frmaddrecipient </strong>＆gt; <strong> flxaddrecipient </strong>＆gt; <strong> flxentryfields </strong>，然後選擇<strong> flxnames </strong>。</li>。{20} \n <li>從<strong> properties </strong>面板，導航到<strong> look </strong> tab。</li> \n <li>在<strong> flex </strong>部分下，修改以下值： \n <ul> \n <li>寬度：<strong> 240 dp </strong> </li> \n <li>高度：<strong> 156 dp </strong> </li> \n </ul> \n </li> \n </ol>"
    },
    "navigationBar": {
      "left": {
        "text": "以前的"
      },
      "right": {
        "text": "下一個"
      }
    }
  },
  "Card.VoltMX.ResponsiveBreakV9.optimizeLayout1": {
    "content": {
      "title": "優化名稱的佈局",
      "body": "<ol> \n <li>從<strong> properties </strong>面板，導航到<strong> flexcontainer </strong> tab。</li> \n <li>在<strong>常規</strong>部分，對於<strong>佈局類型</strong>，從下拉列表中選擇<strong> Flow Vertical </strong>。</li> \n </ol>"
    },
    "navigationBar": {
      "left": {
        "text": "以前的"
      },
      "right": {
        "text": "下一個"
      }
    }
  },
  "Card.VoltMX.ResponsiveBreakV9.optLayoutFirstName": {
    "content": {
      "title": "優化名稱的佈局",
      "body": "<ol> \n <li>從<strong> project </strong>探索器，展開<strong>響應web / desktop </strong>＆gt; <strong>表格</strong>＆gt; <strong> frmaddrecipient </strong>＆gt; <strong> flxaddrecipient </strong>＆gt; <strong> flxentryfields </strong>＆gt; <strong> flxNames </strong>，然後選擇<strong> flxfirstname </strong>。</li> \n <li>從<strong> properties </strong>面板，導航到<strong> look </strong> tab。</li> \n <li>在<strong> flex </strong>部分下，修改以下值：<br /> \n <ul> \n <li>高度：<strong> 66 dp </strong> </li> \n </ul> \n </li> \n </ol>"
    },
    "navigationBar": {
      "left": {
        "text": "以前的"
      },
      "right": {
        "text": "下一個"
      }
    }
  },
  "Card.VoltMX.ResponsiveBreakV9.optLayLastName": {
    "content": {
      "title": "優化姓氏的佈局",
      "body": "<ol> \n <li>從<strong> project </strong>探索器，展開<strong>響應web / desktop </strong>＆gt; <strong>表格</strong>＆gt; <strong> frmaddrecipient </strong>＆gt; <strong> flxaddrecipient </strong>＆gt; <strong> flxentryfields＆nbsp; </strong>＆gt; <strong> flxNames </strong>，然後選擇<strong> flxlastName </strong>。</li> \n <li>從<strong> properties </strong>面板，導航到<strong> look </strong> tab。</li> \n <li>在<strong> flex </strong>部分下，修改以下值：<br /> \n <ul> \n <li>左：<b> 0 dp </b> </li> \n <li>頂部：<b> 24 dp </b> </li> \n <li>高度：<b> 66 dp </b> </li> \n </ul> \n </li> \n </ol>"
    },
    "navigationBar": {
      "left": {
        "text": "以前的"
      },
      "right": {
        "text": "下一個"
      }
    }
  },
  "Card.VoltMX.ResponsiveBreakV9.optLayNickName": {
    "content": {
      "title": "優化暱稱的佈局",
      "body": "***<ol> \n <li>從<strong> project </strong>探索器，展開<strong>響應web / desktop </strong>＆gt; <strong>表格</strong>＆gt; <strong> frmaddrecipient </strong>＆gt; <strong> flxaddrecipient </strong>＆gt; <strong> flxentryfields </strong>，然後選擇<strong> flxnickname </strong>。 \n <li>從<strong>屬性</strong>面板，導航到<strong> look </strong> tab。</li> \n <li>在<strong> flex </strong>部分下，修改以下值：<br /> \n <ul> \n <li>寬度：<strong> 240 dp </strong> </li> \n <li>頂部：<strong> 24 dp </strong> </li> \n </ul> \n </li> \n </ol>"
    },
    "navigationBar": {
      "left": {
        "text": "以前的"
      },
      "right": {
        "text": "下一個"
      }
    }
  },
  "Card.VoltMX.ResponsiveBreakV9.optLayPhone": {
    "content": {
      "title": "優化電話號碼的佈局",
      "body": "***<ol> \n <li>從<strong> project </strong>探索器，展開<strong>響應web / desktop </strong>＆gt; <strong>表格</strong>＆gt; <strong> frmaddrecipient </strong>＆gt; <strong> flxaddrecipient </strong>＆gt; <strong> flxentryfields </strong>，然後選擇<strong> flxphoneNumber </strong>。 \n <li>從<strong>屬性</strong>面板，導航到<strong> look </strong> tab。</li> \n <li>在<strong> flex </strong>部分下，修改以下值：<br /> \n <ul> \n <li>寬度：<strong> 240 dp </strong> </li> \n </ul> \n </li> \n </ol>"
    },
    "navigationBar": {
      "left": {
        "text": "以前的"
      },
      "right": {
        "text": "下一個"
      }
    }
  },
  "Card.VoltMX.ResponsiveBreakV9.editPayeefrm": {
    "content": {
      "title": "添加編輯收件人屏幕的斷點",
      "body": "***<ol> \n <ul> <li>來自<strong> project </strong>資源管理器，展開<strong>響應web / desktop </strong>＆gt; <strong> forms </strong>，然後選擇<strong> frmeditrecipient </strong>。 } </ul> \n </ol>"
    },
    "navigationBar": {
      "left": {
        "text": "以前的"
      },
      "right": {
        "text": "下一個"
      }
    }
  },
  "Card.VoltMX.ResponsiveBreakV9.breakpointforking1": {
    "content": {
      "title": "斷點分叉",
      "body": "***<ol> \n <li>從Iris Canvas菜單中，切換<strong>斷點分叉</strong> switch <strong> </strong>。 在虹膜帆布菜單上的比例設置為<strong> 100％</strong>。</li> \n <li>選擇畫布刻度上的每個斷點以查看表單的響應。</li> \n </ol>"
    },
    "navigationBar": {
      "left": {
        "text": "以前的"
      },
      "right": {
        "text": "下一個"
      }
    }
  },
  "Card.VoltMX.ResponsiveBreakV9.editoptLay": {
    "content": {
      "title": "優化名稱的佈局",
      "body": "***<ol> \n <li>從畫布刻度中，單擊<strong> 640 </strong>以優化第一個斷點的佈局。</li> \n <li>從<strong> project </strong>探索器，展開<strong>響應web / desktop </strong>＆gt; <strong>表格</strong>＆gt; <strong> frmeditrecipient </strong>＆gt; <strong> flxEditRecipient </strong>＆gt; <strong> flxentryfields </strong>，然後選擇<strong> flxNames </strong>。 \n <li>從<strong> properties </strong>面板，導航到<strong> look </strong> tab。</li> \n <li>在<strong> flex </strong>部分下，修改以下值： \n <ul> \n <li>寬度：<strong> 240 dp </strong> </li> \n <li>高度：<strong> 156 dp </strong> </li> \n </ul> \n </li> \n </ol>"
    },
    "navigationBar": {
      "left": {
        "text": "以前的"
      },
      "right": {
        "text": "下一個"
      }
    }
  },
  "Card.VoltMX.ResponsiveBreakV9.editoptLay1": {
    "content": {
      "title": "優化名稱的佈局",
      "body": "<ol> \n <li>從<strong> properties </strong>面板，導航到<strong> flexcontainer </strong> tab。</li> \n <li>在<strong>常規</strong>部分，對於<strong>佈局類型</strong>，從下拉列表中選擇<strong> Flow Vertical </strong>。</li> \n </ol>"
    },
    "navigationBar": {
      "left": {
        "text": "以前的"
      },
      "right": {
        "text": "下一個"
      }
    }
  },
  "Card.VoltMX.ResponsiveBreakV9.editoptLayout1": {
    "content": {
      "title": "優化名稱的佈局",
      "body": "<ol> \n <li>從<strong> project </strong>探索器，展開<strong>響應web / desktop </strong>＆gt; <strong>表格</strong>＆gt; <strong> frmeditrecipient </strong>＆gt; <strong> flxeditRecipient </strong>＆gt; <strong> flxentryfields </strong>＆gt; <strong> flxNames </strong>，然後選擇<strong> flxfirstname </strong>。</li> \n <li>從<strong> properties </strong>面板，導航到<strong> look </strong> tab。</li> \n <li>在<strong> flex </strong>部分下，修改以下值：<br /> \n <ul> \n <li>高度：<strong> 66 dp </strong> </li> \n </ul> \n </li> \n </ol>"
    },
    "navigationBar": {
      "left": {
        "text": "以前的"
      },
      "right": {
        "text": "下一個"
      }
    }
  },
  "Card.VoltMX.ResponsiveBreakV9.editoptLayout2": {
    "content": {
      "title": "優化姓氏的佈局",
      "body": "<ol> \n <li>從<strong> project </strong>探索器，展開<strong>響應web / desktop </strong>＆gt; <strong>表格</strong>＆gt; <strong> frmeditrecipient </strong>＆gt; <strong> flxedItreCipient </strong>＆gt; <strong> flxentryfields＆nbsp; </strong>＆gt; <strong> flxNames </strong>，然後選擇<strong> flxlastName </strong>。</li> \n <li>從<strong> properties </strong>面板，導航到<strong> look </strong> tab。</li> \n <li>在<strong> flex </strong>部分下，修改以下值：<br /> \n <ul> \n <li>左：<b> 0 dp </b> </li> \n <li>頂部：<b> 24 dp </b> </li> \n <li>高度：<b> 66 dp </b> </li> \n </ul> \n </li> \n </ol>"
    },
    "navigationBar": {
      "left": {
        "text": "以前的"
      },
      "right": {
        "text": "下一個"
      }
    }
  },
  "Card.VoltMX.ResponsiveBreakV9.edioptNickName": {
    "content": {
      "title": "優化暱稱的佈局",
      "body": "***<ol> \n <li>從<strong> project </strong>探索器，展開<strong>響應web / desktop </strong>＆gt; <strong>表格</strong>＆gt; <strong> frmeditrecipient </strong>＆gt; <strong> flxEditRecipient </strong>＆gt; <strong> flxentryfields </strong>，然後選擇<strong> flxnicknickname </strong>。 \n <li>從<strong>屬性</strong>面板，導航到<strong> look </strong> tab。</li> \n <li>在<strong> flex </strong>部分下，修改以下值：<br /> \n <ul> \n <li>寬度：<strong> 240 dp </strong> </li> \n <li>頂部：<strong> 24 dp </strong> </li> \n </ul> \n </li> \n </ol>"
    },
    "navigationBar": {
      "left": {
        "text": "以前的"
      },
      "right": {
        "text": "下一個"
      }
    }
  },
  "Card.VoltMX.ResponsiveBreakV9.editoptLayPh": {
    "content": {
      "title": "優化電話號碼的佈局",
      "body": "***<ol> \n <li>從<strong> project </strong>探索器，展開<strong>響應web / desktop </strong>＆gt; <strong>表格</strong>＆gt; <strong> frmeditrecipient </strong>＆gt; <strong> flxEditRecipient </strong>＆gt; <strong> flxentryfields </strong>，然後選擇<strong> flxphoneNumber </strong>。 \n <li>從<strong>屬性</strong>面板，導航到<strong> look </strong> tab。</li> \n <li>在<strong> flex </strong>部分下，修改以下值：<br /> \n <ul> \n <li>寬度：<strong> 240 dp </strong> </li> \n </ul> \n </li> \n </ol>"
    },
    "navigationBar": {
      "left": {
        "text": "以前的"
      },
      "right": {
        "text": "下一個"
      }
    }
  },
  "Card.VoltMX.ResponsiveBreakV9.run": {
    "content": {
      "title": "運行應用程序",
      "body": "<ol> \n <li>從左導航欄中，單擊<strong>運行</strong>。<br />將需要一些時間才能讓Iris顯示<strong> Volt MX Iris Preview </strong>窗口。<br /> Volt MX IRIS 預覽窗口啟動您的應用程序。</li> \n <li>在應用程序中輸入以下登錄憑據。 \n <ul> \n <li>用戶名：<strong> john.doe@woodburn.com </strong> </li> \n <li>密碼：<strong> voltmx@123 </strong> </li> \n </ul> \n </li> \n <li>單擊<strong>登錄</strong>。<br />出現帳戶列表。</li> \n <li>單擊<strong>收件人</strong> tab。<br />出現收件人列表。</li> \n </ol>"
    },
    "navigationBar": {
      "left": {
        "text": "以前的"
      },
      "right": {
        "text": "下一個"
      }
    }
  },
  "Card.VoltMX.ResponsiveBreakV9.view": {
    "content": {
      "title": "查看屏幕的響應能力",
      "body": "<ol> \n <li>單擊添加<strong>（+）</strong>圖標添加收件人。<br />拖動並調整表單帆布的大小，以查看表單的佈局中的更改。<br />另外，從 <strong> Volt MX Iris Preview </strong>窗口，使用Dimensions指定器更改尺寸並查看佈局的更改。</li> \n <li>從列表中選擇一個收件人以查看其詳細信息。</li> \n <li>從詳細信息頁面中，單擊<strong>刪除</strong>按鈕以刪除收件人。</li> \n <li>從詳細信息頁面中，單擊<strong>編輯</strong>按鈕以編輯收件人詳細信息。<br />拖動並調整表單帆布的大小，以查看表單佈局的更改。<br />，另外，從 <strong> Volt MX Iris Preview </strong>窗口的頂部，使用Dimensions Specifier更改尺寸並查看佈局的更改。</li> \n <li>單擊屏幕頂部的註銷按鈕<img src=\"https://i.ibb.co/WcS0Fd5/logout.jpg\" alt=\"logout\" width=\"13\" height=\"13\">以導航到登錄屏幕。</li> \n </ol>"
    },
    "navigationBar": {
      "left": {
        "text": "以前的"
      },
      "right": {
        "text": "下一個"
      }
    }
  },
  "Card.VoltMX.ResponsiveBreakV9.done": {
    "content": {
      "title": "恭喜",
      "body": "***<p>您成功地：</p> \n <ul> \n <li> <strong>在登錄屏幕</strong> </li>中添加了響應性斷點 \n <li> <strong>在您的計算機上查看了應用程序</strong> </li> \n </ul> <br/> \n {13 <"
    },
    "navigationBar": {
      "left": {
        "text": "以前的"
      },
      "right": {
        "text": "完畢"
      }
    }
  }
}