{
  "Tour.ResponsiveWebBreakpointsV9": {
    "description": " Description of Tour"
  },
  "Hike.VoltMX.ResponsiveBreakV9": {
    "description": " Description of hike"
  },
  "Card.VoltMX.ResponsiveBreakV9.breakpointforking": {
    "content": {
      "title": "Breakpoint Forking",
      "body": "<ol>\n<li>From the Iris canvas menu, toggle the <strong>Breakpoint Forking </strong>switch <strong>ON</strong>.<br /> The breakpoints appear as inverted red triangles on the Iris canvas scale.<br />Ensure that the scale on the Iris canvas menu is set to <strong>100%</strong>.</li>\n<li>Select each breakpoint on the canvas scale to see how the form responds.</li>\n</ol>"
    },
    "navigationBar": {
      "left": {
        "text": "Previous"
      },
      "right": {
        "text": "Next"
      }
    }
  },
  "Card.VoltMX.ResponsiveBreakV9.breakpointforking1": {
    "content": {
      "title": "Breakpoint Forking",
      "body": "<ol>\n<li>From the Iris canvas menu, toggle the <strong>Breakpoint Forking </strong>switch <strong>ON</strong>.<br /> The breakpoints appear as inverted red triangles on the Iris canvas scale.<br />Ensure that the scale on the Iris canvas menu is set to <strong>100%</strong>.</li>\n<li>Select each breakpoint on the canvas scale to see how the form responds.</li>\n</ol>"
    },
    "navigationBar": {
      "left": {
        "text": "Previous"
      },
      "right": {
        "text": "Next"
      }
    }
  },
  "Card.VoltMX.ResponsiveBreakV9.done": {
    "content": {
      "title": "Congratulations",
      "body": "<p>You&rsquo;ve successfully:</p>\n<ul>\n<li><strong>Added responsive breakpoints to the login screen</strong></li>\n<li><strong>Viewed the app on your computer</strong></li>\n</ul><br/>\n<p>To learn more on what you can do with  Volt MX Iris, visit <a href='#'onClick='javascript:openURL(\"https://support.hcltechsw.com/\")'>Base Camp</a>.</p>"
    },
    "navigationBar": {
      "left": {
        "text": "Previous"
      },
      "right": {
        "text": "Done"
      }
    }
  },
  "Card.VoltMX.ResponsiveBreakV9.edioptNickName": {
    "content": {
      "title": "Optimizing the Layout of Nick Name",
      "body": "<ol>\n<li>From the <strong>Project</strong> explorer, expand <strong>frmEditRecipient </strong>&gt;<strong> flxEditRecipient </strong>&gt;<strong> flxEntryFields</strong>, and select <strong>flxNickName</strong>.</li>\n<li>From the <strong>Properties</strong> panel, navigate to the <strong>Look </strong>tab.</li>\n<li>Under the <strong>Flex</strong> section, modify the following values:<br />\n<ul>\n<li>Width: <strong>240 Dp</strong></li>\n<li>Top: <strong>24 Dp</strong></li>\n</ul>\n</li>\n</ol>"
    },
    "navigationBar": {
      "left": {
        "text": "Previous"
      },
      "right": {
        "text": "Next"
      }
    }
  },
  "Card.VoltMX.ResponsiveBreakV9.editoptLay": {
    "content": {
      "title": "Optimize the Layout of Names",
      "body": "<ol>\n<li>From the canvas scale, click <strong>640</strong> for optimizing the layout for the third breakpoint.</li>\n<li>From the <strong>Project</strong> explorer, expand <strong>frmEditRecipient </strong>&gt;<strong> flxEditRecipient </strong>&gt;<strong> flxEntryFields</strong>, and select <strong>flxNames</strong>.</li>\n<li>From the <strong>Properties</strong> panel, navigate to the <strong>Look </strong>tab.</li>\n<li>Under the <strong>Flex</strong> section, modify the following values:\n<ul>\n<li>Width: <strong>240 Dp</strong></li>\n<li>Height: <strong>156 Dp</strong></li>\n</ul>\n</li>\n</ol>"
    },
    "navigationBar": {
      "left": {
        "text": "Previous"
      },
      "right": {
        "text": "Next"
      }
    }
  },
  "Card.VoltMX.ResponsiveBreakV9.editoptLay1": {
    "content": {
      "title": "Optimize the Layout of Names",
      "body": "<ol>\n<li>From the <strong>Properties</strong> panel, navigate to the <strong>FlexContainer</strong> tab.</li>\n<li>Under the <strong>General </strong>section, for the <strong>Layout Type</strong>, select <strong>Flow Vertical</strong> from the drop-down list.</li>\n</ol>"
    },
    "navigationBar": {
      "left": {
        "text": "Previous"
      },
      "right": {
        "text": "Next"
      }
    }
  },
  "Card.VoltMX.ResponsiveBreakV9.editoptLayout1": {
    "content": {
      "title": "Optimizing Layout for First Name",
      "body": "<ol>\n<li>From the <strong>Project</strong> explorer, expand <strong>frmEditRecipient </strong>&gt;<strong> flxEditRecipient </strong>&gt;<strong> flxEntryFields</strong> &gt; <strong>flxNames</strong>, and select <strong>flxFirstName</strong>.</li>\n<li>From the <strong>Properties </strong>panel, navigate to the <strong>Look </strong>tab.</li>\n<li>Under the <strong>Flex </strong>section, modify the following values:<br />\n<ul>\n<li>Height: <strong>66 Dp</strong></li>\n</ul>\n</li>\n</ol>"
    },
    "navigationBar": {
      "left": {
        "text": "Previous"
      },
      "right": {
        "text": "Next"
      }
    }
  },
  "Card.VoltMX.ResponsiveBreakV9.editoptLayout2": {
    "content": {
      "title": "Optimizing Layout for Last Name",
      "body": "<ol>\n<li>From the <strong>Project</strong> explorer, expand <strong>frmEditRecipient </strong>&gt;<strong> flxEditRecipient </strong>&gt;<strong> flxEntryFields&nbsp;</strong>&gt; <strong>flxNames</strong>, and select <strong>flxLastName</strong>.</li>\n<li>From the <strong>Properties</strong> panel, navigate to the <strong>Look </strong>tab.</li>\n<li>Under the <strong>Flex</strong> section, modify the following values:<br />\n<ul>\n<li>Left: <b>0 Dp</b></li>\n<li>Top: <b>24 Dp</b></li>\n<li>Height: <b>66 Dp</b></li>\n</ul>\n</li>\n</ol>"
    },
    "navigationBar": {
      "left": {
        "text": "Previous"
      },
      "right": {
        "text": "Next"
      }
    }
  },
  "Card.VoltMX.ResponsiveBreakV9.editoptLayPh": {
    "content": {
      "title": "Optimizing Layout for Phone Number",
      "body": "<ol>\n<li>From the <strong>Project</strong> explorer, expand <strong>frmEditRecipient </strong>&gt;<strong> flxEditRecipient </strong>&gt;<strong> flxEntryFields</strong>, and select <strong>flxPhoneNumber</strong>.</li>\n<li>From the <strong>Properties</strong> panel, navigate to the <strong>Look </strong>tab.</li>\n<li>Under the <strong>Flex</strong> section, modify the following values:<br />\n<ul>\n<li>Width: <strong>240 Dp</strong></li>\n</ul>\n</li>\n</ol>"
    },
    "navigationBar": {
      "left": {
        "text": "Previous"
      },
      "right": {
        "text": "Next"
      }
    }
  },
  "Card.VoltMX.ResponsiveBreakV9.editPayeefrm": {
    "content": {
      "title": "Adding Breakpoint for Edit Recipient Screen",
      "body": "<ol>\n<li>From the <strong>Project</strong> explorer, expand <strong>Responsive Web / Desktop </strong>&gt;<strong> Forms</strong>, and select <strong>frmEditRecipient</strong>.</li>\n</ol>"
    },
    "navigationBar": {
      "left": {
        "text": "Previous"
      },
      "right": {
        "text": "Next"
      }
    }
  },
  "Card.VoltMX.ResponsiveBreakV9.Intro": {
    "content": {
      "title": "Responsive Web Breakpoints",
      "body": "<p><strong>Let&rsquo;s get started!</strong></p>\n<p>In this hike, you will learn how to:</p>\n<ul>\n<li>Add three breakpoints for the forms Create Recipient and Edit Recpient screens.</li>\n<li>See how the <strong>Live Preview</strong> reacts to breakpoints in real-time.</li>\n</ul>\n<p>Before you get started, complete the following hikes:</p>\n<ol><b>\n<li><a class=\"tour-link\" tour=\"705a94tb-faa0-47r7-a1ud-31b3dbnf\">Launch your Responsive Web App</a></li><li><a class=\"tour-link\" tour=\"220f01t3-bda6-40r0-92uf-56631bnb\">Create UI from Collections</a></li><li><a class=\"tour-link\" tour=\"5e1da5td-37a0-44r6-beu6-374c3cn1\">Add Authentication to the App</a></li>\n<li><a class=\"tour-link\" tour=\"a851b9t8-75a9-4ara-88ud-946004n9\">Creating Services for a Web App</a></li>\n<li><a class=\"tour-link\" tour=\"ca148ftd-07a9-4ard-98ud-6163d4nc\">Connect App UI to Data in a Web App</a></li><li><a class=\"tour-link\" tour=\"082af3t0-74a2-4ere-a6u3-749d59n5\">Creating Recipient Details and Delete Feature</a></li>\n<li><a class=\"tour-link\" tour=\"547395tb-d8ae-4fr9-b1ub-5033a6nb\">Add Create Recipient</a></li><li><a class=\"tour-link\" tour=\"c108beta-87ac-46re-87u3-92e61cnf\">Add Edit Recipients Feature</a></li></b>\n</ol>\n<p>Ensure that you open the same project that you have created in the previous hikes.</p>\n<p>To open a closed project, from the main menu, navigate to <strong>Project</strong> &gt; <strong>Open</strong> &gt; <strong>HCL Reference Architecture</strong> &gt; <strong>RecipientsWebApp</strong>.</p>\n<p><strong>When you are ready, click Start!</strong></p>"
    },
    "navigationBar": {
      "left": {
        "text": "Previous"
      },
      "right": {
        "text": "Start"
      }
    }
  },
  "Card.VoltMX.ResponsiveBreakV9.loginForm": {
    "content": {
      "title": "Adding Breakpoint for Add Recipient Screen",
      "body": "<ol>\n<li>From the <strong>Project</strong> explorer, expand <strong>Responsive Web /Desktop</strong> &gt; <strong>Forms</strong> and select <strong>frmAddRecipient</strong>.</li>\n</ol>"
    },
    "navigationBar": {
      "left": {
        "text": "Previous"
      },
      "right": {
        "text": "Next"
      }
    }
  },
  "Card.VoltMX.ResponsiveBreakV9.optimizeLayout": {
    "content": {
      "title": "Optimize the Layout of Names",
      "body": "<ol>\n<li>From the canvas scale, click <strong>640</strong> for optimizing the layout for the third breakpoint.</li>\n<li>From the <strong>Project</strong> explorer, expand <strong>frmAddRecipient </strong>&gt;<strong> flxAddRecipient </strong>&gt;<strong> flxEntryFields</strong>, and select <strong>flxNames</strong>.</li>\n<li>From the <strong>Properties</strong> panel, navigate to the <strong>Look </strong>tab.</li>\n<li>Under the <strong>Flex</strong> section, modify the following values:\n<ul>\n<li>Width: <strong>240 Dp</strong></li>\n<li>Height: <strong>156 Dp</strong></li>\n</ul>\n</li>\n</ol>"
    },
    "navigationBar": {
      "left": {
        "text": "Previous"
      },
      "right": {
        "text": "Next"
      }
    }
  },
  "Card.VoltMX.ResponsiveBreakV9.optimizeLayout1": {
    "content": {
      "title": "Optimize the Layout of Names",
      "body": "<ol>\n<li>From the <strong>Properties</strong> panel, navigate to the <strong>FlexContainer</strong> tab.</li>\n<li>Under the <strong>General </strong>section, for the <strong>Layout Type</strong>, select <strong>Flow Vertical</strong> from the drop-down list.</li>\n</ol>"
    },
    "navigationBar": {
      "left": {
        "text": "Previous"
      },
      "right": {
        "text": "Next"
      }
    }
  },
  "Card.VoltMX.ResponsiveBreakV9.optLayLastName": {
    "content": {
      "title": "Optimizing Layout for Last Name",
      "body": "<ol>\n<li>From the <strong>Project</strong> explorer, expand <strong>frmAddRecipient </strong>&gt;<strong> flxAddRecipient </strong>&gt;<strong> flxEntryFields&nbsp;</strong>&gt; <strong>flxNames</strong>, and select <strong>flxLastName</strong>.</li>\n<li>From the <strong>Properties</strong> panel, navigate to the <strong>Look </strong>tab.</li>\n<li>Under the <strong>Flex</strong> section, modify the following values:<br />\n<ul>\n<li>Left: <b>0 Dp</b></li>\n<li>Top: <b>24 Dp</b></li>\n<li>Height: <b>66 Dp</b></li>\n</ul>\n</li>\n</ol>"
    },
    "navigationBar": {
      "left": {
        "text": "Previous"
      },
      "right": {
        "text": "Next"
      }
    }
  },
  "Card.VoltMX.ResponsiveBreakV9.optLayNickName": {
    "content": {
      "title": "Optimizing the Layout of Nick Name",
      "body": "<ol>\n<li>From the <strong>Project</strong> explorer, expand <strong>frmAddRecipient </strong>&gt;<strong> flxAddRecipient </strong>&gt;<strong> flxEntryFields</strong>, and select <strong>flxNickName</strong>.</li>\n<li>From the <strong>Properties</strong> panel, navigate to the <strong>Look </strong>tab.</li>\n<li>Under the <strong>Flex</strong> section, modify the following values:<br />\n<ul>\n<li>Width: <strong>240 Dp</strong></li>\n<li>Top: <strong>24 Dp</strong></li>\n</ul>\n</li>\n</ol>"
    },
    "navigationBar": {
      "left": {
        "text": "Previous"
      },
      "right": {
        "text": "Next"
      }
    }
  },
  "Card.VoltMX.ResponsiveBreakV9.optLayoutFirstName": {
    "content": {
      "title": "Optimizing Layout for First Name",
      "body": "<ol>\n<li>From the <strong>Project</strong> explorer, expand <strong>frmAddRecipient </strong>&gt;<strong> flxAddRecipient </strong>&gt;<strong> flxEntryFields</strong> &gt; <strong>flxNames</strong>, and select <strong>flxFirstName</strong>.</li>\n<li>From the <strong>Properties </strong>panel, navigate to the <strong>Look </strong>tab.</li>\n<li>Under the <strong>Flex </strong>section, modify the following values:<br />\n<ul>\n<li>Height: <strong>66 Dp</strong></li>\n</ul>\n</li>\n</ol>"
    },
    "navigationBar": {
      "left": {
        "text": "Previous"
      },
      "right": {
        "text": "Next"
      }
    }
  },
  "Card.VoltMX.ResponsiveBreakV9.optLayPhone": {
    "content": {
      "title": "Optimizing Layout for Phone Number",
      "body": "<ol>\n<li>From the <strong>Project</strong> explorer, expand <strong>frmAddRecipient </strong>&gt;<strong> flxAddRecipient </strong>&gt;<strong> flxEntryFields</strong>, and select <strong>flxPhoneNumber</strong>.</li>\n<li>From the <strong>Properties</strong> panel, navigate to the <strong>Look </strong>tab.</li>\n<li>Under the <strong>Flex</strong> section, modify the following values:<br />\n<ul>\n<li>Width: <strong>240 Dp</strong></li>\n</ul>\n</li>\n</ol>"
    },
    "navigationBar": {
      "left": {
        "text": "Previous"
      },
      "right": {
        "text": "Next"
      }
    }
  },
  "Card.VoltMX.ResponsiveBreakV9.run": {
    "content": {
      "title": "Run the App",
      "body": "<ol>\n<li>From the left navigation bar, click <strong>Run</strong>.<br /> It will take some time for Iris to display the <strong>Live Preview is ready</strong> window.<br /> The Iris Preview window launches your application.</li>\n<li>Enter the following login credentials in your app.\n<ul>\n<li>Username: <strong>john.doe@woodburn.com</strong></li>\n<li>Password: <strong>VoltMX@123</strong></li>\n</ul>\n</li>\n<li>Click <strong>Login</strong>.<br /> The account list appears.</li>\n<li>Click the <strong>Recipients</strong> tab.<br /> The recipient list appears.</li>\n</ol>"
    },
    "navigationBar": {
      "left": {
        "text": "Previous"
      },
      "right": {
        "text": "Next"
      }
    }
  },
  "Card.VoltMX.ResponsiveBreakV9.view": {
    "content": {
      "title": "View the Responsiveness of the Screens",
      "body": "<ol>\n<li>Click the add <strong>(+) </strong>icon to add a recipient.<br />Drag and resize the form canvas to see the change in the layout of the form.<br />Alternatively, from the top of the <strong>Iris Preview</strong> window, use the dimensions specifier to change the dimensions and see the change in layout.</li>\n<li>Select a recipient from the list to view their details.</li>\n<li>From the details page, click the <strong>Delete </strong>button to delete the recipient.</li>\n<li>From the details page, click the <strong>Edit</strong> button to edit the recipient details.<br />Drag and resize the form canvas to see the change in the layout of the form.<br />Alternatively, from the top of the <strong>Iris Preview</strong> window, use the dimensions specifier to change the dimensions and see the change in layout.</li>\n<li>Click the logout button on top of the screen to navigate to the login screen.</li>\n</ol>"
    },
    "navigationBar": {
      "left": {
        "text": "Previous"
      },
      "right": {
        "text": "Next"
      }
    }
  }
}