{
  "Tour.ResponsiveWebBreakpointsV9": {
    "description": " यात्रा का विवरण"
  },
  "Hike.VoltMX.ResponsiveBreakV9": {
    "description": " वृद्धि का विवरण"
  },
  "Card.VoltMX.ResponsiveBreakV9.breakpointforking": {
    "content": {
      "title": " ब्रेकप्वाइंट फोर्किंग",
      "body": "<ol>\n<li> आइरिस कैनवास मेनू से, टॉगल करें<strong> ब्रेकप्वाइंट फोर्किंग</strong> स्विच<strong> चालू</strong>.<br /> ब्रेकप्वाइंट आइरिस कैनवास स्केल पर उल्टे लाल त्रिकोण के रूप में दिखाई देते हैं।<br /> सुनिश्चित करें कि आईरिस कैनवास मेनू पर स्केल सेट है<strong> 100%</strong>.</li>\n<li> यह देखने के लिए कि प्रपत्र कैसे प्रतिक्रिया करता है, कैनवास पैमाने पर प्रत्येक विराम बिंदु का चयन करें।</li>\n</ol>"
    },
    "navigationBar": {
      "left": {
        "text": " पिछला"
      },
      "right": {
        "text": " अगला"
      }
    }
  },
  "Card.VoltMX.ResponsiveBreakV9.breakpointforking1": {
    "content": {
      "title": " ब्रेकप्वाइंट फोर्किंग",
      "body": "<ol>\n<li> आइरिस कैनवास मेनू से, टॉगल करें<strong> ब्रेकप्वाइंट फोर्किंग</strong> स्विच<strong> चालू</strong>.<br /> ब्रेकप्वाइंट आइरिस कैनवास स्केल पर उल्टे लाल त्रिकोण के रूप में दिखाई देते हैं।<br /> सुनिश्चित करें कि आईरिस कैनवास मेनू पर स्केल सेट है<strong> 100%</strong>.</li>\n<li> यह देखने के लिए कि प्रपत्र कैसे प्रतिक्रिया करता है, कैनवास पैमाने पर प्रत्येक विराम बिंदु का चयन करें।</li>\n</ol>"
    },
    "navigationBar": {
      "left": {
        "text": " पिछला"
      },
      "right": {
        "text": " अगला"
      }
    }
  },
  "Card.VoltMX.ResponsiveBreakV9.done": {
    "content": {
      "title": " बधाई",
      "body": "<p> आपने सफलतापूर्वक:</p>\n<ul>\n<li><strong> लॉगिन स्क्रीन पर उत्तरदायी ब्रेकप्वाइंट जोड़े गए</strong></li>\n<li><strong> अपने कंप्यूटर पर ऐप देखा</strong></li>\n</ul><br/>\n<p> वोल्ट एमएक्स आइरिस के साथ आप क्या कर सकते हैं, इस बारे में अधिक जानने के लिए, यहां जाएं<a href='#'onClick='javascript:openURL(\"https://support.hcltechsw.com/\")'> बेस कैंप</a>.</p>"
    },
    "navigationBar": {
      "left": {
        "text": " पिछला"
      },
      "right": {
        "text": " हो गया"
      }
    }
  },
  "Card.VoltMX.ResponsiveBreakV9.edioptNickName": {
    "content": {
      "title": " निक नेम के लेआउट का अनुकूलन",
      "body": "<ol>\n<li> से<strong> परियोजना</strong> एक्सप्लोरर, विस्तृत करें<strong> frmEditRecipient</strong> &gt;<strong> flxसंपादित करेंप्राप्तकर्ता</strong> &gt;<strong> flxEntryFields</strong> , और चुनें<strong> flxNickName</strong>.</li>\n<li> से<strong> गुण</strong> पैनल, पर नेविगेट करें<strong> देखो</strong> टैब।</li>\n<li> के तहत<strong> फ्लेक्स</strong> अनुभाग, निम्नलिखित मानों को संशोधित करें:<br />\n<ul>\n<li> चौड़ाई:<strong> 240 डीपी</strong></li>\n<li> शीर्ष:<strong> 24 डीपी</strong></li>\n</ul>\n</li>\n</ol>"
    },
    "navigationBar": {
      "left": {
        "text": " पिछला"
      },
      "right": {
        "text": " अगला"
      }
    }
  },
  "Card.VoltMX.ResponsiveBreakV9.editoptLay": {
    "content": {
      "title": " नामों के लेआउट का अनुकूलन करें",
      "body": "<ol>\n<li> कैनवास स्केल से, क्लिक करें<strong> 640</strong> तीसरे ब्रेकपॉइंट के लिए लेआउट को अनुकूलित करने के लिए।</li>\n<li> से<strong> परियोजना</strong> एक्सप्लोरर, विस्तृत करें<strong> frmEditRecipient</strong> &gt;<strong> flxसंपादित करेंप्राप्तकर्ता</strong> &gt;<strong> flxEntryFields</strong> , और चुनें<strong> flxNames</strong>.</li>\n<li> से<strong> गुण</strong> पैनल, पर नेविगेट करें<strong> देखो</strong> टैब।</li>\n<li> के तहत<strong> फ्लेक्स</strong> अनुभाग, निम्नलिखित मानों को संशोधित करें:<ul>\n<li> चौड़ाई:<strong> 240 डीपी</strong></li>\n<li> ऊँचाई:<strong> 156 डीपी</strong></li>\n</ul>\n</li>\n</ol>"
    },
    "navigationBar": {
      "left": {
        "text": " पिछला"
      },
      "right": {
        "text": " अगला"
      }
    }
  },
  "Card.VoltMX.ResponsiveBreakV9.editoptLay1": {
    "content": {
      "title": " नामों के लेआउट का अनुकूलन करें",
      "body": "<ol>\n<li> से<strong> गुण</strong> पैनल, पर नेविगेट करें<strong> फ्लेक्सकंटेनर</strong> टैब।</li>\n<li> के तहत<strong> सामान्य</strong> अनुभाग, के लिए<strong> लेआउट प्रकार</strong> , चुनें<strong> फ्लो वर्टिकल</strong> ड्रॉप-डाउन सूची से।</li>\n</ol>"
    },
    "navigationBar": {
      "left": {
        "text": " पिछला"
      },
      "right": {
        "text": " अगला"
      }
    }
  },
  "Card.VoltMX.ResponsiveBreakV9.editoptLayout1": {
    "content": {
      "title": " प्रथम नाम के लिए लेआउट का अनुकूलन",
      "body": "<ol>\n<li> से<strong> परियोजना</strong> एक्सप्लोरर, विस्तृत करें<strong> frmEditRecipient</strong> &gt;<strong> flxसंपादित करेंप्राप्तकर्ता</strong> &gt;<strong> flxEntryFields</strong> &gt;<strong> flxNames</strong> , और चुनें<strong> flxFirstName</strong>.</li>\n<li> से<strong> गुण</strong> पैनल, पर नेविगेट करें<strong> देखो</strong> टैब।</li>\n<li> के तहत<strong> फ्लेक्स</strong> अनुभाग, निम्नलिखित मानों को संशोधित करें:<br />\n<ul>\n<li> ऊँचाई:<strong> 66 डीपी</strong></li>\n</ul>\n</li>\n</ol>"
    },
    "navigationBar": {
      "left": {
        "text": " पिछला"
      },
      "right": {
        "text": " अगला"
      }
    }
  },
  "Card.VoltMX.ResponsiveBreakV9.editoptLayout2": {
    "content": {
      "title": " अंतिम नाम के लिए लेआउट का अनुकूलन",
      "body": "<ol>\n<li> से<strong> परियोजना</strong> एक्सप्लोरर, विस्तृत करें<strong> frmEditRecipient</strong> &gt;<strong> flxसंपादित करेंप्राप्तकर्ता</strong> &gt;<strong> flxEntryFields&nbsp;</strong> &gt;<strong> flxNames</strong> , और चुनें<strong> flxLastName</strong>.</li>\n<li> से<strong> गुण</strong> पैनल, पर नेविगेट करें<strong> देखो</strong> टैब।</li>\n<li> के तहत<strong> फ्लेक्स</strong> अनुभाग, निम्नलिखित मानों को संशोधित करें:<br />\n<ul>\n<li> बायां:<b> 0 डीपी</b></li>\n<li> शीर्ष:<b> 24 डीपी</b></li>\n<li> ऊँचाई:<b> 66 डीपी</b></li>\n</ul>\n</li>\n</ol>"
    },
    "navigationBar": {
      "left": {
        "text": " पिछला"
      },
      "right": {
        "text": " अगला"
      }
    }
  },
  "Card.VoltMX.ResponsiveBreakV9.editoptLayPh": {
    "content": {
      "title": " फ़ोन नंबर के लिए लेआउट का अनुकूलन",
      "body": "<ol>\n<li> से<strong> परियोजना</strong> एक्सप्लोरर, विस्तृत करें<strong> frmEditRecipient</strong> &gt;<strong> flxसंपादित करेंप्राप्तकर्ता</strong> &gt;<strong> flxEntryFields</strong> , और चुनें<strong> flxPhoneNumber</strong>.</li>\n<li> से<strong> गुण</strong> पैनल, पर नेविगेट करें<strong> देखो</strong> टैब।</li>\n<li> के तहत<strong> फ्लेक्स</strong> अनुभाग, निम्नलिखित मानों को संशोधित करें:<br />\n<ul>\n<li> चौड़ाई:<strong> 240 डीपी</strong></li>\n</ul>\n</li>\n</ol>"
    },
    "navigationBar": {
      "left": {
        "text": " पिछला"
      },
      "right": {
        "text": " अगला"
      }
    }
  },
  "Card.VoltMX.ResponsiveBreakV9.editPayeefrm": {
    "content": {
      "title": " प्राप्तकर्ता स्क्रीन संपादित करने के लिए ब्रेकपॉइंट जोड़ना",
      "body": "<ol>\n<li> से<strong> परियोजना</strong> एक्सप्लोरर, विस्तृत करें<strong> उत्तरदायी वेब / डेस्कटॉप</strong> &gt;<strong> प्रपत्र</strong> , और चुनें<strong> frmEditRecipient</strong>.</li>\n</ol>"
    },
    "navigationBar": {
      "left": {
        "text": " पिछला"
      },
      "right": {
        "text": " अगला"
      }
    }
  },
  "Card.VoltMX.ResponsiveBreakV9.Intro": {
    "content": {
      "title": " उत्तरदायी वेब ब्रेकप्वाइंट",
      "body": "<p><strong> चलिए शुरू करते हैं!</strong></p>\n<p> इस वृद्धि में, आप सीखेंगे कि कैसे:</p>\n<ul>\n<li> प्रपत्र के लिए तीन ब्रेकप्वाइंट जोड़ें प्राप्तकर्ता बनाएं और प्राप्तकर्ता स्क्रीन संपादित करें।</li>\n<li> देखें कि कैसे<strong> लाइव पूर्वावलोकन</strong> रीयल-टाइम में ब्रेकप्वाइंट पर प्रतिक्रिया करता है।</li>\n</ul>\n<p> आरंभ करने से पहले, निम्नलिखित हाइक को पूरा करें:</p>\n<ol><b>\n<li><a class=\"tour-link\" tour=\"705a94tb-faa0-47r7-a1ud-31b3dbnf\"> अपना उत्तरदायी वेब ऐप लॉन्च करें</a></li><li><a class=\"tour-link\" tour=\"220f01t3-bda6-40r0-92uf-56631bnb\"> संग्रह से UI बनाएं</a></li><li><a class=\"tour-link\" tour=\"5e1da5td-37a0-44r6-beu6-374c3cn1\"> ऐप में प्रमाणीकरण जोड़ें</a></li>\n<li><a class=\"tour-link\" tour=\"a851b9t8-75a9-4ara-88ud-946004n9\"> वेब ऐप के लिए सेवाएं बनाना</a></li>\n<li><a class=\"tour-link\" tour=\"ca148ftd-07a9-4ard-98ud-6163d4nc\"> किसी वेब ऐप में ऐप UI को डेटा से कनेक्ट करें</a></li><li><a class=\"tour-link\" tour=\"082af3t0-74a2-4ere-a6u3-749d59n5\"> प्राप्तकर्ता विवरण बनाना और सुविधा हटाना</a></li>\n<li><a class=\"tour-link\" tour=\"547395tb-d8ae-4fr9-b1ub-5033a6nb\"> प्राप्तकर्ता बनाएँ जोड़ें</a></li><li><a class=\"tour-link\" tour=\"c108beta-87ac-46re-87u3-92e61cnf\"> प्राप्तकर्ता संपादित करें फ़ीचर जोड़ें</a></li></b>\n</ol>\n<p> सुनिश्चित करें कि आपने वही प्रोजेक्ट खोला है जिसे आपने पिछली हाइक में बनाया था।</p>\n<p> एक बंद परियोजना को खोलने के लिए, मुख्य मेनू से, नेविगेट करें<strong> परियोजना</strong> &gt;<strong> खुला</strong> &gt;<strong> एचसीएल संदर्भ वास्तुकला</strong> &gt;<strong> प्राप्तकर्तावेबएप</strong>.</p>\n<p><strong> जब आप तैयार हों, तो स्टार्ट पर क्लिक करें!</strong></p>"
    },
    "navigationBar": {
      "left": {
        "text": " पिछला"
      },
      "right": {
        "text": " प्रारंभ"
      }
    }
  },
  "Card.VoltMX.ResponsiveBreakV9.loginForm": {
    "content": {
      "title": " प्राप्तकर्ता स्क्रीन जोड़ने के लिए ब्रेकपॉइंट जोड़ना",
      "body": "<ol>\n<li> से<strong> परियोजना</strong> एक्सप्लोरर, विस्तृत करें<strong> उत्तरदायी वेब / डेस्कटॉप</strong> &gt;<strong> प्रपत्र</strong> और चुनें<strong> frmAddRecipient</strong>.</li>\n</ol>"
    },
    "navigationBar": {
      "left": {
        "text": " पिछला"
      },
      "right": {
        "text": " अगला"
      }
    }
  },
  "Card.VoltMX.ResponsiveBreakV9.optimizeLayout": {
    "content": {
      "title": " नामों के लेआउट का अनुकूलन करें",
      "body": "<ol>\n<li> कैनवास स्केल से, क्लिक करें<strong> 640</strong> तीसरे ब्रेकपॉइंट के लिए लेआउट को अनुकूलित करने के लिए।</li>\n<li> से<strong> परियोजना</strong> एक्सप्लोरर, विस्तृत करें<strong> frmAddRecipient</strong> &gt;<strong> flxAddRecipient</strong> &gt;<strong> flxEntryFields</strong> , और चुनें<strong> flxNames</strong>.</li>\n<li> से<strong> गुण</strong> पैनल, पर नेविगेट करें<strong> देखो</strong> टैब।</li>\n<li> के तहत<strong> फ्लेक्स</strong> अनुभाग, निम्नलिखित मानों को संशोधित करें:<ul>\n<li> चौड़ाई:<strong> 240 डीपी</strong></li>\n<li> ऊँचाई:<strong> 156 डीपी</strong></li>\n</ul>\n</li>\n</ol>"
    },
    "navigationBar": {
      "left": {
        "text": " पिछला"
      },
      "right": {
        "text": " अगला"
      }
    }
  },
  "Card.VoltMX.ResponsiveBreakV9.optimizeLayout1": {
    "content": {
      "title": " नामों के लेआउट का अनुकूलन करें",
      "body": "<ol>\n<li> से<strong> गुण</strong> पैनल, पर नेविगेट करें<strong> फ्लेक्सकंटेनर</strong> टैब।</li>\n<li> के तहत<strong> सामान्य</strong> अनुभाग, के लिए<strong> लेआउट प्रकार</strong> , चुनें<strong> फ्लो वर्टिकल</strong> ड्रॉप-डाउन सूची से।</li>\n</ol>"
    },
    "navigationBar": {
      "left": {
        "text": " पिछला"
      },
      "right": {
        "text": " अगला"
      }
    }
  },
  "Card.VoltMX.ResponsiveBreakV9.optLayLastName": {
    "content": {
      "title": " अंतिम नाम के लिए लेआउट का अनुकूलन",
      "body": "<ol>\n<li> से<strong> परियोजना</strong> एक्सप्लोरर, विस्तृत करें<strong> frmAddRecipient</strong> &gt;<strong> flxAddRecipient</strong> &gt;<strong> flxEntryFields&nbsp;</strong> &gt;<strong> flxNames</strong> , और चुनें<strong> flxLastName</strong>.</li>\n<li> से<strong> गुण</strong> पैनल, पर नेविगेट करें<strong> देखो</strong> टैब।</li>\n<li> के तहत<strong> फ्लेक्स</strong> अनुभाग, निम्नलिखित मानों को संशोधित करें:<br />\n<ul>\n<li> बायां:<b> 0 डीपी</b></li>\n<li> शीर्ष:<b> 24 डीपी</b></li>\n<li> ऊँचाई:<b> 66 डीपी</b></li>\n</ul>\n</li>\n</ol>"
    },
    "navigationBar": {
      "left": {
        "text": " पिछला"
      },
      "right": {
        "text": " अगला"
      }
    }
  },
  "Card.VoltMX.ResponsiveBreakV9.optLayNickName": {
    "content": {
      "title": " निक नेम के लेआउट का अनुकूलन",
      "body": "<ol>\n<li> से<strong> परियोजना</strong> एक्सप्लोरर, विस्तृत करें<strong> frmAddRecipient</strong> &gt;<strong> flxAddRecipient</strong> &gt;<strong> flxEntryFields</strong> , और चुनें<strong> flxNickName</strong>.</li>\n<li> से<strong> गुण</strong> पैनल, पर नेविगेट करें<strong> देखो</strong> टैब।</li>\n<li> के तहत<strong> फ्लेक्स</strong> अनुभाग, निम्नलिखित मानों को संशोधित करें:<br />\n<ul>\n<li> चौड़ाई:<strong> 240 डीपी</strong></li>\n<li> शीर्ष:<strong> 24 डीपी</strong></li>\n</ul>\n</li>\n</ol>"
    },
    "navigationBar": {
      "left": {
        "text": " पिछला"
      },
      "right": {
        "text": " अगला"
      }
    }
  },
  "Card.VoltMX.ResponsiveBreakV9.optLayoutFirstName": {
    "content": {
      "title": " प्रथम नाम के लिए लेआउट का अनुकूलन",
      "body": "<ol>\n<li> से<strong> परियोजना</strong> एक्सप्लोरर, विस्तृत करें<strong> frmAddRecipient</strong> &gt;<strong> flxAddRecipient</strong> &gt;<strong> flxEntryFields</strong> &gt;<strong> flxNames</strong> , और चुनें<strong> flxFirstName</strong>.</li>\n<li> से<strong> गुण</strong> पैनल, पर नेविगेट करें<strong> देखो</strong> टैब।</li>\n<li> के तहत<strong> फ्लेक्स</strong> अनुभाग, निम्नलिखित मानों को संशोधित करें:<br />\n<ul>\n<li> ऊँचाई:<strong> 66 डीपी</strong></li>\n</ul>\n</li>\n</ol>"
    },
    "navigationBar": {
      "left": {
        "text": " पिछला"
      },
      "right": {
        "text": " अगला"
      }
    }
  },
  "Card.VoltMX.ResponsiveBreakV9.optLayPhone": {
    "content": {
      "title": " फ़ोन नंबर के लिए लेआउट का अनुकूलन",
      "body": "<ol>\n<li> से<strong> परियोजना</strong> एक्सप्लोरर, विस्तृत करें<strong> frmAddRecipient</strong> &gt;<strong> flxAddRecipient</strong> &gt;<strong> flxEntryFields</strong> , और चुनें<strong> flxPhoneNumber</strong>.</li>\n<li> से<strong> गुण</strong> पैनल, पर नेविगेट करें<strong> देखो</strong> टैब।</li>\n<li> के तहत<strong> फ्लेक्स</strong> अनुभाग, निम्नलिखित मानों को संशोधित करें:<br />\n<ul>\n<li> चौड़ाई:<strong> 240 डीपी</strong></li>\n</ul>\n</li>\n</ol>"
    },
    "navigationBar": {
      "left": {
        "text": " पिछला"
      },
      "right": {
        "text": " अगला"
      }
    }
  },
  "Card.VoltMX.ResponsiveBreakV9.run": {
    "content": {
      "title": " ऐप चलाएँ",
      "body": "<ol>\n<li> बाएं नेविगेशन बार से, क्लिक करें<strong> भागो</strong>.<br /> आइरिस को प्रदर्शित होने में कुछ समय लगेगा<strong> लाइव पूर्वावलोकन तैयार है</strong> window.<br /> आइरिस प्रीव्यू विंडो आपका एप्लिकेशन लॉन्च करती है।</li>\n<li> अपने ऐप में निम्नलिखित लॉगिन क्रेडेंशियल दर्ज करें।<ul>\n<li> उपयोगकर्ता नाम:<strong> john.doe@woodburn.com</strong></li>\n<li> पासवर्ड:<strong> वोल्टएमएक्स@123</strong></li>\n</ul>\n</li>\n<li> क्लिक करें<strong> लॉगिन</strong>.<br /> खाता सूची प्रकट होती है।</li>\n<li> क्लिक करें<strong> प्राप्तकर्ता</strong> टैब।<br /> प्राप्तकर्ता सूची प्रकट होती है।</li>\n</ol>"
    },
    "navigationBar": {
      "left": {
        "text": " पिछला"
      },
      "right": {
        "text": " अगला"
      }
    }
  },
  "Card.VoltMX.ResponsiveBreakV9.view": {
    "content": {
      "title": " स्क्रीन की प्रतिक्रिया देखें",
      "body": "<ol>\n<li> ऐड पर क्लिक करें<strong> (+)</strong> प्राप्तकर्ता जोड़ने के लिए आइकन।<br /> प्रपत्र के लेआउट में परिवर्तन देखने के लिए प्रपत्र कैनवास को खींचें और उसका आकार बदलें।<br /> वैकल्पिक रूप से, ऊपर से<strong> आइरिस पूर्वावलोकन</strong> विंडो, डाइमेंशन बदलने के लिए डाइमेंशन स्पेसिफायर का इस्तेमाल करें और लेआउट में बदलाव देखें।</li>\n<li> प्राप्तकर्ता का विवरण देखने के लिए सूची से उसका चयन करें।</li>\n<li> विवरण पृष्ठ से, क्लिक करें<strong> हटाएं</strong> प्राप्तकर्ता को हटाने के लिए बटन।</li>\n<li> विवरण पृष्ठ से, क्लिक करें<strong> संपादित करें</strong> प्राप्तकर्ता विवरण संपादित करने के लिए बटन।<br /> प्रपत्र के लेआउट में परिवर्तन देखने के लिए प्रपत्र कैनवास को खींचें और उसका आकार बदलें।<br /> वैकल्पिक रूप से, ऊपर से<strong> आइरिस पूर्वावलोकन</strong> विंडो, डाइमेंशन बदलने के लिए डाइमेंशन स्पेसिफायर का इस्तेमाल करें और लेआउट में बदलाव देखें।</li>\n<li> लॉगिन स्क्रीन पर नेविगेट करने के लिए स्क्रीन के शीर्ष पर लॉगआउट बटन पर क्लिक करें।</li>\n</ol>"
    },
    "navigationBar": {
      "left": {
        "text": " पिछला"
      },
      "right": {
        "text": " अगला"
      }
    }
  }
}