{
  "Card.VoltMX.ResponsiveBreakV9.Intro": {
    "content": {
      "title": "响应式网络断点",
      "body": "***<p> <strong>让我开始！</strong> </p>\n<p>在这次远足中，您将学习如何：</p>\n<ul>\n<li>添加表单创建收件人和编辑收件人屏幕的三个断点。</li>\n<li>请参阅<strong>实时预览</strong>实时对断点的反应。</li>\n</ul>\n<p>在开始之前，完成以下徒步旅行：</p>\n<ol> <b>\n<li> <a class=\"tour-link\" tour=\"705a94tb-faa0-47r7-a1ud-31b3dbnf\">启动您的响应式Web应用</a> </li> <li> {22} <a class=\"tour-link\" tour=\"220f01t3-bda6-40r0-92uf-56631bnb\">从集合</a> {24} </li> {25} <li> {26} <a class=\"tour-link\" tour=\"5e1da5td-37a0-44r6-beu6-374c3cn1\">添加身份验证到App </a> </li> {29} {29}\n<li> <a class=\"tour-link\" tour=\"a851b9t8-75a9-4ara-88ud-946004n9\">为Web应用创建服务</a> </li>\n<li> <a class=\"tour-link\" tour=\"ca148ftd-07a9-4ard-98ud-6163d4nc\">将应用程序UI连接到Web应用中的数据</a> </li> <li> {38} <a class=\"tour-link\" tour=\"082af3t0-74a2-4ere-a6u3-749d59n5\">创建收件人详细信息和删除功能</a> </li>\n<li> <a class=\"tour-link\" tour=\"547395tb-d8ae-4fr9-b1ub-5033a6nb\">添加创建收件人</a> </li> <li> <a class=\"tour-link\" tour=\"c108beta-87ac-46re-87u3-92e61cnf\">添加编辑收件人功能</a> </li> </b> {50}\n</ol>\n<p>确保您打开与上面徒步旅行2中创建的相同项目。</p>\n<p>要从主菜单中打开一个封闭的项目，请导航至<strong> project </strong>＆gt; <strong>打开</strong>＆gt; <strong> HCl参考架构</strong>＆gt; <strong> conteriatientswebapp2 </strong>。</p>\n<p> <strong>您准备就绪时，单击“开始”！</strong> </p>"
    },
    "navigationBar": {
      "left": {
        "text": "以前的"
      },
      "right": {
        "text": "开始"
      }
    }
  },
  "Card.VoltMX.ResponsiveBreakV9.loginForm": {
    "content": {
      "title": "添加添加收件人屏幕的断点",
      "body": "***<ol> \n <ul> <li>从<strong> project </strong>探索器，展开<strong>响应web / desktop </strong>＆gt; <strong>表格</strong>并选择<strong> frmaddrecipient </strong>。</li> </ul> {12} \n </ol>"
    },
    "navigationBar": {
      "left": {
        "text": "以前的"
      },
      "right": {
        "text": "下一个"
      }
    }
  },
  "Card.VoltMX.ResponsiveBreakV9.breakpointforking": {
    "content": {
      "title": "断点分叉",
      "body": "***<ol> \n <li>从Iris Canvas菜单中，切换<strong>断点分叉</strong> switch <strong> </strong>。 在虹膜帆布菜单上的比例设置为<strong> 100％</strong>。</li> \n <li>选择画布刻度上的每个断点以查看表单的响应。</li> \n </ol>"
    },
    "navigationBar": {
      "left": {
        "text": "以前的"
      },
      "right": {
        "text": "下一个"
      }
    }
  },
  "Card.VoltMX.ResponsiveBreakV9.optimizeLayout": {
    "content": {
      "title": "优化名称的布局",
      "body": "***<ol> \n <li>从画布刻度中，单击<strong> 640 </strong>以优化第一个断点的布局。</li> \n <li>从<strong> project </strong>探索器，展开<strong>响应web / desktop </strong>＆gt; <strong>表格</strong>＆gt; <strong> frmaddrecipient </strong>＆gt; <strong> flxaddrecipient </strong>＆gt; <strong> flxentryfields </strong>，然后选择<strong> flxnames </strong>。</li>。{20} \n <li>从<strong> properties </strong>面板，导航到<strong> look </strong> tab。</li> \n <li>在<strong> flex </strong>部分下，修改以下值： \n <ul> \n <li>宽度：<strong> 240 dp </strong> </li> \n <li>高度：<strong> 156 dp </strong> </li> \n </ul> \n </li> \n </ol>"
    },
    "navigationBar": {
      "left": {
        "text": "以前的"
      },
      "right": {
        "text": "下一个"
      }
    }
  },
  "Card.VoltMX.ResponsiveBreakV9.optimizeLayout1": {
    "content": {
      "title": "优化名称的布局",
      "body": "<ol> \n <li>从<strong> properties </strong>面板，导航到<strong> flexcontainer </strong> tab。</li> \n <li>在<strong>常规</strong>部分，对于<strong>布局类型</strong>，从下拉列表中选择<strong> Flow Vertical </strong>。</li> \n </ol>"
    },
    "navigationBar": {
      "left": {
        "text": "以前的"
      },
      "right": {
        "text": "下一个"
      }
    }
  },
  "Card.VoltMX.ResponsiveBreakV9.optLayoutFirstName": {
    "content": {
      "title": "优化名称的布局",
      "body": "<ol> \n <li>从<strong> project </strong>探索器，展开<strong>响应web / desktop </strong>＆gt; <strong>表格</strong>＆gt; <strong> frmaddrecipient </strong>＆gt; <strong> flxaddrecipient </strong>＆gt; <strong> flxentryfields </strong>＆gt; <strong> flxNames </strong>，然后选择<strong> flxfirstname </strong>。</li> \n <li>从<strong> properties </strong>面板，导航到<strong> look </strong> tab。</li> \n <li>在<strong> flex </strong>部分下，修改以下值：<br /> \n <ul> \n <li>高度：<strong> 66 dp </strong> </li> \n </ul> \n </li> \n </ol>"
    },
    "navigationBar": {
      "left": {
        "text": "以前的"
      },
      "right": {
        "text": "下一个"
      }
    }
  },
  "Card.VoltMX.ResponsiveBreakV9.optLayLastName": {
    "content": {
      "title": "优化姓氏的布局",
      "body": "<ol> \n <li>从<strong> project </strong>探索器，展开<strong>响应web / desktop </strong>＆gt; <strong>表格</strong>＆gt; <strong> frmaddrecipient </strong>＆gt; <strong> flxaddrecipient </strong>＆gt; <strong> flxentryfields＆nbsp; </strong>＆gt; <strong> flxNames </strong>，然后选择<strong> flxlastName </strong>。</li> \n <li>从<strong> properties </strong>面板，导航到<strong> look </strong> tab。</li> \n <li>在<strong> flex </strong>部分下，修改以下值：<br /> \n <ul> \n <li>左：<b> 0 dp </b> </li> \n <li>顶部：<b> 24 dp </b> </li> \n <li>高度：<b> 66 dp </b> </li> \n </ul> \n </li> \n </ol>"
    },
    "navigationBar": {
      "left": {
        "text": "以前的"
      },
      "right": {
        "text": "下一个"
      }
    }
  },
  "Card.VoltMX.ResponsiveBreakV9.optLayNickName": {
    "content": {
      "title": "优化昵称的布局",
      "body": "***<ol> \n <li>从<strong> project </strong>探索器，展开<strong>响应web / desktop </strong>＆gt; <strong>表格</strong>＆gt; <strong> frmaddrecipient </strong>＆gt; <strong> flxaddrecipient </strong>＆gt; <strong> flxentryfields </strong>，然后选择<strong> flxnickname </strong>。 \n <li>从<strong>属性</strong>面板，导航到<strong> look </strong> tab。</li> \n <li>在<strong> flex </strong>部分下，修改以下值：<br /> \n <ul> \n <li>宽度：<strong> 240 dp </strong> </li> \n <li>顶部：<strong> 24 dp </strong> </li> \n </ul> \n </li> \n </ol>"
    },
    "navigationBar": {
      "left": {
        "text": "以前的"
      },
      "right": {
        "text": "下一个"
      }
    }
  },
  "Card.VoltMX.ResponsiveBreakV9.optLayPhone": {
    "content": {
      "title": "优化电话号码的布局",
      "body": "***<ol> \n <li>从<strong> project </strong>探索器，展开<strong>响应web / desktop </strong>＆gt; <strong>表格</strong>＆gt; <strong> frmaddrecipient </strong>＆gt; <strong> flxaddrecipient </strong>＆gt; <strong> flxentryfields </strong>，然后选择<strong> flxphoneNumber </strong>。 \n <li>从<strong>属性</strong>面板，导航到<strong> look </strong> tab。</li> \n <li>在<strong> flex </strong>部分下，修改以下值：<br /> \n <ul> \n <li>宽度：<strong> 240 dp </strong> </li> \n </ul> \n </li> \n </ol>"
    },
    "navigationBar": {
      "left": {
        "text": "以前的"
      },
      "right": {
        "text": "下一个"
      }
    }
  },
  "Card.VoltMX.ResponsiveBreakV9.editPayeefrm": {
    "content": {
      "title": "添加编辑收件人屏幕的断点",
      "body": "***<ol> \n <ul> <li>来自<strong> project </strong>资源管理器，展开<strong>响应web / desktop </strong>＆gt; <strong> forms </strong>，然后选择<strong> frmeditrecipient </strong>。 } </ul> \n </ol>"
    },
    "navigationBar": {
      "left": {
        "text": "以前的"
      },
      "right": {
        "text": "下一个"
      }
    }
  },
  "Card.VoltMX.ResponsiveBreakV9.breakpointforking1": {
    "content": {
      "title": "断点分叉",
      "body": "***<ol> \n <li>从Iris Canvas菜单中，切换<strong>断点分叉</strong> switch <strong> </strong>。 在虹膜帆布菜单上的比例设置为<strong> 100％</strong>。</li> \n <li>选择画布刻度上的每个断点以查看表单的响应。</li> \n </ol>"
    },
    "navigationBar": {
      "left": {
        "text": "以前的"
      },
      "right": {
        "text": "下一个"
      }
    }
  },
  "Card.VoltMX.ResponsiveBreakV9.editoptLay": {
    "content": {
      "title": "优化名称的布局",
      "body": "***<ol> \n <li>从画布刻度中，单击<strong> 640 </strong>以优化第一个断点的布局。</li> \n <li>从<strong> project </strong>探索器，展开<strong>响应web / desktop </strong>＆gt; <strong>表格</strong>＆gt; <strong> frmeditrecipient </strong>＆gt; <strong> flxEditRecipient </strong>＆gt; <strong> flxentryfields </strong>，然后选择<strong> flxNames </strong>。 \n <li>从<strong> properties </strong>面板，导航到<strong> look </strong> tab。</li> \n <li>在<strong> flex </strong>部分下，修改以下值： \n <ul> \n <li>宽度：<strong> 240 dp </strong> </li> \n <li>高度：<strong> 156 dp </strong> </li> \n </ul> \n </li> \n </ol>"
    },
    "navigationBar": {
      "left": {
        "text": "以前的"
      },
      "right": {
        "text": "下一个"
      }
    }
  },
  "Card.VoltMX.ResponsiveBreakV9.editoptLay1": {
    "content": {
      "title": "优化名称的布局",
      "body": "<ol> \n <li>从<strong> properties </strong>面板，导航到<strong> flexcontainer </strong> tab。</li> \n <li>在<strong>常规</strong>部分，对于<strong>布局类型</strong>，从下拉列表中选择<strong> Flow Vertical </strong>。</li> \n </ol>"
    },
    "navigationBar": {
      "left": {
        "text": "以前的"
      },
      "right": {
        "text": "下一个"
      }
    }
  },
  "Card.VoltMX.ResponsiveBreakV9.editoptLayout1": {
    "content": {
      "title": "优化名称的布局",
      "body": "<ol> \n <li>从<strong> project </strong>探索器，展开<strong>响应web / desktop </strong>＆gt; <strong>表格</strong>＆gt; <strong> frmeditrecipient </strong>＆gt; <strong> flxeditRecipient </strong>＆gt; <strong> flxentryfields </strong>＆gt; <strong> flxNames </strong>，然后选择<strong> flxfirstname </strong>。</li> \n <li>从<strong> properties </strong>面板，导航到<strong> look </strong> tab。</li> \n <li>在<strong> flex </strong>部分下，修改以下值：<br /> \n <ul> \n <li>高度：<strong> 66 dp </strong> </li> \n </ul> \n </li> \n </ol>"
    },
    "navigationBar": {
      "left": {
        "text": "以前的"
      },
      "right": {
        "text": "下一个"
      }
    }
  },
  "Card.VoltMX.ResponsiveBreakV9.editoptLayout2": {
    "content": {
      "title": "优化姓氏的布局",
      "body": "<ol> \n <li>从<strong> project </strong>探索器，展开<strong>响应web / desktop </strong>＆gt; <strong>表格</strong>＆gt; <strong> frmeditrecipient </strong>＆gt; <strong> flxedItreCipient </strong>＆gt; <strong> flxentryfields＆nbsp; </strong>＆gt; <strong> flxNames </strong>，然后选择<strong> flxlastName </strong>。</li> \n <li>从<strong> properties </strong>面板，导航到<strong> look </strong> tab。</li> \n <li>在<strong> flex </strong>部分下，修改以下值：<br /> \n <ul> \n <li>左：<b> 0 dp </b> </li> \n <li>顶部：<b> 24 dp </b> </li> \n <li>高度：<b> 66 dp </b> </li> \n </ul> \n </li> \n </ol>"
    },
    "navigationBar": {
      "left": {
        "text": "以前的"
      },
      "right": {
        "text": "下一个"
      }
    }
  },
  "Card.VoltMX.ResponsiveBreakV9.edioptNickName": {
    "content": {
      "title": "优化昵称的布局",
      "body": "***<ol> \n <li>从<strong> project </strong>探索器，展开<strong>响应web / desktop </strong>＆gt; <strong>表格</strong>＆gt; <strong> frmeditrecipient </strong>＆gt; <strong> flxEditRecipient </strong>＆gt; <strong> flxentryfields </strong>，然后选择<strong> flxnicknickname </strong>。 \n <li>从<strong>属性</strong>面板，导航到<strong> look </strong> tab。</li> \n <li>在<strong> flex </strong>部分下，修改以下值：<br /> \n <ul> \n <li>宽度：<strong> 240 dp </strong> </li> \n <li>顶部：<strong> 24 dp </strong> </li> \n </ul> \n </li> \n </ol>"
    },
    "navigationBar": {
      "left": {
        "text": "以前的"
      },
      "right": {
        "text": "下一个"
      }
    }
  },
  "Card.VoltMX.ResponsiveBreakV9.editoptLayPh": {
    "content": {
      "title": "优化电话号码的布局",
      "body": "***<ol> \n <li>从<strong> project </strong>探索器，展开<strong>响应web / desktop </strong>＆gt; <strong>表格</strong>＆gt; <strong> frmeditrecipient </strong>＆gt; <strong> flxEditRecipient </strong>＆gt; <strong> flxentryfields </strong>，然后选择<strong> flxphoneNumber </strong>。 \n <li>从<strong>属性</strong>面板，导航到<strong> look </strong> tab。</li> \n <li>在<strong> flex </strong>部分下，修改以下值：<br /> \n <ul> \n <li>宽度：<strong> 240 dp </strong> </li> \n </ul> \n </li> \n </ol>"
    },
    "navigationBar": {
      "left": {
        "text": "以前的"
      },
      "right": {
        "text": "下一个"
      }
    }
  },
  "Card.VoltMX.ResponsiveBreakV9.run": {
    "content": {
      "title": "运行应用程序",
      "body": "<ol> \n <li>从左导航栏中，单击<strong>运行</strong>。<br />将需要一些时间才能让Iris显示<strong> Volt MX Iris Preview </strong>窗口。<br /> Volt MX IRIS 预览窗口启动您的应用程序。</li> \n <li>在应用程序中输入以下登录凭据。 \n <ul> \n <li>用户名：<strong> john.doe@woodburn.com </strong> </li> \n <li>密码：<strong> voltmx@123 </strong> </li> \n </ul> \n </li> \n <li>单击<strong>登录</strong>。<br />出现帐户列表。</li> \n <li>单击<strong>收件人</strong> tab。<br />出现收件人列表。</li> \n </ol>"
    },
    "navigationBar": {
      "left": {
        "text": "以前的"
      },
      "right": {
        "text": "下一个"
      }
    }
  },
  "Card.VoltMX.ResponsiveBreakV9.view": {
    "content": {
      "title": "查看屏幕的响应能力",
      "body": "<ol> \n <li>单击添加<strong>（+）</strong>图标添加收件人。<br />拖动并调整表单帆布的大小，以查看表单的布局中的更改。<br />另外，从 <strong> Volt MX Iris Preview </strong>窗口，使用Dimensions指定器更改尺寸并查看布局的更改。</li> \n <li>从列表中选择一个收件人以查看其详细信息。</li> \n <li>从详细信息页面中，单击<strong>删除</strong>按钮以删除收件人。</li> \n <li>从详细信息页面中，单击<strong>编辑</strong>按钮以编辑收件人详细信息。<br />拖动并调整表单帆布的大小，以查看表单布局的更改。<br />，另外，从 <strong> Volt MX Iris Preview </strong>窗口的顶部，使用Dimensions Specifier更改尺寸并查看布局的更改。</li> \n <li>单击屏幕顶部的注销按钮<img src=\"https://i.ibb.co/WcS0Fd5/logout.jpg\" alt=\"logout\" width=\"13\" height=\"13\">以导航到登录屏幕。</li> \n </ol>"
    },
    "navigationBar": {
      "left": {
        "text": "以前的"
      },
      "right": {
        "text": "下一个"
      }
    }
  },
  "Card.VoltMX.ResponsiveBreakV9.done": {
    "content": {
      "title": "恭喜",
      "body": "***<p>您成功地：</p> \n <ul> \n <li> <strong>在登录屏幕</strong> </li>中添加了响应性断点 \n <li> <strong>在您的计算机上查看了应用程序</strong> </li> \n </ul> <br/> \n {13 <"
    },
    "navigationBar": {
      "left": {
        "text": "以前的"
      },
      "right": {
        "text": "完毕"
      }
    }
  }
}