{
    "kuid": "adad20tc-88ab-4er0-aau6-f09b1en2",
    "id": "VoltMX.ConnectAppServWebV9.mapping5",
    "content": {
        "title": "Map the Service with UI Elements",
        "body": "<ol>\n<li>Map the following elements in the Mapping Editor from the left pane to the right pane.\n<ul>\n<li>From the left pane of the <strong>Mapping Editor</strong>, select <strong>RecipientID{number}</strong>. <br /> From the right pane of the <strong>Mapping Editor</strong>, expand <strong>Label-lblPayeeID </strong>and select <strong>text{string}</strong>.</li>\n<li>From the left pane of the <strong>Mapping Editor</strong>, select <strong>FirstName{string}</strong>. <br />From the right pane of the <strong>Mapping Editor</strong>, expand <strong>Label-lblFirstName </strong>and select <strong>text{string}.</strong></li>\n</ul>\n</li>\n</ol>"
    },
    "pointer": {
        "direction": "left",
        "element": "",
        "type": "none"
    },
    "navigationType": "manual",
    "navigationBar": {
        "left": {
            "text": "Previous",
            "enable": true,
            "hide": false
        },
        "right": {
            "text": "Next",
            "enable": true,
            "hide": false
        }
    },
    "navigationCondition": "",
    "position": "BOTTOM_RIGHT",
    "meta": {
        "Creator": "Prem Garudadri",
        "CreatedOn": "Thu, 19 Dec 2019 06:01:19 GMT"
    },
    "context": []
}