{
  "kuid": "adad20tc-88ab-4er0-aau6-f09b1en2",
  "id": "VoltMX.ConnectAppServWebV9.mapping5",
  "content": {
    "title": "Map the Service with UI Elements",
    "body": "<ol>\n<li>Map the following elements in the Mapping Editor from the left pane to the right pane.\n<ul>\n<li>From the left pane of the <strong>Mapping Editor</strong>, select <strong>RecipientID{number}</strong>. <br /> From the right pane of the <strong>Mapping Editor</strong>, expand <strong>Label-lblPayeeID </strong>and select <strong>text{string}</strong>.</li>\n<li>Click <strong>OK</strong> for next step.</li>\n<li>From the left pane of the <strong>Mapping Editor</strong>, select <strong>FirstName{string}</strong>. <br />From the right pane of the <strong>Mapping Editor</strong>, expand <strong>Label-lblFirstName </strong>and select <strong>text{string}.</strong></li>\n<li>Check the mapping is successful.</li>\n</ul>\n</li>\n</ol>"
  },
  "pointer": {
    "direction": "left",
    "element": "",
    "type": "none"
  },
  "navigationType": "manual",
  "navigationBar": {
    "left": {
      "text": "Previous",
      "enable": true,
      "hide": false
    },
    "right": {
      "text": "Next",
      "enable": true,
      "hide": false
    }
  },
  "navigationCondition": "",
  "position": "CENTER",
  "meta": {
    "Creator": "Prem Garudadri",
    "CreatedOn": "Thu, 19 Dec 2019 06:01:19 GMT"
  },
  "context": [],
  "localization": {
    "en-us": {
      "content": {
        "title": "Map the Service with UI Elements",
        "body": "<ol>\n<li>Map the following elements in the Mapping Editor from the left pane to the right pane.\n<ul>\n<li>From the left pane of the <strong>Mapping Editor</strong>, select <strong>RecipientID{number}</strong>. <br /> From the right pane of the <strong>Mapping Editor</strong>, expand <strong>Label-lblPayeeID </strong>and select <strong>text{string}</strong>.</li>\n<li>Click <strong>OK</strong> for next step.</li>\n<li>From the left pane of the <strong>Mapping Editor</strong>, select <strong>FirstName{string}</strong>. <br />From the right pane of the <strong>Mapping Editor</strong>, expand <strong>Label-lblFirstName </strong>and select <strong>text{string}.</strong></li>\n<li>Check the mapping is successful.</li>\n</ul>\n</li>\n</ol>"
      },
      "navigationBar": {
        "left": {
          "text": "Previous"
        },
        "right": {
          "text": "Next"
        }
      }
    },
    "zh-cn": {
      "content": {
        "title": "用UI元素映射服务",
        "body": "***<ol> \n <li>将映射编辑器中的以下元素从左窗格到右窗格映射。 \n <ul> \n <li>从<strong>映射编辑器</strong>的左侧窗格中，选择<strong> coctientId {number {number} </strong>。 <br />从<strong>映射编辑器的右窗格</strong>，展开<strong> label-lblPayeeId </strong>，然后选择<strong>文本{string} </strong> </li>。{15} {15} \n <li>单击<strong> OK </strong>下一步。</li> \n <li>从<strong>映射编辑器</strong>的左窗格中，选择<strong> firstName {string} </strong>。 <br />从<strong>映射编辑器的右窗格</strong>，展开<strong> label-lblfirstname </strong>，然后选择<strong> text {string}。</strong> </li> {32} {32} \n <li>检查映射成功。</li> \n </ul> \n </li> \n </ol>"
      },
      "navigationBar": {
        "left": {
          "text": "以前的"
        },
        "right": {
          "text": "下一个"
        }
      }
    },
    "zh-tw": {
      "content": {
        "title": "用UI元素映射服務",
        "body": "***<ol> \n <li>將映射編輯器中的以下元素從左窗格到右窗格映射。 \n <ul> \n <li>從<strong>映射編輯器</strong>的左側窗格中，選擇<strong> coctientId {number {number} </strong>。 <br />從<strong>映射編輯器的右窗格</strong>，展開<strong> label-lblPayeeId </strong>，然後選擇<strong>文本{string} </strong> </li>。{15} {15} \n <li>單擊<strong> OK </strong>下一步。</li> \n <li>從<strong>映射編輯器</strong>的左窗格中，選擇<strong> firstName {string} </strong>。 <br />從<strong>映射編輯器的右窗格</strong>，展開<strong> label-lblfirstname </strong>，然後選擇<strong> text {string}。</strong> </li> {32} {32} \n <li>檢查映射成功。</li> \n </ul> \n </li> \n </ol>"
      },
      "navigationBar": {
        "left": {
          "text": "以前的"
        },
        "right": {
          "text": "下一個"
        }
      }
    }
  }
}