{
    "kuid": "f55698t5-d0a0-49r5-a5uf-f3f10ane",
    "id": "VoltMX.EditPayeeMobile_v9.back1",
    "content": {
        "title": "Navigation for Back Button",
        "body": "<ol>\n<li>From the <strong>Action Editor</strong> left menu, under the <strong>General</strong> section, select <strong>Navigate to Form</strong>.</li>\n<li>In the right pane of the <strong>Action Editor</strong>, select <strong>frmDetails</strong>.</li>\n<li>Click <strong>Save</strong>.</li>\n</ol>"
    },
    "pointer": {
        "direction": "left",
        "element": {
            "module": "actioneditor",
            "itemType": "ae-action-type",
            "info": {
                "actionType": "Navigate to Form"
            }
        },
        "type": "default"
    },
    "navigationType": "manual",
    "navigationBar": {
        "left": {
            "text": "Previous",
            "enable": true,
            "hide": false
        },
        "right": {
            "text": "Next",
            "enable": true,
            "hide": false
        }
    },
    "navigationCondition": "",
    "position": "BOTTOM_RIGHT",
    "meta": {
        "Creator": "Rashmi Menon",
        "CreatedOn": "Mon, 23 Mar 2020 11:20:25 GMT"
    },
    "context": []
}