{
  "kuid": "f6798etd-03a1-4br1-95u4-17bba6nb",
  "id": "VoltMX.AssignDatatotheSegmentV9.modifyUI",
  "content": {
    "title": "Modify the Segment",
    "body": "<ol>\n<li>From the <strong>Project </strong>explorer, expand <strong>Mobile </strong>&gt; <strong>Forms </strong>&gt; <strong>frmList </strong>&gt; <strong>employeeSegment</strong>.</li>\n<li>Select <strong>employeeName</strong>.</li>\n</ol>"
  },
  "pointer": {
    "direction": "left",
    "element": {
      "module": "projectexplorer",
      "path": "project-body\\project\\Mobile\\Forms\\frmList\\employeeSegment"
    },
    "type": "default"
  },
  "navigationType": "manual",
  "navigationBar": {
    "left": {
      "text": "Previous",
      "enable": true,
      "hide": false
    },
    "right": {
      "text": "Next",
      "enable": true,
      "hide": false
    }
  },
  "navigationCondition": "",
  "position": "BOTTOM_RIGHT",
  "meta": {
    "Creator": "Rashmi Menon",
    "CreatedOn": "Mon, 25 Nov 2019 10:59:13 GMT"
  },
  "context": [],
  "localization": {
    "en-us": {
      "content": {
        "title": "Modify the Segment",
        "body": "<ol>\n<li>From the <strong>Project </strong>explorer, expand <strong>Mobile </strong>&gt; <strong>Forms </strong>&gt; <strong>frmList </strong>&gt; <strong>employeeSegment</strong>.</li>\n<li>Select <strong>employeeName</strong>.</li>\n</ol>"
      },
      "navigationBar": {
        "left": {
          "text": "Previous"
        },
        "right": {
          "text": "Next"
        }
      }
    },
    "zh-cn": {
      "content": {
        "title": "修改细分",
        "body": "***<ol> \n <li>从<strong> project </strong>探索器，展开<strong>移动</strong>＆gt; <strong>表格</strong>＆gt; <strong> frmlist </strong>＆gt; {10] \n <li>选择<strong> \n </ol>"
      },
      "navigationBar": {
        "left": {
          "text": "以前的"
        },
        "right": {
          "text": "下一个"
        }
      }
    },
    "zh-tw": {
      "content": {
        "title": "修改細分",
        "body": "***<ol> \n <li>從<strong> project </strong>探索器，展開<strong>移動</strong>＆gt; <strong>表格</strong>＆gt; <strong> frmlist </strong>＆gt; {10] \n <li>選擇<strong> \n </ol>"
      },
      "navigationBar": {
        "left": {
          "text": "以前的"
        },
        "right": {
          "text": "下一個"
        }
      }
    }
  }
}