{
  "kuid": "1a9f02t8-40ac-4fr9-a8u7-1bdd0fnc",
  "id": "VoltMX.CreateServicesV9.done",
  "content": {
    "title": "Congratulations",
    "body": "<p>You have successfully:</p>\n<ul>\n<li><strong>Created and configured services for the following data</strong>\n<ul>\n<li><strong>Accounts</strong></li>\n<li><strong>Recipients</strong></li>\n</ul>\n</li>\n<li><strong>Published the services to a run-time server</strong></li>\n</ul>\n<p>&nbsp;</p>\n<p>To learn how to map the data to the UI of the app, check out the next hike:</p><a class=\"tour-link\" tour=\"fab6d8ta-91ac-4frc-8fud-14a9f7na\"><strong> 5. Connect the App UI to Data</strong></a>."
  },
  "pointer": {
    "direction": "left",
    "element": "",
    "type": "none"
  },
  "navigationType": "manual",
  "navigationBar": {
    "left": {
      "text": "Previous",
      "enable": true,
      "hide": false
    },
    "right": {
      "text": "Done",
      "enable": true,
      "hide": false
    }
  },
  "navigationCondition": "",
  "position": "CENTER",
  "meta": {
    "Creator": "Sparsh Srivastava",
    "CreatedOn": "Wed, 18 Dec 2019 09:12:19 GMT"
  },
  "context": [],
  "localization": {
    "en-us": {
      "content": {
        "title": "Congratulations",
        "body": "<p>You have successfully:</p>\n<ul>\n<li><strong>Created and configured services for the following data</strong>\n<ul>\n<li><strong>Accounts</strong></li>\n<li><strong>Recipients</strong></li>\n</ul>\n</li>\n<li><strong>Published the services to a run-time server</strong></li>\n</ul>\n<p>&nbsp;</p>\n<p>To learn how to map the data to the UI of the app, check out the next hike:</p><a class=\"tour-link\" tour=\"fab6d8ta-91ac-4frc-8fud-14a9f7na\"><strong> 5. Connect the App UI to Data</strong></a>."
      },
      "navigationBar": {
        "left": {
          "text": "Previous"
        },
        "right": {
          "text": "Done"
        }
      }
    },
    "zh-cn": {
      "content": {
        "title": "恭喜",
        "body": "***<p>您已经成功：</p> \n <ul> \n <li> <strong>为以下数据创建并配置了服务</strong> \n <ul> \n <li> <strong>帐户</strong> </li> \n <li> <strong>收件人</strong> </li> \n </ul> \n </li> \n <li> <strong>发布了运行时服务器的服务</strong> </li> \n </ul> \n <p>＆nbsp; </p> \n <p>要学习如何将数据映射到应用程序的UI，请查看下一个远足：</p> <a class=\"tour-link\" tour=\"fab6d8ta-91ac-4frc-8fud-14a9f7na\"> <strong> {27} 5.将应用程序UI连接到数据</strong> </a>。"
      },
      "navigationBar": {
        "left": {
          "text": "以前的"
        },
        "right": {
          "text": "完毕"
        }
      }
    },
    "zh-tw": {
      "content": {
        "title": "恭喜",
        "body": "***<p>您已經成功：</p> \n <ul> \n <li> <strong>為以下數據創建並配置了服務</strong> \n <ul> \n <li> <strong>帳戶</strong> </li> \n <li> <strong>收件人</strong> </li> \n </ul> \n </li> \n <li> <strong>發布了運行時服務器的服務</strong> </li> \n </ul> \n <p>＆nbsp; </p> \n <p>要學習如何將數據映射到應用程序的UI，請查看下一個遠足：</p> <a class=\"tour-link\" tour=\"fab6d8ta-91ac-4frc-8fud-14a9f7na\"> <strong> {27} 5.將應用程序UI連接到數據</strong> </a>。"
      },
      "navigationBar": {
        "left": {
          "text": "以前的"
        },
        "right": {
          "text": "完畢"
        }
      }
    }
  }
}