{
  "kuid": "777b88tf-b8ab-4ar6-97u1-37702dn4",
  "id": "VoltMX.ApplicationChannelsV9.explore",
  "content": {
    "title": "View the App",
    "body": "<ol>\n<li>On your Volt MX App, click <b>Launch</b>.<br />\nIf you are prompted to provide the application name, enter <b>NewsAndWeather</b> and click <b>Launch</b>.</li><li>To <b>Exit</b> the preview, swipe two fingers from left to right or shake your mobile.</li>\n</ol>"
  },
  "pointer": {
    "direction": "left",
    "element": "",
    "type": "none"
  },
  "navigationType": "manual",
  "navigationBar": {
    "left": {
      "text": "Previous",
      "enable": true,
      "hide": false
    },
    "right": {
      "text": "Next",
      "enable": true,
      "hide": false
    }
  },
  "navigationCondition": "",
  "position": "CENTER",
  "meta": {
    "Creator": "Rashmi Menon",
    "CreatedOn": "Tue, 26 Nov 2019 08:16:38 GMT"
  },
  "context": [],
  "localization": {
    "en-us": {
      "content": {
        "title": "View the App",
        "body": "<ol>\n<li>On your Volt MX App, click <b>Launch</b>.<br />\nIf you are prompted to provide the application name, enter <b>NewsAndWeather</b> and click <b>Launch</b>.</li><li>To <b>Exit</b> the preview, swipe two fingers from left to right or shake your mobile.</li>\n</ol>"
      },
      "navigationBar": {
        "left": {
          "text": "Previous"
        },
        "right": {
          "text": "Next"
        }
      }
    },
    "zh-cn": {
      "content": {
        "title": "查看应用程序",
        "body": "***<ol> \n <li>在您的Volt MX应用程序上，单击<b>启动</b>。<br /> \n 如果提示您提供应用程序名称，请输入<b> newsandweather </b>，然后单击<b>启动</b>。</li> <li> {10}到<b> exit </b>预览，预览，从左边滑动两个手指 正确或摇动手机。</li> \n </ol>"
      },
      "navigationBar": {
        "left": {
          "text": "以前的"
        },
        "right": {
          "text": "下一个"
        }
      }
    },
    "zh-tw": {
      "content": {
        "title": "查看應用程序",
        "body": "***<ol> \n <li>在您的Volt MX應用程序上，單擊<b>啟動</b>。<br /> \n 如果提示您提供應用程序名稱，請輸入<b> newsandweather </b>，然後單擊<b>啟動</b>。</li> <li> {10}到<b> exit </b>預覽，預覽，從左邊滑動兩個手指 正確或搖動手機。</li> \n </ol>"
      },
      "navigationBar": {
        "left": {
          "text": "以前的"
        },
        "right": {
          "text": "下一個"
        }
      }
    }
  }
}