{
  "kuid": "65d360tb-49ad-48r4-bcu3-724c8an2",
  "id": "VoltMX.IntrotoSegmentTempV9.tempEditing",
  "content": {
    "title": "Inline Template Editing",
    "body": "<ol><li>From the <b>Project</b> explorer, expand <b>Mobile</b> > <b>Forms</b> > <b>frmList</b>.</li>\n<li>Select <b>employeeSegment</b>.</li>\n<li>In the canvas, right-click on the segment, select <b>Enable Template Editing</b>.</li>\n<li>Select the label <b>employeeName</b> inside the canvas.</li>\n<li>From the <b>Properties</b> panel, navigate to the <b>Look</b> tab.\n<li>Under the <b>Flex</b> section, modify<br/> Left: <b>143 Dp</b>.<br/>\n You can see that the change is reflected in the position of all the labels on the canvas.</li>\n<li>In the canvas, right-click on the segment, select <b>Disable Template Editing</b>.</li></ol>"
  },
  "pointer": {
    "direction": "top",
    "element": {
      "module": "projectexplorer",
      "path": "project-head"
    },
    "type": "default"
  },
  "navigationType": "manual",
  "navigationBar": {
    "left": {
      "text": "Previous",
      "enable": true,
      "hide": false
    },
    "right": {
      "text": "Next",
      "enable": true,
      "hide": false
    }
  },
  "navigationCondition": "",
  "position": "BOTTOM_RIGHT",
  "meta": {
    "Creator": "Rashmi Menon",
    "CreatedOn": "Mon, 25 Nov 2019 11:48:56 GMT"
  },
  "context": [],
  "localization": {
    "en-us": {
      "content": {
        "title": "Inline Template Editing",
        "body": "<ol><li>From the <b>Project</b> explorer, expand <b>Mobile</b> > <b>Forms</b> > <b>frmList</b>.</li>\n<li>Select <b>employeeSegment</b>.</li>\n<li>In the canvas, right-click on the segment, select <b>Enable Template Editing</b>.</li>\n<li>Select the label <b>employeeName</b> inside the canvas.</li>\n<li>From the <b>Properties</b> panel, navigate to the <b>Look</b> tab.\n<li>Under the <b>Flex</b> section, modify<br/> Left: <b>143 Dp</b>.<br/>\n You can see that the change is reflected in the position of all the labels on the canvas.</li>\n<li>In the canvas, right-click on the segment, select <b>Disable Template Editing</b>.</li></ol>"
      },
      "navigationBar": {
        "left": {
          "text": "Previous"
        },
        "right": {
          "text": "Next"
        }
      }
    },
    "zh-cn": {
      "content": {
        "title": "内联模板编辑",
        "body": "***<ol> <li>来自<b> project </b>探索器，展开<b>移动</b>> <b> {6} form </b>> <b> frmlist </b>。</li>。{10} \n <li>选择<b> \n <li>在画布中，右键单击片段，选择<b>启用模板编辑</b>。</li> \n <li>在画布内选择标签<b> \n <li>从<b>属性</b>面板，导航到<b> look </b> tab。 \n <li>在<b> flex </b>部分下，修改<br/>左：<b> 143 dp </b>。<br/> \n  您可以看到更改反映在画布上所有标签的位置。</li> \n <li>在画布中，右键单击片段，选择<b>禁用模板编辑</b>。</li> </ol>"
      },
      "navigationBar": {
        "left": {
          "text": "以前的"
        },
        "right": {
          "text": "下一个"
        }
      }
    },
    "zh-tw": {
      "content": {
        "title": "內聯模板編輯",
        "body": "***<ol> <li>來自<b> project </b>探索器，展開<b>移動</b>> <b> {6} form </b>> <b> frmlist </b>。</li>。{10} \n <li>選擇<b> \n <li>在畫布中，右鍵單擊片段，選擇<b>啟用模板編輯</b>。</li> \n <li>在畫佈內選擇標籤<b> \n <li>從<b>屬性</b>面板，導航到<b> look </b> tab。 \n <li>在<b> flex </b>部分下，修改<br/>左：<b> 143 dp </b>。<br/> \n  您可以看到更改反映在畫布上所有標籤的位置。</li> \n <li>在畫布中，右鍵單擊片段，選擇<b>禁用模板編輯</b>。</li> </ol>"
      },
      "navigationBar": {
        "left": {
          "text": "以前的"
        },
        "right": {
          "text": "下一個"
        }
      }
    }
  }
}