{
  "kuid": "32b364t6-e1aa-41r9-b5u2-5bce2en0",
  "id": "VoltMX.CreateServicesWebV9.configureDataModel",
  "content": {
    "title": "Configure a Data Model",
    "body": "<ol>\n<li>From the left pane select the <strong>Data Model</strong> tab.</li><li>Under the <b>Data Model</b> tab, expand  <b>Data Model</b> > <strong>Accounts</strong> > <strong>Fields</strong>, and select <strong>AccountNumber</strong>.</li>\n<li>In the right pane, modify the following values.\n<ul>\n<li>Primary Key: <strong>True</strong></li>\n</ul>\n</li>\n<li>Scroll down to bottom and click&nbsp;<strong>Save</strong>.</li>\n<li>Expand  <b>Data Model</b> > <strong>Accounts</strong> > <strong>Fields</strong>, and select <strong>AccountName</strong>.</li>\n<li>In the right pane, modify the following value.\n<ul>\n<li>Max Length: <strong>30</strong></li>\n</ul>\n</li>\n<li>Scroll down to bottom and click <strong>Save</strong>.</li>\n</ol>"
  },
  "pointer": {
    "direction": "left",
    "element": "",
    "type": "none"
  },
  "navigationType": "manual",
  "navigationBar": {
    "left": {
      "text": "Previous",
      "enable": true,
      "hide": false
    },
    "right": {
      "text": "Next",
      "enable": true,
      "hide": false
    }
  },
  "navigationCondition": "",
  "position": "BOTTOM_RIGHT",
  "meta": {
    "Creator": "Rashmi Menon",
    "CreatedOn": "Thu, 19 Dec 2019 06:09:02 GMT"
  },
  "context": [],
  "localization": {
    "en-us": {
      "content": {
        "title": "Configure a Data Model",
        "body": "<ol>\n<li>From the left pane select the <strong>Data Model</strong> tab.</li><li>Under the <b>Data Model</b> tab, expand  <b>Data Model</b> > <strong>Accounts</strong> > <strong>Fields</strong>, and select <strong>AccountNumber</strong>.</li>\n<li>In the right pane, modify the following values.\n<ul>\n<li>Primary Key: <strong>True</strong></li>\n</ul>\n</li>\n<li>Scroll down to bottom and click&nbsp;<strong>Save</strong>.</li>\n<li>Expand  <b>Data Model</b> > <strong>Accounts</strong> > <strong>Fields</strong>, and select <strong>AccountName</strong>.</li>\n<li>In the right pane, modify the following value.\n<ul>\n<li>Max Length: <strong>30</strong></li>\n</ul>\n</li>\n<li>Scroll down to bottom and click <strong>Save</strong>.</li>\n</ol>"
      },
      "navigationBar": {
        "left": {
          "text": "Previous"
        },
        "right": {
          "text": "Next"
        }
      }
    },
    "zh-cn": {
      "content": {
        "title": "配置数据模型",
        "body": "***<ol> \n <li>从左窗格中选择<strong>数据模型</strong> tab。 帐户</strong>> <strong>字段</strong>，然后选择<strong> accountnumber </strong>。</li> \n <li>在右窗格中，修改以下值。 \n <ul> \n <li>主键：<strong> true </strong> </li> \n </ul> \n </li> \n <li>向下滚动，然后单击＆nbsp; <strong>保存</strong>。</li> \n <li>展开<b>数据模型</b>> <strong>帐户</strong>> <strong>字段</strong>，然后选择<strong> accountName </strong>。</li>。{38} \n <li>在右窗格中，修改以下值。 \n <ul> \n <li>最大长度：<strong> 30 </strong> </li> \n </ul> \n </li> \n <li>向下滚动，然后单击<strong>保存</strong>。</li> \n </ol>"
      },
      "navigationBar": {
        "left": {
          "text": "以前的"
        },
        "right": {
          "text": "下一个"
        }
      }
    },
    "zh-tw": {
      "content": {
        "title": "配置數據模型",
        "body": "***<ol> \n <li>從左窗格中選擇<strong>數據模型</strong> tab。 帳戶</strong>> <strong>字段</strong>，然後選擇<strong> accountnumber </strong>。</li> \n <li>在右窗格中，修改以下值。 \n <ul> \n <li>主鍵：<strong> true </strong> </li> \n </ul> \n </li> \n <li>向下滾動，然後單擊＆nbsp; <strong>保存</strong>。</li> \n <li>展開<b>數據模型</b>> <strong>帳戶</strong>> <strong>字段</strong>，然後選擇<strong> accountName </strong>。</li>。{38} \n <li>在右窗格中，修改以下值。 \n <ul> \n <li>最大長度：<strong> 30 </strong> </li> \n </ul> \n </li> \n <li>向下滾動，然後單擊<strong>保存</strong>。</li> \n </ol>"
      },
      "navigationBar": {
        "left": {
          "text": "以前的"
        },
        "right": {
          "text": "下一個"
        }
      }
    }
  }
}