{
  "kuid": "0d64e4t7-51a5-4cr6-8eua-a3afc1n2",
  "id": "VoltMX.IntroFlexLayoutV9.ChVerticalFlow",
  "content": {
    "title": "Change the FlexContainer to Vertical Flow",
    "body": "<ol>\n<li>From the <strong>Project</strong> explorer on the top left of your canvas, select <strong>flxHeader</strong>.</li>\n<li>From the <strong>Properties </strong>panel, navigate to the <strong>FlexContainer</strong> tab &gt; <strong>General</strong> section on the top right of your canvas.</li>\n<li>Change the <strong>Layout Type</strong> property to <strong>Flow Vertical</strong>.<br />The widgets are arranged one below the other on the canvas.</li>\n</ol>"
  },
  "pointer": {
    "direction": "top",
    "element": {
      "module": "propertieswindow",
      "itemType": "pw-tab",
      "info": {
        "tabName": "FlexContainer"
      }
    },
    "type": "default"
  },
  "navigationType": "manual",
  "navigationBar": {
    "left": {
      "text": "Previous",
      "enable": true,
      "hide": false
    },
    "right": {
      "text": "Next",
      "enable": true,
      "hide": false
    }
  },
  "navigationCondition": "",
  "position": "BOTTOM_RIGHT",
  "meta": {
    "Creator": "Rashmi Menon",
    "CreatedOn": "Mon, 25 Nov 2019 08:11:12 GMT"
  },
  "context": [],
  "localization": {
    "en-us": {
      "content": {
        "title": "Change the FlexContainer to Vertical Flow",
        "body": "<ol>\n<li>From the <strong>Project</strong> explorer on the top left of your canvas, select <strong>flxHeader</strong>.</li>\n<li>From the <strong>Properties </strong>panel, navigate to the <strong>FlexContainer</strong> tab &gt; <strong>General</strong> section on the top right of your canvas.</li>\n<li>Change the <strong>Layout Type</strong> property to <strong>Flow Vertical</strong>.<br />The widgets are arranged one below the other on the canvas.</li>\n</ol>"
      },
      "navigationBar": {
        "left": {
          "text": "Previous"
        },
        "right": {
          "text": "Next"
        }
      }
    },
    "zh-cn": {
      "content": {
        "title": "将弹性链接变为垂直流动",
        "body": "<ol> \n <li>来自<strong> project </strong>浏览器在画布左上方，选择<strong> flxheader </strong>。</li> \n <li>从<strong>属性</strong>面板，导航到<strong> flexContainer </strong> tab＆gt; <strong>一般</strong>在画布右上方的部分。</li> \n <li>将<strong>布局类型</strong>属性更改为<strong> flow垂直</strong>。<br />小部件在画布上排在另一个下方。</li> \n </ol>"
      },
      "navigationBar": {
        "left": {
          "text": "以前的"
        },
        "right": {
          "text": "下一个"
        }
      }
    },
    "zh-tw": {
      "content": {
        "title": "將彈性鏈接變為垂直流動",
        "body": "<ol> \n <li>來自<strong> project </strong>瀏覽器在畫布左上方，選擇<strong> flxheader </strong>。</li> \n <li>從<strong>屬性</strong>面板，導航到<strong> flexContainer </strong> tab＆gt; <strong>一般</strong>在畫布右上方的部分。</li> \n <li>將<strong>佈局類型</strong>屬性更改為<strong> flow垂直</strong>。<br />小部件在畫布上排在另一個下方。</li> \n </ol>"
      },
      "navigationBar": {
        "left": {
          "text": "以前的"
        },
        "right": {
          "text": "下一個"
        }
      }
    }
  }
}