{
  "kuid": "a0ea80tf-48a2-41r6-80u3-063ad7n3",
  "id": "VoltMX.NewLaunchMobApp.done",
  "content": {
    "title": "Congratulations",
    "body": "<p>You have successfully:</p>\n<ul>\n<li><strong>Imported a mobile app</strong></li>\n<li><strong>Launched the app on a mobile device using the Volt MX App</strong></li>\n</ul>\n<p>To learn how to create this app on your own, check out the next hike: <a class=\"tour-link\" tour=\"a617eft5-7ca8-4ard-8eu8-94cdean5\"><br/><strong>2. Create UI from Collections</strong></a></p>"
  },
  "pointer": {
    "direction": "left",
    "element": "",
    "type": "none"
  },
  "navigationType": "manual",
  "navigationBar": {
    "left": {
      "text": "Previous",
      "enable": true,
      "hide": false
    },
    "right": {
      "text": "Done",
      "enable": true,
      "hide": false
    }
  },
  "navigationCondition": "",
  "position": "CENTER",
  "meta": {
    "Creator": "Prem Garudadri",
    "CreatedOn": "Wed, 18 Dec 2019 09:26:11 GMT"
  },
  "context": [],
  "localization": {
    "en-us": {
      "content": {
        "title": "Congratulations",
        "body": "<p>You have successfully:</p>\n<ul>\n<li><strong>Imported a mobile app</strong></li>\n<li><strong>Launched the app on a mobile device using the Volt MX App</strong></li>\n</ul>\n<p>To learn how to create this app on your own, check out the next hike: <a class=\"tour-link\" tour=\"a617eft5-7ca8-4ard-8eu8-94cdean5\"><br/><strong>2. Create UI from Collections</strong></a></p>"
      },
      "navigationBar": {
        "left": {
          "text": "Previous"
        },
        "right": {
          "text": "Done"
        }
      }
    },
    "zh-cn": {
      "content": {
        "title": "恭喜",
        "body": "<p>您已经成功：</p> \n <ul> \n <li> <strong>导入移动应用</strong> </li> \n <li> <strong>使用Volt MX App </strong> </li>在移动设备上启动了该应用程序 \n </ul> \n <p>要学习如何自己创建此应用程序，请查看下一个徒步旅行：<a class=\"tour-link\" tour=\"a617eft5-7ca8-4ard-8eu8-94cdean5\"> <br/> <strong> 2。 从集合</strong> </a> </p>创建UI"
      },
      "navigationBar": {
        "left": {
          "text": "以前的"
        },
        "right": {
          "text": "完毕"
        }
      }
    },
    "zh-tw": {
      "content": {
        "title": "恭喜",
        "body": "<p>您已經成功：</p> \n <ul> \n <li> <strong>導入移動應用</strong> </li> \n <li> <strong>使用Volt MX App </strong> </li>在移動設備上啟動了該應用程序 \n </ul> \n <p>要學習如何自己創建此應用程序，請查看下一個徒步旅行：<a class=\"tour-link\" tour=\"a617eft5-7ca8-4ard-8eu8-94cdean5\"> <br/> <strong> 2。 從集合</strong> </a> </p>創建UI"
      },
      "navigationBar": {
        "left": {
          "text": "以前的"
        },
        "right": {
          "text": "完畢"
        }
      }
    }
  }
}