{
  "kuid": "deaa61td-3ca7-42r7-86uf-3ae6fcn7",
  "id": "VoltMX.ApplicationChannelsV9.ChannelMob",
  "content": {
    "title": "Application Channel: Mobile",
    "body": "<ol><li>From the <b>Project</b> explorer on the top left of your canvas, expand <b>Mobile</b>.</li>\n<li>Expand <b>Forms</b>.<br > Notice the forms created in the sample app for mobile devices.</li>"
  },
  "pointer": {
    "direction": "left",
    "element": {
      "module": "projectexplorer",
      "path": "project-body\\project\\Mobile"
    },
    "type": "default"
  },
  "navigationType": "manual",
  "navigationBar": {
    "left": {
      "text": "Previous",
      "enable": true,
      "hide": false
    },
    "right": {
      "text": "Next",
      "enable": true,
      "hide": false
    }
  },
  "navigationCondition": "",
  "position": "BOTTOM_RIGHT",
  "meta": {
    "Creator": "Rashmi Menon",
    "CreatedOn": "Tue, 26 Nov 2019 08:04:47 GMT"
  },
  "context": [],
  "localization": {
    "en-us": {
      "content": {
        "title": "Application Channel: Mobile",
        "body": "<ol><li>From the <b>Project</b> explorer on the top left of your canvas, expand <b>Mobile</b>.</li>\n<li>Expand <b>Forms</b>.<br > Notice the forms created in the sample app for mobile devices.</li>"
      },
      "navigationBar": {
        "left": {
          "text": "Previous"
        },
        "right": {
          "text": "Next"
        }
      }
    },
    "zh-cn": {
      "content": {
        "title": "应用渠道：手机",
        "body": "<ol> <li>来自<b> project </b>探索器在画布左上方，展开<b>移动</b>。</li> \n <li>展开<b>表单</b>。<br >注意移动设备的示例应用程序中创建的表单。</li>"
      },
      "navigationBar": {
        "left": {
          "text": "以前的"
        },
        "right": {
          "text": "下一个"
        }
      }
    },
    "zh-tw": {
      "content": {
        "title": "應用渠道：手機",
        "body": "<ol> <li>來自<b> project </b>探索器在畫布左上方，展開<b>移動</b>。</li> \n <li>展開<b>表單</b>。<br >注意移動設備的示例應用程序中創建的表單。</li>"
      },
      "navigationBar": {
        "left": {
          "text": "以前的"
        },
        "right": {
          "text": "下一個"
        }
      }
    }
  }
}