{
  "kuid": "d4a656t6-19ad-49rf-beuf-17a3adn5",
  "id": "VoltMX.addLoginServiceV9.done",
  "content": {
    "title": "Congratulations",
    "body": "<p>You have successfully:</p>\n<ul>\n<li><strong>Created an Identity Service</strong></li>\n<li><strong>Integrated it with the Login form</strong></li>\n</ul>\n<p><br /> To add the functionality to create services for the Back-end data, check out the next hike: <a class=\"tour-link\" tour=\"a7a762t5-3eac-44r5-8bu2-89b781n1\"><strong><br />4. Creating Services for the Back-end data Mobile</strong></a>.</p>"
  },
  "pointer": {
    "direction": "left",
    "element": "",
    "type": "none"
  },
  "navigationType": "manual",
  "navigationBar": {
    "left": {
      "text": "Previous",
      "enable": true,
      "hide": false
    },
    "right": {
      "text": "Done",
      "enable": true,
      "hide": false
    }
  },
  "navigationCondition": "",
  "position": "CENTER",
  "meta": {
    "Creator": "Rashmi Menon",
    "CreatedOn": "Wed, 18 Dec 2019 09:34:50 GMT"
  },
  "context": [],
  "localization": {
    "en-us": {
      "content": {
        "title": "Congratulations",
        "body": "<p>You have successfully:</p>\n<ul>\n<li><strong>Created an Identity Service</strong></li>\n<li><strong>Integrated it with the Login form</strong></li>\n</ul>\n<p><br /> To add the functionality to create services for the Back-end data, check out the next hike: <a class=\"tour-link\" tour=\"a7a762t5-3eac-44r5-8bu2-89b781n1\"><strong><br />4. Creating Services for the Back-end data Mobile</strong></a>.</p>"
      },
      "navigationBar": {
        "left": {
          "text": "Previous"
        },
        "right": {
          "text": "Done"
        }
      }
    },
    "zh-cn": {
      "content": {
        "title": "恭喜",
        "body": "***<p>您已经成功：</p> \n <ul> \n <li> <strong>创建一个身份服务</strong> </li> \n <li> <strong>将其与登录表单</strong> </li>集成 \n </ul> \n <p> <br />要添加功能以创建后端数据的服务，请查看下一个徒步旅行：<a class=\"tour-link\" tour=\"a7a762t5-3eac-44r5-8bu2-89b781n1\"> <strong> <br /> {16} 4。 为后端数据移动</strong> </a>创建服务。</p>"
      },
      "navigationBar": {
        "left": {
          "text": "以前的"
        },
        "right": {
          "text": "完毕"
        }
      }
    },
    "zh-tw": {
      "content": {
        "title": "恭喜",
        "body": "***<p>您已經成功：</p> \n <ul> \n <li> <strong>創建一個身份服務</strong> </li> \n <li> <strong>將其與登錄表單</strong> </li>集成 \n </ul> \n <p> <br />要添加功能以創建後端數據的服務，請查看下一個徒步旅行：<a class=\"tour-link\" tour=\"a7a762t5-3eac-44r5-8bu2-89b781n1\"> <strong> <br /> {16} 4。 為後端數據移動</strong> </a>創建服務。</p>"
      },
      "navigationBar": {
        "left": {
          "text": "以前的"
        },
        "right": {
          "text": "完畢"
        }
      }
    }
  }
}