{
    "kuid": "f6c6bbt2-06ab-49re-93u7-597bc0n3",
    "id": "kony.FlexPropertiesV9.AppViewer",
    "content": {
        "title": "Quantum App",
        "body": "<ol>\n<li>Connect your <b>mobile</b> to your computer using a USB cable.<br />\nFor Android devices, make sure you use USB to <b>Transfer Files</b>.</li>\n<li>Launch the <b>Quantum App</b> on your <b>mobile</b>.</li>\n<li>Select the <b>USB</b> tab.</li>\n<li>On successful connection, <b>Visualizer</b> on your computer shows a success prompt.<br />\nAt the same time, the USB icon turns green on your <b>Quantum App</b>.</li>\n</ol>"
    },
    "pointer": {
        "direction": "left",
        "element": "",
        "type": "none"
    },
    "navigationType": "manual",
    "navigationBar": {
        "left": {
            "text": "Previous",
            "enable": true,
            "hide": false
        },
        "right": {
            "text": "Next",
            "enable": true,
            "hide": false
        }
    },
    "navigationCondition": "",
    "position": "BOTTOM_RIGHT",
    "meta": {
        "Creator": "Rashmi Menon",
        "CreatedOn": "Mon, 25 Nov 2019 09:09:45 GMT"
    },
    "context": []
}