{
  "Card.VoltMX.IntrotoSegmentTempV9.Intro": {
    "content": {
      "title": "細分模板簡介",
      "body": "***<p> <strong>讓我們開始！</strong> <br /> <br />在這次導遊中，我們將：</p> \n <ul> \n <li>創建一個段行模板</li> \n <li>將小部件添加到模板</li> \n <li>將模板分配給段窗口小部件</li> \n <li>使用內聯編輯來修改模板</li> \n <li>分配一個段的行時，單擊</li> \n </ul> \n <p>在開始之前，請確保您完成了遠足：<ol> <li> <a class=\"tour-link\" tour=\"9b0f07t4-e9a8-49rb-83u2-876264n4\"> <strong> {22}段</strong> {23} </a> {24} </li> {25} <li> <a class=\"tour-link\" tour=\"06a5e8td-11a4-41r7-bbua-0696bane\"> {27} <strong> {28} {28}分配數據 要分段</strong> </a> </li> </ol>確保您打開與上面徒步4中創建的相同項目。<br />打開一個封閉的項目，從主菜單中，導航至<strong> 項目</strong>＆gt; <strong>打開</strong>＆gt; <strong> HCl參考架構</strong>＆gt; <strong>雇主</strong>。</p> \n <p> <br /> <strong>當您準備就緒時，單擊“開始”！</strong> </p>"
    },
    "navigationBar": {
      "left": {
        "text": "以前的"
      },
      "right": {
        "text": "開始"
      }
    }
  },
  "Card.VoltMX.IntrotoSegmentTempV9.segTemplate": {
    "content": {
      "title": "創建行模板",
      "body": "***<ol> <li>來自<b> project </b>探索器，展開<b>移動</b>> <b> {6} form </b>> <b> frmlist </b>。</li>。{10} \n <li>選擇<b>"
    },
    "navigationBar": {
      "left": {
        "text": "以前的"
      },
      "right": {
        "text": "下一個"
      }
    }
  },
  "Card.VoltMX.IntrotoSegmentTempV9.segTemplate1": {
    "content": {
      "title": "創建行模板",
      "body": "***<ol> <li>從<b> properties </b>面板，轉到<b> sement </b> tab。</li> \n <li>在<b>常規</b>部分下，對於屬性<b>行template </b>，從下拉列表中，選擇“選項<b>創建新</b>”。<br/>。{14} \n <b>模板</b> explorer。 \n <li>從<b>模板</b>瀏覽器，右鍵單擊的模板上右鍵單擊為<b> tempxxxx </b>下<b> seagments </b>，select {24}，選擇<b> rename </b>。 \n <li>將模板從<b> tempxxxx </b>重命名為<b> segmentTemp </b>。</li> </ol>"
    },
    "navigationBar": {
      "left": {
        "text": "以前的"
      },
      "right": {
        "text": "下一個"
      }
    }
  },
  "Card.VoltMX.IntrotoSegmentTempV9.uiTemp1": {
    "content": {
      "title": "flexcontainer的UI",
      "body": "***<ol> \n <li>從<strong>模板</strong>探索器，展開<strong>移動</strong>＆gt; <strong>段</strong>＆gt; <strong> segmentTemp </strong>。</li> \n <li>在其下選擇<strong> flexcontainer </strong>。</li> \n <li>從<strong> properties </strong>面板，導航到<strong> look </strong> tab。</li> \n <li>進行以下更改： \n <ul> \n <li>在<strong>常規</strong>部分，id：<strong> flxSeg </strong> </li> {28} \n <li>在<strong> flex </strong>部分，高度：<strong> 84 dp </strong> </li> \n </ul> \n </li> \n </ol>"
    },
    "navigationBar": {
      "left": {
        "text": "以前的"
      },
      "right": {
        "text": "下一個"
      }
    }
  },
  "Card.VoltMX.IntrotoSegmentTempV9.uiTemp2": {
    "content": {
      "title": "將皮膚分配給模板",
      "body": "<ol> \n <li>從<strong>屬性</strong>面板，導航到<strong> skin </strong> tab。</li> \n <li>在<strong>背景</strong>部分下，分配以下值： \n <ul> \n <li>類型：<strong>單色</strong> </li> \n <li>對於<strong>顏色</strong>，單擊其旁邊的正方形。</li> \n <li>對於＃，輸入以下值：<strong> bdbbbb </strong> </li> \n <li>不透明度：<strong> 100 </strong> </li> \n </ul> \n </li> \n </ol>"
    },
    "navigationBar": {
      "left": {
        "text": "以前的"
      },
      "right": {
        "text": "下一個"
      }
    }
  },
  "Card.VoltMX.IntrotoSegmentTempV9.addingImg": {
    "content": {
      "title": "將圖像添加到模板中",
      "body": "***<ol> \n <li>導航到<strong>默認庫</strong>在您的虹膜左下方。</li> \n <li> <strong>默認庫</strong>旁邊，您將看到<strong>我的庫</strong> tab和搜索圖標<img src=\"https://i.ibb.co/gmMPVjC/search-Icon.png\" alt=\"search icon\" width=\"14\" height=\"14\" />。 單擊搜索圖標。</li> \n <li>在出現的搜索欄中，輸入<strong> image </strong>。</li> \n <li>從結果中，在<strong>默認</strong>下，選擇<strong> image </strong>。</li> \n <li>將<strong> image </strong>窗口小部件拖到<strong> flxseg </strong>上。</li> \n <li>來自<strong>模板</strong>探索器，右鍵單擊<b> imagexxxx </b>下<b> segments </b>下的圖像，select <strong> rename </strong>。 \n <li>從<b> imagexxxx </b>重命名圖像到<strong> imgemployee </strong>。</li> \n </ol>"
    },
    "navigationBar": {
      "left": {
        "text": "以前的"
      },
      "right": {
        "text": "下一個"
      }
    }
  },
  "Card.VoltMX.IntrotoSegmentTempV9.positionImg": {
    "content": {
      "title": "將位置分配給圖像",
      "body": "***<ol> <li>從<b> properties </b>面板，導航到<b> look </b> tab。</li> \n <li>在<b> flex </b>部分下，分配以下值：<ul> \n <li>左：<b> 14 dp </b> </li> \n <li>寬度：<b> 96 dp </b> </li> \n <li>高度：<b> 93 dp </b> </li> \n <li>中心y：<b> 50％</b> </li> </ul> </li> </ol> {29}"
    },
    "navigationBar": {
      "left": {
        "text": "以前的"
      },
      "right": {
        "text": "下一個"
      }
    }
  },
  "Card.VoltMX.IntrotoSegmentTempV9.addingLbl": {
    "content": {
      "title": "將標籤添加到模板",
      "body": "***<ol> \n <li>導航到<strong>默認庫</strong>在您的虹膜左下方。</li> \n <li> <strong>默認庫</strong>旁邊，您將看到<strong>我的庫</strong> tab和搜索圖標<img src=\"https://i.ibb.co/gmMPVjC/search-Icon.png\" alt=\"search icon\" width=\"14\" height=\"14\" />。 單擊搜索圖標。</li> \n <li>在出現的搜索欄中，輸入<strong> label </strong>。</li> \n <li>從結果中，在<strong>默認</strong>下，選擇<strong> label </strong>。</li> \n <li>將<strong> label </strong>窗口小部件拖到<strong> flxseg </strong>上。</li> \n <li>來自<strong>模板</strong>探索器，在<b> flxSeg </b>下的標籤上右鍵單擊，右鍵單擊為<b> labelxxxx </b>，select <strong> rename </strong>。 \n <li>從<b> labelxxxx </b>重命名標籤為<strong> \n </ol>"
    },
    "navigationBar": {
      "left": {
        "text": "以前的"
      },
      "right": {
        "text": "下一個"
      }
    }
  },
  "Card.VoltMX.IntrotoSegmentTempV9.positionLbl": {
    "content": {
      "title": "將位置分配給標籤",
      "body": "***<ol> <li>從<b> properties </b>面板，導航到<b> look </b> tab。</li> \n <li>在<b> flex </b>部分下，分配以下值：<ul> \n <li>左：<b> 167 dp </b> </li> \n <li>頂部：<b> 7 dp </b> </li> \n <li>寬度：<b> 220 dp </b> </li> \n <li>高度：<b> 22 dp </b> </li> </ul> </li> {28} </ol>"
    },
    "navigationBar": {
      "left": {
        "text": "以前的"
      },
      "right": {
        "text": "下一個"
      }
    }
  },
  "Card.VoltMX.IntrotoSegmentTempV9.snLbl": {
    "content": {
      "title": "將皮膚分配給標籤",
      "body": "<ol> <li>從<b> properties </b>面板，導航到<b> skin </b> tab。</li> \n <li>在<b> fonts </b>部分下，分配以下值：<br/> \n 尺寸：<b> 100％</b> </li> </ol>"
    },
    "navigationBar": {
      "left": {
        "text": "以前的"
      },
      "right": {
        "text": "下一個"
      }
    }
  },
  "Card.VoltMX.IntrotoSegmentTempV9.tempEditing": {
    "content": {
      "title": "內聯模板編輯",
      "body": "***<ol> <li>來自<b> project </b>探索器，展開<b>移動</b>> <b> {6} form </b>> <b> frmlist </b>。</li>。{10} \n <li>選擇<b> \n <li>在畫布中，右鍵單擊片段，選擇<b>啟用模板編輯</b>。</li> \n <li>在畫佈內選擇標籤<b> \n <li>從<b>屬性</b>面板，導航到<b> look </b> tab。 \n <li>在<b> flex </b>部分下，修改<br/>左：<b> 143 dp </b>。<br/> \n  您可以看到更改反映在畫布上所有標籤的位置。</li> \n <li>在畫布中，右鍵單擊片段，選擇<b>禁用模板編輯</b>。</li> </ol>"
    },
    "navigationBar": {
      "left": {
        "text": "以前的"
      },
      "right": {
        "text": "下一個"
      }
    }
  },
  "Card.VoltMX.IntrotoSegmentTempV9.segAction": {
    "content": {
      "title": "為細分分配操作",
      "body": "***<ol> <li>從<b> properties </b>面板，導航到<b> action </b> tab。</li> \n <li>對於<b> onRowClick </b>事件，單擊<b> edit </b>。"
    },
    "navigationBar": {
      "left": {
        "text": "以前的"
      },
      "right": {
        "text": "下一個"
      }
    }
  },
  "Card.VoltMX.IntrotoSegmentTempV9.segAction1": {
    "content": {
      "title": "為細分分配操作",
      "body": "<ol> \n <li>從<strong>動作編輯器的頂角</strong>畫布，選擇<strong>設計視圖</strong>。</li> \n <li>來自<strong>操作編輯器</strong>左菜單，在<strong> client </strong>會話下，選擇<strong> show arter </strong>。</li> \n <li>在正確的窗格中提供以下細節： \n <ul> \n <li>警報類型：<strong> info </strong> </li> \n <li>警報標題：<strong>段行單擊！</strong> </li> \n <li>是標籤：<strong> OK </strong> </li> \n <li>消息類型：<strong>表達式</strong> </li> \n <li>警報消息：<strong>“您已經單擊了行：”+this.view.employeesgement.selectedRowIndex </strong> </li> \n </ul> \n </li> <li>單擊<b>保存</b>。</li> \n </ol>"
    },
    "navigationBar": {
      "left": {
        "text": "以前的"
      },
      "right": {
        "text": "下一個"
      }
    }
  },
  "Card.VoltMX.IntrotoSegmentTempV9.run": {
    "content": {
      "title": "運行應用程序",
      "body": "***<ol> \n <li>使用USB電纜將設備連接到計算機。 </li> <li>在您的<b>移動</b> device。 從虹膜上的左導航欄中，單擊<b>運行</b>。</li> <li>輸入name <b> applayerist </b>，然後單擊<b>啟動</b>。 <br>您可以看到帶有圖像和標籤的列表表單。</li> <li>單擊一行，並將顯示您在上一張卡中定義的警報。</li> </ol>"
    },
    "navigationBar": {
      "left": {
        "text": "以前的"
      },
      "right": {
        "text": "下一個"
      }
    }
  },
  "Card.VoltMX.IntrotoSegmentTempV9.last": {
    "content": {
      "title": "恭喜",
      "body": "***<b>您已成功創建了一個帶有段的表單，並為該段創建了一個行模板。</b> <br/> \n\n <p>要了解有關您可以使用Volt MX Iris做什麼的更多信息，請訪問<a href='#'onClick='javascript:openURL(\"https://support.hcltechsw.com/\")'>基本營</a>。"
    },
    "navigationBar": {
      "left": {
        "text": "以前的"
      },
      "right": {
        "text": "完畢"
      }
    }
  }
}