{
  "Tour.IntroductiontoSegmentTemplatesV9": {
    "description": "旅遊描述"
  },
  "Hike.VoltMX.IntrotoSegmentTempV9": {
    "description": "徒步說明"
  },
  "Card.VoltMX.IntrotoSegmentTempV9.addingImg": {
    "content": {
      "title": "將圖像添加到模板",
      "body": "<ol>\n<li>導航到<strong>默認庫</strong>虹膜左下角的標籤。</li>\n<li> 旁邊<strong>默認庫</strong> ，你會看到<strong>我的圖書館</strong>選項卡和搜索圖標<img src=\"https://i.ibb.co/gmMPVjC/search-Icon.png\" alt=\"search icon\" width=\"14\" height=\"14\" />。單擊搜索圖標。</li>\n<li>在出現的搜索欄中，輸入<strong>圖像</strong>.</li>\n<li>從結果來看，在<strong>默認</strong>，選擇<strong>圖像</strong>.</li>\n<li>拖動<strong>圖像</strong>小部件到<strong>flxSeg</strong>在畫布上。</li>\n<li>來自<strong>項目</strong>資源管理器，右鍵單擊新圖像並選擇<strong>重命名</strong>.</li>\n<li>重命名圖像<strong>imgEmployee</strong>.</li>\n</ol>"
    },
    "navigationBar": {
      "left": {
        "text": "上一個"
      },
      "right": {
        "text": "下一個"
      }
    }
  },
  "Card.VoltMX.IntrotoSegmentTempV9.addingLbl": {
    "content": {
      "title": "向模板添加標籤",
      "body": "<ol>\n<li>導航到<strong>默認庫</strong>虹膜左下角的標籤。</li>\n<li> 旁邊<strong>默認庫</strong> ，你會看到<strong>我的圖書館</strong>選項卡和搜索圖標<img src=\"https://i.ibb.co/gmMPVjC/search-Icon.png\" alt=\"search icon\" width=\"14\" height=\"14\" />。單擊搜索圖標。</li>\n<li>在出現的搜索欄中，輸入<strong>標籤</strong>.</li>\n<li>從結果來看，在<strong>默認</strong>，選擇<strong>標籤</strong>.</li>\n<li>拖動<strong>標籤</strong>小部件到<strong>flxSeg</strong>在畫布上。</li>\n<li>來自<strong>項目</strong>資源管理器，右鍵單擊新標籤並選擇<strong>重命名</strong>.</li>\n<li>重命名標籤<strong>員工姓名</strong>.</li>\n</ol>"
    },
    "navigationBar": {
      "left": {
        "text": "上一個"
      },
      "right": {
        "text": "下一個"
      }
    }
  },
  "Card.VoltMX.IntrotoSegmentTempV9.Intro": {
    "content": {
      "title": "段模板簡介",
      "body": "<p><strong>讓我們開始吧！</strong><br /><br />在這次導覽中，我們將：</p>\n<ul>\n<li>創建段行模板</li>\n<li>向模板添加小部件</li>\n<li>將模板分配給 Segment 小部件</li>\n<li> 使用內聯編輯修改模板</li>\n<li>當點擊段的行時分配一個動作</li>\n</ul>\n<p>在開始之前，請確保您已完成遠足：<ol><li><a class=\"tour-link\" tour=\"9b0f07t4-e9a8-49rb-83u2-876264n4\"><strong>段介紹</strong></a></li></ol>。確保您打開在上一次徒步旅行中創建的相同項目。<br />要打開一個關閉的項目，從主菜單，導航到<strong>項目</strong>&gt;<strong>打開</strong>&gt;<strong>HCL 參考架構</strong>&gt;<strong>僱員名單</strong>.</p>\n<p><br /> <strong>準備好後，點擊開始！</strong></p>"
    },
    "navigationBar": {
      "left": {
        "text": "上一個"
      },
      "right": {
        "text": "開始"
      }
    }
  },
  "Card.VoltMX.IntrotoSegmentTempV9.last": {
    "content": {
      "title": " 恭喜",
      "body": "<b> 您已成功創建了包含段的表單並為該段創建了行模板。</b><br/>\n\n<p>要了解有關 Volt MX Iris 的更多信息，請訪問<a href='#'onClick='javascript:openURL(\"https://support.hcltechsw.com/\")'>大本營</a>.</p>"
    },
    "navigationBar": {
      "left": {
        "text": "上一個"
      },
      "right": {
        "text": "完成"
      }
    }
  },
  "Card.VoltMX.IntrotoSegmentTempV9.positionImg": {
    "content": {
      "title": "為圖像分配位置",
      "body": "<ol><li>來自<b>屬性</b>面板，導航到<b>看</b>選項卡。</li>\n<li> 在<b>彈性</b>部分，分配以下值：<ul>\n<li>左：<b>14 Dp</b></li>\n<li>寬度：<b>96 Dp</b></li>\n<li>身高：<b>93 Dp</b></li>\n<li>中心Y：<b>50%</b></li></ul></li></ol>"
    },
    "navigationBar": {
      "left": {
        "text": "上一個"
      },
      "right": {
        "text": "下一個"
      }
    }
  },
  "Card.VoltMX.IntrotoSegmentTempV9.positionLbl": {
    "content": {
      "title": "為標籤分配位置",
      "body": "<ol><li>來自<b>屬性</b>面板，導航到<b>看</b>選項卡。</li>\n<li> 在<b>彈性</b> 部分，分配以下值：<ul>\n<li>左：<b>167 Dp</b></li>\n<li>頂部：<b>7 Dp</b></li>\n<li>寬度：<b>220 Dp</b></li>\n<li>身高：<b>22 Dp</b></li></ul></li></ol>"
    },
    "navigationBar": {
      "left": {
        "text": "上一個"
      },
      "right": {
        "text": "下一個"
      }
    }
  },
  "Card.VoltMX.IntrotoSegmentTempV9.run": {
    "content": {
      "title": "運行應用程序",
      "body": "<ol>\n<li>使用 USB 數據線將設備連接到計算機。</li><li>打開<b>Volt MX 應用程序</b>在你的<b>手機</b>設備。</li><li>選擇<b>USB</b>選項卡。</li><li>從 Iris 的左側導航欄中，單擊<b>運行</b>.</li><li>輸入名稱<b>僱員名單</b>然後點擊<b>啟動</b>. </li>您可以看到帶有圖像和標籤的列表表單。</ol>"
    },
    "navigationBar": {
      "left": {
        "text": "上一個"
      },
      "right": {
        "text": "下一個"
      }
    }
  },
  "Card.VoltMX.IntrotoSegmentTempV9.segAction": {
    "content": {
      "title": "將動作分配給段",
      "body": "<ol><li>來自<b>屬性</b>面板，導航到<b>行動</b>選項卡。</li>\n<li>對於<b>onRowClick</b>事件，點擊<b>編輯</b>.<br/><b>動作編輯器</b>窗口出現。</li></ol>"
    },
    "navigationBar": {
      "left": {
        "text": "上一個"
      },
      "right": {
        "text": "下一個"
      }
    }
  },
  "Card.VoltMX.IntrotoSegmentTempV9.segAction1": {
    "content": {
      "title": "將動作分配給段",
      "body": "<ol>\n<li>從右上角<strong>動作編輯器</strong>畫布，選擇<strong>設計視圖</strong>.</li>\n<li>來自<strong>動作編輯器</strong>左側菜單，導航至<strong>客戶</strong>&gt;<strong>顯示警報</strong>.</li>\n<li>在右側窗格中提供以下詳細信息：<ul>\n<li>警報類型：<strong>信息</strong></li>\n<li>警報標題：<strong>點擊段行！</strong></li>\n<li>是標籤：<strong>好的</strong></li>\n<li>消息類型：<strong>表達式</strong></li>\n<li>警報消息：<strong>“您點擊了行：”+this.view.employeeSegment.selectedRowIndex</strong></li>\n</ul>\n</li><li>點擊<b>保存</b>.</li>\n</ol>"
    },
    "navigationBar": {
      "left": {
        "text": "上一個"
      },
      "right": {
        "text": "下一個"
      }
    }
  },
  "Card.VoltMX.IntrotoSegmentTempV9.segTemplate": {
    "content": {
      "title": "創建行模板",
      "body": "<ol><li>來自<b>項目</b>資源管理器，展開<b>手機</b> > <b>表格</b> > <b>frmList</b>.</li>\n<li>選擇<b>僱員段</b>.</li></ol>"
    },
    "navigationBar": {
      "left": {
        "text": "上一個"
      },
      "right": {
        "text": "下一個"
      }
    }
  },
  "Card.VoltMX.IntrotoSegmentTempV9.segTemplate1": {
    "content": {
      "title": "創建行模板",
      "body": "<ol><li>來自<b>屬性</b>面板，轉到<b>段</b>選項卡。</li>\n<li>對於財產<b>行模板</b> ，從下拉列表中選擇選項<b>新建</b>.<br/>在<b>模板</b>資源管理器。</li>\n<li>來自<b>模板</b>資源管理器，右鍵單擊新模板並選擇<b>重命名</b>.</li>\n<li>重命名模板<b>segmentTemp</b>.</li></ol>"
    },
    "navigationBar": {
      "left": {
        "text": "上一個"
      },
      "right": {
        "text": "下一個"
      }
    }
  },
  "Card.VoltMX.IntrotoSegmentTempV9.snLbl": {
    "content": {
      "title": "將皮膚分配給標籤",
      "body": "<ol><li>來自<b>屬性</b>面板，導航到<b>皮膚</b>選項卡。</li>\n<li> 在<b>字體</b> 部分，分配以下值：<br/>尺寸：<b>100%</b></li></ol>"
    },
    "navigationBar": {
      "left": {
        "text": "上一個"
      },
      "right": {
        "text": "下一個"
      }
    }
  },
  "Card.VoltMX.IntrotoSegmentTempV9.tempEditing": {
    "content": {
      "title": "內聯模板編輯",
      "body": "<ol><li>來自<b>項目</b>資源管理器，展開<b>手機</b> > <b>表格</b> > <b>frmList</b>.</li>\n<li>選擇<b>僱員段</b>.</li>\n<li>右鍵單擊該段，在畫布中選擇<b>啟用模板編輯</b>.</li>\n<li>選擇標籤<b>員工姓名</b>在畫佈內。</li>\n<li>來自<b>屬性</b>面板，導航到<b>看</b>選項卡。<li> 在<b>彈性</b>部分，修改<br/>左：<b>143 Dp</b>.<br/>你可以看到變化反映在畫布上所有標籤的位置。</li>\n<li>右鍵單擊該段，在畫布中選擇<b>禁用模板編輯</b>.</li></ol>"
    },
    "navigationBar": {
      "left": {
        "text": "上一個"
      },
      "right": {
        "text": "下一個"
      }
    }
  },
  "Card.VoltMX.IntrotoSegmentTempV9.uiTemp1": {
    "content": {
      "title": "FlexContainer的UI",
      "body": "<ol>\n<li>來自<strong>模板</strong>資源管理器，展開<strong>手機</strong>&gt;<strong>段</strong>&gt;<strong>segmentTemp</strong>.</li>\n<li>選擇<strong>flexContainer</strong>在它下面。</li>\n<li>來自<strong>屬性</strong>面板，導航到<strong>看</strong>選項卡。</li>\n<li>進行以下更改：<ul>\n<li> 在<strong>一般</strong>部分，ID：<strong>flxSeg</strong></li>\n<li> 在<strong>彈性</strong>部分，高度：<strong>84 Dp</strong></li>\n</ul>\n</li>\n</ol>"
    },
    "navigationBar": {
      "left": {
        "text": "上一個"
      },
      "right": {
        "text": "下一個"
      }
    }
  },
  "Card.VoltMX.IntrotoSegmentTempV9.uiTemp2": {
    "content": {
      "title": "為模板分配皮膚",
      "body": "<ol>\n<li>來自<strong>屬性</strong>面板，導航到<strong>皮膚</strong>選項卡。</li>\n<li>下<strong>背景</strong> 部分，分配以下值：<ul>\n<li>類型：<strong>單色</strong></li>\n<li>對於<strong>顏色</strong> ，點擊旁邊的方塊。</li>\n<li>對於#，輸入以下值：<strong>bdbbbb</strong></li>\n<li>不透明度：<strong>100</strong></li>\n</ul>\n</li>\n</ol>"
    },
    "navigationBar": {
      "left": {
        "text": "上一個"
      },
      "right": {
        "text": "下一個"
      }
    }
  }
}