{
  "Tour.IntroductiontoSegmentTemplatesV9": {
    "description": " यात्रा का विवरण"
  },
  "Hike.VoltMX.IntrotoSegmentTempV9": {
    "description": " वृद्धि का विवरण"
  },
  "Card.VoltMX.IntrotoSegmentTempV9.addingImg": {
    "content": {
      "title": " टेम्पलेट में छवि जोड़ें",
      "body": "<ol>\n<li> पर नेविगेट करें<strong> डिफ़ॉल्ट लाइब्रेरी</strong> आपके आइरिस के नीचे बाईं ओर टैब।</li>\n<li> के आगे<strong> डिफ़ॉल्ट लाइब्रेरी</strong> , आप देखेंगे<strong> मेरी लाइब्रेरी</strong> टैब और एक खोज आइकन<img src=\"https://i.ibb.co/gmMPVjC/search-Icon.png\" alt=\"search icon\" width=\"14\" height=\"14\" /> . खोज आइकन पर क्लिक करें।</li>\n<li> दिखाई देने वाले खोज बार में, दर्ज करें<strong> छवि</strong>.</li>\n<li> परिणामों से, के तहत<strong> डिफ़ॉल्ट</strong> , चुनें<strong> छवि</strong>.</li>\n<li> खींचें<strong> छवि</strong> विजेट चालू<strong> flxSeg</strong> कैनवास पर।</li>\n<li> से<strong> परियोजना</strong> एक्सप्लोरर, नई छवि पर राइट-क्लिक करें और चुनें<strong> नाम बदलें</strong>.</li>\n<li> छवि का नाम बदलें<strong> imgकर्मचारी</strong>.</li>\n</ol>"
    },
    "navigationBar": {
      "left": {
        "text": " पिछला"
      },
      "right": {
        "text": " अगला"
      }
    }
  },
  "Card.VoltMX.IntrotoSegmentTempV9.addingLbl": {
    "content": {
      "title": " टेम्पलेट में लेबल जोड़ें",
      "body": "<ol>\n<li> पर नेविगेट करें<strong> डिफ़ॉल्ट लाइब्रेरी</strong> आपके आइरिस के नीचे बाईं ओर टैब।</li>\n<li> के आगे<strong> डिफ़ॉल्ट लाइब्रेरी</strong> , आप देखेंगे<strong> मेरी लाइब्रेरी</strong> टैब और एक खोज आइकन<img src=\"https://i.ibb.co/gmMPVjC/search-Icon.png\" alt=\"search icon\" width=\"14\" height=\"14\" /> . खोज आइकन पर क्लिक करें।</li>\n<li> दिखाई देने वाले खोज बार में, दर्ज करें<strong> लेबल</strong>.</li>\n<li> परिणामों से, के तहत<strong> डिफ़ॉल्ट</strong> , चुनें<strong> लेबल</strong>.</li>\n<li> खींचें<strong> लेबल</strong> विजेट चालू<strong> flxSeg</strong> कैनवास पर।</li>\n<li> से<strong> परियोजना</strong> एक्सप्लोरर, नए लेबल पर राइट-क्लिक करें और चुनें<strong> नाम बदलें</strong>.</li>\n<li> लेबल का नाम बदलें<strong> कर्मचारी का नाम</strong>.</li>\n</ol>"
    },
    "navigationBar": {
      "left": {
        "text": " पिछला"
      },
      "right": {
        "text": " अगला"
      }
    }
  },
  "Card.VoltMX.IntrotoSegmentTempV9.Intro": {
    "content": {
      "title": " सेगमेंट टेम्प्लेट का परिचय",
      "body": "<p><strong> चलिए शुरू करते हैं!</strong><br /><br /> इस निर्देशित दौरे में, हम:</p>\n<ul>\n<li> एक सेगमेंट रो टेम्प्लेट बनाएं</li>\n<li> टेम्पलेट में विजेट जोड़ें</li>\n<li> टेम्पलेट को सेगमेंट विजेट में असाइन करें</li>\n<li> टेम्पलेट को संशोधित करने के लिए इनलाइन संपादन का उपयोग करें</li>\n<li> खंड की पंक्ति पर क्लिक करने पर एक क्रिया असाइन करें</li>\n</ul>\n<p> शुरू करने से पहले, सुनिश्चित करें कि आपने वृद्धि पूरी कर ली है:<ol><li><a class=\"tour-link\" tour=\"9b0f07t4-e9a8-49rb-83u2-876264n4\"><strong> खंड का परिचय</strong></a></li></ol> . सुनिश्चित करें कि आपने वही प्रोजेक्ट खोला है जो आपने पिछली बढ़ोतरी में बनाया था।<br /> एक बंद परियोजना को खोलने के लिए, मुख्य मेनू से, नेविगेट करें<strong> परियोजना</strong> &gt;<strong> खुला</strong> &gt;<strong> एचसीएल संदर्भ वास्तुकला</strong> &gt;<strong> कर्मचारी सूची</strong>.</p>\n<p><br /> <strong> जब आप तैयार हों, तो स्टार्ट पर क्लिक करें!</strong></p>"
    },
    "navigationBar": {
      "left": {
        "text": " पिछला"
      },
      "right": {
        "text": " प्रारंभ"
      }
    }
  },
  "Card.VoltMX.IntrotoSegmentTempV9.last": {
    "content": {
      "title": " बधाई",
      "body": "<b> आपने सेगमेंट के साथ एक फॉर्म सफलतापूर्वक बनाया है और सेगमेंट के लिए एक पंक्ति टेम्पलेट बनाया है।</b><br/>\n\n<p> वोल्ट एमएक्स आईरिस के साथ आप क्या कर सकते हैं, इसके बारे में अधिक जानने के लिए, यहां जाएं<a href='#'onClick='javascript:openURL(\"https://support.hcltechsw.com/\")'> बेस कैंप</a>.</p>"
    },
    "navigationBar": {
      "left": {
        "text": " पिछला"
      },
      "right": {
        "text": " हो गया"
      }
    }
  },
  "Card.VoltMX.IntrotoSegmentTempV9.positionImg": {
    "content": {
      "title": " छवि को स्थिति निर्दिष्ट करें",
      "body": "<ol><li> से<b> गुण</b> पैनल, पर नेविगेट करें<b> देखो</b> टैब।</li>\n<li> के तहत<b> फ्लेक्स</b> अनुभाग, निम्नलिखित मान निर्दिष्ट करें:<ul>\n<li> बायां:<b> 14 डीपी</b></li>\n<li> चौड़ाई:<b> 96 डीपी</b></li>\n<li> ऊँचाई:<b> 93 डीपी</b></li>\n<li> केंद्र Y:<b> 50%</b></li></ul></li></ol>"
    },
    "navigationBar": {
      "left": {
        "text": " पिछला"
      },
      "right": {
        "text": " अगला"
      }
    }
  },
  "Card.VoltMX.IntrotoSegmentTempV9.positionLbl": {
    "content": {
      "title": " लेबल को स्थिति निर्दिष्ट करें",
      "body": "<ol><li> से<b> गुण</b> पैनल, पर नेविगेट करें<b> देखो</b> टैब।</li>\n<li> के तहत<b> फ्लेक्स</b> अनुभाग, निम्नलिखित मान निर्दिष्ट करें:<ul>\n<li> बायां:<b> 167 डीपी</b></li>\n<li> शीर्ष:<b> 7 डीपी</b></li>\n<li> चौड़ाई:<b> 220 डीपी</b></li>\n<li> ऊँचाई:<b> 22 डीपी</b></li></ul></li></ol>"
    },
    "navigationBar": {
      "left": {
        "text": " पिछला"
      },
      "right": {
        "text": " अगला"
      }
    }
  },
  "Card.VoltMX.IntrotoSegmentTempV9.run": {
    "content": {
      "title": " ऐप चलाएँ",
      "body": "<ol>\n<li> डिवाइस को USB केबल से कंप्यूटर से कनेक्ट करें।</li><li> खुला<b> वोल्ट एमएक्स ऐप</b> अपने पर<b> मोबाइल</b> डिवाइस।</li><li> चुनें<b> यूएसबी</b> टैब।</li><li> अपने आइरिस पर बाएं नेविगेशन बार से, क्लिक करें<b> भागो</b>.</li><li> नाम दर्ज करें<b> कर्मचारी सूची</b> और क्लिक करें<b> लॉन्च</b>. </li> आप एक छवि और एक लेबल के साथ एक सूची प्रपत्र देख सकते हैं।</ol>"
    },
    "navigationBar": {
      "left": {
        "text": " पिछला"
      },
      "right": {
        "text": " अगला"
      }
    }
  },
  "Card.VoltMX.IntrotoSegmentTempV9.segAction": {
    "content": {
      "title": " सेगमेंट को कार्रवाई असाइन करें",
      "body": "<ol><li> से<b> गुण</b> पैनल, पर नेविगेट करें<b> क्रिया</b> टैब।</li>\n<li> के लिए<b> onRowClick</b> घटना, क्लिक करें<b> संपादित करें</b>.<br/> The<b> एक्शन एडिटर</b> विंडो प्रकट होती है।</li></ol>"
    },
    "navigationBar": {
      "left": {
        "text": " पिछला"
      },
      "right": {
        "text": " अगला"
      }
    }
  },
  "Card.VoltMX.IntrotoSegmentTempV9.segAction1": {
    "content": {
      "title": " सेगमेंट को कार्रवाई असाइन करें",
      "body": "<ol>\n<li> के ऊपरी-दाएँ कोने से<strong> एक्शन एडिटर</strong> कैनवास, चुनें<strong> डिज़ाइन दृश्य</strong>.</li>\n<li> से<strong> एक्शन एडिटर</strong> बायां मेनू, नेविगेट करें<strong> ग्राहक</strong> &gt;<strong> अलर्ट दिखाएं</strong>.</li>\n<li> दाएँ फलक में निम्नलिखित विवरण प्रदान करें:<ul>\n<li> अलर्ट प्रकार:<strong> जानकारी</strong></li>\n<li> अलर्ट शीर्षक:<strong> सेगमेंट पंक्ति क्लिक की गई!</strong></li>\n<li> हाँ लेबल:<strong> ठीक है</strong></li>\n<li> संदेश प्रकार:<strong> अभिव्यक्ति</strong></li>\n<li> अलर्ट संदेश:<strong> \"आपने पंक्ति पर क्लिक किया है:\"+this.view.employeeSegment.selectionRowIndex</strong></li>\n</ul>\n</li><li> क्लिक करें<b> सहेजें</b>.</li>\n</ol>"
    },
    "navigationBar": {
      "left": {
        "text": " पिछला"
      },
      "right": {
        "text": " अगला"
      }
    }
  },
  "Card.VoltMX.IntrotoSegmentTempV9.segTemplate": {
    "content": {
      "title": " पंक्ति टेम्पलेट बनाएं",
      "body": "<ol><li> से<b> परियोजना</b> एक्सप्लोरर, विस्तृत करें<b> मोबाइल</b> > <b> प्रपत्र</b> > <b> frmसूची</b>.</li>\n<li> चुनें<b> कर्मचारी खंड</b>.</li></ol>"
    },
    "navigationBar": {
      "left": {
        "text": " पिछला"
      },
      "right": {
        "text": " अगला"
      }
    }
  },
  "Card.VoltMX.IntrotoSegmentTempV9.segTemplate1": {
    "content": {
      "title": " पंक्ति टेम्पलेट बनाएं",
      "body": "<ol><li> से<b> गुण</b> पैनल, पर जाएं<b> खंड</b> टैब।</li>\n<li> संपत्ति के लिए<b> पंक्ति टेम्पलेट</b> ड्रॉप-डाउन सूची से, विकल्प चुनें<b> नया बनाएं</b>.<br/> फ्लेक्सकंटेनर के साथ एक नया टेम्प्लेट इसके तहत बनाया गया है<b> टेम्पलेट्स</b> एक्सप्लोरर।</li>\n<li> से<b> टेम्पलेट्स</b> एक्सप्लोरर, नए टेम्पलेट पर राइट-क्लिक करें और चुनें<b> नाम बदलें</b>.</li>\n<li> टेम्पलेट का नाम बदलें<b> खंड अस्थायी</b>.</li></ol>"
    },
    "navigationBar": {
      "left": {
        "text": " पिछला"
      },
      "right": {
        "text": " अगला"
      }
    }
  },
  "Card.VoltMX.IntrotoSegmentTempV9.snLbl": {
    "content": {
      "title": " लेबल पर त्वचा असाइन करें",
      "body": "<ol><li> से<b> गुण</b> पैनल, पर नेविगेट करें<b> त्वचा</b> टैब।</li>\n<li> के तहत<b> फ़ॉन्ट</b> अनुभाग, निम्नलिखित मान निर्दिष्ट करें:<br/> आकार:<b> 100%</b></li></ol>"
    },
    "navigationBar": {
      "left": {
        "text": " पिछला"
      },
      "right": {
        "text": " अगला"
      }
    }
  },
  "Card.VoltMX.IntrotoSegmentTempV9.tempEditing": {
    "content": {
      "title": " इनलाइन टेम्पलेट संपादन",
      "body": "<ol><li> से<b> परियोजना</b> एक्सप्लोरर, विस्तृत करें<b> मोबाइल</b> > <b> प्रपत्र</b> > <b> frmसूची</b>.</li>\n<li> चुनें<b> कर्मचारी खंड</b>.</li>\n<li> कैनवास में सेगमेंट पर राइट-क्लिक करें और चुनें<b> टेम्प्लेट संपादन सक्षम करें</b>.</li>\n<li> लेबल का चयन करें<b> कर्मचारी का नाम</b> कैनवास के अंदर।</li>\n<li> से<b> गुण</b> पैनल, पर नेविगेट करें<b> देखो</b> टैब।<li> के तहत<b> फ्लेक्स</b> अनुभाग, संशोधित करें<br/> बायां:<b> 143 डीपी</b>.<br/> आप देख सकते हैं कि परिवर्तन कैनवास पर सभी लेबलों की स्थिति में परिलक्षित होता है।</li>\n<li> कैनवास में सेगमेंट पर राइट-क्लिक करें और चुनें<b> खाका संपादन अक्षम करें</b>.</li></ol>"
    },
    "navigationBar": {
      "left": {
        "text": " पिछला"
      },
      "right": {
        "text": " अगला"
      }
    }
  },
  "Card.VoltMX.IntrotoSegmentTempV9.uiTemp1": {
    "content": {
      "title": " FlexContainer का UI",
      "body": "<ol>\n<li> से<strong> टेम्पलेट्स</strong> एक्सप्लोरर, विस्तृत करें<strong> मोबाइल</strong> &gt;<strong> खंड</strong> &gt;<strong> खंड अस्थायी</strong>.</li>\n<li> चुनें<strong> flexContainer</strong> इसके तहत।</li>\n<li> से<strong> गुण</strong> पैनल, पर नेविगेट करें<strong> देखो</strong> टैब।</li>\n<li> निम्नलिखित परिवर्तन करें:<ul>\n<li> के तहत<strong> सामान्य</strong> अनुभाग, आईडी:<strong> flxSeg</strong></li>\n<li> के तहत<strong> फ्लेक्स</strong> खंड, ऊंचाई:<strong> 84 डीपी</strong></li>\n</ul>\n</li>\n</ol>"
    },
    "navigationBar": {
      "left": {
        "text": " पिछला"
      },
      "right": {
        "text": " अगला"
      }
    }
  },
  "Card.VoltMX.IntrotoSegmentTempV9.uiTemp2": {
    "content": {
      "title": " टेम्पलेट को त्वचा असाइन करें",
      "body": "<ol>\n<li> से<strong> गुण</strong> पैनल, पर नेविगेट करें<strong> त्वचा</strong> टैब।</li>\n<li> अंडर<strong> पृष्ठभूमि</strong> अनुभाग, निम्नलिखित मान निर्दिष्ट करें:<ul>\n<li> प्रकार:<strong> एकल रंग</strong></li>\n<li> के लिए<strong> रंग</strong> इसके आगे वाले वर्ग पर क्लिक करें।</li>\n<li> # के लिए, निम्न मान दर्ज करें:<strong> bdbbbb</strong></li>\n<li> अस्पष्टता:<strong> 100</strong></li>\n</ul>\n</li>\n</ol>"
    },
    "navigationBar": {
      "left": {
        "text": " पिछला"
      },
      "right": {
        "text": " अगला"
      }
    }
  }
}