{
  "Tour.IntroductiontoSegmentTemplatesV9": {
    "description": "旅游描述"
  },
  "Hike.VoltMX.IntrotoSegmentTempV9": {
    "description": "徒步说明"
  },
  "Card.VoltMX.IntrotoSegmentTempV9.addingImg": {
    "content": {
      "title": "将图像添加到模板",
      "body": "<ol>\n<li>导航到<strong>默认库</strong>虹膜左下角的标签。</li>\n<li> 旁边<strong>默认库</strong> ，你会看到<strong>我的图书馆</strong>选项卡和搜索图标<img src=\"https://i.ibb.co/gmMPVjC/search-Icon.png\" alt=\"搜索图标\" width=\"14\" height=\"14\" />。单击搜索图标。</li>\n<li>在出现的搜索栏中，输入<strong>图像</strong>.</li>\n<li>从结果来看，在<strong>默认</strong>，选择<strong>图像</strong>.</li>\n<li>拖动<strong>图像</strong>小部件到<strong>flxSeg</strong>在画布上。</li>\n<li>来自<strong>项目</strong>资源管理器，右键单击新图像并选择<strong>重命名</strong>.</li>\n<li>重命名图像<strong>imgEmployee</strong>.</li>\n</ol>"
    },
    "navigationBar": {
      "left": {
        "text": "上一个"
      },
      "right": {
        "text": "下一个"
      }
    }
  },
  "Card.VoltMX.IntrotoSegmentTempV9.addingLbl": {
    "content": {
      "title": "向模板添加标签",
      "body": "<ol>\n<li>导航到<strong>默认库</strong>虹膜左下角的标签。</li>\n<li> 旁边<strong>默认库</strong> ，你会看到<strong>我的图书馆</strong>选项卡和搜索图标<img src=\"https://i.ibb.co/gmMPVjC/search-Icon.png\" alt=\"搜索图标\" width=\"14\" height=\"14\" />。单击搜索图标。</li>\n<li>在出现的搜索栏中，输入<strong>标签</strong>.</li>\n<li>从结果来看，在<strong>默认</strong>，选择<strong>标签</strong>.</li>\n<li>拖动<strong>标签</strong>小部件到<strong>flxSeg</strong>在画布上。</li>\n<li>来自<strong>项目</strong>资源管理器，右键单击新标签并选择<strong>重命名</strong>.</li>\n<li>重命名标签<strong>员工姓名</strong>.</li>\n</ol>"
    },
    "navigationBar": {
      "left": {
        "text": "上一个"
      },
      "right": {
        "text": "下一个"
      }
    }
  },
  "Card.VoltMX.IntrotoSegmentTempV9.Intro": {
    "content": {
      "title": "段模板简介",
      "body": "<p><strong>让我们开始吧！</strong><br /><br />在这次导览中，我们将：</p>\n<ul>\n<li>创建段行模板</li>\n<li>向模板添加小部件</li>\n<li>将模板分配给 Segment 小部件</li>\n<li> 使用内联编辑修改模板</li>\n<li>当点击段的行时分配一个动作</li>\n</ul>\n<p>在开始之前，请确保您已完成远足：<ol><li><a class=\"tour-link\" tour=\"9b0f07t4-e9a8-49rb-83u2-876264n4\"><strong>段介绍</strong></a></li></ol>。确保您打开在上一次徒步旅行中创建的相同项目。<br />要打开一个关闭的项目，从主菜单，导航到<strong>项目</strong>&gt;<strong>打开</strong>&gt;<strong>HCL 参考架构</strong>&gt;<strong>雇员名单</strong>.</p>\n<p><br /> <strong>准备好后，点击开始！</strong></p>"
    },
    "navigationBar": {
      "left": {
        "text": "上一个"
      },
      "right": {
        "text": "开始"
      }
    }
  },
  "Card.VoltMX.IntrotoSegmentTempV9.last": {
    "content": {
      "title": " 恭喜",
      "body": "<b> 您已成功创建了包含段的表单并为该段创建了行模板。</b><br/>\n\n<p>要了解有关 Volt MX Iris 的更多信息，请访问<a href='#'onClick='javascript:openURL(\"https://support.hcltechsw.com/\")'>大本营</a>.</p>"
    },
    "navigationBar": {
      "left": {
        "text": "上一个"
      },
      "right": {
        "text": "完成"
      }
    }
  },
  "Card.VoltMX.IntrotoSegmentTempV9.positionImg": {
    "content": {
      "title": "为图像分配位置",
      "body": "<ol><li>来自<b>属性</b>面板，导航到<b>看</b>选项卡。</li>\n<li> 在<b>弹性</b>部分，分配以下值：<ul>\n<li>左：<b>14 Dp</b></li>\n<li>宽度：<b>96 Dp</b></li>\n<li>身高：<b>93 Dp</b></li>\n<li>中心Y：<b>50%</b></li></ul></li></ol>"
    },
    "navigationBar": {
      "left": {
        "text": "上一个"
      },
      "right": {
        "text": "下一个"
      }
    }
  },
  "Card.VoltMX.IntrotoSegmentTempV9.positionLbl": {
    "content": {
      "title": "为标签分配位置",
      "body": "<ol><li>来自<b>属性</b>面板，导航到<b>看</b>选项卡。</li>\n<li> 在<b>弹性</b> 部分，分配以下值：<ul>\n<li>左：<b>167 Dp</b></li>\n<li>顶部：<b>7 Dp</b></li>\n<li>宽度：<b>220 Dp</b></li>\n<li>身高：<b>22 Dp</b></li></ul></li></ol>"
    },
    "navigationBar": {
      "left": {
        "text": "上一个"
      },
      "right": {
        "text": "下一个"
      }
    }
  },
  "Card.VoltMX.IntrotoSegmentTempV9.run": {
    "content": {
      "title": "运行应用程序",
      "body": "<ol>\n<li>使用 USB 数据线将设备连接到计算机。</li><li>打开<b>Volt MX 应用程序</b>在你的<b>手机</b>设备。</li><li>选择<b>USB</b>选项卡。</li><li>从 Iris 的左侧导航栏中，单击<b>运行</b>.</li><li>输入名称<b>雇员名单</b>然后点击<b>启动</b>. </li>您可以看到带有图像和标签的列表表单。</ol>"
    },
    "navigationBar": {
      "left": {
        "text": "上一个"
      },
      "right": {
        "text": "下一个"
      }
    }
  },
  "Card.VoltMX.IntrotoSegmentTempV9.segAction": {
    "content": {
      "title": "将动作分配给段",
      "body": "<ol><li>来自<b>属性</b>面板，导航到<b>行动</b>选项卡。</li>\n<li>对于<b>onRowClick</b>事件，点击<b>编辑</b>.<br/><b>动作编辑器</b>窗口出现。</li></ol>"
    },
    "navigationBar": {
      "left": {
        "text": "上一个"
      },
      "right": {
        "text": "下一个"
      }
    }
  },
  "Card.VoltMX.IntrotoSegmentTempV9.segAction1": {
    "content": {
      "title": "将动作分配给段",
      "body": "<ol>\n<li>从右上角<strong>动作编辑器</strong>画布，选择<strong>设计视图</strong>.</li>\n<li>来自<strong>动作编辑器</strong>左侧菜单，导航至<strong>客户</strong>&gt;<strong>显示警报</strong>.</li>\n<li>在右侧窗格中提供以下详细信息：<ul>\n<li>警报类型：<strong>信息</strong></li>\n<li>警报标题：<strong>点击段行！</strong></li>\n<li>是标签：<strong>好的</strong></li>\n<li>消息类型：<strong>表达式</strong></li>\n<li>警报消息：<strong>“您点击了行：”+this.view.employeeSegment.selectedRowIndex</strong></li>\n</ul>\n</li><li>点击<b>保存</b>.</li>\n</ol>"
    },
    "navigationBar": {
      "left": {
        "text": "上一个"
      },
      "right": {
        "text": "下一个"
      }
    }
  },
  "Card.VoltMX.IntrotoSegmentTempV9.segTemplate": {
    "content": {
      "title": "创建行模板",
      "body": "<ol><li>来自<b>项目</b>资源管理器，展开<b>手机</b> > <b>表格</b> > <b>frmList</b>.</li>\n<li>选择<b>雇员段</b>.</li></ol>"
    },
    "navigationBar": {
      "left": {
        "text": "上一个"
      },
      "right": {
        "text": "下一个"
      }
    }
  },
  "Card.VoltMX.IntrotoSegmentTempV9.segTemplate1": {
    "content": {
      "title": "创建行模板",
      "body": "<ol><li>来自<b>属性</b>面板，转到<b>段</b>选项卡。</li>\n<li>对于财产<b>行模板</b> ，从下拉列表中选择选项<b>新建</b>.<br/>在<b>模板</b>资源管理器。</li>\n<li>来自<b>模板</b>资源管理器，右键单击新模板并选择<b>重命名</b>.</li>\n<li>重命名模板<b>segmentTemp</b>.</li></ol>"
    },
    "navigationBar": {
      "left": {
        "text": "上一个"
      },
      "right": {
        "text": "下一个"
      }
    }
  },
  "Card.VoltMX.IntrotoSegmentTempV9.snLbl": {
    "content": {
      "title": "将皮肤分配给标签",
      "body": "<ol><li>来自<b>属性</b>面板，导航到<b>皮肤</b>选项卡。</li>\n<li> 在<b>字体</b> 部分，分配以下值：<br/>尺寸：<b>100%</b></li></ol>"
    },
    "navigationBar": {
      "left": {
        "text": "上一个"
      },
      "right": {
        "text": "下一个"
      }
    }
  },
  "Card.VoltMX.IntrotoSegmentTempV9.tempEditing": {
    "content": {
      "title": "内联模板编辑",
      "body": "<ol><li>来自<b>项目</b>资源管理器，展开<b>手机</b> > <b>表格</b> > <b>frmList</b>.</li>\n<li>选择<b>雇员段</b>.</li>\n<li>右键单击该段，在画布中选择<b>启用模板编辑</b>.</li>\n<li>选择标签<b>员工姓名</b>在画布内。</li>\n<li>来自<b>属性</b>面板，导航到<b>看</b>选项卡。<li> 在<b>弹性</b>部分，修改<br/>左：<b>143 Dp</b>.<br/>你可以看到变化反映在画布上所有标签的位置。</li>\n<li>右键单击该段，在画布中选择<b>禁用模板编辑</b>.</li></ol>"
    },
    "navigationBar": {
      "left": {
        "text": "上一个"
      },
      "right": {
        "text": "下一个"
      }
    }
  },
  "Card.VoltMX.IntrotoSegmentTempV9.uiTemp1": {
    "content": {
      "title": "FlexContainer的UI",
      "body": "<ol>\n<li>来自<strong>模板</strong>资源管理器，展开<strong>手机</strong>&gt;<strong>段</strong>&gt;<strong>segmentTemp</strong>.</li>\n<li>选择<strong>flexContainer</strong>在它下面。</li>\n<li>来自<strong>属性</strong>面板，导航到<strong>看</strong>选项卡。</li>\n<li>进行以下更改：<ul>\n<li> 在<strong>一般</strong>部分，ID：<strong>flxSeg</strong></li>\n<li> 在<strong>弹性</strong>部分，高度：<strong>84 Dp</strong></li>\n</ul>\n</li>\n</ol>"
    },
    "navigationBar": {
      "left": {
        "text": "上一个"
      },
      "right": {
        "text": "下一个"
      }
    }
  },
  "Card.VoltMX.IntrotoSegmentTempV9.uiTemp2": {
    "content": {
      "title": "为模板分配皮肤",
      "body": "<ol>\n<li>来自<strong>属性</strong>面板，导航到<strong>皮肤</strong>选项卡。</li>\n<li>下<strong>背景</strong> 部分，分配以下值：<ul>\n<li>类型：<strong>单色</strong></li>\n<li>对于<strong>颜色</strong> ，点击旁边的方块。</li>\n<li>对于#，输入以下值：<strong>bdbbbb</strong></li>\n<li>不透明度：<strong>100</strong></li>\n</ul>\n</li>\n</ol>"
    },
    "navigationBar": {
      "left": {
        "text": "上一个"
      },
      "right": {
        "text": "下一个"
      }
    }
  }
}