{
  "Card.VoltMX.IntrotoSegmentTempV9.Intro": {
    "content": {
      "title": "细分模板简介",
      "body": "***<p> <strong>让我们开始！</strong> <br /> <br />在这次导游中，我们将：</p> \n <ul> \n <li>创建一个段行模板</li> \n <li>将小部件添加到模板</li> \n <li>将模板分配给段窗口小部件</li> \n <li>使用内联编辑来修改模板</li> \n <li>分配一个段的行时，单击</li> \n </ul> \n <p>在开始之前，请确保您完成了远足：<ol> <li> <a class=\"tour-link\" tour=\"9b0f07t4-e9a8-49rb-83u2-876264n4\"> <strong> {22}段</strong> {23} </a> {24} </li> {25} <li> <a class=\"tour-link\" tour=\"06a5e8td-11a4-41r7-bbua-0696bane\"> {27} <strong> {28} {28}分配数据 要分段</strong> </a> </li> </ol>确保您打开与上面徒步4中创建的相同项目。<br />打开一个封闭的项目，从主菜单中，导航至<strong> 项目</strong>＆gt; <strong>打开</strong>＆gt; <strong> HCl参考架构</strong>＆gt; <strong>雇主</strong>。</p> \n <p> <br /> <strong>当您准备就绪时，单击“开始”！</strong> </p>"
    },
    "navigationBar": {
      "left": {
        "text": "以前的"
      },
      "right": {
        "text": "开始"
      }
    }
  },
  "Card.VoltMX.IntrotoSegmentTempV9.segTemplate": {
    "content": {
      "title": "创建行模板",
      "body": "***<ol> <li>来自<b> project </b>探索器，展开<b>移动</b>> <b> {6} form </b>> <b> frmlist </b>。</li>。{10} \n <li>选择<b>"
    },
    "navigationBar": {
      "left": {
        "text": "以前的"
      },
      "right": {
        "text": "下一个"
      }
    }
  },
  "Card.VoltMX.IntrotoSegmentTempV9.segTemplate1": {
    "content": {
      "title": "创建行模板",
      "body": "***<ol> <li>从<b> properties </b>面板，转到<b> sement </b> tab。</li> \n <li>在<b>常规</b>部分下，对于属性<b>行template </b>，从下拉列表中，选择“选项<b>创建新</b>”。<br/>。{14} \n <b>模板</b> explorer。 \n <li>从<b>模板</b>浏览器，右键单击的模板上右键单击为<b> tempxxxx </b>下<b> seagments </b>，select {24}，选择<b> rename </b>。 \n <li>将模板从<b> tempxxxx </b>重命名为<b> segmentTemp </b>。</li> </ol>"
    },
    "navigationBar": {
      "left": {
        "text": "以前的"
      },
      "right": {
        "text": "下一个"
      }
    }
  },
  "Card.VoltMX.IntrotoSegmentTempV9.uiTemp1": {
    "content": {
      "title": "flexcontainer的UI",
      "body": "***<ol> \n <li>从<strong>模板</strong>探索器，展开<strong>移动</strong>＆gt; <strong>段</strong>＆gt; <strong> segmentTemp </strong>。</li> \n <li>在其下选择<strong> flexcontainer </strong>。</li> \n <li>从<strong> properties </strong>面板，导航到<strong> look </strong> tab。</li> \n <li>进行以下更改： \n <ul> \n <li>在<strong>常规</strong>部分，id：<strong> flxSeg </strong> </li> {28} \n <li>在<strong> flex </strong>部分，高度：<strong> 84 dp </strong> </li> \n </ul> \n </li> \n </ol>"
    },
    "navigationBar": {
      "left": {
        "text": "以前的"
      },
      "right": {
        "text": "下一个"
      }
    }
  },
  "Card.VoltMX.IntrotoSegmentTempV9.uiTemp2": {
    "content": {
      "title": "将皮肤分配给模板",
      "body": "<ol> \n <li>从<strong>属性</strong>面板，导航到<strong> skin </strong> tab。</li> \n <li>在<strong>背景</strong>部分下，分配以下值： \n <ul> \n <li>类型：<strong>单色</strong> </li> \n <li>对于<strong>颜色</strong>，单击其旁边的正方形。</li> \n <li>对于＃，输入以下值：<strong> bdbbbb </strong> </li> \n <li>不透明度：<strong> 100 </strong> </li> \n </ul> \n </li> \n </ol>"
    },
    "navigationBar": {
      "left": {
        "text": "以前的"
      },
      "right": {
        "text": "下一个"
      }
    }
  },
  "Card.VoltMX.IntrotoSegmentTempV9.addingImg": {
    "content": {
      "title": "将图像添加到模板中",
      "body": "***<ol> \n <li>导航到<strong>默认库</strong>在您的虹膜左下方。</li> \n <li> <strong>默认库</strong>旁边，您将看到<strong>我的库</strong> tab和搜索图标<img src=\"https://i.ibb.co/gmMPVjC/search-Icon.png\" alt=\"search icon\" width=\"14\" height=\"14\" />。 单击搜索图标。</li> \n <li>在出现的搜索栏中，输入<strong> image </strong>。</li> \n <li>从结果中，在<strong>默认</strong>下，选择<strong> image </strong>。</li> \n <li>将<strong> image </strong>窗口小部件拖到<strong> flxseg </strong>上。</li> \n <li>来自<strong>模板</strong>探索器，右键单击<b> imagexxxx </b>下<b> segments </b>下的图像，select <strong> rename </strong>。 \n <li>从<b> imagexxxx </b>重命名图像到<strong> imgemployee </strong>。</li> \n </ol>"
    },
    "navigationBar": {
      "left": {
        "text": "以前的"
      },
      "right": {
        "text": "下一个"
      }
    }
  },
  "Card.VoltMX.IntrotoSegmentTempV9.positionImg": {
    "content": {
      "title": "将位置分配给图像",
      "body": "***<ol> <li>从<b> properties </b>面板，导航到<b> look </b> tab。</li> \n <li>在<b> flex </b>部分下，分配以下值：<ul> \n <li>左：<b> 14 dp </b> </li> \n <li>宽度：<b> 96 dp </b> </li> \n <li>高度：<b> 93 dp </b> </li> \n <li>中心y：<b> 50％</b> </li> </ul> </li> </ol> {29}"
    },
    "navigationBar": {
      "left": {
        "text": "以前的"
      },
      "right": {
        "text": "下一个"
      }
    }
  },
  "Card.VoltMX.IntrotoSegmentTempV9.addingLbl": {
    "content": {
      "title": "将标签添加到模板",
      "body": "***<ol> \n <li>导航到<strong>默认库</strong>在您的虹膜左下方。</li> \n <li> <strong>默认库</strong>旁边，您将看到<strong>我的库</strong> tab和搜索图标<img src=\"https://i.ibb.co/gmMPVjC/search-Icon.png\" alt=\"search icon\" width=\"14\" height=\"14\" />。 单击搜索图标。</li> \n <li>在出现的搜索栏中，输入<strong> label </strong>。</li> \n <li>从结果中，在<strong>默认</strong>下，选择<strong> label </strong>。</li> \n <li>将<strong> label </strong>窗口小部件拖到<strong> flxseg </strong>上。</li> \n <li>来自<strong>模板</strong>探索器，在<b> flxSeg </b>下的标签上右键单击，右键单击为<b> labelxxxx </b>，select <strong> rename </strong>。 \n <li>从<b> labelxxxx </b>重命名标签为<strong> \n </ol>"
    },
    "navigationBar": {
      "left": {
        "text": "以前的"
      },
      "right": {
        "text": "下一个"
      }
    }
  },
  "Card.VoltMX.IntrotoSegmentTempV9.positionLbl": {
    "content": {
      "title": "将位置分配给标签",
      "body": "***<ol> <li>从<b> properties </b>面板，导航到<b> look </b> tab。</li> \n <li>在<b> flex </b>部分下，分配以下值：<ul> \n <li>左：<b> 167 dp </b> </li> \n <li>顶部：<b> 7 dp </b> </li> \n <li>宽度：<b> 220 dp </b> </li> \n <li>高度：<b> 22 dp </b> </li> </ul> </li> {28} </ol>"
    },
    "navigationBar": {
      "left": {
        "text": "以前的"
      },
      "right": {
        "text": "下一个"
      }
    }
  },
  "Card.VoltMX.IntrotoSegmentTempV9.snLbl": {
    "content": {
      "title": "将皮肤分配给标签",
      "body": "<ol> <li>从<b> properties </b>面板，导航到<b> skin </b> tab。</li> \n <li>在<b> fonts </b>部分下，分配以下值：<br/> \n 尺寸：<b> 100％</b> </li> </ol>"
    },
    "navigationBar": {
      "left": {
        "text": "以前的"
      },
      "right": {
        "text": "下一个"
      }
    }
  },
  "Card.VoltMX.IntrotoSegmentTempV9.tempEditing": {
    "content": {
      "title": "内联模板编辑",
      "body": "***<ol> <li>来自<b> project </b>探索器，展开<b>移动</b>> <b> {6} form </b>> <b> frmlist </b>。</li>。{10} \n <li>选择<b> \n <li>在画布中，右键单击片段，选择<b>启用模板编辑</b>。</li> \n <li>在画布内选择标签<b> \n <li>从<b>属性</b>面板，导航到<b> look </b> tab。 \n <li>在<b> flex </b>部分下，修改<br/>左：<b> 143 dp </b>。<br/> \n  您可以看到更改反映在画布上所有标签的位置。</li> \n <li>在画布中，右键单击片段，选择<b>禁用模板编辑</b>。</li> </ol>"
    },
    "navigationBar": {
      "left": {
        "text": "以前的"
      },
      "right": {
        "text": "下一个"
      }
    }
  },
  "Card.VoltMX.IntrotoSegmentTempV9.segAction": {
    "content": {
      "title": "为细分分配操作",
      "body": "***<ol> <li>从<b> properties </b>面板，导航到<b> action </b> tab。</li> \n <li>对于<b> onRowClick </b>事件，单击<b> edit </b>。"
    },
    "navigationBar": {
      "left": {
        "text": "以前的"
      },
      "right": {
        "text": "下一个"
      }
    }
  },
  "Card.VoltMX.IntrotoSegmentTempV9.segAction1": {
    "content": {
      "title": "为细分分配操作",
      "body": "<ol> \n <li>从<strong>动作编辑器的顶角</strong>画布，选择<strong>设计视图</strong>。</li> \n <li>来自<strong>操作编辑器</strong>左菜单，在<strong> client </strong>会话下，选择<strong> show arter </strong>。</li> \n <li>在正确的窗格中提供以下细节： \n <ul> \n <li>警报类型：<strong> info </strong> </li> \n <li>警报标题：<strong>段行单击！</strong> </li> \n <li>是标签：<strong> OK </strong> </li> \n <li>消息类型：<strong>表达式</strong> </li> \n <li>警报消息：<strong>“您已经单击了行：”+this.view.employeesgement.selectedRowIndex </strong> </li> \n </ul> \n </li> <li>单击<b>保存</b>。</li> \n </ol>"
    },
    "navigationBar": {
      "left": {
        "text": "以前的"
      },
      "right": {
        "text": "下一个"
      }
    }
  },
  "Card.VoltMX.IntrotoSegmentTempV9.run": {
    "content": {
      "title": "运行应用程序",
      "body": "***<ol> \n <li>使用USB电缆将设备连接到计算机。 </li> <li>在您的<b>移动</b> device。 从虹膜上的左导航栏中，单击<b>运行</b>。</li> <li>输入name <b> applayerist </b>，然后单击<b>启动</b>。 <br>您可以看到带有图像和标签的列表表单。</li> <li>单击一行，并将显示您在上一张卡中定义的警报。</li> </ol>"
    },
    "navigationBar": {
      "left": {
        "text": "以前的"
      },
      "right": {
        "text": "下一个"
      }
    }
  },
  "Card.VoltMX.IntrotoSegmentTempV9.last": {
    "content": {
      "title": "恭喜",
      "body": "***<b>您已成功创建了一个带有段的表单，并为该段创建了一个行模板。</b> <br/> \n\n <p>要了解有关您可以使用Volt MX Iris做什么的更多信息，请访问<a href='#'onClick='javascript:openURL(\"https://support.hcltechsw.com/\")'>基本营</a>。"
    },
    "navigationBar": {
      "left": {
        "text": "以前的"
      },
      "right": {
        "text": "完毕"
      }
    }
  }
}