{
  "kuid": "3d1a2dt7-b4ac-4dra-81u0-6c56fan5",
  "id": "VoltMX.NewLaunchMobApp.Intro",
  "content": {
    "title": "Welcome to Volt MX Iris",
    "body": "<p><strong>Let&rsquo;s get started!</strong></p>\n<p>In this hike, we will:</p>\n<ul>\n<li>Import a sample native app that shows lists of Accounts and Recipients.</li>\n<li>Preview the sample app on a mobile device.</li>\n</ul><br/>\nBefore you get started,\n<ul><li>Install the <b>Volt MX App</b> on your mobile  device from the <a href='#'onClick='javascript:openURL(\"https://play.google.com/store/apps/developer?id=HCL+Software\")'>Google Play Store</a> or the <a href='#'onClick='javascript:openURL(\"https://apps.apple.com/us/developer/hcl-america-inc/id392909135\")'>App Store</a>.</li><li>\nDownload and extract the sample csv file from <a href='#'onClick='javascript:openURL(\"https://github.com/HCL-TECH-SOFTWARE/volt-mx-tutorials/raw/master/public/samples/SampleCSV.zip\")'>here</a>.<br/>Note the location of the extracted file.</li></ul><br/>\n<p><strong>When you are ready, click Start!</strong></p>"
  },
  "pointer": {
    "direction": "left",
    "element": "",
    "type": "none"
  },
  "navigationType": "manual",
  "navigationBar": {
    "left": {
      "text": "Previous",
      "enable": false,
      "hide": true
    },
    "right": {
      "text": "Start",
      "enable": true,
      "hide": false
    }
  },
  "navigationCondition": "",
  "position": "CENTER",
  "meta": {
    "Creator": "Prem Garudadri",
    "CreatedOn": "Wed, 18 Dec 2019 09:11:39 GMT"
  },
  "context": [],
  "localization": {
    "en-us": {
      "content": {
        "title": "Welcome to Volt MX Iris",
        "body": "<p><strong>Let&rsquo;s get started!</strong></p>\n<p>In this hike, we will:</p>\n<ul>\n<li>Import a sample native app that shows lists of Accounts and Recipients.</li>\n<li>Preview the sample app on a mobile device.</li>\n</ul><br/>\nBefore you get started,\n<ul><li>Install the <b>Volt MX App</b> on your mobile  device from the <a href='#'onClick='javascript:openURL(\"https://play.google.com/store/apps/developer?id=HCL+Software\")'>Google Play Store</a> or the <a href='#'onClick='javascript:openURL(\"https://apps.apple.com/us/developer/hcl-america-inc/id392909135\")'>App Store</a>.</li><li>\nDownload and extract the sample csv file from <a href='#'onClick='javascript:openURL(\"https://github.com/HCL-TECH-SOFTWARE/volt-mx-tutorials/raw/master/public/samples/SampleCSV.zip\")'>here</a>.<br/>Note the location of the extracted file.</li></ul><br/>\n<p><strong>When you are ready, click Start!</strong></p>"
      },
      "navigationBar": {
        "left": {
          "text": "Previous"
        },
        "right": {
          "text": "Start"
        }
      }
    },
    "zh-cn": {
      "content": {
        "title": "欢迎来到Volt MX Iris",
        "body": "***<p> <strong>让我开始！</strong> </p> \n <p>在这次远足中，我们将：</p> \n <ul> \n <li>导入一个示例本机应用程序，显示帐户和收件人的列表。</li> \n <li>在移动设备上预览示例应用程序。</li> \n </ul> <br/> \n 在开始之前， \n <ul> <li>从<a href='#'onClick='javascript:openURL(\"https://play.google.com/store/apps/developer?id=HCL+Software\")'> Google Play商店</a>或<a href='#'onClick='javascript:openURL(\"https://apps.apple.com/us/developer/hcl-america-inc/id392909135\")'> App Store </a>。 \n 从<a href='#'onClick='javascript:openURL(\"https://github.com/HCL-TECH-SOFTWARE/volt-mx-tutorials/raw/master/public/samples/SampleCSV.zip\")'>此处</a>下载并提取示例CSV文件。<br/>注意提取的文件的位置。</li> </ul> {27} <br/> \n <p> <strong>您准备就绪时，单击“开始”！</strong> </p>"
      },
      "navigationBar": {
        "left": {
          "text": "以前的"
        },
        "right": {
          "text": "开始"
        }
      }
    },
    "zh-tw": {
      "content": {
        "title": "歡迎來到Volt MX Iris",
        "body": "***<p> <strong>讓我開始！</strong> </p> \n <p>在這次遠足中，我們將：</p> \n <ul> \n <li>導入一個示例本機應用程序，顯示帳戶和收件人的列表。</li> \n <li>在移動設備上預覽示例應用程序。</li> \n </ul> <br/> \n 在開始之前， \n <ul> <li>從<a href='#'onClick='javascript:openURL(\"https://play.google.com/store/apps/developer?id=HCL+Software\")'> Google Play商店</a>或<a href='#'onClick='javascript:openURL(\"https://apps.apple.com/us/developer/hcl-america-inc/id392909135\")'> App Store </a>。 \n 從<a href='#'onClick='javascript:openURL(\"https://github.com/HCL-TECH-SOFTWARE/volt-mx-tutorials/raw/master/public/samples/SampleCSV.zip\")'>此處</a>下載並提取示例CSV文件。<br/>注意提取的文件的位置。</li> </ul> {27} <br/> \n <p> <strong>您準備就緒時，單擊“開始”！</strong> </p>"
      },
      "navigationBar": {
        "left": {
          "text": "以前的"
        },
        "right": {
          "text": "開始"
        }
      }
    }
  }
}