{
    "kuid": "3bace6t9-97a9-4drc-9cu7-4b381dna",
    "id": "VoltMX.UsingTestRecorder_v9.testCase3",
    "content": {
        "title": "Adding Wait for the Second Test Case",
        "body": "<ol>\n<li>From the <strong>Test Case Recorder</strong> window, click <strong>Stop</strong>.</li>\n<li>From the <strong>Test Case Recorder</strong> canvas, click the <strong>+</strong> icon and select <strong>Wait</strong>.</li>\n<li>Modify the following fields:\n<ul>\n<li>Wait in ms: <strong>2000</strong></li>\n</ul>\n</li>\n<li>From the top right corner of the <strong>Test Case Recorder</strong> Window screen, click <strong>Save</strong>.<br />You have successfully created your second test case.</li>\n<li>Close the <strong>Test Case Recorder</strong> window.</li>\n</ol>"
    },
    "pointer": {
        "direction": "left",
        "element": "",
        "type": "none"
    },
    "navigationType": "manual",
    "navigationBar": {
        "left": {
            "text": "Previous",
            "enable": true,
            "hide": false
        },
        "right": {
            "text": "Next",
            "enable": true,
            "hide": false
        }
    },
    "navigationCondition": "",
    "position": "BOTTOM_RIGHT",
    "meta": {
        "Creator": "Rashmi Menon",
        "CreatedOn": "Thu, 27 Feb 2020 09:08:47 GMT"
    },
    "context": []
}