{
  "kuid": "c56be9t4-b3a0-40rd-9eu2-0f8c56n5",
  "id": "VoltMX.IntroductiontoSegmentV9.view",
  "content": {
    "title": "View the App",
    "body": "<ol><li>On your <b>Volt MX App</b>, click <b>Launch</b>.</li>\n<li>You may see an <b>Application Name</b> text box. If there is a text box, enter <b>EmployeeList</b> and then click <b>Launch</b>.</li>\n<li>The form with the list appears.</li>\n<li>To <b>Exit</b> the app on your <b>mobile</b> device, swipe two fingers from left to right or shake your mobile or tablet and click <b>Exit App</b>. </li></ol>"
  },
  "pointer": {
    "direction": "left",
    "element": "",
    "type": "none"
  },
  "navigationType": "manual",
  "navigationBar": {
    "left": {
      "text": "Previous",
      "enable": true,
      "hide": false
    },
    "right": {
      "text": "Next",
      "enable": true,
      "hide": false
    }
  },
  "navigationCondition": "",
  "position": "BOTTOM_RIGHT",
  "meta": {
    "Creator": "Rashmi Menon",
    "CreatedOn": "Mon, 25 Nov 2019 10:23:37 GMT"
  },
  "context": [],
  "localization": {
    "en-us": {
      "content": {
        "title": "View the App",
        "body": "<ol><li>On your <b>Volt MX App</b>, click <b>Launch</b>.</li>\n<li>You may see an <b>Application Name</b> text box. If there is a text box, enter <b>EmployeeList</b> and then click <b>Launch</b>.</li>\n<li>The form with the list appears.</li>\n<li>To <b>Exit</b> the app on your <b>mobile</b> device, swipe two fingers from left to right or shake your mobile or tablet and click <b>Exit App</b>. </li></ol>"
      },
      "navigationBar": {
        "left": {
          "text": "Previous"
        },
        "right": {
          "text": "Next"
        }
      }
    },
    "zh-cn": {
      "content": {
        "title": "查看应用程序",
        "body": "<ol> <li>在您的<b> volt mx app </b>上，单击<b>启动</b>。</li> \n <li>您可能会看到<b>应用程序名称</b>文本框。 如果有一个文本框，请输入<b> applayerist </b>，然后单击<b>启动</b>。</li> \n <li>出现带有列表的表单。</li> \n <li>到<b>退出</b>您的<b>移动</b>设备上的应用程序，从左到右滑动两个手指，或摇动手机或平板电脑，然后单击<b> Exit App </b>。 </li> </ol>"
      },
      "navigationBar": {
        "left": {
          "text": "以前的"
        },
        "right": {
          "text": "下一个"
        }
      }
    },
    "zh-tw": {
      "content": {
        "title": "查看應用程序",
        "body": "<ol> <li>在您的<b> volt mx app </b>上，單擊<b>啟動</b>。</li> \n <li>您可能會看到<b>應用程序名稱</b>文本框。 如果有一個文本框，請輸入<b> applayerist </b>，然後單擊<b>啟動</b>。</li> \n <li>出現帶有列表的表單。</li> \n <li>到<b>退出</b>您的<b>移動</b>設備上的應用程序，從左到右滑動兩個手指，或搖動手機或平板電腦，然後單擊<b> Exit App </b>。 </li> </ol>"
      },
      "navigationBar": {
        "left": {
          "text": "以前的"
        },
        "right": {
          "text": "下一個"
        }
      }
    }
  }
}