{
  "Card.VoltMX.ConnectAppUItoDataMob_v9.intro": {
    "content": {
      "title": "将应用程序UI连接到服务",
      "body": "***<p>在这次远足中，我们将：</p> \n <ul> \n <li>将帐户和收件人形式的UI元素与服务</li>连接 \n </ul> \n <p>在开始之前，完成远足：</p> \n <ol> <b> \n <li> <a class=\"tour-link\" tour=\"7408efte-e2aa-4cr8-a9ub-d7ba36n8\">启动您的第一个移动应用</a> </li> <li> {14} <a class=\"tour-link\" tour=\"a617eft5-7ca8-4ard-8eu8-94cdean5\">从集合</a> {16} </li> {17} <li> {199} <a class=\"tour-link\" tour=\"15d8c7t4-cda7-40rb-afu7-345cfcnc\"> {19}添加身份验证到App </a> </li>} {21} \n <li> <a class=\"tour-link\" tour=\"a7a762t5-3eac-44r5-8bu2-89b781n1\">为本机应用创建服务</a> </li> </b> \n </ol> \n <p>确保您打开与上面徒步旅行2中创建的相同项目。</p> \n <p>打开一个封闭的项目，从主菜单导航到＆nbsp; <strong> project </strong>＆nbsp;＆gt;＆nbsp;＆nbsp; <strong> open </strong> }＆nbsp;＆gt;＆nbsp; <strong>收件人mobapp </strong>。 </p> <br/> \n <p> <strong>您准备就绪时，单击“开始”！</strong> </p>"
    },
    "navigationBar": {
      "left": {
        "text": "以前的"
      },
      "right": {
        "text": "开始"
      }
    }
  },
  "Card.VoltMX.ConnectAppUItoDataMob_v9_preshow": {
    "content": {
      "title": "帐户表格表",
      "body": "***<ol> \n <li>从<strong> project </strong>探索器，导航到<strong>移动</strong>> <strong> forms </strong>，然后选择<strong> frmaccount </strong>。</li>。{10} \n <li>从虹膜的右上角，导航到<strong>属性</strong>面板，然后选择<strong>操作</strong> tab。</li> \n <li>在<strong>常规</strong>部分下，对于<strong> preshow </strong>事件，单击<strong> edit </strong>。 27} <li>从<b>动作编辑器的顶端角从右上角</b>窗口，选择<strong>设计视图</strong>。</li> \n </ol>"
    },
    "navigationBar": {
      "left": {
        "text": "以前的"
      },
      "right": {
        "text": "下一个"
      }
    }
  },
  "Card.VoltMX.ConnectAppUItoDataMob_v9.preShow1": {
    "content": {
      "title": "调用服务动作",
      "body": "***<ol> \n <li>从＆nbsp; <strong>操作编辑器的左菜单中，在<strong>网络</strong> e节下，选择＆nbsp; <strong>加载指示器</strong>。</li> {8} \n <li>从＆nbsp; <strong>操作编辑器的左菜单中，在<strong>网络</strong> e节下，选择＆nbsp; <strong> Indoke Service </strong>。</li>。{16} \n <li>来自＆nbsp; <strong>操作编辑器的右窗格，对于<strong>选择{20}选择服务</strong>，从下拉列表中，Select＆nbsp; <strong> accountStorage1 $ accounts </strong>。{{23}。{{ 24} <strong>注意：</strong>选择唯一名称以创建新的serivce </li> \n <li>对于<strong>选择方法</strong>，从下拉列表中，选择＆nbsp; <strong> get </strong>。</li> \n </ol>"
    },
    "navigationBar": {
      "left": {
        "text": "以前的"
      },
      "right": {
        "text": "下一个"
      }
    }
  },
  "Card.VoltMX.ConnectAppUItoDataMob_v9.mapping": {
    "content": {
      "title": "添加映射操作",
      "body": "<ol> \n <li>来自<strong>操作编辑器</strong> canvas，在<strong> Indoke Service </strong>下，选择<strong> callback </strong>。</li> \n <li>从<strong>操作编辑器的左菜单</strong>下，在<strong> mapping </strong>下，选择<strong>添加映射</strong>。<br /> <strong> mapping Editor </strong> window 出现。</li> \n <li>从<strong>映射编辑器的左窗格</strong>，展开<strong> services </strong>＆gt; <strong> service-accountstorage1 $帐户$ get </strong>，然后选择<strong>记录{Collection} </strong>。</li> \n <li>从<strong>映射编辑器的右窗格</strong>，展开<strong> forms </strong>＆gt; <strong> frmaccount </strong>＆gt; <strong> segment-segaccount </strong>＆gt; <strong> MasterDataMap </strong>并选择<strong> RowData {Collection} </strong>。</li> \n </ol>"
    },
    "navigationBar": {
      "left": {
        "text": "以前的"
      },
      "right": {
        "text": "下一个"
      }
    }
  },
  "Card.VoltMX.ConnectAppUItoDataMob_v9.mapping1": {
    "content": {
      "title": "将映射添加到UI元素",
      "body": "***<ol> \n <li>从映射编辑器的左窗格展开<strong>记录{Collection}。 \n <li>将映射编辑器中的以下元素从左窗格到右窗格映射。 \n <ul> \n <li>从映射编辑器的左窗格中，选择<strong> accountName {string} </strong> {12}。 } text {string} </strong>。</li> \n <li>从映射编辑器的左窗格中，选择<strong> balance {string} </strong>。 } text {string} </strong>。</li> \n </ul> \n </li> \n </ol>"
    },
    "navigationBar": {
      "left": {
        "text": "以前的"
      },
      "right": {
        "text": "下一个"
      }
    }
  },
  "Card.VoltMX.ConnectAppUItoDataMob_v9.static": {
    "content": {
      "title": "添加静态表达",
      "body": "***<ol> \n <li>从＆nbsp; <strong>映射编辑器</strong>的右窗格中，展开＆nbsp; <strong> label-lblline＆nbsp; </strong>，然后右键单击on＆nbsp; <strong> text {string} {string} </strong> {7} {7} {7}和select＆nbsp; <strong>添加表达式</strong>。</li> \n <li>在出现的框中，添加以下表达式：<br /> <span style=\"background-color: #999999;\"> <strong>“” </strong> </span> <br /> {17} {17}单击框外的任何地方以关闭它。</li> \n <li>从＆nbsp; <strong>操作编辑器的左菜单中，在<strong>网络</strong>部分下，选择＆nbsp; <strong>加载指示器</strong>。</li>。{26} \n <li>从操作编辑器的右窗格中，for＆nbsp; <strong>加载指示器</strong>，select＆nbsp; <strong> impland </strong>。</li>。{32} \n <li>单击＆nbsp; <strong>保存</strong>。</li> \n </ol>"
    },
    "navigationBar": {
      "left": {
        "text": "以前的"
      },
      "right": {
        "text": "下一个"
      }
    }
  },
  "Card.VoltMX.ConnectAppUItoDataMob_v9.recipients": {
    "content": {
      "title": "将服务添加到收件人表格",
      "body": "***<ol> \n <li>来自＆nbsp; <strong> project </strong>资源管理器，导航到＆nbsp; <strong>移动</strong>＆nbsp;＆nbsp;＆nbsp;＆nbsp;＆nbsp;＆nbsp; <strong> forms </strong>和select＆nbsp; <strong> frmrecipients </strong> 9}。 </li> \n <li>从Iris的右上角，导航到<strong>属性＆nbsp; </strong>面板，然后选择<strong>操作</strong> tab。</li> \n <li>在<strong>常规＆nbsp; </strong>部分中，对于<strong> preshow </strong>事件，单击<strong> edit </strong>。 </li> <li>从<b>操作编辑器的顶角</b>窗口，选择<strong>设计视图</strong>。</li> \n\n </ol>"
    },
    "navigationBar": {
      "left": {
        "text": "以前的"
      },
      "right": {
        "text": "下一个"
      }
    }
  },
  "Card.VoltMX.ConnectAppUItoDataMob_v9.recipients1": {
    "content": {
      "title": "调用服务动作",
      "body": "***<ol> \n <li>从＆nbsp; <strong>操作编辑器的左菜单中，在<strong>网络</strong> e节下，选择＆nbsp; <strong>加载指示器</strong>。</li> {8} \n <li>从＆nbsp; <strong>操作编辑器的左菜单中，在<strong>网络</strong> e节下，选择＆nbsp; <strong> Indoke Service </strong>。</li>。{16} \n <li>来自＆nbsp; <strong>动作编辑器的右窗格，对于<strong>选择{20}选择Service </strong>，从下拉列表中，Select＆nbsp; <strong> covertientStorage1 $co点面</strong>。{23}。{ 24} \n <li>对于<strong>选择方法</strong>，从下拉列表中，选择＆nbsp; <strong> get </strong>。</li> \n </ol>"
    },
    "navigationBar": {
      "left": {
        "text": "以前的"
      },
      "right": {
        "text": "下一个"
      }
    }
  },
  "Card.VoltMX.ConnectAppUItoDataMob_v9.service1": {
    "content": {
      "title": "调用服务动作",
      "body": "***<ol> \n <li>来自<strong>操作编辑器</strong> canvas，在<strong> Indoke Service </strong>下，选择<strong> callback </strong>。</li> \n <li>从<strong>操作编辑器的左菜单，在<strong> mapping </strong>部分下，选择<strong>添加映射</strong>。 \n <br/> <strong>映射编辑器</strong>窗口出现。</li> \n <li>从<strong>映射编辑器的左窗格</strong>，展开<strong> services </strong>＆gt; <strong> service-coctientStorage1 $收件人$ get </strong>，然后选择<strong>记录{Collection} </strong>。</li> \n <li>从<strong>映射编辑器的右窗格</strong>，展开<strong> forms </strong>＆gt; <strong> frmrecipient </strong>＆gt; <strong>段 -  segrecipient </strong>＆gt; <strong> MasterDataMap </strong>并选择<strong> RowData {Collection} </strong>。</li> \n <li>在左窗格中展开<b>记录{collection} </b>，<b> rowdata {collection} </b>在右窗格中。</li> \n </ol>"
    },
    "navigationBar": {
      "left": {
        "text": "以前的"
      },
      "right": {
        "text": "下一个"
      }
    }
  },
  "Card.VoltMX.ConnectAppUItoDataMob_v9.mappingUI": {
    "content": {
      "title": "将服务映射到UI元素",
      "body": "***<p>映射从左窗格到右窗格中映射编辑器中的以下元素。</p> \n <ul> \n <li>从映射编辑器的左窗格中，选择<strong> conterientId {number} </strong> {5}。 } text {string} </strong>。 <br/>出现一个新窗口，询问您是否要继续映射不匹配的元素，然后单击<strong> ok </strong>。</li> \n <li>从映射编辑器的左窗格中，选择<strong> firstName {string} </strong>。 选择文本{string} </strong>。</li> \n </ul>"
    },
    "navigationBar": {
      "left": {
        "text": "以前的"
      },
      "right": {
        "text": "下一个"
      }
    }
  },
  "Card.VoltMX.ConnectAppUItoDataMob_v9.mappingUI1": {
    "content": {
      "title": "将服务映射到UI元素",
      "body": "***<ul> \n <li>从映射编辑器的左窗格中，选择<strong> lastName {string} </strong> {3}。 } text {string} </strong>。</li> \n <li>从映射编辑器的左窗格中，选择<strong> phone {string} </strong>。 } text {string} </strong>。</li> \n </ul>"
    },
    "navigationBar": {
      "left": {
        "text": "以前的"
      },
      "right": {
        "text": "下一个"
      }
    }
  },
  "Card.VoltMX.ConnectAppUItoDataMob_v9.dismiss": {
    "content": {
      "title": "解雇加载指示器",
      "body": "***<ol> \n <li>从<strong>操作编辑器的左菜单</strong>，在<strong>网络</strong> e节下，选择＆nbsp; <strong>加载指示器</strong>。</li>。{8} \n <li>从操作编辑器的右窗格中，for＆nbsp; <strong>加载指示器</strong>，select＆nbsp; <strong> implor </strong>。</li> \n <li>单击＆nbsp; <strong>保存</strong>。</li> \n </ol>"
    },
    "navigationBar": {
      "left": {
        "text": "以前的"
      },
      "right": {
        "text": "下一个"
      }
    }
  },
  "Card.VoltMX.ConnectAppUItoDataMob_v9.nav": {
    "content": {
      "title": "从收件人列表中导航",
      "body": "<ol> \n <li>来自<strong> project Explorer </strong>，展开<strong> frmrecipient </strong>＆gt; <strong> FlexRecipientList </strong>＆gt; <strong> flexheader，</strong>，然后选择<strong> headerButtonLeft </strong>。</li> \n <li>从<strong>属性</strong>面板，导航到<strong> action </strong> tab。</li> \n <li>对于<strong> onClick </strong>事件，单击<strong> edit </strong>。 <br /> <strong>操作编辑器</strong>窗口出现。</li> \n </ol>"
    },
    "navigationBar": {
      "left": {
        "text": "以前的"
      },
      "right": {
        "text": "下一个"
      }
    }
  },
  "Card.VoltMX.ConnectAppUItoDataMob_v9.nav1": {
    "content": {
      "title": "从收件人列表屏幕导航",
      "body": "<ol> \n <li>从<strong>操作编辑器</strong>左菜单，在<strong>常规</strong>章节下，选择<strong>导航至form </strong>。</li> \n <li>从右窗格中，选择<strong> frmaccount </strong>。</li> \n <li>单击<strong>保存</strong>。</li> \n </ol>"
    },
    "navigationBar": {
      "left": {
        "text": "以前的"
      },
      "right": {
        "text": "下一个"
      }
    }
  },
  "Card.VoltMX.ConnectAppUItoDataMob_v9.openApp": {
    "content": {
      "title": "Volt MX应用程序",
      "body": "<ol> \n <li>使用USB电缆将移动设备连接到计算机。<br />对于Android移动设备，请确保将USB的使用设置为<strong>传输文件</strong>。<br />用于iOS移动设备，请确保 <strong>信任</strong>已在您的设备和计算机之间建立。</li> \n <li>在您的移动设备上启动<strong> volt mx app </strong>。</li> \n <li>选择<strong> USB </strong>选项卡。 \n <br/>在成功的连接上，<strong> iris </strong>在您的计算机上显示成功提示。</li> \n </ol>"
    },
    "navigationBar": {
      "left": {
        "text": "以前的"
      },
      "right": {
        "text": "下一个"
      }
    }
  },
  "Card.VoltMX.ConnectAppUItoDataMob_v9.run": {
    "content": {
      "title": "运行应用程序",
      "body": "***<ol> \n <li>从左导航栏中，单击＆nbsp; <strong>运行</strong>。<br /> {4} iris将需要一些时间才能显示＆nbsp; <strong> Live Preview已准备就绪</strong> </li> {7} {7} \n <li>虹膜在您的<strong> volt mx app </strong>上运行应用程序后，单击＆nbsp; <strong>启动</strong>。</li> \n <li>您可以看到AN＆nbsp; <strong>应用程序名称＆nbsp; </strong>文本框。 如果有一个文本框，请输入＆nbsp; <strong>收件人mobapp </strong>，然后单击＆nbsp; <strong>启动</strong>。</li> \n </ol>"
    },
    "navigationBar": {
      "left": {
        "text": "以前的"
      },
      "right": {
        "text": "下一个"
      }
    }
  },
  "Card.VoltMX.ConnectAppUItoDataMob_v9.launch": {
    "content": {
      "title": "查看应用程序",
      "body": "<ol> \n <li>在您的应用中输入以下登录凭据： \n <ul style=\"list-style-type: disc\"> \n <li>用户名：＆nbsp; <strong> john.doe@woodburn.com </strong> </li> \n <li>密码：＆nbsp; <strong> voltmx@123 </strong> </li> \n </ul> \n </li> \n <li> click＆nbsp; <strong>登录＆nbsp; </strong>查看帐户列表。</li> \n <li>单击＆nbsp; <strong>收件人</strong>查看收件人列表。</li> \n <li>在您的＆nbsp; <strong>移动</strong>设备上退出应用程序，从左到右刷两个手指，或摇动您的＆nbsp; <strong>移动</strong>设备，然后单击＆nbsp; <strong> exit app </strong>。 </li> \n </ol>"
    },
    "navigationBar": {
      "left": {
        "text": "以前的"
      },
      "right": {
        "text": "下一个"
      }
    }
  },
  "Card.VoltMX.ConnectAppUItoDataMob_v9.done": {
    "content": {
      "title": "恭喜",
      "body": "***<p>您已经成功：</p> \n <ul> \n <li> <strong>集成服务与表格</strong> </li>的UI元素 \n </ul> \n <p>学习如何创建收件人详细信息并添加功能以删除收件人，请查看下一个徒步旅行：</p> <a class=\"tour-link\" tour=\"db7f07t9-c0a5-4erb-89u0-fab1ean8\"> {10} <b> 6。 创建收件人详细信息</b> </a>。"
    },
    "navigationBar": {
      "left": {
        "text": "以前的"
      },
      "right": {
        "text": "完毕"
      }
    }
  }
}