{
  "Card.VoltMX.ConnectAppUItoDataMob_v9.intro": {
    "content": {
      "title": "將應用程序UI連接到服務",
      "body": "***<p>在這次遠足中，我們將：</p> \n <ul> \n <li>將帳戶和收件人形式的UI元素與服務</li>連接 \n </ul> \n <p>在開始之前，完成遠足：</p> \n <ol> <b> \n <li> <a class=\"tour-link\" tour=\"7408efte-e2aa-4cr8-a9ub-d7ba36n8\">啟動您的第一個移動應用</a> </li> <li> {14} <a class=\"tour-link\" tour=\"a617eft5-7ca8-4ard-8eu8-94cdean5\">從集合</a> {16} </li> {17} <li> {199} <a class=\"tour-link\" tour=\"15d8c7t4-cda7-40rb-afu7-345cfcnc\"> {19}添加身份驗證到App </a> </li>} {21} \n <li> <a class=\"tour-link\" tour=\"a7a762t5-3eac-44r5-8bu2-89b781n1\">為本機應用創建服務</a> </li> </b> \n </ol> \n <p>確保您打開與上面徒步旅行2中創建的相同項目。</p> \n <p>打開一個封閉的項目，從主菜單導航到＆nbsp; <strong> project </strong>＆nbsp;＆gt;＆nbsp;＆nbsp; <strong> open </strong> }＆nbsp;＆gt;＆nbsp; <strong>收件人mobapp </strong>。 </p> <br/> \n <p> <strong>您準備就緒時，單擊“開始”！</strong> </p>"
    },
    "navigationBar": {
      "left": {
        "text": "以前的"
      },
      "right": {
        "text": "開始"
      }
    }
  },
  "Card.VoltMX.ConnectAppUItoDataMob_v9_preshow": {
    "content": {
      "title": "帳戶表格表",
      "body": "***<ol> \n <li>從<strong> project </strong>探索器，導航到<strong>移動</strong>> <strong> forms </strong>，然後選擇<strong> frmaccount </strong>。</li>。{10} \n <li>從虹膜的右上角，導航到<strong>屬性</strong>面板，然後選擇<strong>操作</strong> tab。</li> \n <li>在<strong>常規</strong>部分下，對於<strong> preshow </strong>事件，單擊<strong> edit </strong>。 27} <li>從<b>動作編輯器的頂端角從右上角</b>窗口，選擇<strong>設計視圖</strong>。</li> \n </ol>"
    },
    "navigationBar": {
      "left": {
        "text": "以前的"
      },
      "right": {
        "text": "下一個"
      }
    }
  },
  "Card.VoltMX.ConnectAppUItoDataMob_v9.preShow1": {
    "content": {
      "title": "調用服務動作",
      "body": "***<ol> \n <li>從＆nbsp; <strong>操作編輯器的左菜單中，在<strong>網絡</strong> e節下，選擇＆nbsp; <strong>加載指示器</strong>。</li> {8} \n <li>從＆nbsp; <strong>操作編輯器的左菜單中，在<strong>網絡</strong> e節下，選擇＆nbsp; <strong> Indoke Service </strong>。</li>。{16} \n <li>來自＆nbsp; <strong>操作編輯器的右窗格，對於<strong>選擇{20}選擇服務</strong>，從下拉列表中，Select＆nbsp; <strong> accountStorage1 $ accounts </strong>。{{23}。{{ 24} <strong>注意：</strong>選擇唯一名稱以創建新的serivce </li> \n <li>對於<strong>選擇方法</strong>，從下拉列表中，選擇＆nbsp; <strong> get </strong>。</li> \n </ol>"
    },
    "navigationBar": {
      "left": {
        "text": "以前的"
      },
      "right": {
        "text": "下一個"
      }
    }
  },
  "Card.VoltMX.ConnectAppUItoDataMob_v9.mapping": {
    "content": {
      "title": "添加映射操作",
      "body": "<ol> \n <li>來自<strong>操作編輯器</strong> canvas，在<strong> Indoke Service </strong>下，選擇<strong> callback </strong>。</li> \n <li>從<strong>操作編輯器的左菜單</strong>下，在<strong> mapping </strong>下，選擇<strong>添加映射</strong>。<br /> <strong> mapping Editor </strong> window 出現。</li> \n <li>從<strong>映射編輯器的左窗格</strong>，展開<strong> services </strong>＆gt; <strong> service-accountstorage1 $帳戶$ get </strong>，然後選擇<strong>記錄{Collection} </strong>。</li> \n <li>從<strong>映射編輯器的右窗格</strong>，展開<strong> forms </strong>＆gt; <strong> frmaccount </strong>＆gt; <strong> segment-segaccount </strong>＆gt; <strong> MasterDataMap </strong>並選擇<strong> RowData {Collection} </strong>。</li> \n </ol>"
    },
    "navigationBar": {
      "left": {
        "text": "以前的"
      },
      "right": {
        "text": "下一個"
      }
    }
  },
  "Card.VoltMX.ConnectAppUItoDataMob_v9.mapping1": {
    "content": {
      "title": "將映射添加到UI元素",
      "body": "***<ol> \n <li>從映射編輯器的左窗格展開<strong>記錄{Collection}。 \n <li>將映射編輯器中的以下元素從左窗格到右窗格映射。 \n <ul> \n <li>從映射編輯器的左窗格中，選擇<strong> accountName {string} </strong> {12}。 } text {string} </strong>。</li> \n <li>從映射編輯器的左窗格中，選擇<strong> balance {string} </strong>。 } text {string} </strong>。</li> \n </ul> \n </li> \n </ol>"
    },
    "navigationBar": {
      "left": {
        "text": "以前的"
      },
      "right": {
        "text": "下一個"
      }
    }
  },
  "Card.VoltMX.ConnectAppUItoDataMob_v9.static": {
    "content": {
      "title": "添加靜態表達",
      "body": "***<ol> \n <li>從＆nbsp; <strong>映射編輯器</strong>的右窗格中，展開＆nbsp; <strong> label-lblline＆nbsp; </strong>，然後右鍵單擊on＆nbsp; <strong> text {string} {string} </strong> {7} {7} {7}和select＆nbsp; <strong>添加表達式</strong>。</li> \n <li>在出現的框中，添加以下表達式：<br /> <span style=\"background-color: #999999;\"> <strong>“” </strong> </span> <br /> {17} {17}單擊框外的任何地方以關閉它。</li> \n <li>從＆nbsp; <strong>操作編輯器的左菜單中，在<strong>網絡</strong>部分下，選擇＆nbsp; <strong>加載指示器</strong>。</li>。{26} \n <li>從操作編輯器的右窗格中，for＆nbsp; <strong>加載指示器</strong>，select＆nbsp; <strong> impland </strong>。</li>。{32} \n <li>單擊＆nbsp; <strong>保存</strong>。</li> \n </ol>"
    },
    "navigationBar": {
      "left": {
        "text": "以前的"
      },
      "right": {
        "text": "下一個"
      }
    }
  },
  "Card.VoltMX.ConnectAppUItoDataMob_v9.recipients": {
    "content": {
      "title": "將服務添加到收件人表格",
      "body": "***<ol> \n <li>來自＆nbsp; <strong> project </strong>資源管理器，導航到＆nbsp; <strong>移動</strong>＆nbsp;＆nbsp;＆nbsp;＆nbsp;＆nbsp;＆nbsp; <strong> forms </strong>和select＆nbsp; <strong> frmrecipients </strong> 9}。 </li> \n <li>從Iris的右上角，導航到<strong>屬性＆nbsp; </strong>面板，然後選擇<strong>操作</strong> tab。</li> \n <li>在<strong>常規＆nbsp; </strong>部分中，對於<strong> preshow </strong>事件，單擊<strong> edit </strong>。 </li> <li>從<b>操作編輯器的頂角</b>窗口，選擇<strong>設計視圖</strong>。</li> \n\n </ol>"
    },
    "navigationBar": {
      "left": {
        "text": "以前的"
      },
      "right": {
        "text": "下一個"
      }
    }
  },
  "Card.VoltMX.ConnectAppUItoDataMob_v9.recipients1": {
    "content": {
      "title": "調用服務動作",
      "body": "***<ol> \n <li>從＆nbsp; <strong>操作編輯器的左菜單中，在<strong>網絡</strong> e節下，選擇＆nbsp; <strong>加載指示器</strong>。</li> {8} \n <li>從＆nbsp; <strong>操作編輯器的左菜單中，在<strong>網絡</strong> e節下，選擇＆nbsp; <strong> Indoke Service </strong>。</li>。{16} \n <li>來自＆nbsp; <strong>動作編輯器的右窗格，對於<strong>選擇{20}選擇Service </strong>，從下拉列表中，Select＆nbsp; <strong> covertientStorage1 $co點面</strong>。{23}。{ 24} \n <li>對於<strong>選擇方法</strong>，從下拉列表中，選擇＆nbsp; <strong> get </strong>。</li> \n </ol>"
    },
    "navigationBar": {
      "left": {
        "text": "以前的"
      },
      "right": {
        "text": "下一個"
      }
    }
  },
  "Card.VoltMX.ConnectAppUItoDataMob_v9.service1": {
    "content": {
      "title": "調用服務動作",
      "body": "***<ol> \n <li>來自<strong>操作編輯器</strong> canvas，在<strong> Indoke Service </strong>下，選擇<strong> callback </strong>。</li> \n <li>從<strong>操作編輯器的左菜單，在<strong> mapping </strong>部分下，選擇<strong>添加映射</strong>。 \n <br/> <strong>映射編輯器</strong>窗口出現。</li> \n <li>從<strong>映射編輯器的左窗格</strong>，展開<strong> services </strong>＆gt; <strong> service-coctientStorage1 $收件人$ get </strong>，然後選擇<strong>記錄{Collection} </strong>。</li> \n <li>從<strong>映射編輯器的右窗格</strong>，展開<strong> forms </strong>＆gt; <strong> frmrecipient </strong>＆gt; <strong>段 -  segrecipient </strong>＆gt; <strong> MasterDataMap </strong>並選擇<strong> RowData {Collection} </strong>。</li> \n <li>在左窗格中展開<b>記錄{collection} </b>，<b> rowdata {collection} </b>在右窗格中。</li> \n </ol>"
    },
    "navigationBar": {
      "left": {
        "text": "以前的"
      },
      "right": {
        "text": "下一個"
      }
    }
  },
  "Card.VoltMX.ConnectAppUItoDataMob_v9.mappingUI": {
    "content": {
      "title": "將服務映射到UI元素",
      "body": "***<p>映射從左窗格到右窗格中映射編輯器中的以下元素。</p> \n <ul> \n <li>從映射編輯器的左窗格中，選擇<strong> conterientId {number} </strong> {5}。 } text {string} </strong>。 <br/>出現一個新窗口，詢問您是否要繼續映射不匹配的元素，然後單擊<strong> ok </strong>。</li> \n <li>從映射編輯器的左窗格中，選擇<strong> firstName {string} </strong>。 選擇文本{string} </strong>。</li> \n </ul>"
    },
    "navigationBar": {
      "left": {
        "text": "以前的"
      },
      "right": {
        "text": "下一個"
      }
    }
  },
  "Card.VoltMX.ConnectAppUItoDataMob_v9.mappingUI1": {
    "content": {
      "title": "將服務映射到UI元素",
      "body": "***<ul> \n <li>從映射編輯器的左窗格中，選擇<strong> lastName {string} </strong> {3}。 } text {string} </strong>。</li> \n <li>從映射編輯器的左窗格中，選擇<strong> phone {string} </strong>。 } text {string} </strong>。</li> \n </ul>"
    },
    "navigationBar": {
      "left": {
        "text": "以前的"
      },
      "right": {
        "text": "下一個"
      }
    }
  },
  "Card.VoltMX.ConnectAppUItoDataMob_v9.dismiss": {
    "content": {
      "title": "解僱加載指示器",
      "body": "***<ol> \n <li>從<strong>操作編輯器的左菜單</strong>，在<strong>網絡</strong> e節下，選擇＆nbsp; <strong>加載指示器</strong>。</li>。{8} \n <li>從操作編輯器的右窗格中，for＆nbsp; <strong>加載指示器</strong>，select＆nbsp; <strong> implor </strong>。</li> \n <li>單擊＆nbsp; <strong>保存</strong>。</li> \n </ol>"
    },
    "navigationBar": {
      "left": {
        "text": "以前的"
      },
      "right": {
        "text": "下一個"
      }
    }
  },
  "Card.VoltMX.ConnectAppUItoDataMob_v9.nav": {
    "content": {
      "title": "從收件人列表中導航",
      "body": "<ol> \n <li>來自<strong> project Explorer </strong>，展開<strong> frmrecipient </strong>＆gt; <strong> FlexRecipientList </strong>＆gt; <strong> flexheader，</strong>，然後選擇<strong> headerButtonLeft </strong>。</li> \n <li>從<strong>屬性</strong>面板，導航到<strong> action </strong> tab。</li> \n <li>對於<strong> onClick </strong>事件，單擊<strong> edit </strong>。 <br /> <strong>操作編輯器</strong>窗口出現。</li> \n </ol>"
    },
    "navigationBar": {
      "left": {
        "text": "以前的"
      },
      "right": {
        "text": "下一個"
      }
    }
  },
  "Card.VoltMX.ConnectAppUItoDataMob_v9.nav1": {
    "content": {
      "title": "從收件人列表屏幕導航",
      "body": "<ol> \n <li>從<strong>操作編輯器</strong>左菜單，在<strong>常規</strong>章節下，選擇<strong>導航至form </strong>。</li> \n <li>從右窗格中，選擇<strong> frmaccount </strong>。</li> \n <li>單擊<strong>保存</strong>。</li> \n </ol>"
    },
    "navigationBar": {
      "left": {
        "text": "以前的"
      },
      "right": {
        "text": "下一個"
      }
    }
  },
  "Card.VoltMX.ConnectAppUItoDataMob_v9.openApp": {
    "content": {
      "title": "Volt MX應用程序",
      "body": "<ol> \n <li>使用USB電纜將移動設備連接到計算機。<br />對於Android移動設備，請確保將USB的使用設置為<strong>傳輸文件</strong>。<br />用於iOS移動設備，請確保 <strong>信任</strong>已在您的設備和計算機之間建立。</li> \n <li>在您的移動設備上啟動<strong> volt mx app </strong>。</li> \n <li>選擇<strong> USB </strong>選項卡。 \n <br/>在成功的連接上，<strong> iris </strong>在您的計算機上顯示成功提示。</li> \n </ol>"
    },
    "navigationBar": {
      "left": {
        "text": "以前的"
      },
      "right": {
        "text": "下一個"
      }
    }
  },
  "Card.VoltMX.ConnectAppUItoDataMob_v9.run": {
    "content": {
      "title": "運行應用程序",
      "body": "***<ol> \n <li>從左導航欄中，單擊＆nbsp; <strong>運行</strong>。<br /> {4} iris將需要一些時間才能顯示＆nbsp; <strong> Live Preview已準備就緒</strong> </li> {7} {7} \n <li>虹膜在您的<strong> volt mx app </strong>上運行應用程序後，單擊＆nbsp; <strong>啟動</strong>。</li> \n <li>您可以看到AN＆nbsp; <strong>應用程序名稱＆nbsp; </strong>文本框。 如果有一個文本框，請輸入＆nbsp; <strong>收件人mobapp </strong>，然後單擊＆nbsp; <strong>啟動</strong>。</li> \n </ol>"
    },
    "navigationBar": {
      "left": {
        "text": "以前的"
      },
      "right": {
        "text": "下一個"
      }
    }
  },
  "Card.VoltMX.ConnectAppUItoDataMob_v9.launch": {
    "content": {
      "title": "查看應用程序",
      "body": "<ol> \n <li>在您的應用中輸入以下登錄憑據： \n <ul style=\"list-style-type: disc\"> \n <li>用戶名：＆nbsp; <strong> john.doe@woodburn.com </strong> </li> \n <li>密碼：＆nbsp; <strong> voltmx@123 </strong> </li> \n </ul> \n </li> \n <li> click＆nbsp; <strong>登錄＆nbsp; </strong>查看帳戶列表。</li> \n <li>單擊＆nbsp; <strong>收件人</strong>查看收件人列表。</li> \n <li>在您的＆nbsp; <strong>移動</strong>設備上退出應用程序，從左到右刷兩個手指，或搖動您的＆nbsp; <strong>移動</strong>設備，然後單擊＆nbsp; <strong> exit app </strong>。 </li> \n </ol>"
    },
    "navigationBar": {
      "left": {
        "text": "以前的"
      },
      "right": {
        "text": "下一個"
      }
    }
  },
  "Card.VoltMX.ConnectAppUItoDataMob_v9.done": {
    "content": {
      "title": "恭喜",
      "body": "***<p>您已經成功：</p> \n <ul> \n <li> <strong>集成服務與表格</strong> </li>的UI元素 \n </ul> \n <p>學習如何創建收件人詳細信息並添加功能以刪除收件人，請查看下一個徒步旅行：</p> <a class=\"tour-link\" tour=\"db7f07t9-c0a5-4erb-89u0-fab1ean8\"> {10} <b> 6。 創建收件人詳細信息</b> </a>。"
    },
    "navigationBar": {
      "left": {
        "text": "以前的"
      },
      "right": {
        "text": "完畢"
      }
    }
  }
}