{
  "kuid": "2113fet5-cbab-45r9-a8u8-b87324n6",
  "id": "VoltMX.AddCreatePayeeWeb_v9.confLogout",
  "content": {
    "title": "Configure Logout",
    "body": "<ol>\n<li>From the <strong>Project</strong> explore, expand <strong>Responsive Web / Desktop</strong>  &gt; <strong>Forms</strong> &gt;\n<strong>frmAddRecipient </strong>&gt;<strong> flxAddRecipient </strong>&gt;<strong> flxHeader</strong>, and select <strong>flxUserLogout</strong>.</li>\n<li>From the <strong>Properties </strong>panel, navigate to the <strong>Action </strong>tab.</li>\n<li>For the <strong>onClick </strong>event, click <strong>Edit</strong>.<br /> The <strong>Action Editor</strong> window appears.</li><li>From the top-right of the <strong>Action Editor</strong> window, select the <strong>Design View</strong>.</li>\n</ol>"
  },
  "pointer": {
    "direction": "left",
    "element": {
      "module": "projectexplorer",
      "path": "project-body\\project\\Responsive Web / Desktop\\Forms\\frmAddRecipient"
    },
    "type": "default"
  },
  "navigationType": "manual",
  "navigationBar": {
    "left": {
      "text": "Previous",
      "enable": true,
      "hide": false
    },
    "right": {
      "text": "Next",
      "enable": true,
      "hide": false
    }
  },
  "navigationCondition": "",
  "position": "BOTTOM_LEFT",
  "meta": {
    "Creator": "Rashmi Menon",
    "CreatedOn": "Tue, 25 Feb 2020 05:45:41 GMT"
  },
  "context": [],
  "localization": {
    "en-us": {
      "content": {
        "title": "Configure Logout",
        "body": "<ol>\n<li>From the <strong>Project</strong> explore, expand <strong>Responsive Web / Desktop</strong>  &gt; <strong>Forms</strong> &gt;\n<strong>frmAddRecipient </strong>&gt;<strong> flxAddRecipient </strong>&gt;<strong> flxHeader</strong>, and select <strong>flxUserLogout</strong>.</li>\n<li>From the <strong>Properties </strong>panel, navigate to the <strong>Action </strong>tab.</li>\n<li>For the <strong>onClick </strong>event, click <strong>Edit</strong>.<br /> The <strong>Action Editor</strong> window appears.</li><li>From the top-right of the <strong>Action Editor</strong> window, select the <strong>Design View</strong>.</li>\n</ol>"
      },
      "navigationBar": {
        "left": {
          "text": "Previous"
        },
        "right": {
          "text": "Next"
        }
      }
    },
    "zh-cn": {
      "content": {
        "title": "配置注销",
        "body": "***<ol> \n <li>来自<strong> project </strong>探索，展开<strong>响应web / desktop </strong>＆gt; <strong>表格</strong>＆gt; \n <strong> frmaddrecipient </strong>＆gt; <strong> flxaddrecipient </strong>＆gt; <strong> flxheader </strong>，然后选择<strong> flxuserlogout </strong>。</li>。{16} \n <li>从<strong>属性</strong>面板，导航到<strong> action </strong> tab。</li> \n <li>对于<strong> onClick </strong>事件，单击<strong> edit </strong>。 <strong>操作编辑器</strong>窗口，选择<strong>设计视图</strong>。</li> \n </ol>"
      },
      "navigationBar": {
        "left": {
          "text": "以前的"
        },
        "right": {
          "text": "下一个"
        }
      }
    },
    "zh-tw": {
      "content": {
        "title": "配置註銷",
        "body": "***<ol> \n <li>來自<strong> project </strong>探索，展開<strong>響應web / desktop </strong>＆gt; <strong>表格</strong>＆gt; \n <strong> frmaddrecipient </strong>＆gt; <strong> flxaddrecipient </strong>＆gt; <strong> flxheader </strong>，然後選擇<strong> flxuserlogout </strong>。</li>。{16} \n <li>從<strong>屬性</strong>面板，導航到<strong> action </strong> tab。</li> \n <li>對於<strong> onClick </strong>事件，單擊<strong> edit </strong>。 <strong>操作編輯器</strong>窗口，選擇<strong>設計視圖</strong>。</li> \n </ol>"
      },
      "navigationBar": {
        "left": {
          "text": "以前的"
        },
        "right": {
          "text": "下一個"
        }
      }
    }
  }
}