{
    "kuid": "d08a3ate-fba0-48rf-b3u4-bff09anb",
    "id": "VoltMX.EditPayeeMobile_v9.mapping7",
    "content": {
        "title": "Configuring Actions for onMapping",
        "body": "<ol>\n<li>From the <b>Action Editor</b> canvas, select the <b>IF: Recipients.opstatus is equal to 0</b> node. </li><li>From the left menu of the <strong>Action Editor</strong>, under the <strong>Condition</strong>, select <strong>Else</strong>.</li>\n<li>From the left menu of the <strong>Action Editor</strong>, under the <strong>Client</strong> section, select <strong>Show Alert</strong>.</li>\n<li>In the right pane of the <strong>Action Editor</strong>, provide the following fields:\n<ul>\n<li>Alert Type: <strong>Info</strong></li>\n<li>Alert Message: <strong>\"Sorry, your recipient details could not be loaded successfully. Please try again later\"</strong></li>\n</ul>\n</li>\n<li>Click <strong>Save</strong>.</li>\n</ol>"
    },
    "pointer": {
        "direction": "left",
        "element": {
            "module": "actioneditor",
            "itemType": "ae-action-type",
            "info": {
                "actionType": "Else"
            }
        },
        "type": "default"
    },
    "navigationType": "manual",
    "navigationBar": {
        "left": {
            "text": "Previous",
            "enable": true,
            "hide": false
        },
        "right": {
            "text": "Next",
            "enable": true,
            "hide": false
        }
    },
    "navigationCondition": "",
    "position": "BOTTOM_LEFT",
    "meta": {
        "Creator": "Rashmi Menon",
        "CreatedOn": "Fri, 28 Feb 2020 11:55:32 GMT"
    },
    "context": []
}