{
  "kuid": "bf4dd7td-66a6-42ra-93u6-75b242ne",
  "id": "VoltMX.ConnectAppUItoDataMob_v9.mappingUI",
  "content": {
    "title": "Mapping Services to UI Elements",
    "body": "<p>Map the following elements in the Mapping Editor from the left pane to the right pane.</p>\n<ul>\n<li>From the left pane of the Mapping Editor, select <strong>RecipientID{number}</strong>.<br/>From the right pane of the Mapping Editor, expand <strong>Label-lblPayeeID</strong> and select <strong>text{string}</strong>. <br/>A new window appears, asking whether you want to continue mapping the mismatched elements and click <strong>OK</strong>.</li>\n<li>From the left pane of the Mapping Editor, select <strong>FirstName{string}</strong>.<br />From the right pane of the Mapping Editor, expand <strong>Label-lblFirstName</strong> and <strong>select text{string}</strong>.</li>\n</ul>"
  },
  "pointer": {
    "direction": "left",
    "element": "",
    "type": "none"
  },
  "navigationType": "manual",
  "navigationBar": {
    "left": {
      "text": "Previous",
      "enable": true,
      "hide": false
    },
    "right": {
      "text": "Next",
      "enable": true,
      "hide": false
    }
  },
  "navigationCondition": "",
  "position": "CENTER",
  "meta": {
    "Creator": "Rashmi Menon",
    "CreatedOn": "Mon, 23 Mar 2020 08:39:22 GMT"
  },
  "context": [],
  "localization": {
    "en-us": {
      "content": {
        "title": "Mapping Services to UI Elements",
        "body": "<p>Map the following elements in the Mapping Editor from the left pane to the right pane.</p>\n<ul>\n<li>From the left pane of the Mapping Editor, select <strong>RecipientID{number}</strong>.<br/>From the right pane of the Mapping Editor, expand <strong>Label-lblPayeeID</strong> and select <strong>text{string}</strong>. <br/>A new window appears, asking whether you want to continue mapping the mismatched elements and click <strong>OK</strong>.</li>\n<li>From the left pane of the Mapping Editor, select <strong>FirstName{string}</strong>.<br />From the right pane of the Mapping Editor, expand <strong>Label-lblFirstName</strong> and <strong>select text{string}</strong>.</li>\n</ul>"
      },
      "navigationBar": {
        "left": {
          "text": "Previous"
        },
        "right": {
          "text": "Next"
        }
      }
    },
    "zh-cn": {
      "content": {
        "title": "将服务映射到UI元素",
        "body": "***<p>映射从左窗格到右窗格中映射编辑器中的以下元素。</p> \n <ul> \n <li>从映射编辑器的左窗格中，选择<strong> conterientId {number} </strong> {5}。 } text {string} </strong>。 <br/>出现一个新窗口，询问您是否要继续映射不匹配的元素，然后单击<strong> ok </strong>。</li> \n <li>从映射编辑器的左窗格中，选择<strong> firstName {string} </strong>。 选择文本{string} </strong>。</li> \n </ul>"
      },
      "navigationBar": {
        "left": {
          "text": "以前的"
        },
        "right": {
          "text": "下一个"
        }
      }
    },
    "zh-tw": {
      "content": {
        "title": "將服務映射到UI元素",
        "body": "***<p>映射從左窗格到右窗格中映射編輯器中的以下元素。</p> \n <ul> \n <li>從映射編輯器的左窗格中，選擇<strong> conterientId {number} </strong> {5}。 } text {string} </strong>。 <br/>出現一個新窗口，詢問您是否要繼續映射不匹配的元素，然後單擊<strong> ok </strong>。</li> \n <li>從映射編輯器的左窗格中，選擇<strong> firstName {string} </strong>。 選擇文本{string} </strong>。</li> \n </ul>"
      },
      "navigationBar": {
        "left": {
          "text": "以前的"
        },
        "right": {
          "text": "下一個"
        }
      }
    }
  }
}