{
  "kuid": "ae6e40tf-76a3-49r6-90ud-09edbane",
  "id": "VoltMX.createUIMobV9.launch",
  "content": {
    "title": "Launch the App",
    "body": "<ol>\n<li>On your <strong>Volt MX App</strong>, click <strong>Launch</strong>.<br /> You may see an <strong>Application Name </strong>input box. If there is an input box, enter <strong>RecipientsMobApp</strong>, and then click <strong>Launch</strong>.</li>\n<li>Click the <strong>Login</strong> button on the form to view the <strong>Accounts</strong> list. <br /> You do not need login credentials for this app. You will be adding authentication to the app in the next hike.</li>\n<li>Click <strong>Recipients</strong>. <br /> The <strong>Recipients</strong> list appears.</li>\n<li>To exit the app on your <strong>mobile</strong> device, swipe two fingers from left to right or shake your mobile device and click <strong>Exit App</strong>.</li>\n</ol>"
  },
  "pointer": {
    "direction": "left",
    "element": "",
    "type": "none"
  },
  "navigationType": "manual",
  "navigationBar": {
    "left": {
      "text": "Previous",
      "enable": true,
      "hide": false
    },
    "right": {
      "text": "Next",
      "enable": true,
      "hide": false
    }
  },
  "navigationCondition": "",
  "position": "CENTER",
  "meta": {
    "Creator": "Rashmi Menon",
    "CreatedOn": "Wed, 18 Dec 2019 08:50:21 GMT"
  },
  "context": [],
  "localization": {
    "en-us": {
      "content": {
        "title": "Launch the App",
        "body": "<ol>\n<li>On your <strong>Volt MX App</strong>, click <strong>Launch</strong>.<br /> You may see an <strong>Application Name </strong>input box. If there is an input box, enter <strong>RecipientsMobApp</strong>, and then click <strong>Launch</strong>.</li>\n<li>Click the <strong>Login</strong> button on the form to view the <strong>Accounts</strong> list. <br /> You do not need login credentials for this app. You will be adding authentication to the app in the next hike.</li>\n<li>Click <strong>Recipients</strong>. <br /> The <strong>Recipients</strong> list appears.</li>\n<li>To exit the app on your <strong>mobile</strong> device, swipe two fingers from left to right or shake your mobile device and click <strong>Exit App</strong>.</li>\n</ol>"
      },
      "navigationBar": {
        "left": {
          "text": "Previous"
        },
        "right": {
          "text": "Next"
        }
      }
    },
    "zh-cn": {
      "content": {
        "title": "启动该应用程序",
        "body": "<ol> \n <li>在您的<strong> volt Mx App </strong>上，单击<strong>启动</strong>。<br />您可以看到<strong>应用程序名称</strong>输入框。 如果有一个输入框，请输入<strong> colectientsMobapp </strong>，然后单击<strong>启动</strong>。</li> \n <li>单击表单上的<strong>登录</strong>按钮以查看<strong>帐户</strong>列表。 <br />您不需要此应用程序的登录凭据。 您将在下一个徒步旅行中将身份验证添加到该应用程序中。</li> \n <li>单击<strong>收件人</strong>。 <br /> <strong>收件人</strong>列表出现。</li> \n <li>要在<strong>移动</strong>设备上退出应用程序，从左到右滑动两个手指，或摇动移动设备，然后单击<strong> exit App </strong>。</li> \n </ol>"
      },
      "navigationBar": {
        "left": {
          "text": "以前的"
        },
        "right": {
          "text": "下一个"
        }
      }
    },
    "zh-tw": {
      "content": {
        "title": "啟動該應用程序",
        "body": "<ol> \n <li>在您的<strong> volt Mx App </strong>上，單擊<strong>啟動</strong>。<br />您可以看到<strong>應用程序名稱</strong>輸入框。 如果有一個輸入框，請輸入<strong> colectientsMobapp </strong>，然後單擊<strong>啟動</strong>。</li> \n <li>單擊表單上的<strong>登錄</strong>按鈕以查看<strong>帳戶</strong>列表。 <br />您不需要此應用程序的登錄憑據。 您將在下一個徒步旅行中將身份驗證添加到該應用程序中。</li> \n <li>單擊<strong>收件人</strong>。 <br /> <strong>收件人</strong>列表出現。</li> \n <li>要在<strong>移動</strong>設備上退出應用程序，從左到右滑動兩個手指，或搖動移動設備，然後單擊<strong> exit App </strong>。</li> \n </ol>"
      },
      "navigationBar": {
        "left": {
          "text": "以前的"
        },
        "right": {
          "text": "下一個"
        }
      }
    }
  }
}