{
    "kuid": "a6c1ed31-29b7-4351-9e9e-f946346f",
    "id": "Kony.FirstApp.eventMapping",
    "content": {
        "title": "Add Navigation",
        "body": "<ol><li>From the <b>Project</b> explorer, navigate to <b>Mobile</b> > <b>Forms</b> > <b>frmLogin</b>. <li>Select the <b>Login</b> button on the canvas. </li><li> From the <b>Properties </b> panel, navigate to the <b>Action</b> tab.</li><li> For the <b>onClick</b> event, click <b>Edit</b>. </li></ol>"
    },
    "position": "BOTTOM_LEFT",
    "navigationType": "manual",
    "navigationCondition": "",
    "pointer": {
        "direction": "top",
        "element": {
            "module": "propertieswindow",
            "itemType": "pw-tab",
            "info": {
                "tabName": "Action"
            }
        },
        "type": "default"
    },
    "navigationBar": {
        "left": {
            "text": "Previous",
            "hide": false,
            "enable": true
        },
        "right": {
            "text": "Next",
            "enable": true,
            "hide": false
        }
    }
}