{
    "kuid": "3e61f4t9-72a3-46rd-99ue-ca5831n1",
    "id": "kony.IntroductiontoSegmentV9.masterData2",
    "content": {
        "title": "Assign Images to Rows through Master Data",
        "body": "<ol>\n<li>Click <strong>Delete All</strong></li>\n<li>Click <strong>Add </strong>two times.<br />You can see that three rows have been added in this window.</li>\n<li>Under the <strong>employeeImage </strong>column, click the image selection <img style=\"width: 20px; height: 20px;\" src=\"https://i.ibb.co/s236vKF/ellipsis.png\" alt=\"ellipsis\" border=\"1\" /> button.<br /> The list of all the images added in the application appears.</li>\n<li>Select any image.</li>\n<li>Click <strong>OK</strong>.</li>\n<li>Repeat the above three steps to add images to the remaining two rows.</li>\n</ol>"
    },
    "pointer": {
        "direction": "left",
        "element": "",
        "type": "none"
    },
    "navigationType": "manual",
    "navigationBar": {
        "left": {
            "text": "Previous",
            "enable": true,
            "hide": false
        },
        "right": {
            "text": "Next",
            "enable": true,
            "hide": false
        }
    },
    "navigationCondition": "",
    "position": "BOTTOM_RIGHT",
    "meta": {
        "Creator": "Rashmi Menon",
        "CreatedOn": "Mon, 25 Nov 2019 10:19:51 GMT"
    },
    "context": []
}