{
  "kuid": "247afatf-60ae-4ara-b0u0-065f1cn1",
  "id": "VoltMX.ConnectAppServWebV9.mapping2",
  "content": {
    "title": "Map the Service with UI Elements",
    "body": "<p>Map the following elements in the Mapping Editor from the left pane to the right pane.</p>\n<ul>\n<li>From the left pane of the <strong>Mapping Editor</strong>, select <strong>AccountNumber{string}</strong>. <br /> From the right pane of the <strong>Mapping Editor</strong>, expand <strong>Label-lblAccountNumber </strong>and select <strong>text{string}</strong>.</li>\n<li>From the left pane of the <strong>Mapping Editor</strong>, select <strong>Balance{string}</strong>.<br />From the right pane of the <strong>Mapping Editor</strong>, expand <strong>Label-lblBalance </strong>and select <strong>text{string}</strong>.</li>\n<li>From the left pane of the <strong>Mapping Editor</strong>, select <strong>AccountName{string}</strong>. <br /> From the right pane of the <strong>Mapping Editor</strong>, expand <strong>Label-lblAccountName </strong>and select <strong>text{string}</strong>.</li>\n<li>Kindly check, all mapping is successfully performed before moving to the next card.</li></ul>"
  },
  "pointer": {
    "direction": "left",
    "element": "",
    "type": "none"
  },
  "navigationType": "manual",
  "navigationBar": {
    "left": {
      "text": "Previous",
      "enable": true,
      "hide": false
    },
    "right": {
      "text": "Next",
      "enable": true,
      "hide": false
    }
  },
  "navigationCondition": "",
  "position": "CENTER",
  "meta": {
    "Creator": "Prem Garudadri",
    "CreatedOn": "Thu, 19 Dec 2019 05:54:15 GMT"
  },
  "context": [],
  "localization": {
    "en-us": {
      "content": {
        "title": "Map the Service with UI Elements",
        "body": "<p>Map the following elements in the Mapping Editor from the left pane to the right pane.</p>\n<ul>\n<li>From the left pane of the <strong>Mapping Editor</strong>, select <strong>AccountNumber{string}</strong>. <br /> From the right pane of the <strong>Mapping Editor</strong>, expand <strong>Label-lblAccountNumber </strong>and select <strong>text{string}</strong>.</li>\n<li>From the left pane of the <strong>Mapping Editor</strong>, select <strong>Balance{string}</strong>.<br />From the right pane of the <strong>Mapping Editor</strong>, expand <strong>Label-lblBalance </strong>and select <strong>text{string}</strong>.</li>\n<li>From the left pane of the <strong>Mapping Editor</strong>, select <strong>AccountName{string}</strong>. <br /> From the right pane of the <strong>Mapping Editor</strong>, expand <strong>Label-lblAccountName </strong>and select <strong>text{string}</strong>.</li>\n<li>Kindly check, all mapping is successfully performed before moving to the next card.</li></ul>"
      },
      "navigationBar": {
        "left": {
          "text": "Previous"
        },
        "right": {
          "text": "Next"
        }
      }
    },
    "zh-cn": {
      "content": {
        "title": "用UI元素映射服务",
        "body": "***<p>映射从左窗格到右窗格中映射编辑器中的以下元素。</p> \n <ul> \n <li>从<strong>映射编辑器</strong>的左窗格中，选择<strong> accountNumber {string} </strong>。 <br />从<strong>映射编辑器</strong>的右窗格中，展开<strong> label-lblaccountnumber </strong>，然后选择<strong> text {string} </strong> </li>。{15} \n <li>从<strong>映射编辑器</strong>的左窗格中，选择<strong> balance {string} </strong> {20}。 24} label-lblbalance </strong>，然后选择<strong> text {string} </strong>。</li> \n <li>从<strong>映射编辑器</strong>的左窗格中，选择<strong> accountName {string {string} </strong>。 <br />从<strong>映射编辑器的右窗格</strong>，展开<strong> label-lblacCountName </strong>，然后选择<strong> text {string} </strong> {40}。</li> {41} \n <li>请检查所有映射在移至下一张卡之前成功执行。</li> </ul>"
      },
      "navigationBar": {
        "left": {
          "text": "以前的"
        },
        "right": {
          "text": "下一个"
        }
      }
    },
    "zh-tw": {
      "content": {
        "title": "用UI元素映射服務",
        "body": "***<p>映射從左窗格到右窗格中映射編輯器中的以下元素。</p> \n <ul> \n <li>從<strong>映射編輯器</strong>的左窗格中，選擇<strong> accountNumber {string} </strong>。 <br />從<strong>映射編輯器</strong>的右窗格中，展開<strong> label-lblaccountnumber </strong>，然後選擇<strong> text {string} </strong> </li>。{15} \n <li>從<strong>映射編輯器</strong>的左窗格中，選擇<strong> balance {string} </strong> {20}。 24} label-lblbalance </strong>，然後選擇<strong> text {string} </strong>。</li> \n <li>從<strong>映射編輯器</strong>的左窗格中，選擇<strong> accountName {string {string} </strong>。 <br />從<strong>映射編輯器的右窗格</strong>，展開<strong> label-lblacCountName </strong>，然後選擇<strong> text {string} </strong> {40}。</li> {41} \n <li>請檢查所有映射在移至下一張卡之前成功執行。</li> </ul>"
      },
      "navigationBar": {
        "left": {
          "text": "以前的"
        },
        "right": {
          "text": "下一個"
        }
      }
    }
  }
}