{
    "kuid": "a7c118t0-fca8-4crc-bcua-b93f47n4",
    "id": "kony.addLoginServiceV9.launch",
    "content": {
        "title": "Launch the App",
        "body": "<ol>\n<li>From the left navigation bar, click <strong>Run</strong>.<br /> It may take some time for Visualizer to display the <strong>Live Preview is ready</strong> window.</li>\n<li>After Visualizer runs the app, on your <strong>Quantum App</strong>, click <strong>Launch</strong>.</li>\n<li>You may see an <strong>Application Name</strong> text box. If there is a text box, enter <strong>RecipientsMobApp</strong> and then click <strong>Launch</strong>.</li>\n</ol>"
    },
    "pointer": {
        "direction": "left",
        "element": {
            "module": "shortcutbar",
            "itemId": "frmKonyLib_preview"
        },
        "type": "default"
    },
    "navigationType": "manual",
    "navigationBar": {
        "left": {
            "text": "Previous",
            "enable": true,
            "hide": false
        },
        "right": {
            "text": "Next",
            "enable": true,
            "hide": false
        }
    },
    "navigationCondition": "",
    "position": "BOTTOM_RIGHT",
    "meta": {
        "Creator": "Rashmi Menon",
        "CreatedOn": "Wed, 18 Dec 2019 09:33:44 GMT"
    },
    "context": []
}