{
  "kuid": "2f895at7-8da9-45r3-90u5-9a895fn1",
  "id": "VoltMX.ShareAndPreviewAppV9.launch",
  "content": {
    "title": "Launch the App",
    "body": "<ol>\n<li>From the <strong>Live Preview is ready </strong>window, you have two options to view the app:\n<ul>\n<li><strong>App Viewer Code</strong></li>\n<li><strong>Scan QR Code</strong></li>\n</ul></li>\n\n<li>Launch the <strong>Volt MX App </strong>on your <strong>mobile</strong> device.</li>\n<li>Select the <strong>Cloud</strong> tab.</li>\n<li>In the <strong>5 Digit App Viewer Code</strong> input box, enter the <strong>App Viewer Code</strong> from Iris.</li>\n<li>Alternatively, from <strong>Volt MX App </strong>on your mobile device, go to the <strong>Cloud </strong>tab and click <strong>SCAN QR CODE</strong>.</li>\n</ol>\n<p>Allow camera access to the <strong>Volt MX App</strong>. <br /> Scan the <strong>QR Code </strong>displayed on Iris to view the app.</p>"
  },
  "pointer": {
    "direction": "left",
    "element": "",
    "type": "none"
  },
  "navigationType": "manual",
  "navigationBar": {
    "left": {
      "text": "Previous",
      "enable": true,
      "hide": false
    },
    "right": {
      "text": "Next",
      "enable": true,
      "hide": false
    }
  },
  "navigationCondition": "",
  "position": "BOTTOM_RIGHT",
  "meta": {
    "Creator": "Prem Garudadri",
    "CreatedOn": "Wed, 18 Dec 2019 09:37:31 GMT"
  },
  "context": [],
  "localization": {
    "en-us": {
      "content": {
        "title": "Launch the App",
        "body": "<ol>\n<li>From the <strong>Live Preview is ready </strong>window, you have two options to view the app:\n<ul>\n<li><strong>App Viewer Code</strong></li>\n<li><strong>Scan QR Code</strong></li>\n</ul></li>\n\n<li>Launch the <strong>Volt MX App </strong>on your <strong>mobile</strong> device.</li>\n<li>Select the <strong>Cloud</strong> tab.</li>\n<li>In the <strong>5 Digit App Viewer Code</strong> input box, enter the <strong>App Viewer Code</strong> from Iris.</li>\n<li>Alternatively, from <strong>Volt MX App </strong>on your mobile device, go to the <strong>Cloud </strong>tab and click <strong>SCAN QR CODE</strong>.</li>\n</ol>\n<p>Allow camera access to the <strong>Volt MX App</strong>. <br /> Scan the <strong>QR Code </strong>displayed on Iris to view the app.</p>"
      },
      "navigationBar": {
        "left": {
          "text": "Previous"
        },
        "right": {
          "text": "Next"
        }
      }
    },
    "zh-cn": {
      "content": {
        "title": "启动该应用程序",
        "body": "***<ol> \n <li>来自<strong> Live Preview已准备就绪</strong>窗口，您有两个选项可以查看应用程序： \n <ul> \n <li> <strong> App Viewer代码</strong> </li> \n <li> <strong>扫描QR代码</strong> </li> \n </ul> </li> \n\n <li>在您的<strong>移动</strong>设备上启动<strong> volt mx app </strong>。</li> \n <li>选择<strong>云</strong> tab。</li> \n <li>在<strong> 5位数App Viewer Code </strong>输入框中，从Iris。 \n <li>另外，从<strong>伏特MX App </strong>上的移动设备上，转到<strong> cloud </strong> tab，然后单击<strong>扫描QR代码</strong>。</li> {38} \n </ol> \n <p>允许摄像机访问<strong> Volt MX App </strong>。 <br />扫描<strong> QR代码</strong>在Iris上显示以查看应用程序。</p>"
      },
      "navigationBar": {
        "left": {
          "text": "以前的"
        },
        "right": {
          "text": "下一个"
        }
      }
    },
    "zh-tw": {
      "content": {
        "title": "啟動該應用程序",
        "body": "***<ol> \n <li>來自<strong> Live Preview已準備就緒</strong>窗口，您有兩個選項可以查看應用程序： \n <ul> \n <li> <strong> App Viewer代碼</strong> </li> \n <li> <strong>掃描QR代碼</strong> </li> \n </ul> </li> \n\n <li>在您的<strong>移動</strong>設備上啟動<strong> volt mx app </strong>。</li> \n <li>選擇<strong>雲</strong> tab。</li> \n <li>在<strong> 5位數App Viewer Code </strong>輸入框中，從Iris。 \n <li>另外，從<strong>伏特MX App </strong>上的移動設備上，轉到<strong> cloud </strong> tab，然後單擊<strong>掃描QR代碼</strong>。</li> {38} \n </ol> \n <p>允許攝像機訪問<strong> Volt MX App </strong>。 <br />掃描<strong> QR代碼</strong>在Iris上顯示以查看應用程序。</p>"
      },
      "navigationBar": {
        "left": {
          "text": "以前的"
        },
        "right": {
          "text": "下一個"
        }
      }
    }
  }
}