{
  "kuid": "c0c59at7-8ea2-42r0-9aud-8423a3n8",
  "id": "VoltMX.NewLaunchMobApp.explore1",
  "content": {
    "title": "Explore the App",
    "body": "<p>In the <strong>Design View</strong>, to view the different forms inside the app, navigate to the <strong>Project</strong> explorer, and expand <strong>Mobile</strong> &gt; <strong>Forms</strong>.</p>\n<p>&nbsp;</p>\n<p>You can see six forms inside the app. Click on each form and see what the canvas displays.</p>"
  },
  "pointer": {
    "direction": "left",
    "element": {
      "module": "projectexplorer",
      "path": "project-body\\project\\Mobile\\Forms"
    },
    "type": "default"
  },
  "navigationType": "manual",
  "navigationBar": {
    "left": {
      "text": "Previous",
      "enable": true,
      "hide": false
    },
    "right": {
      "text": "Next",
      "enable": true,
      "hide": false
    }
  },
  "navigationCondition": "",
  "position": "BOTTOM_RIGHT",
  "meta": {
    "Creator": "Prem Garudadri",
    "CreatedOn": "Wed, 18 Dec 2019 09:20:07 GMT"
  },
  "context": [],
  "localization": {
    "en-us": {
      "content": {
        "title": "Explore the App",
        "body": "<p>In the <strong>Design View</strong>, to view the different forms inside the app, navigate to the <strong>Project</strong> explorer, and expand <strong>Mobile</strong> &gt; <strong>Forms</strong>.</p>\n<p>&nbsp;</p>\n<p>You can see six forms inside the app. Click on each form and see what the canvas displays.</p>"
      },
      "navigationBar": {
        "left": {
          "text": "Previous"
        },
        "right": {
          "text": "Next"
        }
      }
    },
    "zh-cn": {
      "content": {
        "title": "探索应用程序",
        "body": "<p>在<strong>设计视图</strong>中，要查看应用程序中的不同表单，导航到<strong> project </strong> explorer，然后展开<strong> Mobile </strong>＆gt; <strong>表格</strong>。</p> \n <p>＆nbsp; </p> \n <p>您可以在应用程序中看到六个表单。 单击每个表单，看看画布显示了什么。</p>"
      },
      "navigationBar": {
        "left": {
          "text": "以前的"
        },
        "right": {
          "text": "下一个"
        }
      }
    },
    "zh-tw": {
      "content": {
        "title": "探索應用程序",
        "body": "<p>在<strong>設計視圖</strong>中，要查看應用程序中的不同表單，導航到<strong> project </strong> explorer，然後展開<strong> Mobile </strong>＆gt; <strong>表格</strong>。</p> \n <p>＆nbsp; </p> \n <p>您可以在應用程序中看到六個表單。 單擊每個表單，看看畫布顯示了什麼。</p>"
      },
      "navigationBar": {
        "left": {
          "text": "以前的"
        },
        "right": {
          "text": "下一個"
        }
      }
    }
  }
}