{
    "kuid": "4022e3tc-bcaf-48r7-afub-b8e77cn4",
    "id": "VoltMX.ApplicationChannelsV9.import",
    "content": {
        "title": "Import a Sample App",
        "body": "<ol>\n<li>From the main menu, click <strong>Project</strong> &gt; <strong>New Project</strong>.<br />The <strong>What do you want to start with now? </strong>window appears.</li>\n<li>Select <strong>Sample Apps</strong> and click <strong>Next</strong>.</li>\n<li>From the <strong>Sample Apps</strong> window, select <strong>News and Weather</strong> and click <strong>Choose</strong>.<br />The application opens in the <strong>Storyboard</strong> view.</li>\n<li>Click <strong>Continue</strong> button in popup Window.</li>\n<li>Click <strong>Continue</strong> button in popup Window.</li>\n<li>Click <strong>Yes</strong> button in popup Window.</li>\n<li>Double-click on any form to view the forms in the <strong>Design</strong> view.</li>\n</ol>"
    },
    "pointer": {
        "direction": "left",
        "element": "",
        "type": "none"
    },
    "navigationType": "manual",
    "navigationBar": {
        "left": {
            "text": "Previous",
            "enable": true,
            "hide": false
        },
        "right": {
            "text": "Next",
            "enable": true,
            "hide": false
        }
    },
    "navigationCondition": "",
    "position": "BOTTOM_RIGHT",
    "meta": {
        "Creator": "Rashmi Menon",
        "CreatedOn": "Tue, 26 Nov 2019 08:02:44 GMT"
    },
    "context": []
}