{
  "kuid": "4022e3tc-bcaf-48r7-afub-b8e77cn4",
  "id": "VoltMX.ApplicationChannelsV9.import",
  "content": {
    "title": "Import a Sample App",
    "body": "<ol>\n<li>From the main menu of the Iris, navigate to <strong>Project</strong> &gt; <strong>New Project</strong>.</li>\n<li>From the <strong>What do you want to start with now? </strong>window, select <strong>Sample Apps</strong>. </li><li>Click <strong>Next</strong>.</li>\n<li>From the <strong>Top 6 Sample Apps</strong> window, select <strong>News and Weather</strong> and click <strong>Choose</strong>.<br />The application opens in the <strong>Storyboard</strong> view.</li>\n<li>Click <strong>Continue</strong> button in popup Window.</li>\n<li>Click <strong>Continue</strong> button in popup Window.</li>\n<li>Click <strong>Yes</strong> button in popup Window.</li>\n<li>Double-click on any form to view the forms in the <strong>Design</strong> view.</li>\n</ol>"
  },
  "pointer": {
    "direction": "left",
    "element": "",
    "type": "none"
  },
  "navigationType": "manual",
  "navigationBar": {
    "left": {
      "text": "Previous",
      "enable": true,
      "hide": false
    },
    "right": {
      "text": "Next",
      "enable": true,
      "hide": false
    }
  },
  "navigationCondition": "",
  "position": "BOTTOM_RIGHT",
  "meta": {
    "Creator": "Rashmi Menon",
    "CreatedOn": "Tue, 26 Nov 2019 08:02:44 GMT"
  },
  "context": [],
  "localization": {
    "en-us": {
      "content": {
        "title": "Import a Sample App",
        "body": "<ol>\n<li>From the main menu of the Iris, navigate to <strong>Project</strong> &gt; <strong>New Project</strong>.</li>\n<li>From the <strong>What do you want to start with now? </strong>window, select <strong>Sample Apps</strong>. </li><li>Click <strong>Next</strong>.</li>\n<li>From the <strong>Top 6 Sample Apps</strong> window, select <strong>News and Weather</strong> and click <strong>Choose</strong>.<br />The application opens in the <strong>Storyboard</strong> view.</li>\n<li>Click <strong>Continue</strong> button in popup Window.</li>\n<li>Click <strong>Continue</strong> button in popup Window.</li>\n<li>Click <strong>Yes</strong> button in popup Window.</li>\n<li>Double-click on any form to view the forms in the <strong>Design</strong> view.</li>\n</ol>"
      },
      "navigationBar": {
        "left": {
          "text": "Previous"
        },
        "right": {
          "text": "Next"
        }
      }
    },
    "zh-cn": {
      "content": {
        "title": "导入示例应用程序",
        "body": "***<ol> \n <li>从虹膜的主菜单中，导航到<strong> project </strong>＆gt; <strong>新项目</strong>。</li> \n <li>来自<strong>您现在想从什么开始？ </strong>窗口，选择<strong>示例应用</strong>。 </li> <li>单击<strong>下一个</strong>。</li> \n <li>从<strong>前6个示例应用程序</strong>窗口，选择<strong>新闻和天气</strong>，然后单击<strong>选择</strong>。<br />应用程序在<strong>故事板中打开应用程序{ 26}查看。</li> \n <li>单击<strong>在弹出窗口中继续</strong>按钮。</li> \n <li>单击<strong>在弹出窗口中继续</strong>按钮。</li> \n <li>单击<strong>是</strong>弹出窗口中的按钮。</li> \n <li>双击任何形式，以查看<strong>设计</strong>视图中的表格。</li> \n </ol>"
      },
      "navigationBar": {
        "left": {
          "text": "以前的"
        },
        "right": {
          "text": "下一个"
        }
      }
    },
    "zh-tw": {
      "content": {
        "title": "導入示例應用程序",
        "body": "***<ol> \n <li>從虹膜的主菜單中，導航到<strong> project </strong>＆gt; <strong>新項目</strong>。</li> \n <li>來自<strong>您現在想從什麼開始？ </strong>窗口，選擇<strong>示例應用</strong>。 </li> <li>單擊<strong>下一個</strong>。</li> \n <li>從<strong>前6個示例應用程序</strong>窗口，選擇<strong>新聞和天氣</strong>，然後單擊<strong>選擇</strong>。<br />應用程序在<strong>故事板中打開應用程序{ 26}查看。</li> \n <li>單擊<strong>在彈出窗口中繼續</strong>按鈕。</li> \n <li>單擊<strong>在彈出窗口中繼續</strong>按鈕。</li> \n <li>單擊<strong>是</strong>彈出窗口中的按鈕。</li> \n <li>雙擊任何形式，以查看<strong>設計</strong>視圖中的表格。</li> \n </ol>"
      },
      "navigationBar": {
        "left": {
          "text": "以前的"
        },
        "right": {
          "text": "下一個"
        }
      }
    }
  }
}