{
  "Tour.IntroductiontoActionEditorV9": {
    "description": "旅遊描述"
  },
  "Hike.VoltMX.IntrotoActionEditorV9": {
    "description": "徒步說明"
  },
  "Card.VoltMX.IntrotoActionEditorV9.AddFormNav": {
    "content": {
      "title": "添加表單導航",
      "body": "<ol>\n<li>在畫布上，選擇&nbsp;<strong>創建賬戶</strong>按鈕。</li>\n<li>導航到&nbsp;<strong>屬性</strong>面板並點擊<strong>行動</strong>.</li>\n<li>對於<strong>點擊</strong>事件，點擊&nbsp;<strong>編輯。<br /></strong><strong>行動</strong> <strong>編輯</strong>窗口出現。</li>\n</ol>"
    },
    "navigationBar": {
      "left": {
        "text": "上一個"
      },
      "right": {
        "text": "下一個"
      }
    }
  },
  "Card.VoltMX.IntrotoActionEditorV9.AddFormNav1": {
    "content": {
      "title": "添加表單導航",
      "body": "<ol>\n<li>從右上角<strong>動作編輯器</strong>畫布，選擇<strong>設計視圖</strong>.</li>\n<li>來自<strong>動作編輯器</strong>左側菜單，導航到<strong>一般</strong>部分。</li>\n<li>選擇<strong>導航到表單</strong>.</li>\n<li>點擊<img class=\"\" src=\"https://i.ibb.co/MZ02vkL/Screenshot-2019-02-26-at-2-34-18-PM.png\" alt=\"\" width=\"102\" height=\"18\" />&nbsp;在右側窗格中<strong>動作編輯器。<br /></strong> 一種新形式<strong>Form1</strong>將添加到您的項目中。</li>\n<li>右鍵單擊<strong>Form1</strong>並重命名為<strong>註冊。</strong>並選擇它。</li><li>點擊<b>保存</b>.</li>\n</ol>"
    },
    "navigationBar": {
      "left": {
        "text": "上一個"
      },
      "right": {
        "text": "下一個"
      }
    }
  },
  "Card.VoltMX.IntrotoActionEditorV9.addingelse": {
    "content": {
      "title": "添加其他條件",
      "body": "<p>由於用戶已滿足設置的條件，因此應通知他註冊過程已結束。</p>\n<ol><li>來自<b>動作編輯器</b>畫布，選擇<b>開始</b>.</li>\n<li>來自<strong>動作編輯器</strong>左側菜單，下<strong>條件</strong>選擇<strong>其他條件</strong>.</li>\n<li>來自<strong>動作編輯器</strong>左側菜單，下<strong>小工具</strong>，選擇<strong>設置小部件屬性</strong>.<br />一個新的動作將被添加到您的<strong>動作編輯器</strong>畫布下<strong>其他</strong>.</li>\n<li>在右側窗格中，展開<strong>移動表單</strong>&gt;<strong>frmRegistration</strong>&gt;<strong>ACMER註冊</strong>&gt;<strong>flxACMER註冊</strong>並選擇<strong>flxActivation</strong>.</li>\n<li>在右側窗格中，確保：<br />\n<ul>\n<li><strong>屬性</strong>設置為<strong>可見</strong></li>\n<li><strong>可見性</strong>設置為<strong>真</strong></li>\n</ul>\n</li>\n<li>點擊<strong>保存</strong>.</li>\n</ol>"
    },
    "navigationBar": {
      "left": {
        "text": "上一個"
      },
      "right": {
        "text": "下一個"
      }
    }
  },
  "Card.VoltMX.IntrotoActionEditorV9.AddLogin": {
    "content": {
      "title": "添加登錄屏幕",
      "body": "<ol>\n<li>從 Iris 的左下角，導航到<strong>默認庫</strong>.</li>\n<li> 旁邊<strong>默認庫</strong> ，你會看到<strong>我的圖書館</strong>選項卡和搜索圖標。單擊搜索圖標&nbsp;<img src=\"https://i.ibb.co/VDQ1byP/Screenshot-2019-02-26-at-1-57-46-PM.png\" alt=\"\" width=\"20\" height=\"20\" />.</li>\n<li>在出現的搜索欄中，輸入<strong>ACMELogin</strong>.</li>\n<li>拖動<strong>ACMELogin</strong>組件到<strong>frmLogin</strong>在畫布上。</li>\n</ol>"
    },
    "navigationBar": {
      "left": {
        "text": "上一個"
      },
      "right": {
        "text": "下一個"
      }
    }
  },
  "Card.VoltMX.IntrotoActionEditorV9.condBeh1": {
    "content": {
      "title": "添加註冊",
      "body": "<ol>\n<li>選擇<strong>註冊</strong>畫布上的按鈕。</li>\n<li>在<strong>行動</strong>選項卡，用於<strong>點擊</strong>動作，點擊<strong>編輯</strong>.<strong><br /></strong><strong>動作編輯器</strong>窗口出現。</li>\n</ol>"
    },
    "navigationBar": {
      "left": {
        "text": "上一個"
      },
      "right": {
        "text": "下一個"
      }
    }
  },
  "Card.VoltMX.IntrotoActionEditorV9.condBeh2": {
    "content": {
      "title": "添加註冊條件",
      "body": "<ol>\n<li>從右上角<strong>動作編輯器</strong>，選擇<strong>設計視圖</strong>.</li>\n<li>在&nbsp;<strong>動作編輯器</strong>左菜單，下<strong>條件</strong>，選擇<strong>如果</strong>.</li>\n<li>在<strong>動作編輯器</strong>右窗格，您會注意到：<br />\n<ul style=\"list-style-type: disc;\">\n<li><strong>條件類型</strong>被選為<strong>如果&nbsp;</strong></li>\n<li><strong>標準</strong>被選為<strong>滿足所有</strong></li>\n</ul>\n</li>\n<li>點擊下面的框<strong>小部件屬性</strong>下拉。<br />您會注意到項目的表單和小部件按層次結構列出。&nbsp;</li>\n<li>導航到<strong>移動表單</strong>&gt;&nbsp;<strong>frmRegistration</strong>&gt;&nbsp;<strong>ACMER註冊器</strong>&gt;&nbsp;<strong>flxACMER註冊</strong>並選擇&nbsp;<strong>tbxEmail</strong>.</li>\n<li>選擇<strong>文本</strong>在右側窗格中。</li>\n</ol>"
    },
    "navigationBar": {
      "left": {
        "text": "上一個"
      },
      "right": {
        "text": "下一個"
      }
    }
  },
  "Card.VoltMX.IntrotoActionEditorV9.condBeh3": {
    "content": {
      "title": "註冊條件",
      "body": "<p>您會注意到<strong>等於</strong>和&nbsp;<strong>小部件屬性</strong>出現在接下來的兩個下拉列表中。</p>\n<ol>\n<li>點擊下拉菜單<strong>小工具</strong> <strong>屬性</strong>提到 &nbsp; 並將其更改為<strong>值</strong>.</li>\n<li>在下一個文本框中輸入：<p style=\"background-color: lightyellow; padding-left: 5%;\">“”</p>\n</li>\n</ol>\n<p>您現在正在檢查電子郵件字段是否為空。</p>"
    },
    "navigationBar": {
      "left": {
        "text": "上一個"
      },
      "right": {
        "text": "下一個"
      }
    }
  },
  "Card.VoltMX.IntrotoActionEditorV9.condBeh4": {
    "content": {
      "title": "添加警告警報",
      "body": "<ol>\n<li>來自<strong>行動</strong> <strong>編輯</strong>左側菜單，導航至<strong>客戶</strong>&gt;&nbsp;<strong>顯示警報</strong>.</li>\n<li>在右側窗格中提供以下詳細信息：<ul>\n<li>設置<strong>警報類型</strong>到&nbsp;<strong>錯誤</strong></li>\n<li>下<strong>警報標題</strong>，輸入：<strong>電子郵件地址無效</strong></li>\n<li>下<strong>是標籤</strong>，輸入：<strong>好的</strong></li>\n<li>下<strong>警報消息</strong>，輸入：<strong>請輸入有效的電子郵件地址</strong></li>\n</ul>\n</li>\n</ol>"
    },
    "navigationBar": {
      "left": {
        "text": "上一個"
      },
      "right": {
        "text": "下一個"
      }
    }
  },
  "Card.VoltMX.IntrotoActionEditorV9.createReg": {
    "content": {
      "title": "創建註冊表",
      "body": "<ol>\n<li>來自<strong>項目</strong>資源管理器，展開<strong>手機</strong>&gt;&nbsp;<strong>表格</strong>並選擇<strong>註冊。</strong> &nbsp;</li>\n<li>從 Iris 的左下角，導航到默認庫。</li>\n<li> 旁邊<strong>默認庫</strong> ，你會看到<strong>我的圖書館</strong>選項卡和搜索圖標。單擊搜索圖標<img class=\"\" src=\"https://i.ibb.co/VDQ1byP/Screenshot-2019-02-26-at-1-57-46-PM.png\" alt=\"\" width=\"20\" height=\"20\" />.</li>\n<li>在出現的搜索欄中，輸入<strong>ACMER註冊</strong>.<br /><img src=\"https://i.ibb.co/DYgBS2b/Screenshot-2019-02-26-at-2-44-09-PM.png\" alt=\"\" width=\"173\" height=\"40\" /></li>\n<li>拖動<strong>ACME</strong><strong>註冊</strong>組件並將其放到&nbsp;<strong>frmRegistration</strong>在畫布上。</li>\n</ol>\n<p>在接下來的幾張卡片中，我們將為此註冊屏幕添加驗證。</p>"
    },
    "navigationBar": {
      "left": {
        "text": "上一個"
      },
      "right": {
        "text": "下一個"
      }
    }
  },
  "Card.VoltMX.IntrotoActionEditorV9.explore": {
    "content": {
      "title": "探索應用",
      "body": "<p>您現在可以在您的<strong>手機</strong>設備。</p>\n<ol>\n<li>點擊<strong>創建帳戶</strong>登錄屏幕上的按鈕，您將被導航到註冊屏幕。</li>\n<li>點擊<strong>註冊</strong>註冊屏幕上的按鈕。<br/>出現警報彈出窗口。</li>\n<li>在文本字段中輸入您的電子郵件 ID，然後單擊<strong>註冊</strong>按鈕。<br/>出現一條通知，為您提供有關註冊的進一步說明。</li>\n<li> 到<strong>退出</strong><strong>手機</strong>設備，從左向右滑動兩根手指或搖動你的<strong>手機</strong>設備並點擊<strong>退出應用</strong>.</li>\n</ol>"
    },
    "navigationBar": {
      "left": {
        "text": "上一個"
      },
      "right": {
        "text": "下一個"
      }
    }
  },
  "Card.VoltMX.IntrotoActionEditorV9.intro": {
    "content": {
      "title": "動作編輯器簡介",
      "body": "<p><strong>動作編輯器</strong>是一個應用程序邏輯生成器。<br />使用<strong>動作編輯器</strong> ，您可以定義和修改應用程序行為。<br /><br />在這次遠足結束時，您將能夠：</p>\n<ul style=\"list-style-type: disc;\">\n<li>在表單之間導航</li>\n<li>創建條件行為</li>\n<li>顯示警報</li>\n<li>設置小部件屬性</li>\n</ul>"
    },
    "navigationBar": {
      "left": {
        "text": "上一個"
      },
      "right": {
        "text": "開始"
      }
    }
  },
  "Card.VoltMX.IntrotoActionEditorV9.NewProject1": {
    "content": {
      "title": "創建一個新項目",
      "body": "<ol>\n<li>導航到<strong>項目</strong>&gt;<strong>新項目</strong>.</li>\n<li>來自<strong> 你現在想從什麼開始？</strong>窗口，選擇<strong>本機應用程序</strong>.</li>\n<li>點擊<strong>下一個</strong>.<br/><b>您從本機應用程序開始</b>窗口打開。</li>\n</ol>"
    },
    "navigationBar": {
      "left": {
        "text": "上一個"
      },
      "right": {
        "text": "下一個"
      }
    }
  },
  "Card.VoltMX.IntrotoActionEditorV9.NewProject2": {
    "content": {
      "title": "創建一個新項目",
      "body": "<ol>\n<li>下<strong>項目名稱</strong>，輸入<strong>VoltMXACME</strong>.</li>\n<li>點擊<strong>創建</strong>.<br />使用一個 flex 表單創建了一個新應用程序。<br />應用程序在<strong>故事板</strong>查看。</li>\n</ol>"
    },
    "navigationBar": {
      "left": {
        "text": "上一個"
      },
      "right": {
        "text": "下一個"
      }
    }
  },
  "Card.VoltMX.IntrotoActionEditorV9.openapp": {
    "content": {
      "title": "Volt MX 應用程序",
      "body": "<ol><li>連接您的<b>手機</b>使用 USB 電纜將設備連接到您的計算機。<br/> 對於Android移動設備，確保使用USB<b>傳輸文件</b>.<br/> 對於 iOS 移動設備，請確保<b>信任</b>已在您的設備和計算機之間建立。</li>\n<li>啟動<b>Volt MX 應用程序</b>在你的<b>手機</b>設備。</li><li>選擇<b>USB</b>選項卡。<li>連接成功後，<b>虹膜</b>在您的計算機上顯示成功提示。</li></ol>"
    },
    "navigationBar": {
      "left": {
        "text": "上一個"
      },
      "right": {
        "text": "下一個"
      }
    }
  },
  "Card.VoltMX.IntrotoActionEditorV9.preview": {
    "content": {
      "title": "實時預覽設置",
      "body": "<ol><li>從主菜單中，選擇<b>構建</b>.\n</li><li>點擊<b>實時預覽設置</b>.</li></ol>"
    },
    "navigationBar": {
      "left": {
        "text": "上一個"
      },
      "right": {
        "text": "下一個"
      }
    }
  },
  "Card.VoltMX.IntrotoActionEditorV9.rename": {
    "content": {
      "title": "重命名表單",
      "body": "<ol>\n<li>在<strong>故事板</strong>查看，在新表單上方，單擊<strong>Form1</strong>.</li>\n<li>重命名表單<strong>frmLogin</strong>.</li>\n<li>要向表單添加小部件，請雙擊表單以在<strong>設計</strong>查看。</li>\n</ol>"
    },
    "navigationBar": {
      "left": {
        "text": "上一個"
      },
      "right": {
        "text": "下一個"
      }
    }
  },
  "Card.VoltMX.IntrotoActionEditorV9.run": {
    "content": {
      "title": "運行應用程序",
      "body": "<ol><li>來自<b>實時預覽設置</b>窗下<b>本地</b> ，選中操作系統旁邊的複選框<b>手機</b>您要在其上查看應用程序的設備。<br/>例如：<b>iOS</b>和<b>安卓</b>.<br/>確保您已取消選中所有其他平台和頻道的複選框。</li>\n<li>點擊<b>保存並運行</b>.<br/> Iris 可能需要一些時間才能顯示<b>實時預覽已準備就緒</b>窗口。</li></ol>"
    },
    "navigationBar": {
      "left": {
        "text": "上一個"
      },
      "right": {
        "text": "下一個"
      }
    }
  },
  "Card.VoltMX.IntrotoActionEditorV9.success": {
    "content": {
      "title": " 恭喜",
      "body": "<p> 您已成功完成遠足。<br />在這次徒步旅行中，您有：</p>\n<ul>\n<li><strong>從登錄屏幕導航到註冊屏幕</strong></li>\n<li><strong>圍繞電子郵件 ID 文本字段添加驗證</strong></li>\n<li><strong>如果用戶輸入無效則顯示警報</strong></li>\n<li><strong>更改小部件的可見性以顯示成功消息</strong></li>\n</ul>"
    },
    "navigationBar": {
      "left": {
        "text": "上一個"
      },
      "right": {
        "text": "完成"
      }
    }
  },
  "Card.VoltMX.IntrotoActionEditorV9.view": {
    "content": {
      "title": "查看應用",
      "body": "<ol>\n<li>在你的<strong>Volt MX 應用程序</strong>，點擊<strong>啟動</strong>.</li>\n<li>您可能會看到<strong>應用程序名稱</strong>文本框。如果有文本框，輸入<strong>VoltMXACME</strong>然後點擊<strong>啟動</strong>.<br />出現帶有登錄屏幕的表單。</li>\n</ol>"
    },
    "navigationBar": {
      "left": {
        "text": "上一個"
      },
      "right": {
        "text": "下一個"
      }
    }
  }
}