{
  "Card.VoltMX.IntrotoActionEditorV9.intro": {
    "content": {
      "title": "動作編輯簡介",
      "body": "<p> <strong>操作編輯器</strong>是一個應用程序邏輯生成器。<br />使用<strong>操作編輯器</strong>，您可以在此遠足結束時定義和修改應用程序行為。<br /> <br /> ，您將能夠：</p> \n <ul style=\"list-style-type: disc;\"> \n <li>在表格之間導航</li> \n <li>創建條件行為</li> \n <li>顯示警報</li> \n <li>設置小部件屬性</li> \n </ul>"
    },
    "navigationBar": {
      "left": {
        "text": "以前的"
      },
      "right": {
        "text": "開始"
      }
    }
  },
  "Card.VoltMX.IntrotoActionEditorV9.NewProject1": {
    "content": {
      "title": "創建一個新項目",
      "body": "<ol> \n <li>導航至<strong> project </strong>＆gt; <strong>新項目</strong>。</li> \n <li>來自<strong>您現在想從什麼開始？ </strong>窗口，選擇<strong>本機應用</strong>。</li> \n <li>單擊<strong> Next </strong>。<br/> <b>您從本機應用程序</b>窗口打開。 </li> \n </ol>"
    },
    "navigationBar": {
      "left": {
        "text": "以前的"
      },
      "right": {
        "text": "下一個"
      }
    }
  },
  "Card.VoltMX.IntrotoActionEditorV9.NewProject2": {
    "content": {
      "title": "創建一個新項目",
      "body": "<ol> \n <li>在<strong>項目名稱</strong>下，輸入<strong> voltmxacme </strong>。</li> \n <li>單擊<strong>創建</strong>。<br />使用一個Flex表單創建一個新應用程序。 <br />應用程序在<strong>故事板</strong>視圖中打開。</li> \n </ol>"
    },
    "navigationBar": {
      "left": {
        "text": "以前的"
      },
      "right": {
        "text": "下一個"
      }
    }
  },
  "Card.VoltMX.IntrotoActionEditorV9.rename": {
    "content": {
      "title": "重命名表格",
      "body": "<ol> \n <li>在<strong>故事板</strong>視圖中，在新表單上方，單擊<strong> form1 </strong>。</li> \n <li>從<strong> form1重命名表單1 \n  </strong> to <strong> frmlogin </strong>。</li> \n <li>將小部件添加到表單中，雙擊表單上以打開<strong> design </strong>視圖中的表單。</li> \n </ol>"
    },
    "navigationBar": {
      "left": {
        "text": "以前的"
      },
      "right": {
        "text": "下一個"
      }
    }
  },
  "Card.VoltMX.IntrotoActionEditorV9.AddLogin": {
    "content": {
      "title": "添加登錄屏幕",
      "body": "<ol> \n <li>從虹膜的下左角，導航到<strong>默認庫</strong>。</li> \n <li>在<strong>默認庫</strong>旁邊，您將看到<strong>我的庫</strong>選項卡和搜索圖標。 單擊搜索圖標＆nbsp; <img src=\"https://opensource.hcltechsw.com/volt-mx-tutorials/static/dist/images/searchLib.png\" alt=\"\" width=\"20\" height=\"20\" />。</li> \n <li>在出現的搜索欄中，輸入<strong> acmelogin </strong>。</li> \n <li>將<strong> acmelogin </strong>組件拖到<strong> frmlogin </strong>上。</li> \n <li>單擊<strong>在導入窗口中no </strong>。</li> \n </ol>"
    },
    "navigationBar": {
      "left": {
        "text": "以前的"
      },
      "right": {
        "text": "下一個"
      }
    }
  },
  "Card.VoltMX.IntrotoActionEditorV9.AddFormNav": {
    "content": {
      "title": "添加表單導航",
      "body": "***<ol> \n <li>在畫布的底部附近，選擇<strong>創建帳戶</strong>按鈕。</li> \n <li>導航到<strong>屬性</strong>面板，然後單擊<strong>操作</strong>。</li> \n <li>對於<strong> onClick </strong>事件，單擊＆nbsp; <strong> edit。 }從<strong>動作編輯器</strong>帆布的右上角，選擇<strong>設計視圖</strong>。</li> </ol>"
    },
    "navigationBar": {
      "left": {
        "text": "以前的"
      },
      "right": {
        "text": "下一個"
      }
    }
  },
  "Card.VoltMX.IntrotoActionEditorV9.AddFormNav1": {
    "content": {
      "title": "添加表單導航",
      "body": "***<ol> \n <li>從<strong>操作編輯器</strong>左菜單，導航到<strong>常規</strong> e節。</li> \n <li>選擇<strong>導航到形式</strong>。</li> \n <li>單擊<img class=\"\" src=\"https://opensource.hcltechsw.com/volt-mx-tutorials/static/dist/images/CreateNew.png\" alt=\"\" width=\"102\" height=\"18\" />＆nbsp;在<strong>操作編輯器的右窗格中。<br /> </strong>將添加一個新的form <strong> form1 </strong>。</li> \n <li>右鍵單擊<strong> form1 </strong>，選擇<b>重命名</b>，然後從<b> form1 </b>重命名為<strong> frmregistration </strong>，select {27}，select <b> frmRegistration </b>} 。</li> <li>單擊<b>保存</b>。</li> \n </ol>"
    },
    "navigationBar": {
      "left": {
        "text": "以前的"
      },
      "right": {
        "text": "下一個"
      }
    }
  },
  "Card.VoltMX.IntrotoActionEditorV9.createReg": {
    "content": {
      "title": "創建註冊表",
      "body": "***<ol> \n <li>來自<strong> project </strong>資源管理器，展開<strong> Mobile＆nbsp; </strong>＆gt;＆nbsp; <strong> form </strong>並選擇<strong> frmregistration。</strong>＆nbsp; </li> \n <li>從虹膜的下左角，導航到默認庫。</li> \n <li> <strong>默認庫</strong>旁邊，您將看到<strong>我的庫</strong> tab和搜索圖標。 單擊搜索圖標<img class=\"\" src=\"https://opensource.hcltechsw.com/volt-mx-tutorials/static/dist/images/searchLib.png\" alt=\"\" width=\"20\" height=\"20\" />。</li> \n <li>在出現的搜索欄中，輸入<strong> acmeregister </strong>。<br /> <img src=\"https://opensource.hcltechsw.com/volt-mx-tutorials/static/dist/images/DefaultLibrary.png\" width=\"200\" height=\"50\" > </li> {25} \n <li>將<strong> acme </strong> <strong> {29}註冊</strong>組件，然後將其放在canvas。 \n <li>單擊<strong>在導入窗口中no </strong>。</li> \n </ol> \n <p>在接下來的幾張卡中，我們將為此註冊屏幕添加驗證。</p>"
    },
    "navigationBar": {
      "left": {
        "text": "以前的"
      },
      "right": {
        "text": "下一個"
      }
    }
  },
  "Card.VoltMX.IntrotoActionEditorV9.condBeh1": {
    "content": {
      "title": "添加註冊",
      "body": "***<ol> \n <li>在畫布上選擇<strong>註冊</strong>按鈕。</li> \n <li>導航到<strong>屬性</strong>面板，然後單擊<strong>操作</strong>。 \n <br /> </strong> <strong>動作編輯器</strong>窗口出現。 }。</li> </ol>"
    },
    "navigationBar": {
      "left": {
        "text": "以前的"
      },
      "right": {
        "text": "下一個"
      }
    }
  },
  "Card.VoltMX.IntrotoActionEditorV9.condBeh2": {
    "content": {
      "title": "增加註冊條件",
      "body": "***<ol> \n <li>在＆nbsp; <strong>操作編輯器＆nbsp; </strong>左菜單下，在<strong>條件</strong>下，選擇<strong>如果</strong>。</li>。{8} \n <li>在<strong>操作編輯器</strong>右窗格中，您會注意到：<br /> \n <ul style=\"list-style-type: disc;\"> \n <li> <strong>條件類型＆nbsp; </strong>被選擇為<strong> if＆nbsp; </strong> </li> {19} \n <li> <strong>標準</strong>被選擇＆nbsp; as <strong>滿足所有</strong> </li> \n </ul> \n </li> \n <li>單擊下面的框<strong>窗口小部件屬性</strong>下拉。 <br />您會注意到您的項目表格和小部件正在層次結構中列出。＆nbsp; </li> \n <li>導航至<strong>移動表單</strong>＆gt;＆nbsp; <strong> frmregistration＆nbsp; </strong>＆gt;＆nbsp;＆nbsp; <strong> acmeregister＆nbsp; </strong>＆gt; ; <strong> tbxemail </strong>。</li> \n <li>在右窗格中選擇<strong>文本</strong>。</li> \n </ol>"
    },
    "navigationBar": {
      "left": {
        "text": "以前的"
      },
      "right": {
        "text": "下一個"
      }
    }
  },
  "Card.VoltMX.IntrotoActionEditorV9.condBeh3": {
    "content": {
      "title": "註冊條件",
      "body": "***<p>您會注意到<strong>等於</strong>和＆nbsp; <strong> widget屬性</strong>出現在接下來的兩個下拉台上。</p> \n <ol> \n <li>單擊下拉下的下拉下拉<strong> widget </strong> <strong> {10} property </strong>＆nbsp;已提及，然後將其更改為<strong> value </strong>。</li>。{14} \n <li>在下一個文本框中輸入： \n <p style=\"background-color: lightyellow; padding-left: 5%;\">“” </p> \n </li> \n </ol> \n <p>您現在正在檢查電子郵件字段是否為空。</p>"
    },
    "navigationBar": {
      "left": {
        "text": "以前的"
      },
      "right": {
        "text": "下一個"
      }
    }
  },
  "Card.VoltMX.IntrotoActionEditorV9.condBeh4": {
    "content": {
      "title": "添加警告警報",
      "body": "***<ol> \n <li>從<strong> client </strong>會話下的動作編輯器左菜單中，選擇<strong> show arter </strong>。</li> \n <li>在正確的窗格中提供以下細節： \n <ul> \n <li>設置<strong>警報類型</strong> to＆nbsp; <strong> error </strong> </li> {14} \n <li> <strong>警報標題</strong>，Enter：<strong>無效的電子郵件地址</strong> </li> {20} \n <li>在<strong> yes label </strong>，enter：<strong> ok </strong> </li> \n <li>在<strong>下警報消息</strong>，Enter：<strong>請輸入有效的電子郵件地址</strong> </li> \n </ul> \n </li> \n </ol>"
    },
    "navigationBar": {
      "left": {
        "text": "以前的"
      },
      "right": {
        "text": "下一個"
      }
    }
  },
  "Card.VoltMX.IntrotoActionEditorV9.addingelse": {
    "content": {
      "title": "添加其他條件",
      "body": "***<p>由於用戶滿足了設置的條件，因此應通知他的註冊過程已經結束。</p> \n <ol> <li>來自<b>動作編輯器</b>帆布，選擇<b> start </b>。</li> \n <li>來自<strong>操作編輯器</strong>左菜單，在<strong>條件</strong>下選擇<strong> else </strong>條件。</li> \n <li>來自<strong>操作編輯器</strong>左菜單，在<strong> widget </strong>下，選擇<strong>設置widget property </strong>。<br />將添加一個新操作，將其添加到您的<strong> 動作編輯器</strong> <strong> else </strong>下的畫布。</li> \n <li>在右窗格中，展開<strong>移動表單</strong>＆gt; <strong> frmregistration </strong>＆gt; <strong> acmeregister </strong>＆gt; <strong> flxacmeregister </strong>，然後選擇<strong> flxActivation </strong>。</li> \n <li>在右窗格中，確保：<br /> \n <ul> \n <li> <strong>屬性</strong>設置為<strong>可見</strong> </li> \n <li> <strong>可見性</strong>設置為<strong> true </strong> </li> {56} \n </ul> \n </li> \n <li>單擊<strong>保存</strong>。</li> \n </ol>"
    },
    "navigationBar": {
      "left": {
        "text": "以前的"
      },
      "right": {
        "text": "下一個"
      }
    }
  },
  "Card.VoltMX.IntrotoActionEditorV9.openapp": {
    "content": {
      "title": "Volt MX應用程序",
      "body": "***<ol> <li>使用USB電纜將您的<b>移動</b>設備連接到計算機。<br/>對於Android移動設備，請確保使用USB的使用為<b>傳輸文件</b>。{7 }對於iOS移動設備，請確保在您的設備和計算機之間建立了<b>信任</b>。</li> \n <li>在您的<b>移動</b>設備上啟動<b> volt mx app </b>。</li> <li>選擇<b> usb </b> tab。 \n <li>在成功的連接上，計算機上的<b> iris </b>顯示成功提示。</li> </ol>"
    },
    "navigationBar": {
      "left": {
        "text": "以前的"
      },
      "right": {
        "text": "下一個"
      }
    }
  },
  "Card.VoltMX.IntrotoActionEditorV9.preview": {
    "content": {
      "title": "實時預覽設置",
      "body": "<ol> <li>從主菜單中，選擇<b>構建</b>。 \n </li> <li>單擊<b> live預覽設置</b>。</li> </ol>"
    },
    "navigationBar": {
      "left": {
        "text": "以前的"
      },
      "right": {
        "text": "下一個"
      }
    }
  },
  "Card.VoltMX.IntrotoActionEditorV9.run": {
    "content": {
      "title": "運行應用程序",
      "body": "<ol> <li>從<b> Live Preview設置</b>窗口，在<b>本機</b>下，選擇<b>移動</b>設備的OS旁邊的複選框 查看應用程序。 <br/>例如：<b> ios </b>和<b> android </b>。<br/>確保您未選擇所有其他平台和通道的複選框。 </li> \n <li>單擊<b>保存並運行</b>。<br/>可能需要一些時間才能讓Iris顯示<b> Live Preview已準備就緒</b>窗口。 </li> </ol>"
    },
    "navigationBar": {
      "left": {
        "text": "以前的"
      },
      "right": {
        "text": "下一個"
      }
    }
  },
  "Card.VoltMX.IntrotoActionEditorV9.view": {
    "content": {
      "title": "查看應用程序",
      "body": "<ol> \n <li>在您的<strong> volt mx app </strong>上，單擊<strong>啟動</strong>。</li> \n <li>您可能會看到<strong>應用程序名稱</strong>文本框。 如果有一個文本框，請輸入<strong> voltmxacme </strong>，然後單擊<strong>啟動</strong>。<br />出現帶有登錄屏幕的表單。</li> \n </ol>"
    },
    "navigationBar": {
      "left": {
        "text": "以前的"
      },
      "right": {
        "text": "下一個"
      }
    }
  },
  "Card.VoltMX.IntrotoActionEditorV9.explore": {
    "content": {
      "title": "探索應用程序",
      "body": "<p>現在，您將能夠在<strong>移動</strong>設備上查看該應用程序。 </p> \n <ol> \n <li>單擊<strong>在登錄屏幕上創建帳戶＆nbsp; </strong>按鈕，您將被導航到註冊屏幕。</li> \n <li>單擊<strong>在您的註冊屏幕上註冊</strong>按鈕。 <br/>出現通知。</li> \n <li>在文本字段中輸入您的電子郵件ID，然後單擊<strong>註冊</strong>按鈕。<br/> \n 出現通知，您可以進一步指示註冊。</li> \n <li>到<strong>退出</strong> <strong>移動</strong>設備，從左到右滑動兩個手指，或搖動<strong>移動</strong>設備，然後單擊<strong> Exit App </strong>。 </li> \n </ol>"
    },
    "navigationBar": {
      "left": {
        "text": "以前的"
      },
      "right": {
        "text": "下一個"
      }
    }
  },
  "Card.VoltMX.IntrotoActionEditorV9.success": {
    "content": {
      "title": "恭喜",
      "body": "<p>您已經成功完成了遠足。<br />在此遠足中，您有：</p> \n <ul> \n <li> <strong>從登錄屏幕導航到註冊屏幕</strong> </li> \n <li> <strong>圍繞電子郵件ID文本字段＆nbsp; </strong> </li>添加驗證 \n <li> <strong>顯示了一個警報，如果用戶輸入無效</strong> </li> \n <li> <strong>更改了小部件的可見性，以顯示成功消息</strong> </li> \n </ul>"
    },
    "navigationBar": {
      "left": {
        "text": "以前的"
      },
      "right": {
        "text": "完畢"
      }
    }
  }
}