{
  "Card.VoltMX.IntrotoActionEditorV9.intro": {
    "content": {
      "title": "动作编辑简介",
      "body": "<p> <strong>操作编辑器</strong>是一个应用程序逻辑生成器。<br />使用<strong>操作编辑器</strong>，您可以在此远足结束时定义和修改应用程序行为。<br /> <br /> ，您将能够：</p> \n <ul style=\"list-style-type: disc;\"> \n <li>在表格之间导航</li> \n <li>创建条件行为</li> \n <li>显示警报</li> \n <li>设置小部件属性</li> \n </ul>"
    },
    "navigationBar": {
      "left": {
        "text": "以前的"
      },
      "right": {
        "text": "开始"
      }
    }
  },
  "Card.VoltMX.IntrotoActionEditorV9.NewProject1": {
    "content": {
      "title": "创建一个新项目",
      "body": "<ol> \n <li>导航至<strong> project </strong>＆gt; <strong>新项目</strong>。</li> \n <li>来自<strong>您现在想从什么开始？ </strong>窗口，选择<strong>本机应用</strong>。</li> \n <li>单击<strong> Next </strong>。<br/> <b>您从本机应用程序</b>窗口打开。 </li> \n </ol>"
    },
    "navigationBar": {
      "left": {
        "text": "以前的"
      },
      "right": {
        "text": "下一个"
      }
    }
  },
  "Card.VoltMX.IntrotoActionEditorV9.NewProject2": {
    "content": {
      "title": "创建一个新项目",
      "body": "<ol> \n <li>在<strong>项目名称</strong>下，输入<strong> voltmxacme </strong>。</li> \n <li>单击<strong>创建</strong>。<br />使用一个Flex表单创建一个新应用程序。 <br />应用程序在<strong>故事板</strong>视图中打开。</li> \n </ol>"
    },
    "navigationBar": {
      "left": {
        "text": "以前的"
      },
      "right": {
        "text": "下一个"
      }
    }
  },
  "Card.VoltMX.IntrotoActionEditorV9.rename": {
    "content": {
      "title": "重命名表格",
      "body": "<ol> \n <li>在<strong>故事板</strong>视图中，在新表单上方，单击<strong> form1 </strong>。</li> \n <li>从<strong> form1重命名表单1 \n  </strong> to <strong> frmlogin </strong>。</li> \n <li>将小部件添加到表单中，双击表单上以打开<strong> design </strong>视图中的表单。</li> \n </ol>"
    },
    "navigationBar": {
      "left": {
        "text": "以前的"
      },
      "right": {
        "text": "下一个"
      }
    }
  },
  "Card.VoltMX.IntrotoActionEditorV9.AddLogin": {
    "content": {
      "title": "添加登录屏幕",
      "body": "<ol> \n <li>从虹膜的下左角，导航到<strong>默认库</strong>。</li> \n <li> <strong>默认库</strong>旁边，您将看到<strong>我的库</strong> tab和搜索图标。 单击搜索图标＆nbsp; <img src=\"https://opensource.hcltechsw.com/volt-mx-tutorials/static/dist/images/searchLib.png\" alt=\"\" width=\"20\" height=\"20\" />。</li> \n <li>在出现的搜索栏中，输入<strong> acmelogin </strong>。</li> \n <li>将<strong> acmelogin </strong>组件拖到<strong> frmlogin </strong>上。</li> \n <li>单击<strong>在导入窗口中no </strong>。</li> \n </ol>"
    },
    "navigationBar": {
      "left": {
        "text": "以前的"
      },
      "right": {
        "text": "下一个"
      }
    }
  },
  "Card.VoltMX.IntrotoActionEditorV9.AddFormNav": {
    "content": {
      "title": "添加表单导航",
      "body": "***<ol> \n <li>在画布的底部附近，选择<strong>创建帐户</strong>按钮。</li> \n <li>导航到<strong>属性</strong>面板，然后单击<strong>操作</strong>。</li> \n <li>对于<strong> onClick </strong>事件，单击＆nbsp; <strong> edit。 }从<strong>动作编辑器</strong>帆布的右上角，选择<strong>设计视图</strong>。</li> </ol>"
    },
    "navigationBar": {
      "left": {
        "text": "以前的"
      },
      "right": {
        "text": "下一个"
      }
    }
  },
  "Card.VoltMX.IntrotoActionEditorV9.AddFormNav1": {
    "content": {
      "title": "添加表单导航",
      "body": "***<ol> \n <li>从<strong>操作编辑器</strong>左菜单，导航到<strong>常规</strong> e节。</li> \n <li>选择<strong>导航到形式</strong>。</li> \n <li>单击<img class=\"\" src=\"https://opensource.hcltechsw.com/volt-mx-tutorials/static/dist/images/CreateNew.png\" alt=\"\" width=\"102\" height=\"18\" />＆nbsp;在<strong>操作编辑器的右窗格中。<br /> </strong>将添加一个新的form <strong> form1 </strong>。</li> \n <li>右键单击<strong> form1 </strong>，选择<b>重命名</b>，然后从<b> form1 </b>重命名为<strong> frmregistration </strong>，select {27}，select <b> frmRegistration </b>} 。</li> <li>单击<b>保存</b>。</li> \n </ol>"
    },
    "navigationBar": {
      "left": {
        "text": "以前的"
      },
      "right": {
        "text": "下一个"
      }
    }
  },
  "Card.VoltMX.IntrotoActionEditorV9.createReg": {
    "content": {
      "title": "创建注册表",
      "body": "***<ol> \n <li>来自<strong> project </strong>资源管理器，展开<strong> Mobile＆nbsp; </strong>＆gt;＆nbsp; <strong> form </strong>并选择<strong> frmregistration。</strong>＆nbsp; </li> \n <li>从虹膜的下左角，导航到默认库。</li> \n <li> <strong>默认库</strong>旁边，您将看到<strong>我的库</strong> tab和搜索图标。 单击搜索图标<img class=\"\" src=\"https://opensource.hcltechsw.com/volt-mx-tutorials/static/dist/images/searchLib.png\" alt=\"\" width=\"20\" height=\"20\" />。</li> \n <li>在出现的搜索栏中，输入<strong> acmeregister </strong>。<br /> <img src=\"https://opensource.hcltechsw.com/volt-mx-tutorials/static/dist/images/DefaultLibrary.png\" width=\"200\" height=\"50\" > </li> {25} \n <li>将<strong> acme </strong> <strong> {29}注册</strong>组件，然后将其放在canvas。 \n <li>单击<strong>在导入窗口中no </strong>。</li> \n </ol> \n <p>在接下来的几张卡中，我们将为此注册屏幕添加验证。</p>"
    },
    "navigationBar": {
      "left": {
        "text": "以前的"
      },
      "right": {
        "text": "下一个"
      }
    }
  },
  "Card.VoltMX.IntrotoActionEditorV9.condBeh1": {
    "content": {
      "title": "添加注册",
      "body": "***<ol> \n <li>在画布上选择<strong>注册</strong>按钮。</li> \n <li>导航到<strong>属性</strong>面板，然后单击<strong>操作</strong>。 \n <br /> </strong> <strong>动作编辑器</strong>窗口出现。 }。</li> </ol>"
    },
    "navigationBar": {
      "left": {
        "text": "以前的"
      },
      "right": {
        "text": "下一个"
      }
    }
  },
  "Card.VoltMX.IntrotoActionEditorV9.condBeh2": {
    "content": {
      "title": "增加注册条件",
      "body": "***<ol> \n <li>在＆nbsp; <strong>操作编辑器＆nbsp; </strong>左菜单下，在<strong>条件</strong>下，选择<strong>如果</strong>。</li>。{8} \n <li>在<strong>操作编辑器</strong>右窗格中，您会注意到：<br /> \n <ul style=\"list-style-type: disc;\"> \n <li> <strong>条件类型＆nbsp; </strong>被选择为<strong> if＆nbsp; </strong> </li> {19} \n <li> <strong>标准</strong>被选择＆nbsp; as <strong>满足所有</strong> </li> \n </ul> \n </li> \n <li>单击下面的框<strong>窗口小部件属性</strong>下拉。 <br />您会注意到您的项目表格和小部件正在层次结构中列出。＆nbsp; </li> \n <li>导航至<strong>移动表单</strong>＆gt;＆nbsp; <strong> frmregistration＆nbsp; </strong>＆gt;＆nbsp;＆nbsp; <strong> acmeregister＆nbsp; </strong>＆gt; ; <strong> tbxemail </strong>。</li> \n <li>在右窗格中选择<strong>文本</strong>。</li> \n </ol>"
    },
    "navigationBar": {
      "left": {
        "text": "以前的"
      },
      "right": {
        "text": "下一个"
      }
    }
  },
  "Card.VoltMX.IntrotoActionEditorV9.condBeh3": {
    "content": {
      "title": "注册条件",
      "body": "***<p>您会注意到<strong>等于</strong>和＆nbsp; <strong> widget属性</strong>出现在接下来的两个下拉台上。</p> \n <ol> \n <li>单击下拉下的下拉下拉<strong> widget </strong> <strong> {10} property </strong>＆nbsp;已提及，然后将其更改为<strong> value </strong>。</li>。{14} \n <li>在下一个文本框中输入： \n <p style=\"background-color: lightyellow; padding-left: 5%;\">“” </p> \n </li> \n </ol> \n <p>您现在正在检查电子邮件字段是否为空。</p>"
    },
    "navigationBar": {
      "left": {
        "text": "以前的"
      },
      "right": {
        "text": "下一个"
      }
    }
  },
  "Card.VoltMX.IntrotoActionEditorV9.condBeh4": {
    "content": {
      "title": "添加警告警报",
      "body": "***<ol> \n <li>从<strong> client </strong>会话下的动作编辑器左菜单中，选择<strong> show arter </strong>。</li> \n <li>在正确的窗格中提供以下细节： \n <ul> \n <li>设置<strong>警报类型</strong> to＆nbsp; <strong> error </strong> </li> {14} \n <li> <strong>警报标题</strong>，Enter：<strong>无效的电子邮件地址</strong> </li> {20} \n <li>在<strong> yes label </strong>，enter：<strong> ok </strong> </li> \n <li>在<strong>下警报消息</strong>，Enter：<strong>请输入有效的电子邮件地址</strong> </li> \n </ul> \n </li> \n </ol>"
    },
    "navigationBar": {
      "left": {
        "text": "以前的"
      },
      "right": {
        "text": "下一个"
      }
    }
  },
  "Card.VoltMX.IntrotoActionEditorV9.addingelse": {
    "content": {
      "title": "添加其他条件",
      "body": "***<p>由于用户满足了设置的条件，因此应通知他的注册过程已经结束。</p> \n <ol> <li>来自<b>动作编辑器</b>帆布，选择<b> start </b>。</li> \n <li>来自<strong>操作编辑器</strong>左菜单，在<strong>条件</strong>下选择<strong> else </strong>条件。</li> \n <li>来自<strong>操作编辑器</strong>左菜单，在<strong> widget </strong>下，选择<strong>设置widget property </strong>。<br />将添加一个新操作，将其添加到您的<strong> 动作编辑器</strong> <strong> else </strong>下的画布。</li> \n <li>在右窗格中，展开<strong>移动表单</strong>＆gt; <strong> frmregistration </strong>＆gt; <strong> acmeregister </strong>＆gt; <strong> flxacmeregister </strong>，然后选择<strong> flxActivation </strong>。</li> \n <li>在右窗格中，确保：<br /> \n <ul> \n <li> <strong>属性</strong>设置为<strong>可见</strong> </li> \n <li> <strong>可见性</strong>设置为<strong> true </strong> </li> {56} \n </ul> \n </li> \n <li>单击<strong>保存</strong>。</li> \n </ol>"
    },
    "navigationBar": {
      "left": {
        "text": "以前的"
      },
      "right": {
        "text": "下一个"
      }
    }
  },
  "Card.VoltMX.IntrotoActionEditorV9.openapp": {
    "content": {
      "title": "Volt MX应用程序",
      "body": "***<ol> <li>使用USB电缆将您的<b>移动</b>设备连接到计算机。<br/>对于Android移动设备，请确保使用USB的使用为<b>传输文件</b>。{7 }对于iOS移动设备，请确保在您的设备和计算机之间建立了<b>信任</b>。</li> \n <li>在您的<b>移动</b>设备上启动<b> volt mx app </b>。</li> <li>选择<b> usb </b> tab。 \n <li>在成功的连接上，计算机上的<b> iris </b>显示成功提示。</li> </ol>"
    },
    "navigationBar": {
      "left": {
        "text": "以前的"
      },
      "right": {
        "text": "下一个"
      }
    }
  },
  "Card.VoltMX.IntrotoActionEditorV9.preview": {
    "content": {
      "title": "实时预览设置",
      "body": "<ol> <li>从主菜单中，选择<b>构建</b>。 \n </li> <li>单击<b> live预览设置</b>。</li> </ol>"
    },
    "navigationBar": {
      "left": {
        "text": "以前的"
      },
      "right": {
        "text": "下一个"
      }
    }
  },
  "Card.VoltMX.IntrotoActionEditorV9.run": {
    "content": {
      "title": "运行应用程序",
      "body": "<ol> <li>从<b> Live Preview设置</b>窗口，在<b>本机</b>下，选择<b>移动</b>设备的OS旁边的复选框 查看应用程序。 <br/>例如：<b> ios </b>和<b> android </b>。<br/>确保您未选择所有其他平台和通道的复选框。 </li> \n <li>单击<b>保存并运行</b>。<br/>可能需要一些时间才能让Iris显示<b> Live Preview已准备就绪</b>窗口。 </li> </ol>"
    },
    "navigationBar": {
      "left": {
        "text": "以前的"
      },
      "right": {
        "text": "下一个"
      }
    }
  },
  "Card.VoltMX.IntrotoActionEditorV9.view": {
    "content": {
      "title": "查看应用程序",
      "body": "<ol> \n <li>在您的<strong> volt mx app </strong>上，单击<strong>启动</strong>。</li> \n <li>您可能会看到<strong>应用程序名称</strong>文本框。 如果有一个文本框，请输入<strong> voltmxacme </strong>，然后单击<strong>启动</strong>。<br />出现带有登录屏幕的表单。</li> \n </ol>"
    },
    "navigationBar": {
      "left": {
        "text": "以前的"
      },
      "right": {
        "text": "下一个"
      }
    }
  },
  "Card.VoltMX.IntrotoActionEditorV9.explore": {
    "content": {
      "title": "探索应用程序",
      "body": "<p>现在，您将能够在<strong>移动</strong>设备上查看该应用程序。 </p> \n <ol> \n <li>单击<strong>在登录屏幕上创建帐户＆nbsp; </strong>按钮，您将被导航到注册屏幕。</li> \n <li>单击<strong>在您的注册屏幕上注册</strong>按钮。 <br/>出现通知。</li> \n <li>在文本字段中输入您的电子邮件ID，然后单击<strong>注册</strong>按钮。<br/> \n 出现通知，您可以进一步指示注册。</li> \n <li>到<strong>退出</strong> <strong>移动</strong>设备，从左到右滑动两个手指，或摇动<strong>移动</strong>设备，然后单击<strong> Exit App </strong>。 </li> \n </ol>"
    },
    "navigationBar": {
      "left": {
        "text": "以前的"
      },
      "right": {
        "text": "下一个"
      }
    }
  },
  "Card.VoltMX.IntrotoActionEditorV9.success": {
    "content": {
      "title": "恭喜",
      "body": "<p>您已经成功完成了远足。<br />在此远足中，您有：</p> \n <ul> \n <li> <strong>从登录屏幕导航到注册屏幕</strong> </li> \n <li> <strong>围绕电子邮件ID文本字段＆nbsp; </strong> </li>添加验证 \n <li> <strong>显示了一个警报，如果用户输入无效</strong> </li> \n <li> <strong>更改了小部件的可见性，以显示成功消息</strong> </li> \n </ul>"
    },
    "navigationBar": {
      "left": {
        "text": "以前的"
      },
      "right": {
        "text": "完毕"
      }
    }
  }
}