{
  "Tour.IntroductiontoActionEditorV9": {
    "description": "旅游描述"
  },
  "Hike.VoltMX.IntrotoActionEditorV9": {
    "description": "徒步说明"
  },
  "Card.VoltMX.IntrotoActionEditorV9.AddFormNav": {
    "content": {
      "title": "添加表单导航",
      "body": "<ol>\n<li>在画布上，选择&nbsp;<strong>创建账户</strong>按钮。</li>\n<li>导航到&nbsp;<strong>属性</strong>面板并点击<strong>行动</strong>.</li>\n<li>对于<strong>点击</strong>事件，点击&nbsp;<strong>编辑。<br /></strong><strong>行动</strong> <strong>编辑</strong>窗口出现。</li>\n</ol>"
    },
    "navigationBar": {
      "left": {
        "text": "上一个"
      },
      "right": {
        "text": "下一个"
      }
    }
  },
  "Card.VoltMX.IntrotoActionEditorV9.AddFormNav1": {
    "content": {
      "title": "添加表单导航",
      "body": "<ol>\n<li>从右上角<strong>动作编辑器</strong>画布，选择<strong>设计视图</strong>.</li>\n<li>来自<strong>动作编辑器</strong>左侧菜单，导航到<strong>一般</strong>部分。</li>\n<li>选择<strong>导航到表单</strong>.</li>\n<li>点击<img class=\"\" src=\"https://i.ibb.co/MZ02vkL/Screenshot-2019-02-26-at-2-34-18-PM.png\" alt=\"\" width=\"102\" height=\"18\" />&nbsp;在右侧窗格中<strong>动作编辑器。<br /></strong> 一种新形式<strong>Form1</strong>将添加到您的项目中。</li>\n<li>右键单击<strong>Form1</strong>并重命名为<strong>注册。</strong>并选择它。</li><li>点击<b>保存</b>.</li>\n</ol>"
    },
    "navigationBar": {
      "left": {
        "text": "上一个"
      },
      "right": {
        "text": "下一个"
      }
    }
  },
  "Card.VoltMX.IntrotoActionEditorV9.addingelse": {
    "content": {
      "title": "添加其他条件",
      "body": "<p>由于用户已满足设置的条件，因此应通知他注册过程已结束。</p>\n<ol><li>来自<b>动作编辑器</b>画布，选择<b>开始</b>.</li>\n<li>来自<strong>动作编辑器</strong>左侧菜单，下<strong>条件</strong>选择<strong>其他条件</strong>.</li>\n<li>来自<strong>动作编辑器</strong>左侧菜单，下<strong>小工具</strong>，选择<strong>设置小部件属性</strong>.<br />一个新的动作将被添加到您的<strong>动作编辑器</strong>画布下<strong>其他</strong>.</li>\n<li>在右侧窗格中，展开<strong>移动表单</strong>&gt;<strong>frmRegistration</strong>&gt;<strong>ACMER注册</strong>&gt;<strong>flxACMER注册</strong>并选择<strong>flxActivation</strong>.</li>\n<li>在右侧窗格中，确保：<br />\n<ul>\n<li><strong>属性</strong>设置为<strong>可见</strong></li>\n<li><strong>可见性</strong>设置为<strong>真</strong></li>\n</ul>\n</li>\n<li>点击<strong>保存</strong>.</li>\n</ol>"
    },
    "navigationBar": {
      "left": {
        "text": "上一个"
      },
      "right": {
        "text": "下一个"
      }
    }
  },
  "Card.VoltMX.IntrotoActionEditorV9.AddLogin": {
    "content": {
      "title": "添加登录屏幕",
      "body": "<ol>\n<li>从 Iris 的左下角，导航到<strong>默认库</strong>.</li>\n<li> 旁边<strong>默认库</strong> ，你会看到<strong>我的图书馆</strong>选项卡和搜索图标。单击搜索图标&nbsp;<img src=\"https://i.ibb.co/VDQ1byP/Screenshot-2019-02-26-at-1-57-46-PM.png\" alt=\"\" width=\"20\" height=\"20\" />.</li>\n<li>在出现的搜索栏中，输入<strong>ACMELogin</strong>.</li>\n<li>拖动<strong>ACMELogin</strong>组件到<strong>frmLogin</strong>在画布上。</li>\n</ol>"
    },
    "navigationBar": {
      "left": {
        "text": "上一个"
      },
      "right": {
        "text": "下一个"
      }
    }
  },
  "Card.VoltMX.IntrotoActionEditorV9.condBeh1": {
    "content": {
      "title": "添加注册",
      "body": "<ol>\n<li>选择<strong>注册</strong>画布上的按钮。</li>\n<li>在<strong>行动</strong>选项卡，用于<strong>点击</strong>动作，点击<strong>编辑</strong>.<strong><br /></strong><strong>动作编辑器</strong>窗口出现。</li>\n</ol>"
    },
    "navigationBar": {
      "left": {
        "text": "上一个"
      },
      "right": {
        "text": "下一个"
      }
    }
  },
  "Card.VoltMX.IntrotoActionEditorV9.condBeh2": {
    "content": {
      "title": "添加注册条件",
      "body": "<ol>\n<li>从右上角<strong>动作编辑器</strong>，选择<strong>设计视图</strong>.</li>\n<li>在&nbsp;<strong>动作编辑器</strong>左菜单，下<strong>条件</strong>，选择<strong>如果</strong>.</li>\n<li>在<strong>动作编辑器</strong>右窗格，您会注意到：<br />\n<ul style=\"list-style-type: disc;\">\n<li><strong>条件类型</strong>被选为<strong>如果&nbsp;</strong></li>\n<li><strong>标准</strong>被选为<strong>满足所有</strong></li>\n</ul>\n</li>\n<li>点击下面的框<strong>小部件属性</strong>下拉。<br />您会注意到项目的表单和小部件按层次结构列出。&nbsp;</li>\n<li>导航到<strong>移动表单</strong>&gt;&nbsp;<strong>frmRegistration</strong>&gt;&nbsp;<strong>ACMER注册器</strong>&gt;&nbsp;<strong>flxACMER注册</strong>并选择&nbsp;<strong>tbxEmail</strong>.</li>\n<li>选择<strong>文本</strong>在右侧窗格中。</li>\n</ol>"
    },
    "navigationBar": {
      "left": {
        "text": "上一个"
      },
      "right": {
        "text": "下一个"
      }
    }
  },
  "Card.VoltMX.IntrotoActionEditorV9.condBeh3": {
    "content": {
      "title": "注册条件",
      "body": "<p>您会注意到<strong>等于</strong>和&nbsp;<strong>小部件属性</strong>出现在接下来的两个下拉列表中。</p>\n<ol>\n<li>点击下拉菜单<strong>小工具</strong> <strong>属性</strong>提到 &nbsp; 并将其更改为<strong>值</strong>.</li>\n<li>在下一个文本框中输入：<p style=\"background-color: lightyellow; padding-left: 5%;\">“”</p>\n</li>\n</ol>\n<p>您现在正在检查电子邮件字段是否为空。</p>"
    },
    "navigationBar": {
      "left": {
        "text": "上一个"
      },
      "right": {
        "text": "下一个"
      }
    }
  },
  "Card.VoltMX.IntrotoActionEditorV9.condBeh4": {
    "content": {
      "title": "添加警告警报",
      "body": "<ol>\n<li>来自<strong>行动</strong> <strong>编辑</strong>左侧菜单，导航至<strong>客户</strong>&gt;&nbsp;<strong>显示警报</strong>.</li>\n<li>在右侧窗格中提供以下详细信息：<ul>\n<li>设置<strong>警报类型</strong>到&nbsp;<strong>错误</strong></li>\n<li>下<strong>警报标题</strong>，输入：<strong>电子邮件地址无效</strong></li>\n<li>下<strong>是标签</strong>，输入：<strong>好的</strong></li>\n<li>下<strong>警报消息</strong>，输入：<strong>请输入有效的电子邮件地址</strong></li>\n</ul>\n</li>\n</ol>"
    },
    "navigationBar": {
      "left": {
        "text": "上一个"
      },
      "right": {
        "text": "下一个"
      }
    }
  },
  "Card.VoltMX.IntrotoActionEditorV9.createReg": {
    "content": {
      "title": "创建注册表",
      "body": "<ol>\n<li>来自<strong>项目</strong>资源管理器，展开<strong>手机</strong>&gt;&nbsp;<strong>表格</strong>并选择<strong>注册。</strong> &nbsp;</li>\n<li>从 Iris 的左下角，导航到默认库。</li>\n<li> 旁边<strong>默认库</strong> ，你会看到<strong>我的图书馆</strong>选项卡和搜索图标。单击搜索图标<img class=\"\" src=\"https://i.ibb.co/VDQ1byP/Screenshot-2019-02-26-at-1-57-46-PM.png\" alt=\"\" width=\"20\" height=\"20\" />.</li>\n<li>在出现的搜索栏中，输入<strong>ACMER注册</strong>.<br /><img src=\"https://i.ibb.co/DYgBS2b/Screenshot-2019-02-26-at-2-44-09-PM.png\" alt=\"\" width=\"173\" height=\"40\" /></li>\n<li>拖动<strong>ACME</strong><strong>注册</strong>组件并将其放到&nbsp;<strong>frmRegistration</strong>在画布上。</li>\n</ol>\n<p>在接下来的几张卡片中，我们将为此注册屏幕添加验证。</p>"
    },
    "navigationBar": {
      "left": {
        "text": "上一个"
      },
      "right": {
        "text": "下一个"
      }
    }
  },
  "Card.VoltMX.IntrotoActionEditorV9.explore": {
    "content": {
      "title": "探索应用",
      "body": "<p>您现在可以在您的<strong>手机</strong>设备。</p>\n<ol>\n<li>点击<strong>创建帐户</strong>登录屏幕上的按钮，您将被导航到注册屏幕。</li>\n<li>点击<strong>注册</strong>注册屏幕上的按钮。<br/>出现警报弹出窗口。</li>\n<li>在文本字段中输入您的电子邮件 ID，然后单击<strong>注册</strong>按钮。<br/>出现一条通知，为您提供有关注册的进一步说明。</li>\n<li> 到<strong>退出</strong><strong>手机</strong>设备，从左向右滑动两根手指或摇动你的<strong>手机</strong>设备并点击<strong>退出应用</strong>.</li>\n</ol>"
    },
    "navigationBar": {
      "left": {
        "text": "上一个"
      },
      "right": {
        "text": "下一个"
      }
    }
  },
  "Card.VoltMX.IntrotoActionEditorV9.intro": {
    "content": {
      "title": "动作编辑器简介",
      "body": "<p><strong>动作编辑器</strong>是一个应用程序逻辑生成器。<br />使用<strong>动作编辑器</strong> ，您可以定义和修改应用程序行为。<br /><br />在这次远足结束时，您将能够：</p>\n<ul style=\"list-style-type: disc;\">\n<li>在表单之间导航</li>\n<li>创建条件行为</li>\n<li>显示警报</li>\n<li>设置小部件属性</li>\n</ul>"
    },
    "navigationBar": {
      "left": {
        "text": "上一个"
      },
      "right": {
        "text": "开始"
      }
    }
  },
  "Card.VoltMX.IntrotoActionEditorV9.NewProject1": {
    "content": {
      "title": "创建一个新项目",
      "body": "<ol>\n<li>导航到<strong>项目</strong>&gt;<strong>新项目</strong>.</li>\n<li>来自<strong> 你现在想从什么开始？</strong>窗口，选择<strong>本机应用程序</strong>.</li>\n<li>点击<strong>下一个</strong>.<br/><b>您从本机应用程序开始</b>窗口打开。</li>\n</ol>"
    },
    "navigationBar": {
      "left": {
        "text": "上一个"
      },
      "right": {
        "text": "下一个"
      }
    }
  },
  "Card.VoltMX.IntrotoActionEditorV9.NewProject2": {
    "content": {
      "title": "创建一个新项目",
      "body": "<ol>\n<li>下<strong>项目名称</strong>，输入<strong>VoltMXACME</strong>.</li>\n<li>点击<strong>创建</strong>.<br />使用一个 flex 表单创建了一个新应用程序。<br />应用程序在<strong>故事板</strong>查看。</li>\n</ol>"
    },
    "navigationBar": {
      "left": {
        "text": "上一个"
      },
      "right": {
        "text": "下一个"
      }
    }
  },
  "Card.VoltMX.IntrotoActionEditorV9.openapp": {
    "content": {
      "title": "Volt MX 应用程序",
      "body": "<ol><li>连接您的<b>手机</b>使用 USB 电缆将设备连接到您的计算机。<br/> 对于Android移动设备，确保使用USB<b>传输文件</b>.<br/> 对于 iOS 移动设备，请确保<b>信任</b>已在您的设备和计算机之间建立。</li>\n<li>启动<b>Volt MX 应用程序</b>在你的<b>手机</b>设备。</li><li>选择<b>USB</b>选项卡。<li>连接成功后，<b>虹膜</b>在您的计算机上显示成功提示。</li></ol>"
    },
    "navigationBar": {
      "left": {
        "text": "上一个"
      },
      "right": {
        "text": "下一个"
      }
    }
  },
  "Card.VoltMX.IntrotoActionEditorV9.preview": {
    "content": {
      "title": "实时预览设置",
      "body": "<ol><li>从主菜单中，选择<b>构建</b>.\n</li><li>点击<b>实时预览设置</b>.</li></ol>"
    },
    "navigationBar": {
      "left": {
        "text": "上一个"
      },
      "right": {
        "text": "下一个"
      }
    }
  },
  "Card.VoltMX.IntrotoActionEditorV9.rename": {
    "content": {
      "title": "重命名表单",
      "body": "<ol>\n<li>在<strong>故事板</strong>查看，在新表单上方，单击<strong>Form1</strong>.</li>\n<li>重命名表单<strong>frmLogin</strong>.</li>\n<li>要向表单添加小部件，请双击表单以在<strong>设计</strong>查看。</li>\n</ol>"
    },
    "navigationBar": {
      "left": {
        "text": "上一个"
      },
      "right": {
        "text": "下一个"
      }
    }
  },
  "Card.VoltMX.IntrotoActionEditorV9.run": {
    "content": {
      "title": "运行应用程序",
      "body": "<ol><li>来自<b>实时预览设置</b>窗下<b>本地</b> ，选中操作系统旁边的复选框<b>手机</b>您要在其上查看应用程序的设备。<br/>例如：<b>iOS</b>和<b>安卓</b>.<br/>确保您已取消选中所有其他平台和频道的复选框。</li>\n<li>点击<b>保存并运行</b>.<br/> Iris 可能需要一些时间才能显示<b>实时预览已准备就绪</b>窗口。</li></ol>"
    },
    "navigationBar": {
      "left": {
        "text": "上一个"
      },
      "right": {
        "text": "下一个"
      }
    }
  },
  "Card.VoltMX.IntrotoActionEditorV9.success": {
    "content": {
      "title": " 恭喜",
      "body": "<p> 您已成功完成远足。<br />在这次徒步旅行中，您有：</p>\n<ul>\n<li><strong>从登录屏幕导航到注册屏幕</strong></li>\n<li><strong>围绕电子邮件 ID 文本字段添加验证</strong></li>\n<li><strong>如果用户输入无效则显示警报</strong></li>\n<li><strong>更改小部件的可见性以显示成功消息</strong></li>\n</ul>"
    },
    "navigationBar": {
      "left": {
        "text": "上一个"
      },
      "right": {
        "text": "完成"
      }
    }
  },
  "Card.VoltMX.IntrotoActionEditorV9.view": {
    "content": {
      "title": "查看应用",
      "body": "<ol>\n<li>在你的<strong>Volt MX 应用程序</strong>，点击<strong>启动</strong>.</li>\n<li>您可能会看到<strong>应用程序名称</strong>文本框。如果有文本框，输入<strong>VoltMXACME</strong>然后点击<strong>启动</strong>.<br />出现带有登录屏幕的表单。</li>\n</ol>"
    },
    "navigationBar": {
      "left": {
        "text": "上一个"
      },
      "right": {
        "text": "下一个"
      }
    }
  }
}