{
    "kuid": "49d22bt7-8fa5-40r7-b7u0-217700n0",
    "id": "Kony.ModifyEmployeeDirectory.done",
    "content": {
        "title": "Done",
        "body": "You’ve successfully:<ul><b><li>Created the Employee Details screen</li><li>Fetched the unique employee details</li><li>Added action to the Logout and Back buttons on the form</li></b></ul><br/>\nFor more information on sharing and previewing the Employee Directory app, <br/>check out the next hike: <a class=\"tour-link\" tour=\"89106893-effe-4d9b-8014-ccfd2c50\"><b>6. Publish and Share the App</b></a>."
    },
    "pointer": {
        "direction": "left",
        "element": "",
        "type": "none"
    },
    "navigationType": "manual",
    "navigationBar": {
        "left": {
            "text": "Previous",
            "enable": true,
            "hide": false
        },
        "right": {
            "text": "Done",
            "enable": true,
            "hide": false
        }
    },
    "navigationCondition": "",
    "position": "CENTER",
    "meta": {
        "Creator": "Rashmi Menon",
        "CreatedOn": "Fri, 18 Jan 2019 11:23:28 GMT"
    },
    "context": []
}