{
  "kuid": "e93fc3t5-84ab-44r5-98ud-e0b51dn2",
  "id": "VoltMX.InternationalWithLayoutV9.enable",
  "content": {
    "title": "Enable Internationalization",
    "body": "<ol>From the left Navigation menu, select <strong>Settings</strong>.<br />The <strong>Project Settings </strong>window appears.\n</ol>"
  },
  "pointer": {
    "direction": "left",
    "element": {
      "module": "shortcutbar",
      "itemId": "frmKonyLib_settings"
    },
    "type": "default"
  },
  "navigationType": "manual",
  "navigationBar": {
    "left": {
      "text": "Previous",
      "enable": true,
      "hide": false
    },
    "right": {
      "text": "Next",
      "enable": true,
      "hide": false
    }
  },
  "navigationCondition": "",
  "position": "BOTTOM_RIGHT",
  "meta": {
    "Creator": "Rashmi Menon",
    "CreatedOn": "Thu, 05 Dec 2019 06:23:44 GMT"
  },
  "context": [],
  "localization": {
    "en-us": {
      "content": {
        "title": "Enable Internationalization",
        "body": "<ol>From the left Navigation menu, select <strong>Settings</strong>.<br />The <strong>Project Settings </strong>window appears.\n</ol>"
      },
      "navigationBar": {
        "left": {
          "text": "Previous"
        },
        "right": {
          "text": "Next"
        }
      }
    },
    "zh-cn": {
      "content": {
        "title": "启用国际化",
        "body": "<ol>从左导航菜单中，选择<strong>设置</strong>。<br /> <strong>项目设置</strong>窗口出现。 \n </ol>"
      },
      "navigationBar": {
        "left": {
          "text": "以前的"
        },
        "right": {
          "text": "下一个"
        }
      }
    },
    "zh-tw": {
      "content": {
        "title": "啟用國際化",
        "body": "<ol>從左導航菜單中，選擇<strong>設置</strong>。<br /> <strong>項目設置</strong>窗口出現。 \n </ol>"
      },
      "navigationBar": {
        "left": {
          "text": "以前的"
        },
        "right": {
          "text": "下一個"
        }
      }
    }
  }
}