{
  "kuid": "47c99ftd-28ab-4br5-92ue-a0a948nc",
  "id": "VoltMX.IntroductionToInternationalV9.keyLogin",
  "content": {
    "title": "Key-Value Pair for Login",
    "body": "<ol>\n<li>Click <strong>+</strong>.</li>\n<li>Under the column <strong>Key</strong>, enter: <strong>Login</strong>.</li>\n<li>Under the column <strong>en_US</strong>, enter: <strong>Login</strong>.</li>\n<li>Under the column <strong>es_US</strong>, enter: <strong>iniciar sesi&oacute;n</strong><span hk-tooltip='Spanish Translation for Login'><img src=\"https://i.ibb.co/Dfkmg6k/Button-Info-icon.png\" alt=\"Button-Info-icon\" width=\"10\" height=\"10\" /></span>.</li>\n<li>Click <strong>Finish </strong>to return to the <strong>Project Settings</strong>.</li>\n</ol>"
  },
  "pointer": {
    "direction": "left",
    "element": "",
    "type": "none"
  },
  "navigationType": "manual",
  "navigationBar": {
    "left": {
      "text": "Previous",
      "enable": true,
      "hide": false
    },
    "right": {
      "text": "Next",
      "enable": true,
      "hide": false
    }
  },
  "navigationCondition": "",
  "position": "BOTTOM_RIGHT",
  "meta": {
    "Creator": "Rashmi Menon",
    "CreatedOn": "Thu, 05 Dec 2019 05:56:38 GMT"
  },
  "context": [],
  "localization": {
    "en-us": {
      "content": {
        "title": "Key-Value Pair for Login",
        "body": "<ol>\n<li>Click <strong>+</strong>.</li>\n<li>Under the column <strong>Key</strong>, enter: <strong>Login</strong>.</li>\n<li>Under the column <strong>en_US</strong>, enter: <strong>Login</strong>.</li>\n<li>Under the column <strong>es_US</strong>, enter: <strong>iniciar sesi&oacute;n</strong><span hk-tooltip='Spanish Translation for Login'><img src=\"https://i.ibb.co/Dfkmg6k/Button-Info-icon.png\" alt=\"Button-Info-icon\" width=\"10\" height=\"10\" /></span>.</li>\n<li>Click <strong>Finish </strong>to return to the <strong>Project Settings</strong>.</li>\n</ol>"
      },
      "navigationBar": {
        "left": {
          "text": "Previous"
        },
        "right": {
          "text": "Next"
        }
      }
    },
    "zh-cn": {
      "content": {
        "title": "登录的键值对",
        "body": "***<ol> \n <li>单击<strong>+</strong>。</li> \n <li>列下<strong>键</strong>，Enter：<strong> login </strong>。</li> \n <li>在列<strong> en_us </strong>下方，输入：<strong> login </strong>。</li> \n <li>在列<strong> es_us </strong>下方，输入：<strong> iniciar sesi＆oacute; n </strong> <span hk-tooltip='Spanish Translation for Login'> {22} <img src=\"https://i.ibb.co/Dfkmg6k/Button-Info-icon.png\" alt=\"Button-Info-icon\" width=\"10\" height=\"10\" /> </span> {24} </li>。{25} \n <li>单击<strong>完成</strong>以返回<strong>项目设置</strong>。</li> \n </ol>"
      },
      "navigationBar": {
        "left": {
          "text": "以前的"
        },
        "right": {
          "text": "下一个"
        }
      }
    },
    "zh-tw": {
      "content": {
        "title": "登錄的鍵值對",
        "body": "***<ol> \n <li>單擊<strong>+</strong>。</li> \n <li>列下<strong>鍵</strong>，Enter：<strong> login </strong>。</li> \n <li>在列<strong> en_us </strong>下方，輸入：<strong> login </strong>。</li> \n <li>在列<strong> es_us </strong>下方，輸入：<strong> iniciar sesi＆oacute; n </strong> <span hk-tooltip='Spanish Translation for Login'> {22} <img src=\"https://i.ibb.co/Dfkmg6k/Button-Info-icon.png\" alt=\"Button-Info-icon\" width=\"10\" height=\"10\" /> </span> {24} </li>。{25} \n <li>單擊<strong>完成</strong>以返回<strong>項目設置</strong>。</li> \n </ol>"
      },
      "navigationBar": {
        "left": {
          "text": "以前的"
        },
        "right": {
          "text": "下一個"
        }
      }
    }
  }
}