{
    "kuid": "88b45991-812b-4ec9-a846-8abf3284",
    "id": "Kony.BindDataToApp.MappingServiceData",
    "content": {
        "title": "Map the Service Data",
        "body": "<ol>\n<li>From the <b>Project</b> explorer, navigate to <b>Mobile</b> > <b>Forms</b> > <b>frmList</b>\n > <b>masterContainer</b> > <b>listContainer</b> and select <b>employeeSegment</b>.</li>\n <li>From the <b>Data</b> panel, navigate to <b>Sample Services</b> > <b>EmployeeServices</b> > <b>employees</b> and select <b>get</b>.</li>\n<li>From the <b>Data</b> panel, drag <b>get</b> on to the canvas.<br/>It may take some time for Visualizer to add the service to your app.</li><li>From the <b>Data</b> panel, navigate to <b>Project Services</b> > <b>Objects</b> > <b>EmployeeServices</b> > <b>employees</b> > <b>get</b>.</li><li>  Click <b>View Mapping</b>.</li></ol>"
    },
    "position": "BOTTOM_LEFT",
    "navigationType": "manual",
    "navigationCondition": "",
    "pointer": {
        "direction": "top",
        "element": {
            "module": "datapanel",
            "itemType": "dp_tab"
        },
        "type": "default"
    },
    "navigationBar": {
        "left": {
            "text": "Previous",
            "hide": false,
            "enable": true
        },
        "right": {
            "text": "Next",
            "enable": true,
            "hide": false
        }
    }
}