{
    "kuid": "4749catd-3ca0-4dre-a0u9-267dbdn9",
    "id": "VoltMX.AddCreatePayeeWeb_v9.successAlert1",
    "content": {
        "title": "Configuring the Success Alert",
        "body": "<ol>\n<li>From the left menu of the&nbsp;<strong>Action Editor</strong>, under the <strong>Widget </strong>section, select <strong>Set Widget Property</strong>.</li>\n<li>From the right pane, expand <b>Desktop Forms</b> > <b>frmAddRecipient</b> > <b>flxAddRecipient</b> and  select <strong>flexSuccess</strong>.</li>\n<li>In the last pane modify the following values:\n<ul>\n<li>Property: <strong>Visible</strong></li>\n<li>Value: <strong>False</strong></li>\n</ul>\n</li>\n</ol>"
    },
    "pointer": {
        "direction": "left",
        "element": {
            "module": "actioneditor",
            "itemType": "ae-action-type",
            "info": {
                "actionType": "Set Widget Property"
            }
        },
        "type": "default"
    },
    "navigationType": "manual",
    "navigationBar": {
        "left": {
            "text": "Previous",
            "enable": true,
            "hide": false
        },
        "right": {
            "text": "Next",
            "enable": true,
            "hide": false
        }
    },
    "navigationCondition": "",
    "position": "BOTTOM_LEFT",
    "meta": {
        "Creator": "Rashmi Menon",
        "CreatedOn": "Tue, 25 Feb 2020 05:20:54 GMT"
    },
    "context": []
}