{
  "kuid": "4749catd-3ca0-4dre-a0u9-267dbdn9",
  "id": "VoltMX.AddCreatePayeeWeb_v9.successAlert1",
  "content": {
    "title": "Configuring the Success Alert",
    "body": "<ol>\n<li>Enter <strong>Set Widget Property</strong> in the search bar and select <strong>Set Widget Property</strong> under the <strong>Widget</strong> section.</li>\n<li>From the right pane, expand <b>Desktop Forms</b> > <b>frmAddRecipient</b> > <b>flxAddRecipient</b> and  select <strong>flexSuccess</strong>.</li>\n<li>In the last pane modify the following values:\n<ul>\n<li>Property: <strong>Visible</strong></li>\n<li>Value: <strong>False</strong></li>\n</ul>\n</li>\n</ol>"
  },
  "pointer": {
    "direction": "left",
    "element": {
      "module": "actioneditor",
      "itemType": "ae-action-type",
      "info": {
        "actionType": "Set Widget Property"
      }
    },
    "type": "default"
  },
  "navigationType": "manual",
  "navigationBar": {
    "left": {
      "text": "Previous",
      "enable": true,
      "hide": false
    },
    "right": {
      "text": "Next",
      "enable": true,
      "hide": false
    }
  },
  "navigationCondition": "",
  "position": "BOTTOM_LEFT",
  "meta": {
    "Creator": "Rashmi Menon",
    "CreatedOn": "Tue, 25 Feb 2020 05:20:54 GMT"
  },
  "context": [],
  "localization": {
    "en-us": {
      "content": {
        "title": "Configuring the Success Alert",
        "body": "<ol>\n<li>Enter <strong>Set Widget Property</strong> in the search bar and select <strong>Set Widget Property</strong> under the <strong>Widget</strong> section.</li>\n<li>From the right pane, expand <b>Desktop Forms</b> > <b>frmAddRecipient</b> > <b>flxAddRecipient</b> and  select <strong>flexSuccess</strong>.</li>\n<li>In the last pane modify the following values:\n<ul>\n<li>Property: <strong>Visible</strong></li>\n<li>Value: <strong>False</strong></li>\n</ul>\n</li>\n</ol>"
      },
      "navigationBar": {
        "left": {
          "text": "Previous"
        },
        "right": {
          "text": "Next"
        }
      }
    },
    "zh-cn": {
      "content": {
        "title": "配置成功警报",
        "body": "***<ol> \n <li>在搜索栏中inter <strong>设置widget property </strong>，然后在<strong> widget </strong>节下选择<strong>设置widget property </strong>。</li> \n <li>从右窗格中，展开<b>桌面表单</b>> <b> frmaddrecipient </b>> <b> flxaddrecipient </b>，然后选择<strong> flexsuccess </strong>。 \n <li>在最后一个窗格中修改以下值： \n <ul> \n <li>属性：<strong>可见</strong> </li> \n <li>值：<strong> false </strong> </li> \n </ul> \n </li> \n </ol>"
      },
      "navigationBar": {
        "left": {
          "text": "以前的"
        },
        "right": {
          "text": "下一个"
        }
      }
    },
    "zh-tw": {
      "content": {
        "title": "配置成功警報",
        "body": "***<ol> \n <li>在搜索欄中inter <strong>設置widget property </strong>，然後在<strong> widget </strong>節下選擇<strong>設置widget property </strong>。</li> \n <li>從右窗格中，展開<b>桌面表單</b>> <b> frmaddrecipient </b>> <b> flxaddrecipient </b>，然後選擇<strong> flexsuccess </strong>。 \n <li>在最後一個窗格中修改以下值： \n <ul> \n <li>屬性：<strong>可見</strong> </li> \n <li>值：<strong> false </strong> </li> \n </ul> \n </li> \n </ol>"
      },
      "navigationBar": {
        "left": {
          "text": "以前的"
        },
        "right": {
          "text": "下一個"
        }
      }
    }
  }
}