{
    "kuid": "9f10938a-0caa-4406-8da0-0e454d3c",
    "id": "Kony.ModifyEmployeeDirectory.EventMapping",
    "content": {
        "title": "Get Employee Details",
        "body": "<ol>\n<li>From the <b>Project</b> explorer, select <b>frmDetails</b>.</li><li>From the <b>Properties</b> panel, select the <b>Action</b> tab. </li>\n<li> For the <b>preshow</b> Event, click <b>Edit</b>. </li>\n</ol>"
    },
    "position": "BOTTOM_RIGHT",
    "navigationType": "manual",
    "navigationCondition": "",
    "pointer": {
        "direction": "left",
        "element": {
            "module": "projectexplorer",
            "path": "project-body\\project\\Mobile\\Forms\\frmDetails"
        },
        "type": "default",
        "isfixed": true
    },
    "navigationBar": {
        "left": {
            "text": "Previous",
            "hide": false,
            "enable": true
        },
        "right": {
            "text": "Next",
            "enable": true,
            "hide": false
        }
    }
}