{
  "kuid": "038fe7t2-08a7-43r8-95ub-7793bcne",
  "id": "VoltMX.CreateEmailIdCompV9.PassThruProp",
  "content": {
    "title": "Add Pass Through Properties to the Component",
    "body": "<ol>\n<li>From the upper-left corner of Iris, in the <b>Templates</b> explorer, expand <b>Components</b> > <b>userEntry.emailField [1.0.0]</b> &gt; <b>emailField</b> and select the <b>txtEmailID</b> text box. </li> \n<li>From the upper-right corner of Iris, in the <b>Properties</b> panel, click <b>Text Box</b>. </li>\n<li>Under the <b>General</b> section, right-click on the following properties and select <b> Add Property to Component</b>.\n<ul><li> <b>Max characters</b></li>\n<li><b>Placeholder</b></li></ul></li>\n</ol>"
  },
  "pointer": {
    "direction": "left",
    "element": {
      "module": "projectexplorer",
      "css_selector": ".KMenu li ul li ul li ul li div[class *='ktable']"
    },
    "type": "default"
  },
  "navigationType": "manual",
  "navigationBar": {
    "left": {
      "text": "Previous",
      "enable": true,
      "hide": false
    },
    "right": {
      "text": "Next",
      "enable": true,
      "hide": false
    }
  },
  "navigationCondition": "",
  "position": "BOTTOM_RIGHT",
  "meta": {
    "Creator": "Rashmi Menon",
    "CreatedOn": "Tue, 26 Nov 2019 06:20:46 GMT"
  },
  "context": [],
  "localization": {
    "en-us": {
      "content": {
        "title": "Add Pass Through Properties to the Component",
        "body": "<ol>\n<li>From the upper-left corner of Iris, in the <b>Templates</b> explorer, expand <b>Components</b> > <b>userEntry.emailField [1.0.0]</b> &gt; <b>emailField</b> and select the <b>txtEmailID</b> text box. </li> \n<li>From the upper-right corner of Iris, in the <b>Properties</b> panel, click <b>Text Box</b>. </li>\n<li>Under the <b>General</b> section, right-click on the following properties and select <b> Add Property to Component</b>.\n<ul><li> <b>Max characters</b></li>\n<li><b>Placeholder</b></li></ul></li>\n</ol>"
      },
      "navigationBar": {
        "left": {
          "text": "Previous"
        },
        "right": {
          "text": "Next"
        }
      }
    },
    "zh-cn": {
      "content": {
        "title": "将通过属性添加到组件",
        "body": "***<ol> \n <li>从Iris的上左角，在<b>模板</b>探索器中，展开<b>组件</b>> <b> {6} userEntry.email.email.email.email.emailfield [1.0.0] </b> {7}＆gt; <b> emailfield </b>，然后选择<b> txtemailid </b>文本框。 </li> \n <li>从Iris的上右角，在<b>属性</b>面板中，单击<b>文本框</b>。 </li> \n <li>在<b>常规</b>部分下，右键单击以下属性，然后选择<b>将属性添加到组件</b>。 \n <ul> <li> <b> max字符</b> </li> \n <li> <b>占位符</b> </li> </ul> </li> \n </ol>"
      },
      "navigationBar": {
        "left": {
          "text": "以前的"
        },
        "right": {
          "text": "下一个"
        }
      }
    },
    "zh-tw": {
      "content": {
        "title": "將通過屬性添加到組件",
        "body": "***<ol> \n <li>從Iris的上左角，在<b>模板</b>探索器中，展開<b>組件</b>> <b> {6} userEntry.email.email.email.email.emailfield [1.0.0] </b> {7}＆gt; <b> emailfield </b>，然後選擇<b> txtemailid </b>文本框。 </li> \n <li>從Iris的上右角，在<b>屬性</b>面板中，單擊<b>文本框</b>。 </li> \n <li>在<b>常規</b>部分下，右鍵單擊以下屬性，然後選擇<b>將屬性添加到組件</b>。 \n <ul> <li> <b> max字符</b> </li> \n <li> <b>佔位符</b> </li> </ul> </li> \n </ol>"
      },
      "navigationBar": {
        "left": {
          "text": "以前的"
        },
        "right": {
          "text": "下一個"
        }
      }
    }
  }
}