{
    "kuid": "038fe7t2-08a7-43r8-95ub-7793bcne",
    "id": "VoltMX.CreateEmailIdCompV9.PassThruProp",
    "content": {
        "title": "Add Pass Through Properties to the Component",
        "body": "<ol>\n<li>From the upper-left corner of Iris, in the <b>Templates</b> explorer, expand <b>Components</b> > <b>userEntry.emailField [1.0.0]</b> and select the <b>txtEmailID</b> text box. </li> \n<li>From the upper-right corner of Iris, in the <b>Properties</b> panel, click <b>Text Box</b>. </li>\n<li>Under the <b>General</b> section, right-click on the following properties and select <b> Add Property to Component</b>.\n<ul><li> <b>Max characters</b></li>\n<li><b>Placeholder</b></li></ul></li>\n</ol>"
    },
    "pointer": {
        "direction": "left",
        "element": {
            "module": "projectexplorer",
            "css_selector": ".KMenu li ul li ul li ul li div[class *='ktable']"
        },
        "type": "default"
    },
    "navigationType": "manual",
    "navigationBar": {
        "left": {
            "text": "Previous",
            "enable": true,
            "hide": false
        },
        "right": {
            "text": "Next",
            "enable": true,
            "hide": false
        }
    },
    "navigationCondition": "",
    "position": "BOTTOM_RIGHT",
    "meta": {
        "Creator": "Rashmi Menon",
        "CreatedOn": "Tue, 26 Nov 2019 06:20:46 GMT"
    },
    "context": []
}