{
  "kuid": "cb9acat4-43a7-48r9-aeua-a3e191n7",
  "id": "VoltMX.InternationalWithLayoutV9.configureA",
  "content": {
    "title": "Configure Arabic Locale",
    "body": "<ol>\n<li>In the <strong>Search </strong>field, enter: <strong>ar_AE</strong>.<br /> The <strong>Arabic</strong> locale for <strong>UAE</strong> appears.</li>\n<li>Select the locale <b>ar_AE</b>.</li>\n<li>Under <b>Mirror Default Layout</b> select all checkboxes. These are for <strong>Flex Position Properties, Content Alignment </strong>and <strong>Flow Horizontal Alignment.<br /> </strong>This means that the content alignment will change when the language of the device is changed to <strong>Arabic (United Arab Emirates)</strong>.</li>\n<li>Click <strong>OK </strong>to return to the <strong>Configure Internationalization </strong> window. <strong><br /> </strong>You can see that three columns are added in this window: <strong>Key</strong>, <strong>en_US</strong>, <strong>ar_AE</strong>.</li>\n</ol>"
  },
  "pointer": {
    "direction": "left",
    "element": "",
    "type": "none"
  },
  "navigationType": "manual",
  "navigationBar": {
    "left": {
      "text": "Previous",
      "enable": true,
      "hide": false
    },
    "right": {
      "text": "Next",
      "enable": true,
      "hide": false
    }
  },
  "navigationCondition": "",
  "position": "BOTTOM_LEFT",
  "meta": {
    "Creator": "Rashmi Menon",
    "CreatedOn": "Thu, 05 Dec 2019 06:26:22 GMT"
  },
  "context": [],
  "localization": {
    "en-us": {
      "content": {
        "title": "Configure Arabic Locale",
        "body": "<ol>\n<li>In the <strong>Search </strong>field, enter: <strong>ar_AE</strong>.<br /> The <strong>Arabic</strong> locale for <strong>UAE</strong> appears.</li>\n<li>Select the locale <b>ar_AE</b>.</li>\n<li>Under <b>Mirror Default Layout</b> select all checkboxes. These are for <strong>Flex Position Properties, Content Alignment </strong>and <strong>Flow Horizontal Alignment.<br /> </strong>This means that the content alignment will change when the language of the device is changed to <strong>Arabic (United Arab Emirates)</strong>.</li>\n<li>Click <strong>OK </strong>to return to the <strong>Configure Internationalization </strong> window. <strong><br /> </strong>You can see that three columns are added in this window: <strong>Key</strong>, <strong>en_US</strong>, <strong>ar_AE</strong>.</li>\n</ol>"
      },
      "navigationBar": {
        "left": {
          "text": "Previous"
        },
        "right": {
          "text": "Next"
        }
      }
    },
    "zh-cn": {
      "content": {
        "title": "配置阿拉伯语语言环境",
        "body": "***<ol> \n <li>在<strong> search </strong>字段中，输入：<strong> ar_ae </strong>。<br /> <strong>阿拉伯语</strong> Locale for <strong> uae </strong>出现。{10}出现。</li> \n <li>选择LOCALE <b> ar_ae </b>。</li> \n <li> <b>镜像默认布局</b>选择所有复选框。 这些是用于<strong> flex位置属性，内容对齐</strong>和<strong>流水平对齐。<br /> </strong> {23}这意味着当设备的语言更改为<strong>阿拉伯语时，内容对齐将发生变化 （阿拉伯联合酋长国）</strong>。</li> \n <li>单击<strong>确定</strong>以返回<strong>配置国际化</strong>窗口。 <strong> <br /> </strong>您可以看到在此窗口中添加了三列：<strong> key </strong>，<strong> en_us </strong>，<strong> ar_ae </strong>。 \n </ol>"
      },
      "navigationBar": {
        "left": {
          "text": "以前的"
        },
        "right": {
          "text": "下一个"
        }
      }
    },
    "zh-tw": {
      "content": {
        "title": "配置阿拉伯語語言環境",
        "body": "***<ol> \n <li>在<strong> search </strong>字段中，輸入：<strong> ar_ae </strong>。<br /> <strong>阿拉伯語</strong> Locale for <strong> uae </strong>出現。{10}出現。</li> \n <li>選擇LOCALE <b> ar_ae </b>。</li> \n <li> <b>鏡像默認佈局</b>選擇所有復選框。 這些是用於<strong> flex位置屬性，內容對齊</strong>和<strong>流水平對齊。<br /> </strong> {23}這意味著當設備的語言更改為<strong>阿拉伯語時，內容對齊將發生變化 （阿拉伯聯合酋長國）</strong>。</li> \n <li>單擊<strong>確定</strong>以返回<strong>配置國際化</strong>窗口。 <strong> <br /> </strong>您可以看到在此窗口中添加了三列：<strong> key </strong>，<strong> en_us </strong>，<strong> ar_ae </strong>。 \n </ol>"
      },
      "navigationBar": {
        "left": {
          "text": "以前的"
        },
        "right": {
          "text": "下一個"
        }
      }
    }
  }
}