{
    "kuid": "11a139t6-faa6-4erb-b9u8-718f1fn6",
    "id": "VoltMX.CreateEmailIdCompV9.done",
    "content": {
        "title": "Congratulations",
        "body": "You have successfully:\n<ul><li><b>Created an emailID component</b></li>\n<li><b>Inserted the component into the Contact Us form</b></li>\n<li><b>Changed Component properties and see how it appears in the form</b></li><br/>\n\n<p>To learn more on what you can do with Volt MX Iris, visit <a href='#'onClick='javascript:openURL(\"https://basecamp.kony.com/s/\")'>Base Camp</a>.</p>"
    },
    "pointer": {
        "direction": "left",
        "element": "",
        "type": "none"
    },
    "navigationType": "manual",
    "navigationBar": {
        "left": {
            "text": "Previous",
            "enable": true,
            "hide": false
        },
        "right": {
            "text": "Done",
            "enable": true,
            "hide": false
        }
    },
    "navigationCondition": "",
    "position": "CENTER",
    "meta": {
        "Creator": "Rashmi Menon",
        "CreatedOn": "Tue, 26 Nov 2019 06:47:57 GMT"
    },
    "context": []
}