{
  "kuid": "11a139t6-faa6-4erb-b9u8-718f1fn6",
  "id": "VoltMX.CreateEmailIdCompV9.done",
  "content": {
    "title": "Congratulations",
    "body": "You have successfully:\n<ul><li><b>Created an emailID component</b></li>\n<li><b>Inserted the component into the Contact Us form</b></li>\n<li><b>Changed Component properties and see how it appears in the form</b></li><br/>\n\n<p>To learn more on what you can do with Volt MX Iris, visit <a href='#'onClick='javascript:openURL(\"https://support.hcltechsw.com/\")'>Base Camp</a>.</p>"
  },
  "pointer": {
    "direction": "left",
    "element": "",
    "type": "none"
  },
  "navigationType": "manual",
  "navigationBar": {
    "left": {
      "text": "Previous",
      "enable": true,
      "hide": false
    },
    "right": {
      "text": "Done",
      "enable": true,
      "hide": false
    }
  },
  "navigationCondition": "",
  "position": "CENTER",
  "meta": {
    "Creator": "Rashmi Menon",
    "CreatedOn": "Tue, 26 Nov 2019 06:47:57 GMT"
  },
  "context": [],
  "localization": {
    "en-us": {
      "content": {
        "title": "Congratulations",
        "body": "You have successfully:\n<ul><li><b>Created an emailID component</b></li>\n<li><b>Inserted the component into the Contact Us form</b></li>\n<li><b>Changed Component properties and see how it appears in the form</b></li><br/>\n\n<p>To learn more on what you can do with Volt MX Iris, visit <a href='#'onClick='javascript:openURL(\"https://support.hcltechsw.com/\")'>Base Camp</a>.</p>"
      },
      "navigationBar": {
        "left": {
          "text": "Previous"
        },
        "right": {
          "text": "Done"
        }
      }
    },
    "zh-cn": {
      "content": {
        "title": "恭喜",
        "body": "你已经成功了： \n <ul> <li> <b>创建一个emailID组件</b> </li> \n <li> <b>将组件插入联系人</b> </li> \n <li> <b>更改了组件属性，并查看其以</b> </li> <br/>的形式出现 \n\n <p>要了解有关您可以使用Volt MX Iris做什么的更多信息，请访问<a href='#'onClick='javascript:openURL(\"https://support.hcltechsw.com/\")'>大本营</a>。</p>"
      },
      "navigationBar": {
        "left": {
          "text": "以前的"
        },
        "right": {
          "text": "完毕"
        }
      }
    },
    "zh-tw": {
      "content": {
        "title": "恭喜",
        "body": "你已經成功了： \n <ul> <li> <b>創建一個emailID組件</b> </li> \n <li> <b>將組件插入聯繫人</b> </li> \n <li> <b>更改了組件屬性，並查看其以</b> </li> <br/>的形式出現 \n\n <p>要了解有關您可以使用Volt MX Iris做什麼的更多信息，請訪問<a href='#'onClick='javascript:openURL(\"https://support.hcltechsw.com/\")'>大本營</a>。</p>"
      },
      "navigationBar": {
        "left": {
          "text": "以前的"
        },
        "right": {
          "text": "完畢"
        }
      }
    }
  }
}