{
  "kuid": "35533fta-91a4-42r5-a9ue-d6018fnf",
  "id": "VoltMX.ApplicationChannelsV9.last",
  "content": {
    "title": "Congratulations",
    "body": "<p>You have successfully:</p>\n<ul>\n<li><strong>Imported a sample app designed for all the channels</strong></li>\n<li><strong>Explored the forms in all the channels</strong></li>\n<li><strong>Launched the app on a mobile device using the Volt MX App.</strong></li>\n</ul>"
  },
  "pointer": {
    "direction": "left",
    "element": "",
    "type": "none"
  },
  "navigationType": "manual",
  "navigationBar": {
    "left": {
      "text": "Previous",
      "enable": true,
      "hide": false
    },
    "right": {
      "text": "Done",
      "enable": true,
      "hide": false
    }
  },
  "navigationCondition": "",
  "position": "CENTER",
  "meta": {
    "Creator": "Rashmi Menon",
    "CreatedOn": "Tue, 26 Nov 2019 08:17:31 GMT"
  },
  "context": [],
  "localization": {
    "en-us": {
      "content": {
        "title": "Congratulations",
        "body": "<p>You have successfully:</p>\n<ul>\n<li><strong>Imported a sample app designed for all the channels</strong></li>\n<li><strong>Explored the forms in all the channels</strong></li>\n<li><strong>Launched the app on a mobile device using the Volt MX App.</strong></li>\n</ul>"
      },
      "navigationBar": {
        "left": {
          "text": "Previous"
        },
        "right": {
          "text": "Done"
        }
      }
    },
    "zh-cn": {
      "content": {
        "title": "恭喜",
        "body": "<p>您已经成功：</p> \n <ul> \n <li> <strong>导入了为所有通道设计的示例应用程序</strong> </li> \n <li> <strong>探索了所有通道中的表单</strong> </li> \n <li> <strong>使用Volt MX应用程序在移动设备上启动了该应用。</strong> </li> \n </ul>"
      },
      "navigationBar": {
        "left": {
          "text": "以前的"
        },
        "right": {
          "text": "完毕"
        }
      }
    },
    "zh-tw": {
      "content": {
        "title": "恭喜",
        "body": "<p>您已經成功：</p> \n <ul> \n <li> <strong>導入了為所有通道設計的示例應用程序</strong> </li> \n <li> <strong>探索了所有通道中的表單</strong> </li> \n <li> <strong>使用Volt MX應用程序在移動設備上啟動了該應用。</strong> </li> \n </ul>"
      },
      "navigationBar": {
        "left": {
          "text": "以前的"
        },
        "right": {
          "text": "完畢"
        }
      }
    }
  }
}