{
    "kuid": "03d763ta-37a6-40r4-b5u8-9b9810nf",
    "id": "VoltMX.UserRepositoryAuthV9.testLogin",
    "content": {
        "title": "Test the Login Credentials",
        "body": "<ol>\n<li>On the <b>Edit Identity Service</b> window, click <b>TEST LOGIN</b>.</li>\n<li>Email/Username:<b> john.doe@woodburn.com</b></li><li>Password:<b> VoltMX@123</b></li>\n<li>Click <b>SIGN IN</b>.</li><br>\nClose the <b>Edit Identity Service</b> window to add the service to your application."
    },
    "pointer": {
        "direction": "left",
        "element": {
            "module": "mfconsole"
        },
        "type": "default"
    },
    "navigationType": "manual",
    "navigationBar": {
        "left": {
            "text": "Previous",
            "enable": true,
            "hide": false
        },
        "right": {
            "text": "Next",
            "enable": true,
            "hide": false
        }
    },
    "navigationCondition": "",
    "position": "BOTTOM_RIGHT",
    "meta": {
        "Creator": "Rashmi Menon",
        "CreatedOn": "Wed, 27 Nov 2019 06:52:41 GMT"
    },
    "context": []
}