{
    "kuid": "817e35t0-ffa7-4dr0-a3uf-294ab8nb",
    "id": "VoltMX.CreateUIRWV9.createForm",
    "content": {
        "title": "Create Accounts Form",
        "body": "<ol>\n<li>From the <b>Storyboard</b> view, select <strong>frmLogin,</strong> and then click the <strong>+&nbsp;</strong>icon.<br /> Iris creates a new form.</li>\n<li>Above the new form, click&nbsp;<strong>Form1</strong>.</li>\n<li>Rename the form <strong>frmAccount</strong>.</li>\n</ol>"
    },
    "pointer": {
        "direction": "left",
        "element": {
            "module": "projectexplorer",
            "path": "project-body\\project\\Responsive Web / Desktop\\Forms"
        },
        "type": "default"
    },
    "navigationType": "manual",
    "navigationBar": {
        "left": {
            "text": "Previous",
            "enable": true,
            "hide": false
        },
        "right": {
            "text": "Next",
            "enable": true,
            "hide": false
        }
    },
    "navigationCondition": "",
    "position": "BOTTOM_RIGHT",
    "meta": {
        "Creator": "Prem Garudadri",
        "CreatedOn": "Wed, 18 Dec 2019 16:20:58 GMT"
    },
    "context": []
}