{
  "kuid": "817e35t0-ffa7-4dr0-a3uf-294ab8nb",
  "id": "VoltMX.CreateUIRWV9.createForm",
  "content": {
    "title": "Create Accounts Form",
    "body": "<ol>\n<li>From the <b>Storyboard</b> view, select <strong>frmLogin,</strong> and then click the <strong>+&nbsp;</strong>icon.<br /> Iris creates a new form.</li>\n<li>Above the new form, click&nbsp;<strong>Form1</strong>.</li>\n<li>Rename the form from <strong>Form1</strong> to <strong>frmAccount</strong>.</li>\n<li>Press Enter key or Click on blank area to save the new name.</li>\n</ol>"
  },
  "pointer": {
    "direction": "left",
    "element": {
      "module": "projectexplorer",
      "path": "project-body\\project\\Responsive Web / Desktop\\Forms"
    },
    "type": "default"
  },
  "navigationType": "manual",
  "navigationBar": {
    "left": {
      "text": "Previous",
      "enable": true,
      "hide": false
    },
    "right": {
      "text": "Next",
      "enable": true,
      "hide": false
    }
  },
  "navigationCondition": "",
  "position": "BOTTOM_RIGHT",
  "meta": {
    "Creator": "Prem Garudadri",
    "CreatedOn": "Wed, 18 Dec 2019 16:20:58 GMT"
  },
  "context": [],
  "localization": {
    "en-us": {
      "content": {
        "title": "Create Accounts Form",
        "body": "<ol>\n<li>From the <b>Storyboard</b> view, select <strong>frmLogin,</strong> and then click the <strong>+&nbsp;</strong>icon.<br /> Iris creates a new form.</li>\n<li>Above the new form, click&nbsp;<strong>Form1</strong>.</li>\n<li>Rename the form from <strong>Form1</strong> to <strong>frmAccount</strong>.</li>\n<li>Press Enter key or Click on blank area to save the new name.</li>\n</ol>"
      },
      "navigationBar": {
        "left": {
          "text": "Previous"
        },
        "right": {
          "text": "Next"
        }
      }
    },
    "zh-cn": {
      "content": {
        "title": "创建帐户表格",
        "body": "***<ol> \n <li>从<b>故事板</b>视图，选择<strong> frmlogin，</strong>，然后单击<strong>+＆nbsp; </strong> iCON。 \n <li>在新表单上方，单击＆nbsp; <strong> form1 </strong>。</li> \n <li>从<strong> form1 </strong>重命名<strong> frmaccount </strong>的表单。</li> \n <li>按Enter键或单击空白区域以保存新名称。</li> \n </ol>"
      },
      "navigationBar": {
        "left": {
          "text": "以前的"
        },
        "right": {
          "text": "下一个"
        }
      }
    },
    "zh-tw": {
      "content": {
        "title": "創建帳戶表格",
        "body": "***<ol> \n <li>從<b>故事板</b>視圖，選擇<strong> frmlogin，</strong>，然後單擊<strong>+＆nbsp; </strong> iCON。 \n <li>在新表單上方，單擊＆nbsp; <strong> form1 </strong>。</li> \n <li>從<strong> form1 </strong>重命名<strong> frmaccount </strong>的表單。</li> \n <li>按Enter鍵或單擊空白區域以保存新名稱。</li> \n </ol>"
      },
      "navigationBar": {
        "left": {
          "text": "以前的"
        },
        "right": {
          "text": "下一個"
        }
      }
    }
  }
}