{
    "kuid": "1ed2bet4-46a6-4dr1-88uc-ddcff7nd",
    "id": "VoltMX.AddCreateMob_v9.serviceCall2",
    "content": {
        "title": "Invoking Create Operation",
        "body": "<ol>\n<li>From the left menu of the <strong>Action Editor</strong>, under the <strong>NETWORK</strong> section, select <strong>Loading Indicator</strong>.</li>\n<li>From the left menu of the <strong>Action Editor</strong>, under the  <strong>NETWORK</strong> section, select <strong>Invoke Service</strong>.</li>\n<li>From the right pane of the <strong>Action Editor</strong>, for <strong>Select Service</strong>, from the drop-down list, select <strong>RecipientStorage1$Recipients</strong>.</li>\n<li>For <strong>Select Method</strong>, from the drop-down list, select <strong>create</strong>.</li>\n</ol>"
    },
    "pointer": {
        "direction": "left",
        "element": {
            "module": "actioneditor",
            "itemType": "ae-action-type",
            "info": {
                "actionType": "Invoke Service"
            }
        },
        "type": "default"
    },
    "navigationType": "manual",
    "navigationBar": {
        "left": {
            "text": "Previous",
            "enable": true,
            "hide": false
        },
        "right": {
            "text": "Next",
            "enable": true,
            "hide": false
        }
    },
    "navigationCondition": "",
    "position": "BOTTOM_LEFT",
    "meta": {
        "Creator": "Rashmi Menon",
        "CreatedOn": "Wed, 26 Feb 2020 04:52:56 GMT"
    },
    "context": []
}