{
  "kuid": "c46e1bt6-29ae-4cr6-9eu2-b39144nf",
  "id": "VoltMX.createUIMobV9.newProject1",
  "content": {
    "title": "Create a New Project",
    "body": "<ol>\n<li>From the main menu, navigate to&nbsp;<strong>Project</strong>&nbsp;&gt;&nbsp;<strong>New Project</strong>.</li>\n<li>From the&nbsp;<strong>What do you want to start with now?&nbsp;</strong>window, select&nbsp;<strong>Native App</strong>.</li>\n<li>Click&nbsp;<strong>Next</strong>.<br />The&nbsp;<strong>You started with a Native App</strong>&nbsp;window appears.</li>\n<li>Under&nbsp;<strong>Project Name</strong>, enter <strong>RecipientsMobApp</strong>.</li>\n<li>Click&nbsp;<strong>Create</strong>.<br />A new application is created with&nbsp;<strong>Form1</strong>&nbsp;form.<br />The application opens in the&nbsp;<strong>Storyboard</strong>&nbsp;view.</li>\n</ol>"
  },
  "pointer": {
    "direction": "left",
    "element": "",
    "type": "none"
  },
  "navigationType": "manual",
  "navigationBar": {
    "left": {
      "text": "Previous",
      "enable": true,
      "hide": false
    },
    "right": {
      "text": "Next",
      "enable": true,
      "hide": false
    }
  },
  "navigationCondition": "",
  "position": "BOTTOM_RIGHT",
  "meta": {
    "Creator": "Rashmi Menon",
    "CreatedOn": "Wed, 18 Dec 2019 06:49:06 GMT"
  },
  "context": [],
  "localization": {
    "en-us": {
      "content": {
        "title": "Create a New Project",
        "body": "<ol>\n<li>From the main menu, navigate to&nbsp;<strong>Project</strong>&nbsp;&gt;&nbsp;<strong>New Project</strong>.</li>\n<li>From the&nbsp;<strong>What do you want to start with now?&nbsp;</strong>window, select&nbsp;<strong>Native App</strong>.</li>\n<li>Click&nbsp;<strong>Next</strong>.<br />The&nbsp;<strong>You started with a Native App</strong>&nbsp;window appears.</li>\n<li>Under&nbsp;<strong>Project Name</strong>, enter <strong>RecipientsMobApp</strong>.</li>\n<li>Click&nbsp;<strong>Create</strong>.<br />A new application is created with&nbsp;<strong>Form1</strong>&nbsp;form.<br />The application opens in the&nbsp;<strong>Storyboard</strong>&nbsp;view.</li>\n</ol>"
      },
      "navigationBar": {
        "left": {
          "text": "Previous"
        },
        "right": {
          "text": "Next"
        }
      }
    },
    "zh-cn": {
      "content": {
        "title": "创建一个新项目",
        "body": "***<ol> \n <li>从主菜单中，导航到＆nbsp; <strong> project </strong>＆nbsp;＆gt;＆nbsp; <strong>新项目</strong>。</li> \n <li>来自＆nbsp; <strong>您现在想开始什么？ \n <li> click＆nbsp; <strong> next </strong>。<br />＆nbsp; <strong>您从本机应用程序</strong>＆nbsp; window出现。</li> \n <li>在＆nbsp; <strong>项目名称</strong>，enter <strong> cocceetsmobapp </strong>。</li> \n <li> click＆nbsp; <strong>创建</strong>。<br />使用＆nbsp; <strong> form1 </strong>＆nbsp; form。 ＆nbsp; view。</li> \n </ol>"
      },
      "navigationBar": {
        "left": {
          "text": "以前的"
        },
        "right": {
          "text": "下一个"
        }
      }
    },
    "zh-tw": {
      "content": {
        "title": "創建一個新項目",
        "body": "***<ol> \n <li>從主菜單中，導航到＆nbsp; <strong> project </strong>＆nbsp;＆gt;＆nbsp; <strong>新項目</strong>。</li> \n <li>來自＆nbsp; <strong>您現在想開始什麼？ \n <li> click＆nbsp; <strong> next </strong>。<br />＆nbsp; <strong>您從本機應用程序</strong>＆nbsp; window出現。</li> \n <li>在＆nbsp; <strong>項目名稱</strong>，enter <strong> cocceetsmobapp </strong>。</li> \n <li> click＆nbsp; <strong>創建</strong>。<br />使用＆nbsp; <strong> form1 </strong>＆nbsp; form。 ＆nbsp; view。</li> \n </ol>"
      },
      "navigationBar": {
        "left": {
          "text": "以前的"
        },
        "right": {
          "text": "下一個"
        }
      }
    }
  }
}