{
    "kuid": "8dde02t0-ddab-41ra-bcua-e1e9f4nb",
    "id": "VoltMX.CreateDetailsNative_v9.nav4",
    "content": {
        "title": "Add Navigation for Back Button",
        "body": "<ol>\n<li>From the <strong>Project explorer</strong>, expand <strong>frmDetails</strong> &gt; <strong>flexHeader,</strong> select <strong>headerButtonLeft</strong>.</li>\n<li>From the <strong>Properties</strong> panel, expand the <strong>Action </strong>tab.</li>\n<li>For the <strong>onClick</strong> event, click <strong>Edit</strong>. <br />The <strong>Action Editor</strong> window appears.</li>\n</ol>"
    },
    "pointer": {
        "direction": "left",
        "element": {
            "module": "projectexplorer",
            "path": "project-body\\project\\Mobile\\Forms\\frmDetails"
        },
        "type": "default"
    },
    "navigationType": "manual",
    "navigationBar": {
        "left": {
            "text": "Previous",
            "enable": true,
            "hide": false
        },
        "right": {
            "text": "Next",
            "enable": true,
            "hide": false
        }
    },
    "navigationCondition": "",
    "position": "BOTTOM_LEFT",
    "meta": {
        "Creator": "Rashmi Menon",
        "CreatedOn": "Mon, 23 Mar 2020 10:14:12 GMT"
    },
    "context": []
}