{
  "Card.VoltMX.IntroFlexLayoutV9.intro": {
    "content": {
      "title": "了解弹性布局",
      "body": "这次远足涵盖了<b> flexcontainer </b>窗口小部件的基本布局。 Volt MX AppPlatform支持三个Flex布局： \n <ul> <li>自由表</li> \n <li>流垂直</li> \n <li>流水平</li> <br/ > </ul> \n 这些Flex布局可帮助您在容器小部件（例如FlexContainer）中安排小部件。<br/> \n 让我们看看如何实现这些布局以及如何在每个布局中排列小部件。"
    },
    "navigationBar": {
      "left": {
        "text": "以前的"
      },
      "right": {
        "text": "开始"
      }
    }
  },
  "Card.VoltMX.IntroFlexLayoutV9.NewProject1": {
    "content": {
      "title": "创建一个新项目",
      "body": "<ol> \n <li>导航至<strong> project </strong>＆gt; <strong>新项目</strong>。</li> \n <li>来自<strong>您现在想从什么开始？ </strong>窗口，选择<strong>本机应用</strong>。</li> \n <li>单击<strong> Next </strong>。<br/> <b>您从本机应用程序</b>窗口打开。 </li> \n </ol>"
    },
    "navigationBar": {
      "left": {
        "text": "以前的"
      },
      "right": {
        "text": "下一个"
      }
    }
  },
  "Card.VoltMX.IntroFlexLayoutV9.NewProject2": {
    "content": {
      "title": "创建一个新项目",
      "body": "<ol> \n <li> <strong>项目名称</strong>，enter <strong> flexlayout </strong>。</li> \n <li>单击<strong>创建</strong>。<br />使用<b> form1 </b> form创建一个新应用程序。 <br />应用程序在<strong>故事板</strong>视图中打开。</li> \n </ol>"
    },
    "navigationBar": {
      "left": {
        "text": "以前的"
      },
      "right": {
        "text": "下一个"
      }
    }
  },
  "Card.VoltMX.IntroFlexLayoutV9.createForm": {
    "content": {
      "title": "重命名表格",
      "body": "<ol> \n <li>在<strong>故事板</strong>视图中，在新表单上方，单击<strong> form1 </strong>。</li> \n <li>将表单从<b> form1 </b>重命名为<strong> frmflexlayout </strong>。</li> \n <li>将小部件添加到表单中，双击表单上以移至<strong> design </strong> view。</li> \n </ol>"
    },
    "navigationBar": {
      "left": {
        "text": "以前的"
      },
      "right": {
        "text": "下一个"
      }
    }
  },
  "Card.VoltMX.IntroFlexLayoutV9.AddFlexContainer": {
    "content": {
      "title": "将标题添加到FlexForm",
      "body": "***<ol> \n <li>从虹膜的左下左下，导航到<b>默认库</b>。 库</b>选项卡和搜索图标。 单击出现的搜索栏中的搜索图标。 } flexcontainer </b>。</li> \n <li>将<strong> flexContainer拖动</strong>窗口小部件上<strong> frmflexlayout </strong>形式在画布上。</li> \n <li>来自<b> project </b>资源管理器，展开<b>移动</b>＆gt; <b>表格</b>＆gt; <b> frmflexlayout </b>。</li> \n <li>右键单击在{<b> frmflexlayout </b>下的flex容器上，称为<b> flexcontainerxxxx </b>，并从<b> flexcontainerxxxxxxxxxxx </b>到<b> flxheadheadeflxheadheaderer </b> {45} {45}。 46} \n </ol>"
    },
    "navigationBar": {
      "left": {
        "text": "以前的"
      },
      "right": {
        "text": "下一个"
      }
    }
  },
  "Card.VoltMX.IntroFlexLayoutV9.AddHeader": {
    "content": {
      "title": "将徽标小部件添加到FlexContainer",
      "body": "***<ol> \n <li>从虹膜上的左下左侧，导航到<b>默认库</b>。</li> <li> {5} <b>默认库</b> 库</b>选项卡和搜索图标。 单击出现的搜索栏中的搜索图标。</li> <li>，输入<b>徽标</b>。 }徽标</b>。</li> \n <li>将<strong>徽标拖放到<strong> flxheader </strong>形式中。</li> \n <li>从<strong> properties </strong>面板，展开<strong> look </strong>＆gt; <strong> flex </strong>从虹膜的右上角。 将<strong>宽度</strong>属性更改为<strong> 50％</strong>。</li> \n </ol>"
    },
    "navigationBar": {
      "left": {
        "text": "以前的"
      },
      "right": {
        "text": "下一个"
      }
    }
  },
  "Card.VoltMX.IntroFlexLayoutV9.AddHeader1": {
    "content": {
      "title": "将搜索小部件添加到FlexContainer",
      "body": "***<ol> <li>来自<b> project </b>资源管理器，展开<b>移动</b>> <b> form </b>> <b> frmflexlayout </b>，然后选择<b> flxheader </b> flxheader {11 }。</li> \n <li>从虹膜的左下左下，导航到<b>默认库</b>。</li> <li> <b>默认库</b>，您将看到<b> my my 库</b>选项卡和搜索图标。 单击出现的搜索栏中的搜索图标。 } search1 </b>。</li> \n <li>拖放<strong> search1 </strong>窗口小部件进入<strong> flxheader </strong>形式。</li> \n <li>从<strong> properties </strong>面板，展开<strong> look </strong>＆gt; <strong> flex </strong>从画布的右上角。 将<strong>宽度</strong>属性更改为<strong> 50％</strong>。</li> \n </ol>"
    },
    "navigationBar": {
      "left": {
        "text": "以前的"
      },
      "right": {
        "text": "下一个"
      }
    }
  },
  "Card.VoltMX.IntroFlexLayoutV9.ChFreeFormAttr": {
    "content": {
      "title": "更改免费形式属性",
      "body": "***<ol> \n <li>从<strong> project </strong>探索器位于画布左上方，导航至<strong> flxheader </strong>＆gt; <strong> Main -Container </strong>。</li> \n <li>从<strong> properties </strong>面板，展开<strong> look </strong>＆gt; <strong> flex </strong>在画布的右上角。</li> \n <li>将<strong>左</strong>属性更改为<strong> 60 dp </strong>。<br /> {22} <strong> search1 </strong>窗口基的窗口小部件相对于parent flexcontainer widget。</li> \n <li>将<strong>顶部</strong>的值更改为<strong> 59 dp </strong>。<br /> <strong> search1 </strong>窗口小部件相对于parent flexcontainer widget。</li> \n <li>设置<strong> top </strong>和<strong>左</strong>属性为<strong> 0 dp </strong>。 45} \n </ol>"
    },
    "navigationBar": {
      "left": {
        "text": "以前的"
      },
      "right": {
        "text": "下一个"
      }
    }
  },
  "Card.VoltMX.IntroFlexLayoutV9.ChVerticalFlow": {
    "content": {
      "title": "将弹性链接变为垂直流动",
      "body": "<ol> \n <li>来自<strong> project </strong>浏览器在画布左上方，选择<strong> flxheader </strong>。</li> \n <li>从<strong>属性</strong>面板，导航到<strong> flexContainer </strong> tab＆gt; <strong>一般</strong>在画布右上方的部分。</li> \n <li>将<strong>布局类型</strong>属性更改为<strong> flow垂直</strong>。<br />小部件在画布上排在另一个下方。</li> \n </ol>"
    },
    "navigationBar": {
      "left": {
        "text": "以前的"
      },
      "right": {
        "text": "下一个"
      }
    }
  },
  "Card.VoltMX.IntroFlexLayoutV9.ChHorizontalFloe": {
    "content": {
      "title": "将弹性脑限制为水平流动",
      "body": "<ol> \n <li>导航到<strong>属性</strong>面板＆gt; <strong> flexcontainer </strong> tab＆gt; <strong>一般</strong>在画布右上方的部分。</li> \n <li>将<strong>布局类型</strong>属性更改为<strong>流水平</strong>。 <br />小部件在画布上并排排列。</li> \n </ol>"
    },
    "navigationBar": {
      "left": {
        "text": "以前的"
      },
      "right": {
        "text": "下一个"
      }
    }
  },
  "Card.VoltMX.IntroFlexLayoutV9.AppViewer": {
    "content": {
      "title": "Volt MX应用程序",
      "body": "<ol> \n <li>使用USB电缆将您的<b>移动</b>连接到计算机。<br /> \n 对于Android设备，请确保使用USB到<b>传输文件</b>。</li> \n <li>在您的<b>移动</b>上启动<b> volt mx app </b>。</li> \n <li>选择<b> USB </b> TAB。</li> \n <li>在成功的连接上，<b> iris </b>在您的计算机上显示成功提示。<br /> \n 同时，USB图标在您的<b> volt mx app </b>上旋转绿色。</li> \n </ol>"
    },
    "navigationBar": {
      "left": {
        "text": "以前的"
      },
      "right": {
        "text": "下一个"
      }
    }
  },
  "Card.VoltMX.IntroFlexLayoutV9.LivePreview": {
    "content": {
      "title": "实时预览设置",
      "body": "<ol> <li>从主菜单中，选择<b>构建</b>。</li> \n <li>单击<b>实时预览设置</b>。</li>"
    },
    "navigationBar": {
      "left": {
        "text": "以前的"
      },
      "right": {
        "text": "下一个"
      }
    }
  },
  "Card.VoltMX.IntroFlexLayoutV9.run": {
    "content": {
      "title": "运行应用程序",
      "body": "<ol> <li>从<b> Live Preview设置</b>窗口，在<b>本机</b>下，选择要查看应用程序的移动/平板电脑OS旁边的复选框。 <br/>例如：<b> ios </b>和<b> android </b>。<br/>确保您未选择所有其他平台和频道。</li> \n <li>单击<b>保存＆运行</b>。<br/>可能需要一些时间才能让Iris显示<b> Live Preview已准备就绪</b>窗口。</ol>"
    },
    "navigationBar": {
      "left": {
        "text": "以前的"
      },
      "right": {
        "text": "下一个"
      }
    }
  },
  "Card.VoltMX.IntroFlexLayoutV9.done": {
    "content": {
      "title": "查看应用程序",
      "body": "***<ol> \n <li>在您的<b> volt mx app </b>上，单击<b>启动</b>。<br /> \n 如果提示您提供应用程序名称，请输入<b> flexlayout </b>，然后单击<b>启动</b>。</li> <li> {12} {12} to <b> exit </b>预览，从左边滑动两个手指 正确或摇动手机。</li> \n </ol>"
    },
    "navigationBar": {
      "left": {
        "text": "以前的"
      },
      "right": {
        "text": "下一个"
      }
    }
  },
  "Card.VoltMX.IntroFlexLayoutV9.last": {
    "content": {
      "title": "恭喜",
      "body": "<p>您已经成功：</p> \n <ul> \n <li> <strong>创建一个带有flexcontainer的应用程序和两个子小部件</strong> </li> \n <li> <strong>学会了如何修改应用程序</strong> </li>中的flex布局 \n <li> <strong>了解如何通过父flexcontainer的布局</strong> </li>的布局来模拟子小部件的布局如何更改 \n <li> <strong>在Volt MX App中启动了该应用程序。</strong> </li> \n </ul>"
    },
    "navigationBar": {
      "left": {
        "text": "以前的"
      },
      "right": {
        "text": "完毕"
      }
    }
  }
}