{
  "Card.VoltMX.IntroFlexLayoutV9.intro": {
    "content": {
      "title": "了解彈性佈局",
      "body": "這次遠足涵蓋了<b> flexcontainer </b>窗口小部件的基本佈局。 Volt MX AppPlatform支持三個Flex佈局： \n <ul> <li>自由表</li> \n <li>流垂直</li> \n <li>流水平</li> <br/ > </ul> \n 這些Flex佈局可幫助您在容器小部件（例如FlexContainer）中安排小部件。<br/> \n 讓我們看看如何實現這些佈局以及如何在每個佈局中排列小部件。"
    },
    "navigationBar": {
      "left": {
        "text": "以前的"
      },
      "right": {
        "text": "開始"
      }
    }
  },
  "Card.VoltMX.IntroFlexLayoutV9.NewProject1": {
    "content": {
      "title": "創建一個新項目",
      "body": "<ol> \n <li>導航至<strong> project </strong>＆gt; <strong>新項目</strong>。</li> \n <li>來自<strong>您現在想從什麼開始？ </strong>窗口，選擇<strong>本機應用</strong>。</li> \n <li>單擊<strong> Next </strong>。<br/> <b>您從本機應用程序</b>窗口打開。 </li> \n </ol>"
    },
    "navigationBar": {
      "left": {
        "text": "以前的"
      },
      "right": {
        "text": "下一個"
      }
    }
  },
  "Card.VoltMX.IntroFlexLayoutV9.NewProject2": {
    "content": {
      "title": "創建一個新項目",
      "body": "<ol> \n <li> <strong>項目名稱</strong>，enter <strong> flexlayout </strong>。</li> \n <li>單擊<strong>創建</strong>。<br />使用<b> form1 </b> form創建一個新應用程序。 <br />應用程序在<strong>故事板</strong>視圖中打開。</li> \n </ol>"
    },
    "navigationBar": {
      "left": {
        "text": "以前的"
      },
      "right": {
        "text": "下一個"
      }
    }
  },
  "Card.VoltMX.IntroFlexLayoutV9.createForm": {
    "content": {
      "title": "重命名表格",
      "body": "<ol> \n <li>在<strong>故事板</strong>視圖中，在新表單上方，單擊<strong> form1 </strong>。</li> \n <li>將表單從<b> form1 </b>重命名為<strong> frmflexlayout </strong>。</li> \n <li>將小部件添加到表單中，雙擊表單上以移至<strong> design </strong> view。</li> \n </ol>"
    },
    "navigationBar": {
      "left": {
        "text": "以前的"
      },
      "right": {
        "text": "下一個"
      }
    }
  },
  "Card.VoltMX.IntroFlexLayoutV9.AddFlexContainer": {
    "content": {
      "title": "將標題添加到FlexForm",
      "body": "***<ol> \n <li>從虹膜的左下左下，導航到<b>默認庫</b>。 庫</b>選項卡和搜索圖標。 單擊出現的搜索欄中的搜索圖標。 } flexcontainer </b>。</li> \n <li>將<strong> flexContainer拖動</strong>窗口小部件上<strong> frmflexlayout </strong>形式在畫布上。</li> \n <li>來自<b> project </b>資源管理器，展開<b>移動</b>＆gt; <b>表格</b>＆gt; <b> frmflexlayout </b>。</li> \n <li>右鍵單擊在{<b> frmflexlayout </b>下的flex容器上，稱為<b> flexcontainerxxxx </b>，並從<b> flexcontainerxxxxxxxxxxx </b>到<b> flxheadheadeflxheadheaderer </b> {45} {45}。 46} \n </ol>"
    },
    "navigationBar": {
      "left": {
        "text": "以前的"
      },
      "right": {
        "text": "下一個"
      }
    }
  },
  "Card.VoltMX.IntroFlexLayoutV9.AddHeader": {
    "content": {
      "title": "將徽標小部件添加到FlexContainer",
      "body": "***<ol> \n <li>從虹膜上的左下左側，導航到<b>默認庫</b>。</li> <li> {5} <b>默認庫</b> 庫</b>選項卡和搜索圖標。 單擊出現的搜索欄中的搜索圖標。</li> <li>，輸入<b>徽標</b>。 }徽標</b>。</li> \n <li>將<strong>徽標拖放到<strong> flxheader </strong>形式中。</li> \n <li>從<strong> properties </strong>面板，展開<strong> look </strong>＆gt; <strong> flex </strong>從虹膜的右上角。 將<strong>寬度</strong>屬性更改為<strong> 50％</strong>。</li> \n </ol>"
    },
    "navigationBar": {
      "left": {
        "text": "以前的"
      },
      "right": {
        "text": "下一個"
      }
    }
  },
  "Card.VoltMX.IntroFlexLayoutV9.AddHeader1": {
    "content": {
      "title": "將搜索小部件添加到FlexContainer",
      "body": "***<ol> <li>來自<b> project </b>資源管理器，展開<b>移動</b>> <b> form </b>> <b> frmflexlayout </b>，然後選擇<b> flxheader </b> flxheader {11 }。</li> \n <li>從虹膜的左下左下，導航到<b>默認庫</b>。</li> <li> <b>默認庫</b>，您將看到<b> my my 庫</b>選項卡和搜索圖標。 單擊出現的搜索欄中的搜索圖標。 } search1 </b>。</li> \n <li>拖放<strong> search1 </strong>窗口小部件進入<strong> flxheader </strong>形式。</li> \n <li>從<strong> properties </strong>面板，展開<strong> look </strong>＆gt; <strong> flex </strong>從畫布的右上角。 將<strong>寬度</strong>屬性更改為<strong> 50％</strong>。</li> \n </ol>"
    },
    "navigationBar": {
      "left": {
        "text": "以前的"
      },
      "right": {
        "text": "下一個"
      }
    }
  },
  "Card.VoltMX.IntroFlexLayoutV9.ChFreeFormAttr": {
    "content": {
      "title": "更改免費形式屬性",
      "body": "***<ol> \n <li>從<strong> project </strong>探索器位於畫布左上方，導航至<strong> flxheader </strong>＆gt; <strong> Main -Container </strong>。</li> \n <li>從<strong> properties </strong>面板，展開<strong> look </strong>＆gt; <strong> flex </strong>在畫布的右上角。</li> \n <li>將<strong>左</strong>屬性更改為<strong> 60 dp </strong>。<br /> {22} <strong> search1 </strong>窗口基的窗口小部件相對於parent flexcontainer widget。</li> \n <li>將<strong>頂部</strong>的值更改為<strong> 59 dp </strong>。<br /> <strong> search1 </strong>窗口小部件相對於parent flexcontainer widget。</li> \n <li>設置<strong> top </strong>和<strong>左</strong>屬性為<strong> 0 dp </strong>。 45} \n </ol>"
    },
    "navigationBar": {
      "left": {
        "text": "以前的"
      },
      "right": {
        "text": "下一個"
      }
    }
  },
  "Card.VoltMX.IntroFlexLayoutV9.ChVerticalFlow": {
    "content": {
      "title": "將彈性鏈接變為垂直流動",
      "body": "<ol> \n <li>來自<strong> project </strong>瀏覽器在畫布左上方，選擇<strong> flxheader </strong>。</li> \n <li>從<strong>屬性</strong>面板，導航到<strong> flexContainer </strong> tab＆gt; <strong>一般</strong>在畫布右上方的部分。</li> \n <li>將<strong>佈局類型</strong>屬性更改為<strong> flow垂直</strong>。<br />小部件在畫布上排在另一個下方。</li> \n </ol>"
    },
    "navigationBar": {
      "left": {
        "text": "以前的"
      },
      "right": {
        "text": "下一個"
      }
    }
  },
  "Card.VoltMX.IntroFlexLayoutV9.ChHorizontalFloe": {
    "content": {
      "title": "將彈性腦限制為水平流動",
      "body": "<ol> \n <li>導航到<strong>屬性</strong>面板＆gt; <strong> flexcontainer </strong> tab＆gt; <strong>一般</strong>在畫布右上方的部分。</li> \n <li>將<strong>佈局類型</strong>屬性更改為<strong>流水平</strong>。 <br />小部件在畫布上並排排列。</li> \n </ol>"
    },
    "navigationBar": {
      "left": {
        "text": "以前的"
      },
      "right": {
        "text": "下一個"
      }
    }
  },
  "Card.VoltMX.IntroFlexLayoutV9.AppViewer": {
    "content": {
      "title": "Volt MX應用程序",
      "body": "<ol> \n <li>使用USB電纜將您的<b>移動</b>連接到計算機。<br /> \n 對於Android設備，請確保使用USB到<b>傳輸文件</b>。</li> \n <li>在您的<b>移動</b>上啟動<b> volt mx app </b>。</li> \n <li>選擇<b> USB </b> TAB。</li> \n <li>在成功的連接上，<b> iris </b>在您的計算機上顯示成功提示。<br /> \n 同時，USB圖標在您的<b> volt mx app </b>上旋轉綠色。</li> \n </ol>"
    },
    "navigationBar": {
      "left": {
        "text": "以前的"
      },
      "right": {
        "text": "下一個"
      }
    }
  },
  "Card.VoltMX.IntroFlexLayoutV9.LivePreview": {
    "content": {
      "title": "實時預覽設置",
      "body": "<ol> <li>從主菜單中，選擇<b>構建</b>。</li> \n <li>單擊<b>實時預覽設置</b>。</li>"
    },
    "navigationBar": {
      "left": {
        "text": "以前的"
      },
      "right": {
        "text": "下一個"
      }
    }
  },
  "Card.VoltMX.IntroFlexLayoutV9.run": {
    "content": {
      "title": "運行應用程序",
      "body": "<ol> <li>從<b> Live Preview設置</b>窗口，在<b>本機</b>下，選擇要查看應用程序的移動/平板電腦OS旁邊的複選框。 <br/>例如：<b> ios </b>和<b> android </b>。<br/>確保您未選擇所有其他平台和頻道。</li> \n <li>單擊<b>保存＆運行</b>。<br/>可能需要一些時間才能讓Iris顯示<b> Live Preview已準備就緒</b>窗口。</ol>"
    },
    "navigationBar": {
      "left": {
        "text": "以前的"
      },
      "right": {
        "text": "下一個"
      }
    }
  },
  "Card.VoltMX.IntroFlexLayoutV9.done": {
    "content": {
      "title": "查看應用程序",
      "body": "***<ol> \n <li>在您的<b> volt mx app </b>上，單擊<b>啟動</b>。<br /> \n 如果提示您提供應用程序名稱，請輸入<b> flexlayout </b>，然後單擊<b>啟動</b>。</li> <li> {12} {12} to <b> exit </b>預覽，從左邊滑動兩個手指 正確或搖動手機。</li> \n </ol>"
    },
    "navigationBar": {
      "left": {
        "text": "以前的"
      },
      "right": {
        "text": "下一個"
      }
    }
  },
  "Card.VoltMX.IntroFlexLayoutV9.last": {
    "content": {
      "title": "恭喜",
      "body": "<p>您已經成功：</p> \n <ul> \n <li> <strong>創建一個帶有flexcontainer的應用程序和兩個子小部件</strong> </li> \n <li> <strong>學會瞭如何修改應用程序</strong> </li>中的flex佈局 \n <li> <strong>了解如何通過父flexcontainer的佈局</strong> </li>的佈局來模擬子小部件的佈局如何更改 \n <li> <strong>在Volt MX App中啟動了該應用程序。</strong> </li> \n </ul>"
    },
    "navigationBar": {
      "left": {
        "text": "以前的"
      },
      "right": {
        "text": "完畢"
      }
    }
  }
}