{
  "kuid": "41dfa3td-43ad-42r2-90u0-362c7enc",
  "id": "VoltMX.addLoginServiceV9.Logout",
  "content": {
    "title": "Map Logout Parameters to UI",
    "body": "<ol>\n<li>From the&nbsp;<strong>Project&nbsp;</strong>explorer, expand&nbsp;<b>Mobile</b> &gt; <b>Forms</b> > <strong> frmAccount</strong> > <b>flexAccountList</b>  &gt;  <b>flexHeader</b> and select <strong>headerButtonRight</strong>.</li>\n<li>From the <strong>Properties </strong>panel, navigate to the <strong>Action </strong>tab.</li>\n<li>For the <strong>onClick </strong>event, click <strong>Edit</strong>.<br /> The <strong>Action Editor</strong> window appears.</li>\n</ol>"
  },
  "pointer": {
    "direction": "left",
    "element": "",
    "type": "none",
    "isfixed": false
  },
  "navigationType": "manual",
  "navigationBar": {
    "left": {
      "text": "Previous",
      "enable": true,
      "hide": false
    },
    "right": {
      "text": "Next",
      "enable": true,
      "hide": false
    }
  },
  "navigationCondition": "",
  "position": "BOTTOM_LEFT",
  "meta": {
    "Creator": "Rashmi Menon",
    "CreatedOn": "Wed, 18 Dec 2019 09:29:42 GMT"
  },
  "context": [],
  "localization": {
    "en-us": {
      "content": {
        "title": "Map Logout Parameters to UI",
        "body": "<ol>\n<li>From the&nbsp;<strong>Project&nbsp;</strong>explorer, expand&nbsp;<b>Mobile</b> &gt; <b>Forms</b> > <strong> frmAccount</strong> > <b>flexAccountList</b>  &gt;  <b>flexHeader</b> and select <strong>headerButtonRight</strong>.</li>\n<li>From the <strong>Properties </strong>panel, navigate to the <strong>Action </strong>tab.</li>\n<li>For the <strong>onClick </strong>event, click <strong>Edit</strong>.<br /> The <strong>Action Editor</strong> window appears.</li>\n</ol>"
      },
      "navigationBar": {
        "left": {
          "text": "Previous"
        },
        "right": {
          "text": "Next"
        }
      }
    },
    "zh-cn": {
      "content": {
        "title": "映射注销参数到UI",
        "body": "***<ol> \n <li>来自＆nbsp; <strong> project＆nbsp; </strong> Explorer，Expand＆nbsp; <b>移动</b>＆gt; <b> forms </b>> <strong> frmaccount </strong>> <b> flexaccountlist </b>＆gt; <b> flexheader </b>，然后选择<strong> headerButtonRight </strong>。</li> \n <li>从<strong>属性</strong>面板，导航到<strong> action </strong> tab。</li> \n <li>对于<strong> onClick </strong>事件，单击<strong> edit </strong>。 \n </ol>"
      },
      "navigationBar": {
        "left": {
          "text": "以前的"
        },
        "right": {
          "text": "下一个"
        }
      }
    },
    "zh-tw": {
      "content": {
        "title": "映射註銷參數到UI",
        "body": "***<ol> \n <li>來自＆nbsp; <strong> project＆nbsp; </strong> Explorer，Expand＆nbsp; <b>移動</b>＆gt; <b> forms </b>> <strong> frmaccount </strong>> <b> flexaccountlist </b>＆gt; <b> flexheader </b>，然後選擇<strong> headerButtonRight </strong>。</li> \n <li>從<strong>屬性</strong>面板，導航到<strong> action </strong> tab。</li> \n <li>對於<strong> onClick </strong>事件，單擊<strong> edit </strong>。 \n </ol>"
      },
      "navigationBar": {
        "left": {
          "text": "以前的"
        },
        "right": {
          "text": "下一個"
        }
      }
    }
  }
}