{
  "Tour.UseSampleServicesV9": {
    "description": " यात्रा का विवरण"
  },
  "Hike.VoltMX.UseSampleServicesV9": {
    "description": " वृद्धि का विवरण"
  },
  "Card.VoltMX.UseSampleServicesV9.addUI": {
    "content": {
      "title": " फॉर्म में डेटा जोड़ें",
      "body": "<ol>\n<li> से<strong> डेटा &amp; सेवाएं</strong> पैनल, विस्तार करें<strong> परियोजना सेवाएं</strong> &gt;<strong> EmployeeObjectService</strong> &gt;<strong>employee</strong> , और चुनें<strong> प्राप्त करें</strong>.</li>\n<li> ड्रॉप<strong> रिकॉर्ड</strong> डेटा से &amp; सेवा पैनल पर<strong> frmसूची</strong> कैनवास पर प्रपत्र।<br /> The<strong> आप क्या उत्पन्न करना चाहेंगे?</strong> विंडो प्रकट होती है।</li>\n<li> चुनें<strong> प्रतिक्रिया का उपयोग करके सूची और विवरण</strong>.</li>\n<li> क्लिक करें<strong> ठीक है</strong>.<br /> आप प्रपत्र पर डेटा देख सकते हैं।</li>\n</ol>"
    },
    "navigationBar": {
      "left": {
        "text": " पिछला"
      },
      "right": {
        "text": " अगला"
      }
    }
  },
  "Card.VoltMX.UseSampleServicesV9.createObj": {
    "content": {
      "title": " एक वस्तु सेवा बनाएँ",
      "body": "<ol>\n<li> पर नेविगेट करें<strong> डेटा और सेवाएं</strong> पैनल और विस्तार<strong> परियोजना सेवाएं</strong>.</li>\n<li> क्लिक करें<strong> नया कॉन्फ़िगर करें</strong>.</li>\n<li> अंडर<strong> डेटा संग्रहण</strong> चुनें<strong> संबंधपरक डेटाबेस</strong>.<br /> The<strong> ऑब्जेक्ट सेवा कॉन्फ़िगर करें</strong> विंडो प्रकट होती है।</li>\n</ol>"
    },
    "navigationBar": {
      "left": {
        "text": " पिछला"
      },
      "right": {
        "text": " अगला"
      }
    }
  },
  "Card.VoltMX.UseSampleServicesV9.createObj1": {
    "content": {
      "title": " एक वस्तु सेवा बनाएँ",
      "body": "<ol>\n<li> पर<strong> ऑब्जेक्ट सेवा कॉन्फ़िगर करें</strong> पृष्ठ, निम्नलिखित डेटा के साथ फ़ील्ड भरें:<ul>\n<li style=\"&ldquo;margin-left: 2em&rdquo;;\"> नाम:<strong> कर्मचारीऑब्जेक्ट सेवा</strong></li>\n<li style=\"&ldquo;margin-left: 2em&rdquo;;\"> डेटाबेस:<strong> com.mysql.jdbc.Driver</strong></li>\n<li style=\"&ldquo;margin-left: 2em&rdquo;;\"> डेटाबेस कनेक्शन URL:<strong> jdbc:mysql://sampledb.voltmxlabs.net</strong>.</li>\n<li style=\"&ldquo;margin-left: 2em&rdquo;;\"> यूजर आईडी:<strong> कर्मचारी</strong></li>\n<li style=\"&ldquo;margin-left: 2em&rdquo;;\"> पासवर्ड:<strong> V0ltmx1234</strong></li>\n</ul>\n</li>\n<li> क्लिक करें<strong> परीक्षण कनेक्शन</strong>.</li>\n<li> क्लिक करें<strong> सहेजें और amp; उत्पन्न</strong>.<br /> The<strong> बैकएंड से ऑब्जेक्ट आयात करें</strong> विंडो प्रकट होती है।</li>\n</ol>"
    },
    "navigationBar": {
      "left": {
        "text": " पिछला"
      },
      "right": {
        "text": " अगला"
      }
    }
  },
  "Card.VoltMX.UseSampleServicesV9.intro": {
    "content": {
      "title": " नमूना सेवाओं का उपयोग करें",
      "body": "<b> चलिए शुरू करते हैं!</b><br/> इस वृद्धि में, हम करेंगे:<br/>\n<ul><li> एक फॉर्म बनाएं</li>\n<li> नमूना बैक-एंड डेटाबेस से कनेक्ट करें</li>\n<li> प्रपत्र में डेटा जोड़ें। आप अपने स्वयं के बैक-एंड डेटा को अपने ऐप से बाइंड करने के लिए उन्हीं चरणों का पालन कर सकते हैं।</li></ul>\n<br/>\n\n<b> जब आप तैयार हों, तो स्टार्ट पर क्लिक करें!</b>"
    },
    "navigationBar": {
      "left": {
        "text": " पिछला"
      },
      "right": {
        "text": " प्रारंभ"
      }
    }
  },
  "Card.VoltMX.UseSampleServicesV9.last": {
    "content": {
      "title": " बधाई",
      "body": "<p> आपने सफलतापूर्वक:</p>\n<ul>\n<li><strong> एक प्रपत्र बनाया गया</strong></li>\n<li><strong> एक वस्तु सेवा बनाई गई</strong></li>\n<li><strong> फ़ॉर्म को बैक-एंड डेटा से कनेक्ट किया गया।</strong></li>\n<li><strong> आईरिस लाइव पूर्वावलोकन पर अपना ऐप लॉन्च किया<br /></strong></li>\n</ul>"
    },
    "navigationBar": {
      "left": {
        "text": " पिछला"
      },
      "right": {
        "text": " हो गया"
      }
    }
  },
  "Card.VoltMX.UseSampleServicesV9.mappingservice": {
    "content": {
      "title": " सेवा को मैप करें",
      "body": "<ol><li> विस्तृत करें<b> कर्मचारी</b> > <b> टेबल्स</b> और चुनें<b>employee</b>.</li>\n<li> क्लिक करें<b> अगला</b>.</li>\n<li> क्लिक करें<b> उत्पन्न</b>.</li>\n<li> विंडो बंद करें।</li></ol>"
    },
    "navigationBar": {
      "left": {
        "text": " पिछला"
      },
      "right": {
        "text": " अगला"
      }
    }
  },
  "Card.VoltMX.UseSampleServicesV9.NewProject1": {
    "content": {
      "title": " एक नया प्रोजेक्ट बनाएं",
      "body": "<ol>\n<li> नेविगेट करें<strong> परियोजना</strong> &gt;<strong> नई परियोजना</strong>.</li>\n<li> से<strong> आप अभी क्या शुरू करना चाहते हैं?</strong> विंडो, चुनें<strong> वेब ऐप</strong>.</li>\n<li> क्लिक करें<strong> अगला</strong>.<br /> The<strong> आप सबसे पहले किस डिवाइस का आकार बनाना शुरू करना चाहते हैं?</strong> विंडो प्रकट होती है।</li>\n<li> चुनें<strong> डेस्कटॉप</strong>.</li>\n<li> क्लिक करें<strong> अगला</strong>.</li>\n</ol>"
    },
    "navigationBar": {
      "left": {
        "text": " पिछला"
      },
      "right": {
        "text": " अगला"
      }
    }
  },
  "Card.VoltMX.UseSampleServicesV9.NewProject2": {
    "content": {
      "title": " एक नया प्रोजेक्ट बनाएं",
      "body": "<ol>\n<li> में<strong> आपने वेब ऐप के साथ शुरुआत की। चयनित डिवाइस का आकार डेस्कटॉप है।</strong> विंडो, अंडर<strong> परियोजना का नाम</strong> , दर्ज करें<strong> GetmyData</strong>.</li>\n<li> क्लिक करें<strong> बनाएँ</strong>.<br /> एक फ्लेक्स फॉर्म के साथ एक नया एप्लिकेशन बनाया गया है।<br /> आवेदन में खुलता है<strong> स्टोरीबोर्ड</strong> देखें।</li>\n</ol>"
    },
    "navigationBar": {
      "left": {
        "text": " पिछला"
      },
      "right": {
        "text": " अगला"
      }
    }
  },
  "Card.VoltMX.UseSampleServicesV9.rename": {
    "content": {
      "title": " फॉर्म का नाम बदलें",
      "body": "<ol>\n<li> में<strong> स्टोरीबोर्ड</strong> देखें, नए फॉर्म के ऊपर, क्लिक करें<strong> फॉर्म1</strong>.</li>\n<li> फॉर्म का नाम बदलें<strong> frmसूची</strong>.</li>\n<li> फॉर्म को खोलने के लिए फॉर्म पर डबल-क्लिक करें<strong> डिज़ाइन</strong> देखें।</li>\n</ol>"
    },
    "navigationBar": {
      "left": {
        "text": " पिछला"
      },
      "right": {
        "text": " अगला"
      }
    }
  },
  "Card.VoltMX.UseSampleServicesV9.run": {
    "content": {
      "title": " ऐप चलाएँ",
      "body": "<ol>\n<li> से<strong> लाइव पूर्वावलोकन सेटिंग्स</strong> विंडो, अंडर<strong> प्लेटफॉर्म और चैनल</strong> , चुनें<strong> उत्तरदायी वेब</strong>. <br /> सुनिश्चित करें कि आपने अन्य सभी प्लेटफॉर्म और चैनलों के लिए चेकबॉक्स को अचयनित किया है।</li>\n<li> क्लिक करें<strong> सहेजें और amp; Daud</strong>.<br /> आइरिस को दिखाने में कुछ समय लग सकता है<strong> आइरिस पूर्वावलोकन</strong> window.</li>\n</ol>\n<p> आप आइरिस प्रीव्यू में फॉर्म में जोड़े गए डेटा को देख सकते हैं।</p>"
    },
    "navigationBar": {
      "left": {
        "text": " पिछला"
      },
      "right": {
        "text": " अगला"
      }
    }
  },
  "Card.VoltMX.UseSampleServicesV9.settings": {
    "content": {
      "title": " लाइव पूर्वावलोकन के लिए सेटिंग्स",
      "body": "<ol><li> मुख्य मेनू से, चुनें<b> बिल्ड</b>.</li>\n<li> क्लिक करें<b> लाइव पूर्वावलोकन सेटिंग्स।</b></li></ol>"
    },
    "navigationBar": {
      "left": {
        "text": " पिछला"
      },
      "right": {
        "text": " अगला"
      }
    }
  }
}