{
  "Tour.UseSampleServicesV9": {
    "description": "旅遊描述"
  },
  "Hike.VoltMX.UseSampleServicesV9": {
    "description": "徒步說明"
  },
  "Card.VoltMX.UseSampleServicesV9.addUI": {
    "content": {
      "title": "向表單添加數據",
      "body": "<ol>\n<li>來自<strong>數據&amp;服務</strong>面板，展開<strong>項目服務</strong>&gt;<strong>employeeObjectService</strong>&gt;<strong>員工</strong> ，然後選擇<strong>得到</strong>.</li>\n<li>丟棄<strong>記錄</strong>來自數據&amp;服務面板<strong>frmList</strong>畫布上的表格。<br /><strong>你想生成什麼？</strong>窗口出現。</li>\n<li>選擇<strong>使用響應的列表和詳細信息</strong>.</li>\n<li>點擊<strong>好的</strong>.<br /> 您可以查看表格上的數據。</li>\n</ol>"
    },
    "navigationBar": {
      "left": {
        "text": "上一個"
      },
      "right": {
        "text": "下一個"
      }
    }
  },
  "Card.VoltMX.UseSampleServicesV9.createObj": {
    "content": {
      "title": "創建對象服務",
      "body": "<ol>\n<li>導航到<strong>數據和服務</strong>面板和展開<strong>項目服務</strong>.</li>\n<li>點擊<strong>配置新</strong>.</li>\n<li>下<strong>數據存儲</strong>選擇<strong>關係數據庫</strong>.<br /><strong>配置對象服務</strong>窗口出現。</li>\n</ol>"
    },
    "navigationBar": {
      "left": {
        "text": "上一個"
      },
      "right": {
        "text": "下一個"
      }
    }
  },
  "Card.VoltMX.UseSampleServicesV9.createObj1": {
    "content": {
      "title": "創建對象服務",
      "body": "<ol>\n<li>在<strong>配置對象服務</strong>頁面，使用以下數據填充字段：<ul>\n<li style=\"&ldquo;margin-left: 2em&rdquo;;\">姓名：<strong>employeeObjectService</strong></li>\n<li style=\"&ldquo;margin-left: 2em&rdquo;;\">數據庫：<strong>com.mysql.jdbc.Driver</strong></li>\n<li style=\"&ldquo;margin-left: 2em&rdquo;;\">數據庫連接 URL：<strong> jdbc:mysql://sampledb.voltmxlabs.net</strong>.</li>\n<li style=\"&ldquo;margin-left: 2em&rdquo;;\">用戶ID：<strong>員工</strong></li>\n<li style=\"&ldquo;margin-left: 2em&rdquo;;\">密碼：<strong>V0ltmx1234</strong></li>\n</ul>\n</li>\n<li>點擊<strong>測試連接</strong>.</li>\n<li>點擊<strong>保存&amp;產生</strong>.<br /><strong>從後端導入對象</strong>窗口出現。</li>\n</ol>"
    },
    "navigationBar": {
      "left": {
        "text": "上一個"
      },
      "right": {
        "text": "下一個"
      }
    }
  },
  "Card.VoltMX.UseSampleServicesV9.intro": {
    "content": {
      "title": "使用示例服務",
      "body": "<b>讓我們開始吧！</b><br/>在這次徒步旅行中，我們將：<br/>\n<ul><li>創建表單</li>\n<li>連接到示例後端數據庫</li>\n<li>向表單添加數據。您可以按照相同的步驟將您自己的後端數據綁定到您的應用程序。</li></ul>\n<br/>\n\n<b>準備好後，單擊開始！</b>"
    },
    "navigationBar": {
      "left": {
        "text": "上一個"
      },
      "right": {
        "text": "開始"
      }
    }
  },
  "Card.VoltMX.UseSampleServicesV9.last": {
    "content": {
      "title": " 恭喜",
      "body": "<p>您已成功：</p>\n<ul>\n<li><strong>創建了一個表單</strong></li>\n<li><strong>創建了一個對象服務</strong></li>\n<li><strong>將表單與後端數據連接起來。</strong></li>\n<li><strong>在 Iris Live Preview 上發布您的應用<br /></strong></li>\n</ul>"
    },
    "navigationBar": {
      "left": {
        "text": "上一個"
      },
      "right": {
        "text": "完成"
      }
    }
  },
  "Card.VoltMX.UseSampleServicesV9.mappingservice": {
    "content": {
      "title": "映射服務",
      "body": "<ol><li>展開<b>員工</b> > <b>表格</b>並選擇<b>員工</b>.</li>\n<li>點擊<b>下一個</b>.</li>\n<li>點擊<b>生成</b>.</li>\n<li>關閉窗口。</li></ol>"
    },
    "navigationBar": {
      "left": {
        "text": "上一個"
      },
      "right": {
        "text": "下一個"
      }
    }
  },
  "Card.VoltMX.UseSampleServicesV9.NewProject1": {
    "content": {
      "title": "創建一個新項目",
      "body": "<ol>\n<li>導航到<strong>項目</strong>&gt;<strong>新項目</strong>.</li>\n<li>來自<strong> 你現在想從什麼開始？</strong>窗口，選擇<strong>網絡應用</strong>.</li>\n<li>點擊<strong>下一個</strong>.<br /><strong>您想首先開始構建哪種設備尺寸？</strong>窗口出現。</li>\n<li>選擇<strong>桌面</strong>.</li>\n<li>點擊<strong>下一個</strong>.</li>\n</ol>"
    },
    "navigationBar": {
      "left": {
        "text": "上一個"
      },
      "right": {
        "text": "下一個"
      }
    }
  },
  "Card.VoltMX.UseSampleServicesV9.NewProject2": {
    "content": {
      "title": "創建一個新項目",
      "body": "<ol>\n<li>在<strong>您從一個 Web 應用程序開始。選擇的設備大小是桌面。</strong>窗口，下<strong>項目名稱</strong>，輸入<strong>GetmyData</strong>.</li>\n<li>點擊<strong>創建</strong>.<br />使用一個 flex 表單創建了一個新應用程序。<br />應用程序在<strong>故事板</strong>查看。</li>\n</ol>"
    },
    "navigationBar": {
      "left": {
        "text": "上一個"
      },
      "right": {
        "text": "下一個"
      }
    }
  },
  "Card.VoltMX.UseSampleServicesV9.rename": {
    "content": {
      "title": "重命名表單",
      "body": "<ol>\n<li>在<strong>故事板</strong>查看，在新表單上方，單擊<strong>Form1</strong>.</li>\n<li>重命名表單<strong>frmList</strong>.</li>\n<li> 雙擊表單打開表單<strong>設計</strong>查看。</li>\n</ol>"
    },
    "navigationBar": {
      "left": {
        "text": "上一個"
      },
      "right": {
        "text": "下一個"
      }
    }
  },
  "Card.VoltMX.UseSampleServicesV9.run": {
    "content": {
      "title": "運行應用程序",
      "body": "<ol>\n<li>來自<strong>實時預覽設置</strong>窗下<strong>平台和渠道</strong>，選擇<strong>響應式網站</strong>. <br />確保您已取消選中所有其他平台和頻道的複選框。</li>\n<li>點擊<strong>保存&amp;跑步</strong>.<br /> Iris 可能需要一些時間才能顯示<strong>虹膜預覽</strong>窗口。</li>\n</ol>\n<p>您可以在 Iris Preview 中查看您在表單上添加的數據。</p>"
    },
    "navigationBar": {
      "left": {
        "text": "上一個"
      },
      "right": {
        "text": "下一個"
      }
    }
  },
  "Card.VoltMX.UseSampleServicesV9.settings": {
    "content": {
      "title": "實時預覽設置",
      "body": "<ol><li>從主菜單中，選擇<b>構建</b>.</li>\n<li>點擊<b>實時預覽設置。</b></li></ol>"
    },
    "navigationBar": {
      "left": {
        "text": "上一個"
      },
      "right": {
        "text": "下一個"
      }
    }
  }
}