{
  "Tour.UseSampleServicesV9": "Description of Tour",
  "Hike.VoltMX.UseSampleServicesV9": "Description of hike",
  "Card.VoltMX.UseSampleServicesV9.NewProject1": {
    "content": {
      "title": "Create a New Project",
      "body": "<ol>\n<li>Navigate to <strong>Project</strong> &gt; <strong>New Project</strong>.</li>\n<li>From the <strong>What do you want to start with now? </strong>window, select <strong>Web App</strong>.</li>\n<li>Click <strong>Next</strong>.<br />The <strong>Which device size do you want to start building for first?</strong> window appears.</li>\n<li>Select <strong>Desktop</strong>.</li>\n<li>Click <strong>Next</strong>.</li>\n</ol>"
    },
    "navigationBar": {
      "left": {
        "text": "Previous"
      },
      "right": {
        "text": "Next"
      }
    }
  },
  "Card.VoltMX.UseSampleServicesV9.NewProject2": {
    "content": {
      "title": "Create a New Project",
      "body": "<ol>\n<li>In the <strong>You started with a Web App. Device size selected is Desktop. </strong>window, under <strong>Project Name</strong>, enter <strong>GetmyData</strong>.</li>\n<li>Click <strong>Create</strong>.<br />A new application is created with one flex form. <br />The application opens in the <strong>Storyboard </strong>view.</li>\n</ol>"
    },
    "navigationBar": {
      "left": {
        "text": "Previous"
      },
      "right": {
        "text": "Next"
      }
    }
  },
  "Card.VoltMX.UseSampleServicesV9.addUI": {
    "content": {
      "title": "Add Data to the Form",
      "body": "<ol>\n<li>From the <strong>Data &amp; Services </strong>panel, expand <strong>Project Services</strong> &gt; <strong>employeeObjectService</strong> &gt; <strong>employee</strong>, and select <strong>get</strong>.</li>\n<li>Drag and drop <strong>get</strong> from the Data &amp; Services panel onto the <strong>frmList</strong> form on the canvas.<br />The <strong>What would you like to generate?</strong> window appears.</li>\n<li>Select <strong>List & Details Using Response</strong>.</li>\n<li>Click <strong>OK</strong>.<br />You can view the data on the form.</li>\n</ol>"
    },
    "navigationBar": {
      "left": {
        "text": "Previous"
      },
      "right": {
        "text": "Next"
      }
    }
  },
  "Card.VoltMX.UseSampleServicesV9.createObj": {
    "content": {
      "title": "Create an Object Service",
      "body": "<ol>\n<li>Navigate to the <strong>Data & Services</strong> panel and expand <strong>Project Services</strong>.</li>\n<li>Click <strong>Configure New</strong>.</li>\n<li>Under <strong>Data Storage</strong> select <strong>Relational Database</strong>.<br />The <strong>Configure Object Service</strong> window appears.</li>\n</ol>"
    },
    "navigationBar": {
      "left": {
        "text": "Previous"
      },
      "right": {
        "text": "Next"
      }
    }
  },
  "Card.VoltMX.UseSampleServicesV9.createObj1": {
    "content": {
      "title": "Create an Object Service",
      "body": "<ol>\n<li>On the <strong>Configure Object Service</strong> page, fill the fields with the following data:\n<ul>\n<li style=\"&ldquo;margin-left: 2em&rdquo;;\">Name: <strong> employeeObjectService</strong></li>\n<li style=\"&ldquo;margin-left: 2em&rdquo;;\">Database: <strong> com.mysql.jdbc.Driver </strong></li>\n<li style=\"&ldquo;margin-left: 2em&rdquo;;\">Database Connection URL: <strong> jdbc:mysql://hikes.db.hclvoltmx.net</strong>.</li>\n<li style=\"&ldquo;margin-left: 2em&rdquo;;\">User ID: <strong> employees </strong></li>\n<li style=\"&ldquo;margin-left: 2em&rdquo;;\">Password: <strong>V0ltmx1234</strong></li>\n</ul>\n</li>\n<li>Click <strong>Test Connection</strong>.</li>\n<li>Click <strong>Save &amp; Generate</strong>.<br />The <strong>Import Objects from Backend</strong> window appears.</li>\n</ol>"
    },
    "navigationBar": {
      "left": {
        "text": "Previous"
      },
      "right": {
        "text": "Next"
      }
    }
  },
  "Card.VoltMX.UseSampleServicesV9.intro": {
    "content": {
      "title": "Use Sample Services",
      "body": "<b>Let’s get started!</b><br/>\nIn this hike, we will: <br/>\n<ul><li> Create a form </li>\n<li> Connect to a sample back-end database</li>\n<li>Add data to the form. You can follow the same steps to bind your own back-end data to your app.</li></ul>\n<br/>\n\n<b>When you are ready, click Start!</b>"
    },
    "navigationBar": {
      "left": {
        "text": "Previous"
      },
      "right": {
        "text": "Start"
      }
    }
  },
  "Card.VoltMX.UseSampleServicesV9.last": {
    "content": {
      "title": "Congratulations",
      "body": "<p>You have successfully:</p>\n<ul>\n<li><strong>Created a form</strong></li>\n<li><strong>Created an object service</strong></li>\n<li><strong>Connected the form with back-end data.</strong></li>\n<li><strong>Launched your app on Iris Live Preview<br /></strong></li>\n</ul>"
    },
    "navigationBar": {
      "left": {
        "text": "Previous"
      },
      "right": {
        "text": "Done"
      }
    }
  },
  "Card.VoltMX.UseSampleServicesV9.mappingservice": {
    "content": {
      "title": "Map the Service",
      "body": "<ol><li>Expand <b>employees</b> > <b>Tables</b> and select <b>employee</b>.</li>\n<li>Click <b>Next</b>.</li>\n<li>Click <b>Generate</b>.</li>\n<li>Close the window.</li></ol>"
    },
    "navigationBar": {
      "left": {
        "text": "Previous"
      },
      "right": {
        "text": "Next"
      }
    }
  },
  "Card.VoltMX.UseSampleServicesV9.rename": {
    "content": {
      "title": "Rename the Form",
      "body": "<ol>\n<li>In the <strong>Storyboard</strong> view, above the new Form, click <strong>Form1</strong>.</li>\n<li>Rename the form from <strong>Form1</strong> to <strong>frmList</strong>.</li>\n<li>Double-click on the form to open the form in <strong>Design </strong>view.</li>\n</ol>"
    },
    "navigationBar": {
      "left": {
        "text": "Previous"
      },
      "right": {
        "text": "Next"
      }
    }
  },
  "Card.VoltMX.UseSampleServicesV9.run": {
    "content": {
      "title": "Run the App",
      "body": "<ol>\n<li>From the <strong>Live Preview Settings</strong> window, under <strong>Platforms and Channels</strong>, select <strong>Responsive Web</strong>. <br />Ensure that you have unselected the checkboxes for all the other platforms and channels.</li>\n<li>Click <strong>Save &amp; Run</strong>.<br />If the <b>Invalid Actions</b> dialog appears, click <b>Continue</b> to processing.<br /> It may take some time for Iris to show the <strong>Iris Preview</strong> window.</li>\n</ol>\n<p>You can view the data you added on the form in Iris Preview. </p>"
    },
    "navigationBar": {
      "left": {
        "text": "Previous"
      },
      "right": {
        "text": "Next"
      }
    }
  },
  "Card.VoltMX.UseSampleServicesV9.settings": {
    "content": {
      "title": "Settings for Live Preview",
      "body": "<ol><li>From the main menu, select <b>Build</b>.</li>\n<li>Click <b>Live Preview Settings.</b></li></ol>"
    },
    "navigationBar": {
      "left": {
        "text": "Previous"
      },
      "right": {
        "text": "Next"
      }
    }
  }
}