{
  "kuid": "a84af5t9-2cae-42rc-8du5-bd551ane",
  "id": "VoltMX.createUIMobV9.openapp",
  "content": {
    "title": "Volt MX App",
    "body": "<ol>\n<li>Connect your mobile device to your computer using a USB cable.<br /> For an Android mobile device, ensure that the user of USB is set as <strong>Transfer files</strong>.<br /> For an iOS mobile device, ensure that <strong>trust </strong>has been established between your device and your computer.</li>\n<li>Launch your <strong>Volt MX App </strong>on your mobile device.</li>\n<li>Select the <strong>USB</strong> tab. <br />On a successful connection, <strong>Iris</strong> on your computer shows a success prompt.</li>\n</ol>"
  },
  "pointer": {
    "direction": "left",
    "element": "",
    "type": "none"
  },
  "navigationType": "manual",
  "navigationBar": {
    "left": {
      "text": "Previous",
      "enable": true,
      "hide": false
    },
    "right": {
      "text": "Next",
      "enable": true,
      "hide": false
    }
  },
  "navigationCondition": "",
  "position": "CENTER",
  "meta": {
    "Creator": "Rashmi Menon",
    "CreatedOn": "Wed, 18 Dec 2019 08:46:22 GMT"
  },
  "context": [],
  "localization": {
    "en-us": {
      "content": {
        "title": "Volt MX App",
        "body": "<ol>\n<li>Connect your mobile device to your computer using a USB cable.<br /> For an Android mobile device, ensure that the user of USB is set as <strong>Transfer files</strong>.<br /> For an iOS mobile device, ensure that <strong>trust </strong>has been established between your device and your computer.</li>\n<li>Launch your <strong>Volt MX App </strong>on your mobile device.</li>\n<li>Select the <strong>USB</strong> tab. <br />On a successful connection, <strong>Iris</strong> on your computer shows a success prompt.</li>\n</ol>"
      },
      "navigationBar": {
        "left": {
          "text": "Previous"
        },
        "right": {
          "text": "Next"
        }
      }
    },
    "zh-cn": {
      "content": {
        "title": "Volt MX应用程序",
        "body": "<ol> \n <li>使用USB电缆将移动设备连接到计算机。<br />对于Android移动设备，请确保将USB的用户设置为<strong>传输文件</strong>。<br />用于iOS移动设备 ，确保在您的设备和计算机之间建立了<strong>信任</strong>。</li> \n <li>在您的移动设备上启动<strong> volt mx app </strong>。</li> \n <li>选择<strong> USB </strong>选项卡。 <br />在成功的连接上，<strong> iris </strong>在您的计算机上显示成功提示。</li> \n </ol>"
      },
      "navigationBar": {
        "left": {
          "text": "以前的"
        },
        "right": {
          "text": "下一个"
        }
      }
    },
    "zh-tw": {
      "content": {
        "title": "Volt MX應用程序",
        "body": "<ol> \n <li>使用USB電纜將移動設備連接到計算機。<br />對於Android移動設備，請確保將USB的用戶設置為<strong>傳輸文件</strong>。<br />用於iOS移動設備 ，確保在您的設備和計算機之間建立了<strong>信任</strong>。</li> \n <li>在您的移動設備上啟動<strong> volt mx app </strong>。</li> \n <li>選擇<strong> USB </strong>選項卡。 <br />在成功的連接上，<strong> iris </strong>在您的計算機上顯示成功提示。</li> \n </ol>"
      },
      "navigationBar": {
        "left": {
          "text": "以前的"
        },
        "right": {
          "text": "下一個"
        }
      }
    }
  }
}