{
    "kuid": "10d85at6-83a8-44r9-b7ub-b1ac62n6",
    "id": "VoltMX.ResponsiveBreakV9.optLayoutFirstName",
    "content": {
        "title": "Optimizing Layout for First Name",
        "body": "<ol>\n<li>From the <strong>Project</strong> explorer, expand <strong>frmAddRecipient </strong>&gt;<strong> flxAddRecipient </strong>&gt;<strong> flxEntryFields</strong> &gt; <strong>flxNames</strong>, and select <strong>flxFirstName</strong>.</li>\n<li>From the <strong>Properties </strong>panel, navigate to the <strong>Look </strong>tab.</li>\n<li>Under the <strong>Flex </strong>section, modify the following values:<br />\n<ul>\n<li>Height: <strong>66 Dp</strong></li>\n</ul>\n</li>\n</ol>"
    },
    "pointer": {
        "direction": "top",
        "element": {
            "module": "propertieswindow",
            "itemType": "pw-tab",
            "info": {
                "tabName": "Look"
            }
        },
        "type": "default"
    },
    "navigationType": "manual",
    "navigationBar": {
        "left": {
            "text": "Previous",
            "enable": true,
            "hide": false
        },
        "right": {
            "text": "Next",
            "enable": true,
            "hide": false
        }
    },
    "navigationCondition": "",
    "position": "BOTTOM_RIGHT",
    "meta": {
        "Creator": "Rashmi Menon",
        "CreatedOn": "Sat, 29 Feb 2020 03:18:38 GMT"
    },
    "context": []
}