{
    "kuid": "0a5f3c9e-6b62-44fc-bcc5-34bb7ab1",
    "id": "Kony.NewLaunchApp.AppViewer",
    "content": {
        "title": "Launch the App",
        "body": "<p>On your <strong>Kony Quantum App</strong>, click <strong>Launch</strong>.<br />You may see an <strong>Application Name</strong> text box. If there is a text box, enter <strong>EmpDirNative</strong> and then click <strong>Launch</strong>.</p>"
    },
    "position": "BOTTOM_RIGHT",
    "navigationType": "manual",
    "navigationCondition": "",
    "pointer": {
        "direction": "left",
        "element": "",
        "type": "none"
    },
    "navigationBar": {
        "left": {
            "text": "Previous",
            "hide": false,
            "enable": true
        },
        "right": {
            "text": "Next",
            "enable": true,
            "hide": false
        }
    }
}