{
  "kuid": "52aaf9t1-adab-4fr1-b9u7-9047d5nb",
  "id": "VoltMX.IntrotoActionEditorV9.createReg",
  "content": {
    "title": "Create the Registration Form",
    "body": "<ol>\n<li>From the <strong>Project</strong> Explorer, expand <strong>Mobile&nbsp;</strong>&gt;&nbsp;<strong>Forms</strong> and select <strong>frmRegistration.</strong>&nbsp;</li>\n<li>From the lower-left corner of Iris, navigate to the Default Library.</li>\n<li>Next to the <strong>Default Library</strong>, you will see the <strong>My Libraries</strong> tab and a search icon. Click the search icon <img class=\"\" src=\"https://opensource.hcltechsw.com/volt-mx-tutorials/static/dist/images/searchLib.png\" alt=\"\" width=\"20\" height=\"20\" />.</li>\n<li>In the search bar that appears, enter <strong>ACMERegister</strong>.<br /><img src=\"https://opensource.hcltechsw.com/volt-mx-tutorials/static/dist/images/DefaultLibrary.png\" width=\"200\" height=\"50\" ></li>\n<li>Drag the <strong>ACME</strong><strong>Register</strong> component and drop it onto&nbsp;<strong>frmRegistration </strong>on the canvas.</li>\n<li>Click <strong>No</strong> in Import window.</li>\n</ol>\n<p>In the next few cards, we will be adding validations for this Registration Screen.</p>"
  },
  "pointer": {
    "direction": "left",
    "element": {
      "module": "konylibrary"
    },
    "type": "default"
  },
  "navigationType": "manual",
  "navigationBar": {
    "left": {
      "text": "Previous",
      "enable": true,
      "hide": false
    },
    "right": {
      "text": "Next",
      "enable": true,
      "hide": false
    }
  },
  "navigationCondition": "",
  "position": "BOTTOM_RIGHT",
  "meta": {
    "Creator": "Rashmi Menon",
    "CreatedOn": "Tue, 26 Nov 2019 04:41:59 GMT"
  },
  "context": [],
  "localization": {
    "en-us": {
      "content": {
        "title": "Create the Registration Form",
        "body": "<ol>\n<li>From the <strong>Project</strong> Explorer, expand <strong>Mobile&nbsp;</strong>&gt;&nbsp;<strong>Forms</strong> and select <strong>frmRegistration.</strong>&nbsp;</li>\n<li>From the lower-left corner of Iris, navigate to the Default Library.</li>\n<li>Next to the <strong>Default Library</strong>, you will see the <strong>My Libraries</strong> tab and a search icon. Click the search icon <img class=\"\" src=\"https://opensource.hcltechsw.com/volt-mx-tutorials/static/dist/images/searchLib.png\" alt=\"\" width=\"20\" height=\"20\" />.</li>\n<li>In the search bar that appears, enter <strong>ACMERegister</strong>.<br /><img src=\"https://opensource.hcltechsw.com/volt-mx-tutorials/static/dist/images/DefaultLibrary.png\" width=\"200\" height=\"50\" ></li>\n<li>Drag the <strong>ACME</strong><strong>Register</strong> component and drop it onto&nbsp;<strong>frmRegistration </strong>on the canvas.</li>\n<li>Click <strong>No</strong> in Import window.</li>\n</ol>\n<p>In the next few cards, we will be adding validations for this Registration Screen.</p>"
      },
      "navigationBar": {
        "left": {
          "text": "Previous"
        },
        "right": {
          "text": "Next"
        }
      }
    },
    "zh-cn": {
      "content": {
        "title": "创建注册表",
        "body": "***<ol> \n <li>来自<strong> project </strong>资源管理器，展开<strong> Mobile＆nbsp; </strong>＆gt;＆nbsp; <strong> form </strong>并选择<strong> frmregistration。</strong>＆nbsp; </li> \n <li>从虹膜的下左角，导航到默认库。</li> \n <li> <strong>默认库</strong>旁边，您将看到<strong>我的库</strong> tab和搜索图标。 单击搜索图标<img class=\"\" src=\"https://opensource.hcltechsw.com/volt-mx-tutorials/static/dist/images/searchLib.png\" alt=\"\" width=\"20\" height=\"20\" />。</li> \n <li>在出现的搜索栏中，输入<strong> acmeregister </strong>。<br /> <img src=\"https://opensource.hcltechsw.com/volt-mx-tutorials/static/dist/images/DefaultLibrary.png\" width=\"200\" height=\"50\" > </li> {25} \n <li>将<strong> acme </strong> <strong> {29}注册</strong>组件，然后将其放在canvas。 \n <li>单击<strong>在导入窗口中no </strong>。</li> \n </ol> \n <p>在接下来的几张卡中，我们将为此注册屏幕添加验证。</p>"
      },
      "navigationBar": {
        "left": {
          "text": "以前的"
        },
        "right": {
          "text": "下一个"
        }
      }
    },
    "zh-tw": {
      "content": {
        "title": "創建註冊表",
        "body": "***<ol> \n <li>來自<strong> project </strong>資源管理器，展開<strong> Mobile＆nbsp; </strong>＆gt;＆nbsp; <strong> form </strong>並選擇<strong> frmregistration。</strong>＆nbsp; </li> \n <li>從虹膜的下左角，導航到默認庫。</li> \n <li> <strong>默認庫</strong>旁邊，您將看到<strong>我的庫</strong> tab和搜索圖標。 單擊搜索圖標<img class=\"\" src=\"https://opensource.hcltechsw.com/volt-mx-tutorials/static/dist/images/searchLib.png\" alt=\"\" width=\"20\" height=\"20\" />。</li> \n <li>在出現的搜索欄中，輸入<strong> acmeregister </strong>。<br /> <img src=\"https://opensource.hcltechsw.com/volt-mx-tutorials/static/dist/images/DefaultLibrary.png\" width=\"200\" height=\"50\" > </li> {25} \n <li>將<strong> acme </strong> <strong> {29}註冊</strong>組件，然後將其放在canvas。 \n <li>單擊<strong>在導入窗口中no </strong>。</li> \n </ol> \n <p>在接下來的幾張卡中，我們將為此註冊屏幕添加驗證。</p>"
      },
      "navigationBar": {
        "left": {
          "text": "以前的"
        },
        "right": {
          "text": "下一個"
        }
      }
    }
  }
}