{
    "kuid": "a38eaat2-8bac-41r3-b3ub-448cd1n8",
    "id": "VoltMX.UnderstandIdentityServicesV9.Intro",
    "content": {
        "title": "Understanding Identity Service",
        "body": "<b>Let’s get started!</b><br >\n<br/>In this hike, we will:<ul>\n<li>Create a login screen</li>\n<li>Add authentication to the login screen  using Identity Service</li></ul>\n\n<br/>Before you get started, install the <b>Volt MX App</b> on your mobile  device, from the <a href='#'onClick='javascript:openURL(\"https://play.google.com/store/apps/developer?id=HCL+Software \")'> Google Play Store </a> or the <a href='#'onClick='javascript:openURL(\"https://apps.apple.com/us/developer/hcl-america-inc/id392909135 \")'> App store</a>.<br/><br/>"
    },
    "pointer": {
        "direction": "left",
        "element": "",
        "type": "none"
    },
    "navigationType": "manual",
    "navigationBar": {
        "left": {
            "text": "Previous",
            "enable": true,
            "hide": false
        },
        "right": {
            "text": "Next",
            "enable": true,
            "hide": false
        }
    },
    "navigationCondition": "",
    "position": "CENTER",
    "meta": {
        "Creator": "Rashmi Menon",
        "CreatedOn": "Tue, 26 Nov 2019 10:15:32 GMT"
    },
    "context": []
}