{
  "kuid": "97b0f5ta-77a2-41rc-b8u9-8e0c06na",
  "id": "VoltMX.CreateUIRWV9.createProject",
  "content": {
    "title": "Create a New Project",
    "body": "<ol>\n<li>From the main menu, navigate to <strong>Project</strong>&nbsp;&gt; <strong>New Project</strong>.</li>\n<li>From the <strong>What do you want to start with now? </strong>window, select <strong>Web App</strong>.</li>\n<li>Click <strong>Next</strong>.<br /> The <strong>Which device size do you want to start building for first? </strong>window appears.</li>\n<li>Select <strong>Desktop</strong>, and then click <strong>Next</strong>.<br /> The <strong>You started with a Web App. Device size selected is Desktop</strong>. window appears.</li>\n<li>Under&nbsp;<strong>Project&nbsp;Name</strong>, enter&nbsp;<strong>RecipientsWebApp2</strong>, and then click&nbsp;<strong>Create</strong>.<br />A new application is created with&nbsp;<strong>Form1</strong>&nbsp;form.<br /> The application opens in the <strong>Storyboard</strong> view.</li>\n</ol>"
  },
  "pointer": {
    "direction": "left",
    "element": "",
    "type": "none"
  },
  "navigationType": "manual",
  "navigationBar": {
    "left": {
      "text": "Previous",
      "enable": true,
      "hide": false
    },
    "right": {
      "text": "Next",
      "enable": true,
      "hide": false
    }
  },
  "navigationCondition": "",
  "position": "BOTTOM_RIGHT",
  "meta": {
    "Creator": "Prem Garudadri",
    "CreatedOn": "Wed, 18 Dec 2019 16:16:35 GMT"
  },
  "context": [],
  "localization": {
    "en-us": {
      "content": {
        "title": "Create a New Project",
        "body": "<ol>\n<li>From the main menu, navigate to <strong>Project</strong>&nbsp;&gt; <strong>New Project</strong>.</li>\n<li>From the <strong>What do you want to start with now? </strong>window, select <strong>Web App</strong>.</li>\n<li>Click <strong>Next</strong>.<br /> The <strong>Which device size do you want to start building for first? </strong>window appears.</li>\n<li>Select <strong>Desktop</strong>, and then click <strong>Next</strong>.<br /> The <strong>You started with a Web App. Device size selected is Desktop</strong>. window appears.</li>\n<li>Under&nbsp;<strong>Project&nbsp;Name</strong>, enter&nbsp;<strong>RecipientsWebApp2</strong>, and then click&nbsp;<strong>Create</strong>.<br />A new application is created with&nbsp;<strong>Form1</strong>&nbsp;form.<br /> The application opens in the <strong>Storyboard</strong> view.</li>\n</ol>"
      },
      "navigationBar": {
        "left": {
          "text": "Previous"
        },
        "right": {
          "text": "Next"
        }
      }
    },
    "zh-cn": {
      "content": {
        "title": "创建一个新项目",
        "body": "***<ol> \n <li>从主菜单中，导航至<strong> project </strong>＆nbsp;＆gt; <strong>新项目</strong>。</li> \n <li>来自<strong>您现在想从什么开始？ </strong>窗口，选择<strong> Web App </strong>。</li> \n <li>单击<strong> Next </strong>。<br /> <strong>您想先构建哪个设备大小？ </strong>窗口出现。</li> \n <li>选择<strong>桌面</strong>，然后单击<strong>下一个</strong>。<br /> <strong>您从Web应用程序开始。 选择的设备大小是桌面</strong>。 出现窗口。</li> \n <li>在＆nbsp; <strong> project＆nbsp; name </strong>，enter＆nbsp; <strong> colectientsWebapp2 </strong>，然后单击＆nbsp; <strong> create </strong>。 form1 </strong>＆nbsp; form。<br />应用程序在<strong>情节板</strong>视图中打开。</li> \n </ol>"
      },
      "navigationBar": {
        "left": {
          "text": "以前的"
        },
        "right": {
          "text": "下一个"
        }
      }
    },
    "zh-tw": {
      "content": {
        "title": "創建一個新項目",
        "body": "***<ol> \n <li>從主菜單中，導航至<strong> project </strong>＆nbsp;＆gt; <strong>新項目</strong>。</li> \n <li>來自<strong>您現在想從什麼開始？ </strong>窗口，選擇<strong> Web App </strong>。</li> \n <li>單擊<strong> Next </strong>。<br /> <strong>您想先構建哪個設備大小？ </strong>窗口出現。</li> \n <li>選擇<strong>桌面</strong>，然後單擊<strong>下一個</strong>。<br /> <strong>您從Web應用程序開始。 選擇的設備大小是桌面</strong>。 出現窗口。</li> \n <li>在＆nbsp; <strong> project＆nbsp; name </strong>，enter＆nbsp; <strong> colectientsWebapp2 </strong>，然後單擊＆nbsp; <strong> create </strong>。 form1 </strong>＆nbsp; form。<br />應用程序在<strong>情節板</strong>視圖中打開。</li> \n </ol>"
      },
      "navigationBar": {
        "left": {
          "text": "以前的"
        },
        "right": {
          "text": "下一個"
        }
      }
    }
  }
}