{
    "kuid": "97b0f5ta-77a2-41rc-b8u9-8e0c06na",
    "id": "VoltMX.CreateUIRWV9.createProject",
    "content": {
        "title": "Create a New Project",
        "body": "<ol>\n<li>From the main menu, navigate to <strong>Project</strong>&nbsp;&gt; <strong>New Project</strong>.</li>\n<li>From the <strong>What do you want to start with now? </strong>window, select <strong>Web App</strong>.</li>\n<li>Click <strong>Next</strong>.<br /> The <strong>Which device size do you want to start building for first? </strong>window appears.</li>\n<li>Select <strong>Desktop</strong>, and then click <strong>Next</strong>.<br /> The <strong>You started with a Web App. Device size selected is Desktop</strong>. window appears.</li>\n<li>Under&nbsp;<strong>Project&nbsp;Name</strong>, enter&nbsp;<strong>RecipientsWebApp2</strong>, and then click&nbsp;<strong>Create</strong>.<br />A new application is created with&nbsp;<strong>Form1</strong>&nbsp;form.<br /> The application opens in the <strong>Storyboard</strong> view.</li>\n</ol>"
    },
    "pointer": {
        "direction": "left",
        "element": "",
        "type": "none"
    },
    "navigationType": "manual",
    "navigationBar": {
        "left": {
            "text": "Previous",
            "enable": true,
            "hide": false
        },
        "right": {
            "text": "Next",
            "enable": true,
            "hide": false
        }
    },
    "navigationCondition": "",
    "position": "BOTTOM_RIGHT",
    "meta": {
        "Creator": "Prem Garudadri",
        "CreatedOn": "Wed, 18 Dec 2019 16:16:35 GMT"
    },
    "context": []
}