{
  "kuid": "e3f337tb-c1a0-4er0-bcu6-da361fn5",
  "id": "VoltMX.IntroductionToInternationalV9.done",
  "content": {
    "title": "Congratulations",
    "body": "<p><strong>You</strong> <strong>have successfully</strong>:</p>\n<ul>\n<li>Configured two locales: English and Spanish.</li>\n<li>Provided key-value pairs for the different texts used in a form</li>\n<li>Configured the i18n keys for the widgets in a form</li>\n<li>Viewed the difference in the content when the language of a mobile device is changed.</li>\n</ul>\n<p>For more information on Internationalization, click <a href='#'onClick='javascript:openURL(\"https://opensource.hcltechsw.com/volt-mx-docs/docs/tutorials/internalizationAndLocalization.html\")'>here</a>.</p>"
  },
  "pointer": {
    "direction": "left",
    "element": "",
    "type": "none"
  },
  "navigationType": "manual",
  "navigationBar": {
    "left": {
      "text": "Previous",
      "enable": true,
      "hide": false
    },
    "right": {
      "text": "Done",
      "enable": true,
      "hide": false
    }
  },
  "navigationCondition": "",
  "position": "CENTER",
  "meta": {
    "Creator": "Rashmi Menon",
    "CreatedOn": "Thu, 05 Dec 2019 06:07:55 GMT"
  },
  "context": [],
  "localization": {
    "en-us": {
      "content": {
        "title": "Congratulations",
        "body": "<p><strong>You</strong> <strong>have successfully</strong>:</p>\n<ul>\n<li>Configured two locales: English and Spanish.</li>\n<li>Provided key-value pairs for the different texts used in a form</li>\n<li>Configured the i18n keys for the widgets in a form</li>\n<li>Viewed the difference in the content when the language of a mobile device is changed.</li>\n</ul>\n<p>For more information on Internationalization, click <a href='#'onClick='javascript:openURL(\"https://opensource.hcltechsw.com/volt-mx-docs/docs/tutorials/internalizationAndLocalization.html\")'>here</a>.</p>"
      },
      "navigationBar": {
        "left": {
          "text": "Previous"
        },
        "right": {
          "text": "Done"
        }
      }
    },
    "zh-cn": {
      "content": {
        "title": "恭喜",
        "body": "<p> <strong>您</strong> <strong>成功</strong>：</p> \n <ul> \n <li>配置了两个地方：英语和西班牙语。</li> \n <li>提供了</li>中使用的不同文本的键值对 \n <li>以</li>的形式为小部件配置了i18n键 \n <li>查看移动设备的语言时的内容差异。</li> \n </ul> \n <p>有关国际化的更多信息，请单击<a href='#'onClick='javascript:openURL(\"https://opensource.hcltechsw.com/volt-mx-docs/docs/tutorials/internalizationAndLocalization.html\")'>此处</a>。</p>"
      },
      "navigationBar": {
        "left": {
          "text": "以前的"
        },
        "right": {
          "text": "完毕"
        }
      }
    },
    "zh-tw": {
      "content": {
        "title": "恭喜",
        "body": "<p> <strong>您</strong> <strong>成功</strong>：</p> \n <ul> \n <li>配置了兩個地方：英語和西班牙語。</li> \n <li>提供了</li>中使用的不同文本的鍵值對 \n <li>以</li>的形式為小部件配置了i18n鍵 \n <li>查看移動設備的語言時的內容差異。</li> \n </ul> \n <p>有關國際化的更多信息，請單擊<a href='#'onClick='javascript:openURL(\"https://opensource.hcltechsw.com/volt-mx-docs/docs/tutorials/internalizationAndLocalization.html\")'>此處</a>。</p>"
      },
      "navigationBar": {
        "left": {
          "text": "以前的"
        },
        "right": {
          "text": "完畢"
        }
      }
    }
  }
}