<?xml version="1.0"?>
<Hike kuid="ad2d9cta-dda2-46r5-9bu8-8b346end" id="kony.AddaSalesforceServiceV9" title="kony.AddaSalesforceServiceV9">
    <Description> Description of hike</Description>
    <Meta>
        <Creator>Rashmi Menon</Creator>
        <Createdon>Wed, 27 Nov 2019 08:17:45 GMT</Createdon>
    </Meta>
    <Hikecard id="kony.AddaSalesforceServiceV9.Intro"/>
    <Hikecard id="kony.AddaSalesforceServiceV9.NewProject1"/>
    <Hikecard id="kony.AddaSalesforceServiceV9.NewProject2"/>
    <Hikecard id="kony.AddaSalesforceServiceV9.rename"/>
    <Hikecard id="kony.AddaSalesforceServiceV9.addServices"/>
    <Hikecard id="kony.AddaSalesforceServiceV9.addObj"/>
    <Hikecard id="kony.AddaSalesforceServiceV9.importObj"/>
    <Hikecard id="kony.AddaSalesforceServiceV9.generateObj"/>
    <Hikecard id="kony.AddaSalesforceServiceV9.UIforSalesforce"/>
    <Hikecard id="kony.AddaSalesforceServiceV9.appviewer"/>
    <Hikecard id="kony.AddaSalesforceServiceV9.settings"/>
    <Hikecard id="kony.AddaSalesforceServiceV9.run"/>
    <Hikecard id="kony.AddaSalesforceServiceV9.view"/>
    <Hikecard id="kony.AddaSalesforceServiceV9.last"/>
</Hike>