{
  "kuid": "1aaa7ftd-95ad-4brf-82u6-0a6dcbn3",
  "id": "VoltMX.IntroductiontoSegmentV9.masterData3",
  "content": {
    "title": "Assign Text Data to Segment",
    "body": "<ol>\n<li>Under the <strong>employeeName</strong> column, provide the following values for each row:\n<ul>\n<li>Nicola Nash</li>\n<li>Gavin Grant</li>\n<li>Faith Russell</li>\n</ul>\n</li>\n<li>Click <strong>Apply</strong>.</li>\n</ol>"
  },
  "pointer": {
    "direction": "left",
    "element": "",
    "type": "none"
  },
  "navigationType": "manual",
  "navigationBar": {
    "left": {
      "text": "Previous",
      "enable": true,
      "hide": false
    },
    "right": {
      "text": "Next",
      "enable": true,
      "hide": false
    }
  },
  "navigationCondition": "",
  "position": "BOTTOM_LEFT",
  "meta": {
    "Creator": "Rashmi Menon",
    "CreatedOn": "Mon, 25 Nov 2019 10:21:18 GMT"
  },
  "context": [],
  "localization": {
    "en-us": {
      "content": {
        "title": "Assign Text Data to Segment",
        "body": "<ol>\n<li>Under the <strong>employeeName</strong> column, provide the following values for each row:\n<ul>\n<li>Nicola Nash</li>\n<li>Gavin Grant</li>\n<li>Faith Russell</li>\n</ul>\n</li>\n<li>Click <strong>Apply</strong>.</li>\n</ol>"
      },
      "navigationBar": {
        "left": {
          "text": "Previous"
        },
        "right": {
          "text": "Next"
        }
      }
    },
    "zh-cn": {
      "content": {
        "title": "将文本数据分配给细分",
        "body": "<ol> \n <li>在<strong> applyeename </strong>列下，为每一行提供以下值： \n <ul> \n <li> nicola nash </li> \n <li> Gavin Grant </li> \n <li>信仰罗素</li> \n </ul> \n </li> \n <li>单击<strong>应用</strong>。</li> \n </ol>"
      },
      "navigationBar": {
        "left": {
          "text": "以前的"
        },
        "right": {
          "text": "下一个"
        }
      }
    },
    "zh-tw": {
      "content": {
        "title": "將文本數據分配給細分",
        "body": "<ol> \n <li>在<strong> applyeename </strong>列下，為每一行提供以下值： \n <ul> \n <li> nicola nash </li> \n <li> Gavin Grant </li> \n <li>信仰羅素</li> \n </ul> \n </li> \n <li>單擊<strong>應用</strong>。</li> \n </ol>"
      },
      "navigationBar": {
        "left": {
          "text": "以前的"
        },
        "right": {
          "text": "下一個"
        }
      }
    }
  }
}