{
  "kuid": "358a7ata-2dab-41rc-9du2-774486ne",
  "id": "VoltMX.IntroductiontoNFIV9.last",
  "content": {
    "title": "Congratulations",
    "body": "<p>You have successfully:</p>\n<ul><b>\n<li>Added the Android NFIs for accessing the Device settings on an Android device to a project.</li>\n<li>Added the code to invoke the Android NFI.</li>\n<li>Built and viewed the application on an Android device.</li></b>\n</ul>\n\n<p>You can also refer to the documentation for NFI <a href='#'onClick='javascript:openURL(\"https://opensource.hcltechsw.com/volt-mx-docs/docs/documentation/Iris/iris_nf_api_dev_guide/content/native_function.html\")'>here</a>.</p>"
  },
  "pointer": {
    "direction": "left",
    "element": "",
    "type": "none"
  },
  "navigationType": "manual",
  "navigationBar": {
    "left": {
      "text": "Previous",
      "enable": true,
      "hide": false
    },
    "right": {
      "text": "Done",
      "enable": true,
      "hide": false
    }
  },
  "navigationCondition": "",
  "position": "CENTER",
  "meta": {
    "Creator": "Rashmi Menon",
    "CreatedOn": "Wed, 27 Nov 2019 12:02:08 GMT"
  },
  "context": [],
  "localization": {
    "en-us": {
      "content": {
        "title": "Congratulations",
        "body": "<p>You have successfully:</p>\n<ul><b>\n<li>Added the Android NFIs for accessing the Device settings on an Android device to a project.</li>\n<li>Added the code to invoke the Android NFI.</li>\n<li>Built and viewed the application on an Android device.</li></b>\n</ul>\n\n<p>You can also refer to the documentation for NFI <a href='#'onClick='javascript:openURL(\"https://opensource.hcltechsw.com/volt-mx-docs/docs/documentation/Iris/iris_nf_api_dev_guide/content/native_function.html\")'>here</a>.</p>"
      },
      "navigationBar": {
        "left": {
          "text": "Previous"
        },
        "right": {
          "text": "Done"
        }
      }
    },
    "zh-cn": {
      "content": {
        "title": "恭喜",
        "body": "<p>您已经成功：</p> \n <ul> <b> \n <li>添加了用于访问Android设备上设备设置的Android NFI到项目。</li> \n <li>添加了代码以调用Android NFI。</li> \n <li>在Android设备上构建并查看了应用程序。</li> </b> \n </ul> \n\n <p>您还可以在此处参考NFI <a href='#'onClick='javascript:openURL(\"https://opensource.hcltechsw.com/volt-mx-docs/docs/documentation/Iris/iris_nf_api_dev_guide/content/native_function.html\")'>的文档</a>。</p>"
      },
      "navigationBar": {
        "left": {
          "text": "以前的"
        },
        "right": {
          "text": "完毕"
        }
      }
    },
    "zh-tw": {
      "content": {
        "title": "恭喜",
        "body": "<p>您已經成功：</p> \n <ul> <b> \n <li>添加了用於訪問Android設備上設備設置的Android NFI到項目。</li> \n <li>添加了代碼以調用Android NFI。</li> \n <li>在Android設備上構建並查看了應用程序。</li> </b> \n </ul> \n\n <p>您還可以在此處參考NFI <a href='#'onClick='javascript:openURL(\"https://opensource.hcltechsw.com/volt-mx-docs/docs/documentation/Iris/iris_nf_api_dev_guide/content/native_function.html\")'>的文檔</a>。</p>"
      },
      "navigationBar": {
        "left": {
          "text": "以前的"
        },
        "right": {
          "text": "完畢"
        }
      }
    }
  }
}