{
    "kuid": "07c5ec8c-3f43-43fc-a7a2-8f7b77c5",
    "id": "Kony.EmpDirPreview.AppViewer",
    "content": {
        "title": "Run the App",
        "body": "<ol>\r\n<li>After the publish is over, the <strong>Live Preview is ready</strong> window appears.<br />Here you can see two options to view the app:\r\n<ul>\r\n<li><strong>Kony Quantum App code</strong></li>\r\n<li><strong>Scan QR code</strong></li>\r\n</ul>\r\n</li>\r\n<li>Launch the <strong>Kony Quantum App</strong> on your <strong>mobile</strong> device.</li>\r\n<li>Select the <strong>Cloud</strong> tab.</li>\r\n<li>In the text box <strong>5 Digit App Viewer Code</strong>, enter the <strong>Kony Quantum App code</strong>.</li>\r\n<li>Alternatively, from <strong>Kony Quantum App</strong> on your <strong>mobile</strong> device, go to the <strong>Cloud</strong> tab and click <strong>SCAN QR CODE</strong>. <br />Allow camera access to the <strong>Kony Quantum App</strong>.<br /> Scan the <strong>QR Code</strong> displayed on Visualizer to view the app.</li>\r\n</ol>"
    },
    "position": "TOP_RIGHT",
    "navigationType": "manual",
    "navigationCondition": "",
    "pointer": {
        "direction": "left",
        "element": "",
        "type": "none"
    },
    "navigationBar": {
        "left": {
            "text": "Previous",
            "hide": false,
            "enable": true
        },
        "right": {
            "text": "Next",
            "enable": true,
            "hide": false
        }
    }
}