{
  "kuid": "688d85ta-d5aa-49r6-a8u2-b0c729n5",
  "id": "VoltMX.IntroductionToInternationalizat.enable",
  "content": {
    "title": "Enable Internationalization",
    "body": "<ol>\n<li>From the left Navigation menu, select <strong>Settings</strong>.<br /> The <strong>Project Settings </strong>window appears.</li>\n<li>In the <strong>Application </strong>tab, under <strong>Internationalization(i18n): </strong>select <strong>Enable</strong>.<br /> Two new fields appear.</li>\n<li>Click <strong>Configure</strong>.<br /> The <strong>Configure Internationalization </strong>window appears.</li>\n</ol>"
  },
  "pointer": {
    "direction": "left",
    "element": {
      "module": "shortcutbar",
      "itemId": "frmKonyLib_settings"
    },
    "type": "default"
  },
  "navigationType": "manual",
  "navigationBar": {
    "left": {
      "text": "Previous",
      "enable": true,
      "hide": false
    },
    "right": {
      "text": "Next",
      "enable": true,
      "hide": false
    }
  },
  "navigationCondition": "",
  "position": "BOTTOM_RIGHT",
  "meta": {
    "Creator": "Rashmi Menon",
    "CreatedOn": "Thu, 05 Dec 2019 05:44:24 GMT"
  },
  "context": [],
  "localization": {
    "en-us": {
      "content": {
        "title": "Enable Internationalization",
        "body": "<ol>\n<li>From the left Navigation menu, select <strong>Settings</strong>.<br /> The <strong>Project Settings </strong>window appears.</li>\n<li>In the <strong>Application </strong>tab, under <strong>Internationalization(i18n): </strong>select <strong>Enable</strong>.<br /> Two new fields appear.</li>\n<li>Click <strong>Configure</strong>.<br /> The <strong>Configure Internationalization </strong>window appears.</li>\n</ol>"
      },
      "navigationBar": {
        "left": {
          "text": "Previous"
        },
        "right": {
          "text": "Next"
        }
      }
    },
    "zh-cn": {
      "content": {
        "title": "启用国际化",
        "body": "<ol> \n <li>从左导航菜单中，选择<strong>设置</strong>。<br /> <strong> project settings </strong>窗口出现。</li> \n <li>在<strong>应用程序</strong> tab中，在<strong>国际化（I18n）下：</strong>选择<strong> enable </strong>。<br />出现两个新字段。</li> \n <li>单击<strong>配置</strong>。<br /> <strong>配置国际化</strong>窗口出现。</li> \n </ol>"
      },
      "navigationBar": {
        "left": {
          "text": "以前的"
        },
        "right": {
          "text": "下一个"
        }
      }
    },
    "zh-tw": {
      "content": {
        "title": "啟用國際化",
        "body": "<ol> \n <li>從左導航菜單中，選擇<strong>設置</strong>。<br /> <strong> project settings </strong>窗口出現。</li> \n <li>在<strong>應用程序</strong> tab中，在<strong>國際化（I18n）下：</strong>選擇<strong> enable </strong>。<br />出現兩個新字段。</li> \n <li>單擊<strong>配置</strong>。<br /> <strong>配置國際化</strong>窗口出現。</li> \n </ol>"
      },
      "navigationBar": {
        "left": {
          "text": "以前的"
        },
        "right": {
          "text": "下一個"
        }
      }
    }
  }
}