{
    "kuid": "d77f4dte-7fa2-4er2-9bu6-a17ab2n2",
    "id": "kony.IntrotoActionEditorV9.addingelse",
    "content": {
        "title": "Adding Else Condition",
        "body": "<p>Since the user has satisfied the conditions set, he should be notified that his Sign Up process is over.</p>\n<ol><li>From the <b>Action Editor</b> canvas, select <b>Start</b>.</li>\n<li>From the <strong>Action Editor</strong> left menu, under <strong>Conditions</strong> select the <strong>Else Condition</strong>.</li>\n<li>From the <strong>Action Editor</strong> left menu, under <strong>Widget</strong> , select <strong>Set Widget Property</strong>.<br />A new action will be added to your <strong>Action Editor</strong> canvas under <strong>ELSE</strong>.</li>\n<li>In the right pane, expand <strong>Mobile Forms</strong> &gt; <strong>frmRegistration</strong> &gt; <strong>ACMERegister</strong> &gt; <strong>flxACMERegister</strong> and select <strong>flxActivation</strong>.</li>\n<li>In the right pane, ensure that:<br />\n<ul>\n<li><strong>Property</strong> is set to <strong>isVisible</strong></li>\n<li><strong>Visibility</strong> is set to <strong>True</strong></li>\n</ul>\n</li>\n<li>Click <strong>Save</strong>.</li>\n</ol>"
    },
    "pointer": {
        "direction": "left",
        "element": {
            "module": "actioneditor",
            "itemType": "ae-action-type",
            "info": {
                "actionType": "Else"
            }
        },
        "type": "default"
    },
    "navigationType": "manual",
    "navigationBar": {
        "left": {
            "text": "Previous",
            "enable": true,
            "hide": false
        },
        "right": {
            "text": "Next",
            "enable": true,
            "hide": false
        }
    },
    "navigationCondition": "",
    "position": "BOTTOM_RIGHT",
    "meta": {
        "Creator": "Rashmi Menon",
        "CreatedOn": "Tue, 26 Nov 2019 05:04:13 GMT"
    },
    "context": []
}