{
  "kuid": "4e0e66ta-efaa-44rc-a9ub-b125d4nf",
  "id": "VoltMX.createUIMobV9.createPayForm",
  "content": {
    "title": "Create Recipients Form",
    "body": "<ol>\n<li>From the <b>Storyboard</b> view, select&nbsp;<strong>frmAccount</strong>, and then click the&nbsp;<strong>+&nbsp;</strong>icon.<br /> Iris creates a new form.</li>\n<li>Above the new form, click&nbsp;<strong>Form1</strong>.</li>\n<li>Rename form from <strong>Form1</strong> to \n<strong>frmRecipients.</strong></li>\n<li>Press on Enter key.</li></ol>"
  },
  "pointer": {
    "direction": "left",
    "element": {
      "module": "projectexplorer",
      "path": "project-body\\project\\Mobile\\Forms"
    },
    "type": "default"
  },
  "navigationType": "manual",
  "navigationBar": {
    "left": {
      "text": "Previous",
      "enable": true,
      "hide": false
    },
    "right": {
      "text": "Next",
      "enable": true,
      "hide": false
    }
  },
  "navigationCondition": "",
  "position": "BOTTOM_RIGHT",
  "meta": {
    "Creator": "Rashmi Menon",
    "CreatedOn": "Wed, 18 Dec 2019 06:56:45 GMT"
  },
  "context": [],
  "localization": {
    "en-us": {
      "content": {
        "title": "Create Recipients Form",
        "body": "<ol>\n<li>From the <b>Storyboard</b> view, select&nbsp;<strong>frmAccount</strong>, and then click the&nbsp;<strong>+&nbsp;</strong>icon.<br /> Iris creates a new form.</li>\n<li>Above the new form, click&nbsp;<strong>Form1</strong>.</li>\n<li>Rename form from <strong>Form1</strong> to \n<strong>frmRecipients.</strong></li>\n<li>Press on Enter key.</li></ol>"
      },
      "navigationBar": {
        "left": {
          "text": "Previous"
        },
        "right": {
          "text": "Next"
        }
      }
    },
    "zh-cn": {
      "content": {
        "title": "创建收件人形式",
        "body": "***<ol> \n <li>来自<b>故事板</b>视图，选择＆nbsp; <strong> frmaccount </strong>，然后单击＆nbsp; <strong>+＆nbsp; </strong>图标。 9} \n <li>在新表单上方，单击＆nbsp; <strong> form1 </strong>。</li> \n <li>从<strong> form1 </strong>重命名表单为 \n <strong> frmrecipient。</strong> </li> \n <li>按Enter键。</li> </ol>"
      },
      "navigationBar": {
        "left": {
          "text": "以前的"
        },
        "right": {
          "text": "下一个"
        }
      }
    },
    "zh-tw": {
      "content": {
        "title": "創建收件人形式",
        "body": "***<ol> \n <li>來自<b>故事板</b>視圖，選擇＆nbsp; <strong> frmaccount </strong>，然後單擊＆nbsp; <strong>+＆nbsp; </strong>圖標。 9} \n <li>在新表單上方，單擊＆nbsp; <strong> form1 </strong>。</li> \n <li>從<strong> form1 </strong>重命名表單為 \n <strong> frmrecipient。</strong> </li> \n <li>按Enter鍵。</li> </ol>"
      },
      "navigationBar": {
        "left": {
          "text": "以前的"
        },
        "right": {
          "text": "下一個"
        }
      }
    }
  }
}