{
  "kuid": "cbada6t3-cea4-4fr5-adua-14cefdn0",
  "id": "VoltMX.IntroFlexLayoutV9.last",
  "content": {
    "title": "Congratulations",
    "body": "<p>You have successfully:</p>\n<ul>\n<li><strong>Created an app with a FlexContainer and two child widgets</strong></li>\n<li><strong>Learnt how to modify the flex layouts in an app</strong></li>\n<li><strong>Learnt how the layout in which the child widgets are arranged changes with the layout of the parent FlexContainer</strong></li>\n<li><strong>Launched the application in Volt MX App.</strong></li>\n</ul>"
  },
  "pointer": {
    "direction": "left",
    "element": "",
    "type": "none"
  },
  "navigationType": "manual",
  "navigationBar": {
    "left": {
      "text": "Previous",
      "enable": true,
      "hide": false
    },
    "right": {
      "text": "Done",
      "enable": true,
      "hide": false
    }
  },
  "navigationCondition": "",
  "position": "CENTER",
  "meta": {
    "Creator": "Rashmi Menon",
    "CreatedOn": "Mon, 02 Dec 2019 08:13:32 GMT"
  },
  "context": [],
  "localization": {
    "en-us": {
      "content": {
        "title": "Congratulations",
        "body": "<p>You have successfully:</p>\n<ul>\n<li><strong>Created an app with a FlexContainer and two child widgets</strong></li>\n<li><strong>Learnt how to modify the flex layouts in an app</strong></li>\n<li><strong>Learnt how the layout in which the child widgets are arranged changes with the layout of the parent FlexContainer</strong></li>\n<li><strong>Launched the application in Volt MX App.</strong></li>\n</ul>"
      },
      "navigationBar": {
        "left": {
          "text": "Previous"
        },
        "right": {
          "text": "Done"
        }
      }
    },
    "zh-cn": {
      "content": {
        "title": "恭喜",
        "body": "<p>您已经成功：</p> \n <ul> \n <li> <strong>创建一个带有flexcontainer的应用程序和两个子小部件</strong> </li> \n <li> <strong>学会了如何修改应用程序</strong> </li>中的flex布局 \n <li> <strong>了解如何通过父flexcontainer的布局</strong> </li>的布局来模拟子小部件的布局如何更改 \n <li> <strong>在Volt MX App中启动了该应用程序。</strong> </li> \n </ul>"
      },
      "navigationBar": {
        "left": {
          "text": "以前的"
        },
        "right": {
          "text": "完毕"
        }
      }
    },
    "zh-tw": {
      "content": {
        "title": "恭喜",
        "body": "<p>您已經成功：</p> \n <ul> \n <li> <strong>創建一個帶有flexcontainer的應用程序和兩個子小部件</strong> </li> \n <li> <strong>學會瞭如何修改應用程序</strong> </li>中的flex佈局 \n <li> <strong>了解如何通過父flexcontainer的佈局</strong> </li>的佈局來模擬子小部件的佈局如何更改 \n <li> <strong>在Volt MX App中啟動了該應用程序。</strong> </li> \n </ul>"
      },
      "navigationBar": {
        "left": {
          "text": "以前的"
        },
        "right": {
          "text": "完畢"
        }
      }
    }
  }
}