{
  "kuid": "6380f3t8-3ca7-4cra-bbu6-175f6an0",
  "id": "VoltMX.AddCreatePayeeWeb_v9.configureAdd",
  "content": {
    "title": "Configuring the Add Operation",
    "body": "<ol>\n<li>From the <strong>Project</strong> explorer, expand <strong>Responsive Web / Desktop </strong>&gt;<strong> Forms</strong> &gt; <strong>frmAddRecipient </strong>&gt;<strong> flxAddRecipient </strong>&gt;<strong> flxEntryFields </strong>&gt; <strong>flxButtons</strong>, and select <strong>btnAdd</strong>.</li>\n<li>From the <strong>Data &amp; Services</strong> panel, expand <strong>Project Services </strong>&gt;<strong> RecipientStorage2 </strong>&gt;<strong> Recipients</strong>.</li>\n<li>Select the <strong>create</strong> operation and drop it onto the <strong>Add</strong> button on the canvas.</li>\n<li>From the list of actions, select <strong>Action:onClick</strong>.<br />The <strong>Action Editor</strong> window appears.<br />The mapping editor opens on the right pane of the window.</li>\n</ol>"
  },
  "pointer": {
    "direction": "left",
    "element": {
      "module": "projectexplorer",
      "path": "project-body\\project\\Responsive Web / Desktop\\Forms"
    },
    "type": "default"
  },
  "navigationType": "manual",
  "navigationBar": {
    "left": {
      "text": "Previous",
      "enable": true,
      "hide": false
    },
    "right": {
      "text": "Next",
      "enable": true,
      "hide": false
    }
  },
  "navigationCondition": "",
  "position": "BOTTOM_RIGHT",
  "meta": {
    "Creator": "Rashmi Menon",
    "CreatedOn": "Tue, 25 Feb 2020 05:02:43 GMT"
  },
  "context": [],
  "localization": {
    "en-us": {
      "content": {
        "title": "Configuring the Add Operation",
        "body": "<ol>\n<li>From the <strong>Project</strong> explorer, expand <strong>Responsive Web / Desktop </strong>&gt;<strong> Forms</strong> &gt; <strong>frmAddRecipient </strong>&gt;<strong> flxAddRecipient </strong>&gt;<strong> flxEntryFields </strong>&gt; <strong>flxButtons</strong>, and select <strong>btnAdd</strong>.</li>\n<li>From the <strong>Data &amp; Services</strong> panel, expand <strong>Project Services </strong>&gt;<strong> RecipientStorage2 </strong>&gt;<strong> Recipients</strong>.</li>\n<li>Select the <strong>create</strong> operation and drop it onto the <strong>Add</strong> button on the canvas.</li>\n<li>From the list of actions, select <strong>Action:onClick</strong>.<br />The <strong>Action Editor</strong> window appears.<br />The mapping editor opens on the right pane of the window.</li>\n</ol>"
      },
      "navigationBar": {
        "left": {
          "text": "Previous"
        },
        "right": {
          "text": "Next"
        }
      }
    },
    "zh-cn": {
      "content": {
        "title": "配置添加操作",
        "body": "<ol> \n <li>从<strong> project </strong>探索器，展开<strong>响应web / desktop </strong>＆gt; <strong> forms </strong>＆gt; <strong> frmaddrecipient </strong>＆gt; <strong> flxaddrecipient </strong>＆gt; <strong> flxentryfields </strong>＆gt; <strong> flxbuttons </strong>，然后选择<strong> btnadd </strong>。</li> \n <li>来自<strong> data＆amp; 服务</strong>面板，展开<strong> project Services </strong>＆gt; <strong> cocterientStorage2 </strong>＆gt; <strong>收件人</strong>。</li> \n <li>选择<strong>创建</strong>操作，然后将其放在画布上的<strong>添加</strong>按钮。</li> \n <li>从操作列表中，选择<strong>操作：OnClick </strong>。<br /> <strong>操作编辑器</strong>窗口出现。<br />映射编辑器在窗口的右窗格上打开。 </li> \n </ol>"
      },
      "navigationBar": {
        "left": {
          "text": "以前的"
        },
        "right": {
          "text": "下一个"
        }
      }
    },
    "zh-tw": {
      "content": {
        "title": "配置添加操作",
        "body": "<ol> \n <li>從<strong> project </strong>探索器，展開<strong>響應web / desktop </strong>＆gt; <strong> forms </strong>＆gt; <strong> frmaddrecipient </strong>＆gt; <strong> flxaddrecipient </strong>＆gt; <strong> flxentryfields </strong>＆gt; <strong> flxbuttons </strong>，然後選擇<strong> btnadd </strong>。</li> \n <li>來自<strong> data＆amp; 服務</strong>面板，展開<strong> project Services </strong>＆gt; <strong> cocterientStorage2 </strong>＆gt; <strong>收件人</strong>。</li> \n <li>選擇<strong>創建</strong>操作，然後將其放在畫布上的<strong>添加</strong>按鈕。</li> \n <li>從操作列表中，選擇<strong>操作：OnClick </strong>。<br /> <strong>操作編輯器</strong>窗口出現。<br />映射編輯器在窗口的右窗格上打開。 </li> \n </ol>"
      },
      "navigationBar": {
        "left": {
          "text": "以前的"
        },
        "right": {
          "text": "下一個"
        }
      }
    }
  }
}