{
  "kuid": "f5ea02td-66a0-41r2-95u1-658d66nf",
  "id": "VoltMX.ConnectAppUItoDataMob_v9.dismiss",
  "content": {
    "title": "Dismiss Loading Indicator",
    "body": "<ol>\n<li>From the left menu of the <strong>Action Editor</strong>, under the <strong>Network</strong> section, select&nbsp;<strong>Loading Indicator</strong>.</li>\n<li>From the right pane of the Action Editor, for&nbsp;<strong>Loading Indicator</strong>, select&nbsp;<strong>Dismiss</strong>.</li>\n<li>Click&nbsp;<strong>Save</strong>.</li>\n</ol>"
  },
  "pointer": {
    "direction": "left",
    "element": {
      "module": "actioneditor",
      "css_selector": ".KMenu li:nth-child(4) div.lblAccordianHdr"
    },
    "type": "default"
  },
  "navigationType": "manual",
  "navigationBar": {
    "left": {
      "text": "Previous",
      "enable": true,
      "hide": false
    },
    "right": {
      "text": "Next",
      "enable": true,
      "hide": false
    }
  },
  "navigationCondition": "",
  "position": "BOTTOM_LEFT",
  "meta": {
    "Creator": "Rashmi Menon",
    "CreatedOn": "Mon, 23 Mar 2020 08:40:08 GMT"
  },
  "context": [],
  "localization": {
    "en-us": {
      "content": {
        "title": "Dismiss Loading Indicator",
        "body": "<ol>\n<li>From the left menu of the <strong>Action Editor</strong>, under the <strong>Network</strong> section, select&nbsp;<strong>Loading Indicator</strong>.</li>\n<li>From the right pane of the Action Editor, for&nbsp;<strong>Loading Indicator</strong>, select&nbsp;<strong>Dismiss</strong>.</li>\n<li>Click&nbsp;<strong>Save</strong>.</li>\n</ol>"
      },
      "navigationBar": {
        "left": {
          "text": "Previous"
        },
        "right": {
          "text": "Next"
        }
      }
    },
    "zh-cn": {
      "content": {
        "title": "解雇加载指示器",
        "body": "***<ol> \n <li>从<strong>操作编辑器的左菜单</strong>，在<strong>网络</strong> e节下，选择＆nbsp; <strong>加载指示器</strong>。</li>。{8} \n <li>从操作编辑器的右窗格中，for＆nbsp; <strong>加载指示器</strong>，select＆nbsp; <strong> implor </strong>。</li> \n <li>单击＆nbsp; <strong>保存</strong>。</li> \n </ol>"
      },
      "navigationBar": {
        "left": {
          "text": "以前的"
        },
        "right": {
          "text": "下一个"
        }
      }
    },
    "zh-tw": {
      "content": {
        "title": "解僱加載指示器",
        "body": "***<ol> \n <li>從<strong>操作編輯器的左菜單</strong>，在<strong>網絡</strong> e節下，選擇＆nbsp; <strong>加載指示器</strong>。</li>。{8} \n <li>從操作編輯器的右窗格中，for＆nbsp; <strong>加載指示器</strong>，select＆nbsp; <strong> implor </strong>。</li> \n <li>單擊＆nbsp; <strong>保存</strong>。</li> \n </ol>"
      },
      "navigationBar": {
        "left": {
          "text": "以前的"
        },
        "right": {
          "text": "下一個"
        }
      }
    }
  }
}