{
  "Card.VoltMX.ApplicationChannelsV9.intro": {
    "content": {
      "title": "了解应用程序频道",
      "body": "***<p>在这次远足中，我们将导入为所有通道设计的示例应用程序 - 移动，平板电脑，台式机和可穿戴设备。 我们还将构建示例应用程序以在<b> volt mx app </b>。 \n 在开始之前，请在设备上安装<b> volt mx App </b>应用程序，从<a href='#'onClick='javascript:openURL(\"https://play.google.com/store/apps/developer?id=HCL+Software \")'> Google Play Store </a>或<a href='#'onClick='javascript:openURL(\"https://apps.apple.com/us/developer/hcl-america-inc/id392909135 \")'> App Store </a>。<br/> <br/> {13} {13}"
    },
    "navigationBar": {
      "left": {
        "text": "以前的"
      },
      "right": {
        "text": "开始"
      }
    }
  },
  "Card.VoltMX.ApplicationChannelsV9.import": {
    "content": {
      "title": "导入示例应用程序",
      "body": "***<ol> \n <li>从虹膜的主菜单中，导航到<strong> project </strong>＆gt; <strong>新项目</strong>。</li> \n <li>来自<strong>您现在想从什么开始？ </strong>窗口，选择<strong>示例应用</strong>。 </li> <li>单击<strong>下一个</strong>。</li> \n <li>从<strong>前6个示例应用程序</strong>窗口，选择<strong>新闻和天气</strong>，然后单击<strong>选择</strong>。<br />应用程序在<strong>故事板中打开应用程序{ 26}查看。</li> \n <li>单击<strong>在弹出窗口中继续</strong>按钮。</li> \n <li>单击<strong>在弹出窗口中继续</strong>按钮。</li> \n <li>单击<strong>是</strong>弹出窗口中的按钮。</li> \n <li>双击任何形式，以查看<strong>设计</strong>视图中的表格。</li> \n </ol>"
    },
    "navigationBar": {
      "left": {
        "text": "以前的"
      },
      "right": {
        "text": "下一个"
      }
    }
  },
  "Card.VoltMX.ApplicationChannelsV9.ChannelMob": {
    "content": {
      "title": "应用渠道：手机",
      "body": "<ol> <li>来自<b> project </b>探索器在画布左上方，展开<b>移动</b>。</li> \n <li>展开<b>表单</b>。<br >注意移动设备的示例应用程序中创建的表单。</li>"
    },
    "navigationBar": {
      "left": {
        "text": "以前的"
      },
      "right": {
        "text": "下一个"
      }
    }
  },
  "Card.VoltMX.ApplicationChannelsV9.ChannelTab": {
    "content": {
      "title": "应用渠道：平板电脑",
      "body": "<ol> <li>来自<b> project </b>探索器在画布左上方，展开<b> tablet </b>。</li> \n <li>展开<b>表单</b>。<br >注意平板电脑设备的示例应用程序中创建的表单。</li>"
    },
    "navigationBar": {
      "left": {
        "text": "以前的"
      },
      "right": {
        "text": "下一个"
      }
    }
  },
  "Card.VoltMX.ApplicationChannelsV9.ChannelWeb": {
    "content": {
      "title": "应用频道：桌面网络",
      "body": "<ol> <li>来自<b> project </b>探索器在画布左上方，展开<b>响应式web / desktop </b>。</li> \n <li>展开<b>表单</b>。<br >注意桌面web的示例应用中创建的表单。</li>"
    },
    "navigationBar": {
      "left": {
        "text": "以前的"
      },
      "right": {
        "text": "下一个"
      }
    }
  },
  "Card.VoltMX.ApplicationChannelsV9.ChannelWear": {
    "content": {
      "title": "应用渠道：可穿戴设备",
      "body": "***<ol>来自<b> project </b>浏览器在画布左上方，展开<b>可穿戴设备</b>。<br > \n 请注意，可穿戴设备通道分为<b> Apple Watch </b>和<b> Android Wear </b>。</li> </ol> {11}"
    },
    "navigationBar": {
      "left": {
        "text": "以前的"
      },
      "right": {
        "text": "下一个"
      }
    }
  },
  "Card.VoltMX.ApplicationChannelsV9.AppViewer": {
    "content": {
      "title": "Volt MX应用程序",
      "body": "<ol> \n <li>使用USB电缆将您的<b>移动</b>连接到计算机。<br /> \n 对于Android设备，请确保使用USB到<b>传输文件</b>。</li> \n <li>在您的<b>移动</b>上启动<b> volt mx app </b>。</li> \n <li>选择<b> USB </b> TAB。</li> \n <li>在成功的连接上，<b> iris </b>在您的计算机上显示成功消息。<br /> \n 同时，USB图标在您的<b> volt mx app </b>上旋转绿色。</li> \n </ol>"
    },
    "navigationBar": {
      "left": {
        "text": "以前的"
      },
      "right": {
        "text": "下一个"
      }
    }
  },
  "Card.VoltMX.ApplicationChannelsV9.setting": {
    "content": {
      "title": "实时预览设置",
      "body": "<ol> <li>从主菜单中，选择<b>构建</b>。</li> \n <li>单击<b>实时预览设置。</b> </li>"
    },
    "navigationBar": {
      "left": {
        "text": "以前的"
      },
      "right": {
        "text": "下一个"
      }
    }
  },
  "Card.VoltMX.ApplicationChannelsV9.run": {
    "content": {
      "title": "运行应用程序",
      "body": "<ol> \n <li>从<strong> Live Preview设置</strong>窗口，选择<strong>响应web </strong>的复选框。</li> \n <li>在<strong>本机</strong>下，选择要查看应用程序的移动/平板电脑OS旁边的复选框。 <br />例如：<strong> ios </strong>和<strong> android </strong>。</li> \n <li>单击<strong>保存＆amp; 运行</strong>。<br />可能需要一些时间才能让Iris显示<strong> Volt MX Iris Preview </strong>和<b> Live Preview已准备就绪</b>窗口。</li> \n </ol>"
    },
    "navigationBar": {
      "left": {
        "text": "以前的"
      },
      "right": {
        "text": "下一个"
      }
    }
  },
  "Card.VoltMX.ApplicationChannelsV9.explore": {
    "content": {
      "title": "查看应用程序",
      "body": "***<ol> \n <li>在您的Volt MX应用程序上，单击<b>启动</b>。<br /> \n 如果提示您提供应用程序名称，请输入<b> newsandweather </b>，然后单击<b>启动</b>。</li> <li> {10}到<b> exit </b>预览，预览，从左边滑动两个手指 正确或摇动手机。</li> \n </ol>"
    },
    "navigationBar": {
      "left": {
        "text": "以前的"
      },
      "right": {
        "text": "下一个"
      }
    }
  },
  "Card.VoltMX.ApplicationChannelsV9.last": {
    "content": {
      "title": "恭喜",
      "body": "<p>您已经成功：</p> \n <ul> \n <li> <strong>导入了为所有通道设计的示例应用程序</strong> </li> \n <li> <strong>探索了所有通道中的表单</strong> </li> \n <li> <strong>使用Volt MX应用程序在移动设备上启动了该应用。</strong> </li> \n </ul>"
    },
    "navigationBar": {
      "left": {
        "text": "以前的"
      },
      "right": {
        "text": "完毕"
      }
    }
  }
}