{
  "Tour.UnderStandingApplicationChannelsV9": {
    "description": " यात्रा का विवरण"
  },
  "Hike.VoltMX.ApplicationChannelsV9": {
    "description": " वृद्धि का विवरण"
  },
  "Card.VoltMX.ApplicationChannelsV9.AppViewer": {
    "content": {
      "title": " वोल्ट एमएक्स ऐप",
      "body": "<ol>\n<li> अपना कनेक्ट करें<b> मोबाइल</b> USB केबल का उपयोग करके अपने कंप्यूटर पर।<br /> Android उपकरणों के लिए, सुनिश्चित करें कि आप USB का उपयोग करते हैं<b> फ़ाइलें स्थानांतरित करें</b>.</li>\n<li> लॉन्च करें<b> वोल्ट एमएक्स ऐप</b> अपने पर<b> मोबाइल</b>.</li>\n<li> चुनें<b> यूएसबी</b> टैब।</li>\n<li> सफल कनेक्शन पर,<b> आइरिस</b> आपके कंप्यूटर पर एक सफलता संदेश दिखाता है।<br /> उसी समय, आपके यूएसबी आइकन हरे रंग में बदल जाता है<b> वोल्ट एमएक्स ऐप</b>.</li>\n</ol>"
    },
    "navigationBar": {
      "left": {
        "text": " पिछला"
      },
      "right": {
        "text": " अगला"
      }
    }
  },
  "Card.VoltMX.ApplicationChannelsV9.ChannelMob": {
    "content": {
      "title": " एप्लिकेशन चैनल: मोबाइल",
      "body": "<ol><li> से<b> परियोजना</b> आपके कैनवास के ऊपर बाईं ओर एक्सप्लोरर, विस्तृत करें<b> मोबाइल</b>.</li>\n<li> विस्तृत करें<b> प्रपत्र</b>.<br > मोबाइल उपकरणों के लिए नमूना ऐप में बनाए गए प्रपत्रों पर ध्यान दें।</li>"
    },
    "navigationBar": {
      "left": {
        "text": " पिछला"
      },
      "right": {
        "text": " अगला"
      }
    }
  },
  "Card.VoltMX.ApplicationChannelsV9.ChannelTab": {
    "content": {
      "title": " एप्लिकेशन चैनल: टैबलेट",
      "body": "<ol><li> से<b> परियोजना</b> आपके कैनवास के ऊपर बाईं ओर एक्सप्लोरर, विस्तृत करें<b> गोली</b>.</li>\n<li> विस्तृत करें<b> प्रपत्र</b>.<br > टेबलेट उपकरणों के लिए नमूना ऐप में बनाए गए प्रपत्रों पर ध्यान दें।</li>"
    },
    "navigationBar": {
      "left": {
        "text": " पिछला"
      },
      "right": {
        "text": " अगला"
      }
    }
  },
  "Card.VoltMX.ApplicationChannelsV9.ChannelWear": {
    "content": {
      "title": " एप्लिकेशन चैनल: वियरेबल्स",
      "body": "<ol> से<b> परियोजना</b> आपके कैनवास के ऊपर बाईं ओर एक्सप्लोरर, विस्तृत करें<b> पहनने योग्य</b>.<br > ध्यान दें कि पहनने योग्य चैनलों को वर्गीकृत किया गया है<b> Apple वॉच</b> और<b> Android Wear</b>.</li></ol>"
    },
    "navigationBar": {
      "left": {
        "text": " पिछला"
      },
      "right": {
        "text": " अगला"
      }
    }
  },
  "Card.VoltMX.ApplicationChannelsV9.ChannelWeb": {
    "content": {
      "title": " एप्लिकेशन चैनल: डेस्कटॉप वेब",
      "body": "<ol><li> से<b> परियोजना</b> आपके कैनवास के ऊपर बाईं ओर एक्सप्लोरर, विस्तृत करें<b> उत्तरदायी वेब / डेस्कटॉप</b>.</li>\n<li> विस्तृत करें<b> प्रपत्र</b>.<br > डेस्कटॉप वेब के लिए नमूना ऐप में बनाए गए प्रपत्रों पर ध्यान दें।</li>"
    },
    "navigationBar": {
      "left": {
        "text": " पिछला"
      },
      "right": {
        "text": " अगला"
      }
    }
  },
  "Card.VoltMX.ApplicationChannelsV9.explore": {
    "content": {
      "title": " ऐप देखें",
      "body": "<ol>\n<li> अपने वोल्ट एमएक्स ऐप पर, क्लिक करें<b> लॉन्च</b>.<br /> यदि आपको आवेदन का नाम देने के लिए कहा जाए, तो दर्ज करें<b> समाचार और मौसम</b> और क्लिक करें<b> लॉन्च</b>.</li><li> To<b> बाहर निकलें</b> पूर्वावलोकन, दो अंगुलियों को बाएं से दाएं स्वाइप करें या अपना मोबाइल हिलाएं।</li>\n</ol>"
    },
    "navigationBar": {
      "left": {
        "text": " पिछला"
      },
      "right": {
        "text": " अगला"
      }
    }
  },
  "Card.VoltMX.ApplicationChannelsV9.import": {
    "content": {
      "title": " एक नमूना ऐप आयात करें",
      "body": "<ol>\n<li> मुख्य मेनू से, क्लिक करें<strong> परियोजना</strong> &gt;<strong> नई परियोजना</strong>.<br /> The<strong> आप अभी क्या शुरू करना चाहते हैं?</strong> विंडो प्रकट होती है।</li>\n<li> चुनें<strong> नमूना ऐप्स</strong> और क्लिक करें<strong> अगला</strong>.</li>\n<li> से<strong> नमूना ऐप्स</strong> विंडो, चुनें<strong> समाचार और मौसम</strong> और क्लिक करें<strong> चुनें</strong>.<br /> आवेदन में खुलता है<strong> स्टोरीबोर्ड</strong> देखें।</li>\n<li> प्रपत्रों को देखने के लिए किसी भी प्रपत्र पर डबल-क्लिक करें<strong> डिज़ाइन</strong> देखें।</li>\n</ol>"
    },
    "navigationBar": {
      "left": {
        "text": " पिछला"
      },
      "right": {
        "text": " अगला"
      }
    }
  },
  "Card.VoltMX.ApplicationChannelsV9.intro": {
    "content": {
      "title": " ऐप चैनल को समझें",
      "body": "<p> इस वृद्धि में, हम सभी चैनलों - मोबाइल, टैबलेट, डेस्कटॉप और पहनने योग्य उपकरणों के लिए डिज़ाइन किया गया एक नमूना ऐप आयात करेंगे। हम लाइव पूर्वावलोकन को चलाने के लिए नमूना ऐप भी बनाएंगे<b> वोल्ट एमएक्स ऐप</b>.<br ><br ></p> आरंभ करने से पहले, स्थापित करें<b> वोल्ट एमएक्स ऐप</b> आपके डिवाइस पर ऐप, से<a href='#'onClick='javascript:openURL(\"https://play.google.com/store/apps/developer?id=HCL+Software \")'> गूगल प्ले स्टोर</a> या<a href='#'onClick='javascript:openURL(\"https://apps.apple.com/us/developer/hcl-america-inc/id392909135 \")'> ऐप स्टोर</a>.<br/><br/>"
    },
    "navigationBar": {
      "left": {
        "text": " पिछला"
      },
      "right": {
        "text": " प्रारंभ"
      }
    }
  },
  "Card.VoltMX.ApplicationChannelsV9.last": {
    "content": {
      "title": " बधाई",
      "body": "<p> आपने सफलतापूर्वक:</p>\n<ul>\n<li><strong> सभी चैनलों के लिए डिज़ाइन किया गया एक नमूना ऐप आयात किया गया</strong></li>\n<li><strong> सभी चैनलों में प्रपत्रों की खोज की</strong></li>\n<li><strong> वोल्ट एमएक्स ऐप का उपयोग करके मोबाइल डिवाइस पर ऐप लॉन्च किया।</strong></li>\n</ul>"
    },
    "navigationBar": {
      "left": {
        "text": " पिछला"
      },
      "right": {
        "text": " हो गया"
      }
    }
  },
  "Card.VoltMX.ApplicationChannelsV9.run": {
    "content": {
      "title": " ऐप चलाएँ",
      "body": "<ol>\n<li> से<strong> लाइव पूर्वावलोकन सेटिंग्स</strong> विंडो, के आगे वाले चेकबॉक्स को चुनें<strong> उत्तरदायी वेब</strong>.</li>\n<li> अंडर<strong> मूल निवासी</strong> जिस मोबाइल/टैबलेट पर आप ऐप देखने जा रहे हैं, उसके OS के बगल में स्थित चेकबॉक्स चुनें।<br /> उदाहरण के लिए-<strong> आईओएस</strong> और<strong> Android</strong>.</li>\n<li> क्लिक करें<strong> सहेजें और amp; Daud</strong>.<br /> आइरिस को दिखाने में कुछ समय लग सकता है<strong> लाइव पूर्वावलोकन तैयार है</strong> window.</li>\n</ol>"
    },
    "navigationBar": {
      "left": {
        "text": " पिछला"
      },
      "right": {
        "text": " अगला"
      }
    }
  },
  "Card.VoltMX.ApplicationChannelsV9.setting": {
    "content": {
      "title": " लाइव पूर्वावलोकन के लिए सेटिंग्स",
      "body": "<ol><li> मुख्य मेनू से, चुनें<b> बिल्ड</b>.</li>\n<li> क्लिक करें<b> लाइव पूर्वावलोकन सेटिंग्स।</b></li>"
    },
    "navigationBar": {
      "left": {
        "text": " पिछला"
      },
      "right": {
        "text": " अगला"
      }
    }
  }
}