{
  "Card.VoltMX.ApplicationChannelsV9.intro": {
    "content": {
      "title": "了解應用程序頻道",
      "body": "***<p>在這次遠足中，我們將導入為所有通道設計的示例應用程序 - 移動，平板電腦，台式機和可穿戴設備。 我們還將構建示例應用程序以在<b> volt mx app </b>。 \n 在開始之前，請在設備上安裝<b> volt mx App </b>應用程序，從<a href='#'onClick='javascript:openURL(\"https://play.google.com/store/apps/developer?id=HCL+Software \")'> Google Play Store </a>或<a href='#'onClick='javascript:openURL(\"https://apps.apple.com/us/developer/hcl-america-inc/id392909135 \")'> App Store </a>。<br/> <br/> {13} {13}"
    },
    "navigationBar": {
      "left": {
        "text": "以前的"
      },
      "right": {
        "text": "開始"
      }
    }
  },
  "Card.VoltMX.ApplicationChannelsV9.import": {
    "content": {
      "title": "導入示例應用程序",
      "body": "***<ol> \n <li>從虹膜的主菜單中，導航到<strong> project </strong>＆gt; <strong>新項目</strong>。</li> \n <li>來自<strong>您現在想從什麼開始？ </strong>窗口，選擇<strong>示例應用</strong>。 </li> <li>單擊<strong>下一個</strong>。</li> \n <li>從<strong>前6個示例應用程序</strong>窗口，選擇<strong>新聞和天氣</strong>，然後單擊<strong>選擇</strong>。<br />應用程序在<strong>故事板中打開應用程序{ 26}查看。</li> \n <li>單擊<strong>在彈出窗口中繼續</strong>按鈕。</li> \n <li>單擊<strong>在彈出窗口中繼續</strong>按鈕。</li> \n <li>單擊<strong>是</strong>彈出窗口中的按鈕。</li> \n <li>雙擊任何形式，以查看<strong>設計</strong>視圖中的表格。</li> \n </ol>"
    },
    "navigationBar": {
      "left": {
        "text": "以前的"
      },
      "right": {
        "text": "下一個"
      }
    }
  },
  "Card.VoltMX.ApplicationChannelsV9.ChannelMob": {
    "content": {
      "title": "應用渠道：手機",
      "body": "<ol> <li>來自<b> project </b>探索器在畫布左上方，展開<b>移動</b>。</li> \n <li>展開<b>表單</b>。<br >注意移動設備的示例應用程序中創建的表單。</li>"
    },
    "navigationBar": {
      "left": {
        "text": "以前的"
      },
      "right": {
        "text": "下一個"
      }
    }
  },
  "Card.VoltMX.ApplicationChannelsV9.ChannelTab": {
    "content": {
      "title": "應用渠道：平板電腦",
      "body": "<ol> <li>來自<b> project </b>探索器在畫布左上方，展開<b> tablet </b>。</li> \n <li>展開<b>表單</b>。<br >注意平板電腦設備的示例應用程序中創建的表單。</li>"
    },
    "navigationBar": {
      "left": {
        "text": "以前的"
      },
      "right": {
        "text": "下一個"
      }
    }
  },
  "Card.VoltMX.ApplicationChannelsV9.ChannelWeb": {
    "content": {
      "title": "應用頻道：桌面網絡",
      "body": "<ol> <li>來自<b> project </b>探索器在畫布左上方，展開<b>響應式web / desktop </b>。</li> \n <li>展開<b>表單</b>。<br >注意桌面web的示例應用中創建的表單。</li>"
    },
    "navigationBar": {
      "left": {
        "text": "以前的"
      },
      "right": {
        "text": "下一個"
      }
    }
  },
  "Card.VoltMX.ApplicationChannelsV9.ChannelWear": {
    "content": {
      "title": "應用渠道：可穿戴設備",
      "body": "***<ol>來自<b> project </b>瀏覽器在畫布左上方，展開<b>可穿戴設備</b>。<br > \n 請注意，可穿戴設備通道分為<b> Apple Watch </b>和<b> Android Wear </b>。</li> </ol> {11}"
    },
    "navigationBar": {
      "left": {
        "text": "以前的"
      },
      "right": {
        "text": "下一個"
      }
    }
  },
  "Card.VoltMX.ApplicationChannelsV9.AppViewer": {
    "content": {
      "title": "Volt MX應用程序",
      "body": "<ol> \n <li>使用USB電纜將您的<b>移動</b>連接到計算機。<br /> \n 對於Android設備，請確保使用USB到<b>傳輸文件</b>。</li> \n <li>在您的<b>移動</b>上啟動<b> volt mx app </b>。</li> \n <li>選擇<b> USB </b> TAB。</li> \n <li>在成功的連接上，<b> iris </b>在您的計算機上顯示成功消息。<br /> \n 同時，USB圖標在您的<b> volt mx app </b>上旋轉綠色。</li> \n </ol>"
    },
    "navigationBar": {
      "left": {
        "text": "以前的"
      },
      "right": {
        "text": "下一個"
      }
    }
  },
  "Card.VoltMX.ApplicationChannelsV9.setting": {
    "content": {
      "title": "實時預覽設置",
      "body": "<ol> <li>從主菜單中，選擇<b>構建</b>。</li> \n <li>單擊<b>實時預覽設置。</b> </li>"
    },
    "navigationBar": {
      "left": {
        "text": "以前的"
      },
      "right": {
        "text": "下一個"
      }
    }
  },
  "Card.VoltMX.ApplicationChannelsV9.run": {
    "content": {
      "title": "運行應用程序",
      "body": "<ol> \n <li>從<strong> Live Preview設置</strong>窗口，選擇<strong>響應web </strong>的複選框。</li> \n <li>在<strong>本機</strong>下，選擇要查看應用程序的移動/平板電腦OS旁邊的複選框。 <br />例如：<strong> ios </strong>和<strong> android </strong>。</li> \n <li>單擊<strong>保存＆amp; 運行</strong>。<br />可能需要一些時間才能讓Iris顯示<strong> Volt MX Iris Preview </strong>和<b> Live Preview已準備就緒</b>窗口。</li> \n </ol>"
    },
    "navigationBar": {
      "left": {
        "text": "以前的"
      },
      "right": {
        "text": "下一個"
      }
    }
  },
  "Card.VoltMX.ApplicationChannelsV9.explore": {
    "content": {
      "title": "查看應用程序",
      "body": "***<ol> \n <li>在您的Volt MX應用程序上，單擊<b>啟動</b>。<br /> \n 如果提示您提供應用程序名稱，請輸入<b> newsandweather </b>，然後單擊<b>啟動</b>。</li> <li> {10}到<b> exit </b>預覽，預覽，從左邊滑動兩個手指 正確或搖動手機。</li> \n </ol>"
    },
    "navigationBar": {
      "left": {
        "text": "以前的"
      },
      "right": {
        "text": "下一個"
      }
    }
  },
  "Card.VoltMX.ApplicationChannelsV9.last": {
    "content": {
      "title": "恭喜",
      "body": "<p>您已經成功：</p> \n <ul> \n <li> <strong>導入了為所有通道設計的示例應用程序</strong> </li> \n <li> <strong>探索了所有通道中的表單</strong> </li> \n <li> <strong>使用Volt MX應用程序在移動設備上啟動了該應用。</strong> </li> \n </ul>"
    },
    "navigationBar": {
      "left": {
        "text": "以前的"
      },
      "right": {
        "text": "完畢"
      }
    }
  }
}