{
  "Card.VoltMX.ApplicationChannelsV9.intro": {
    "content": {
      "title": "Understand App Channels",
      "body": "<p>In this hike, we will import a sample app designed for all the channels - Mobile, Tablet, Desktop and Wearables. We will also build the sample app to run the live preview on <b>Volt MX App</b>.<br ><br ></p>\nBefore you get started, install the <b>Volt MX App</b> app on your device, from the <a href='#'onClick='javascript:openURL(\"https://play.google.com/store/apps/developer?id=HCL+Software \")'> Google Play Store </a> or the <a href='#'onClick='javascript:openURL(\"https://apps.apple.com/us/developer/hcl-america-inc/id392909135 \")'> App store</a>.<br/><br/>"
    },
    "navigationBar": {
      "left": {
        "text": "Previous"
      },
      "right": {
        "text": "Start"
      }
    }
  },
  "Card.VoltMX.ApplicationChannelsV9.import": {
    "content": {
      "title": "Import a Sample App",
      "body": "<ol>\n<li>From the main menu of the Iris, navigate to <strong>Project</strong> &gt; <strong>New Project</strong>.</li>\n<li>From the <strong>What do you want to start with now? </strong>window, select <strong>Sample Apps</strong>. </li><li>Click <strong>Next</strong>.</li>\n<li>From the <strong>Top 6 Sample Apps</strong> window, select <strong>News and Weather</strong> and click <strong>Choose</strong>.<br />The application opens in the <strong>Storyboard</strong> view.</li>\n<li>Click <strong>Continue</strong> button in popup Window.</li>\n<li>Click <strong>Continue</strong> button in popup Window.</li>\n<li>Click <strong>Yes</strong> button in popup Window.</li>\n<li>Double-click on any form to view the forms in the <strong>Design</strong> view.</li>\n</ol>"
    },
    "navigationBar": {
      "left": {
        "text": "Previous"
      },
      "right": {
        "text": "Next"
      }
    }
  },
  "Card.VoltMX.ApplicationChannelsV9.ChannelMob": {
    "content": {
      "title": "Application Channel: Mobile",
      "body": "<ol><li>From the <b>Project</b> explorer on the top left of your canvas, expand <b>Mobile</b>.</li>\n<li>Expand <b>Forms</b>.<br > Notice the forms created in the sample app for mobile devices.</li>"
    },
    "navigationBar": {
      "left": {
        "text": "Previous"
      },
      "right": {
        "text": "Next"
      }
    }
  },
  "Card.VoltMX.ApplicationChannelsV9.ChannelTab": {
    "content": {
      "title": "Application Channel: Tablet",
      "body": "<ol><li>From the <b>Project</b> explorer on the top left of your canvas, expand <b>Tablet</b>.</li>\n<li>Expand <b>Forms</b>.<br > Notice the forms created in the sample app for tablet devices.</li>"
    },
    "navigationBar": {
      "left": {
        "text": "Previous"
      },
      "right": {
        "text": "Next"
      }
    }
  },
  "Card.VoltMX.ApplicationChannelsV9.ChannelWeb": {
    "content": {
      "title": "Application Channel: Desktop Web",
      "body": "<ol><li>From the <b>Project</b> explorer on the top left of your canvas, expand <b>Responsive Web / Desktop</b>.</li>\n<li>Expand <b>Forms</b>.<br > Notice the forms created in the sample app for the Desktop web.</li>"
    },
    "navigationBar": {
      "left": {
        "text": "Previous"
      },
      "right": {
        "text": "Next"
      }
    }
  },
  "Card.VoltMX.ApplicationChannelsV9.ChannelWear": {
    "content": {
      "title": "Application Channel: Wearables",
      "body": "<ol>From the <b>Project</b> explorer on the top left of your canvas, expand <b>Wearables</b>.<br >\nNotice that the wearables channels are classified into <b>Apple Watch</b> and <b>Android Wear</b>.</li></ol>"
    },
    "navigationBar": {
      "left": {
        "text": "Previous"
      },
      "right": {
        "text": "Next"
      }
    }
  },
  "Card.VoltMX.ApplicationChannelsV9.AppViewer": {
    "content": {
      "title": "Volt MX App",
      "body": "<ol>\n<li>Connect your <b>mobile</b> to your computer using a USB cable.<br />\nFor Android devices, make sure you use USB to <b>Transfer Files</b>.</li>\n<li>Launch the <b>Volt MX App</b> on your <b>mobile</b>.</li>\n<li>Select the <b>USB</b> tab.</li>\n<li>On successful connection, <b>Iris</b> on your computer shows a success message.<br />\nAt the same time, the USB icon turns green on your <b>Volt MX App</b>.</li>\n</ol>"
    },
    "navigationBar": {
      "left": {
        "text": "Previous"
      },
      "right": {
        "text": "Next"
      }
    }
  },
  "Card.VoltMX.ApplicationChannelsV9.setting": {
    "content": {
      "title": "Settings for Live Preview",
      "body": "<ol><li>From the main menu, select <b>Build</b>.</li>\n<li>Click <b>Live Preview Settings.</b></li>"
    },
    "navigationBar": {
      "left": {
        "text": "Previous"
      },
      "right": {
        "text": "Next"
      }
    }
  },
  "Card.VoltMX.ApplicationChannelsV9.run": {
    "content": {
      "title": "Run the App",
      "body": "<ol>\n<li>From the <strong>Live Preview Settings</strong> window, select the checkbox next to the <strong>Responsive Web</strong>.</li>\n<li>Under <strong>Native</strong>, select the checkboxes next to the OS of the mobile/tablet on which you are going to view the app. <br />For example: <strong>iOS</strong> and <strong>Android</strong>.</li>\n<li>Click <strong>Save &amp; Run</strong>.<br /> It may take some time for Iris to show the <strong>Volt MX Iris Preview</strong> and <b>Live Preview is ready</b> window.</li>\n</ol>"
    },
    "navigationBar": {
      "left": {
        "text": "Previous"
      },
      "right": {
        "text": "Next"
      }
    }
  },
  "Card.VoltMX.ApplicationChannelsV9.explore": {
    "content": {
      "title": "View the App",
      "body": "<ol>\n<li>On your Volt MX App, click <b>Launch</b>.<br />\nIf you are prompted to provide the application name, enter <b>NewsAndWeather</b> and click <b>Launch</b>.</li><li>To <b>Exit</b> the preview, swipe two fingers from left to right or shake your mobile.</li>\n</ol>"
    },
    "navigationBar": {
      "left": {
        "text": "Previous"
      },
      "right": {
        "text": "Next"
      }
    }
  },
  "Card.VoltMX.ApplicationChannelsV9.last": {
    "content": {
      "title": "Congratulations",
      "body": "<p>You have successfully:</p>\n<ul>\n<li><strong>Imported a sample app designed for all the channels</strong></li>\n<li><strong>Explored the forms in all the channels</strong></li>\n<li><strong>Launched the app on a mobile device using the Volt MX App.</strong></li>\n</ul>"
    },
    "navigationBar": {
      "left": {
        "text": "Previous"
      },
      "right": {
        "text": "Done"
      }
    }
  }
}