{
  "kuid": "b11d68t0-10a8-46rb-9bu1-6f46c5n8",
  "id": "VoltMX.IntrotoActionEditorV9.AddFormNav",
  "content": {
    "title": "Add Form Navigation",
    "body": "<ol>\n<li>Near the bottom of the canvas, select <strong>CREATE ACCOUNT</strong> button.</li>\n<li>Navigate to the <strong>Properties</strong> Panel and click <strong>Action</strong>.</li>\n<li>For the <strong>onClick</strong> event, click&nbsp;<strong>Edit.<br /></strong>The <strong>Action</strong> <strong>Editor</strong> window appears.</li><li>From the top-right corner of the <strong>Action Editor</strong> canvas, select <strong>Design View</strong>.</li></ol>"
  },
  "pointer": {
    "direction": "left",
    "element": {
      "module": "appcanvas",
      "paneId": "ac-area-one",
      "itemType": "ac-active-shell"
    },
    "type": "default"
  },
  "navigationType": "manual",
  "navigationBar": {
    "left": {
      "text": "Previous",
      "enable": true,
      "hide": false
    },
    "right": {
      "text": "Next",
      "enable": true,
      "hide": false
    }
  },
  "navigationCondition": "",
  "position": "BOTTOM_RIGHT",
  "meta": {
    "Creator": "Rashmi Menon",
    "CreatedOn": "Tue, 26 Nov 2019 04:34:13 GMT"
  },
  "context": [],
  "localization": {
    "en-us": {
      "content": {
        "title": "Add Form Navigation",
        "body": "<ol>\n<li>Near the bottom of the canvas, select <strong>CREATE ACCOUNT</strong> button.</li>\n<li>Navigate to the <strong>Properties</strong> Panel and click <strong>Action</strong>.</li>\n<li>For the <strong>onClick</strong> event, click&nbsp;<strong>Edit.<br /></strong>The <strong>Action</strong> <strong>Editor</strong> window appears.</li><li>From the top-right corner of the <strong>Action Editor</strong> canvas, select <strong>Design View</strong>.</li></ol>"
      },
      "navigationBar": {
        "left": {
          "text": "Previous"
        },
        "right": {
          "text": "Next"
        }
      }
    },
    "zh-cn": {
      "content": {
        "title": "添加表单导航",
        "body": "***<ol> \n <li>在画布的底部附近，选择<strong>创建帐户</strong>按钮。</li> \n <li>导航到<strong>属性</strong>面板，然后单击<strong>操作</strong>。</li> \n <li>对于<strong> onClick </strong>事件，单击＆nbsp; <strong> edit。 }从<strong>动作编辑器</strong>帆布的右上角，选择<strong>设计视图</strong>。</li> </ol>"
      },
      "navigationBar": {
        "left": {
          "text": "以前的"
        },
        "right": {
          "text": "下一个"
        }
      }
    },
    "zh-tw": {
      "content": {
        "title": "添加表單導航",
        "body": "***<ol> \n <li>在畫布的底部附近，選擇<strong>創建帳戶</strong>按鈕。</li> \n <li>導航到<strong>屬性</strong>面板，然後單擊<strong>操作</strong>。</li> \n <li>對於<strong> onClick </strong>事件，單擊＆nbsp; <strong> edit。 }從<strong>動作編輯器</strong>帆布的右上角，選擇<strong>設計視圖</strong>。</li> </ol>"
      },
      "navigationBar": {
        "left": {
          "text": "以前的"
        },
        "right": {
          "text": "下一個"
        }
      }
    }
  }
}