{
  "kuid": "685533ta-80a0-4dr3-88u1-e452e8nf",
  "id": "VoltMX.IntroductiontoNFIV9.publish",
  "content": {
    "title": "Publish the App",
    "body": "<ol>\n<li>From the main menu, navigate to <strong>Build</strong>.</li>\n<li>Click <strong>Build and Publish Native</strong>.<br/><b>User must login to Foundry Account, before proceeding this step</b>.<br /> The<strong> Build and Publish Native </strong>window appears.</li>\n</ol>"
  },
  "pointer": {
    "direction": "left",
    "element": "",
    "type": "none"
  },
  "navigationType": "manual",
  "navigationBar": {
    "left": {
      "text": "Previous",
      "enable": true,
      "hide": false
    },
    "right": {
      "text": "Next",
      "enable": true,
      "hide": false
    }
  },
  "navigationCondition": "",
  "position": "BOTTOM_RIGHT",
  "meta": {
    "Creator": "Rashmi Menon",
    "CreatedOn": "Wed, 27 Nov 2019 12:00:45 GMT"
  },
  "context": [],
  "localization": {
    "en-us": {
      "content": {
        "title": "Publish the App",
        "body": "<ol>\n<li>From the main menu, navigate to <strong>Build</strong>.</li>\n<li>Click <strong>Build and Publish Native</strong>.<br/><b>User must login to Foundry Account, before proceeding this step</b>.<br /> The<strong> Build and Publish Native </strong>window appears.</li>\n</ol>"
      },
      "navigationBar": {
        "left": {
          "text": "Previous"
        },
        "right": {
          "text": "Next"
        }
      }
    },
    "zh-cn": {
      "content": {
        "title": "发布应用程序",
        "body": "***<ol> \n <li>从主菜单中，导航至<strong>构建</strong>。</li> \n <li>单击<strong>构建并发布本机</strong>。<br/> <b>用户必须登录到铸造帐户，然后继续执行此步骤</b>。<br /> {11} <strong> {12}构建并发布本机</strong> 出现窗口。</li> \n </ol>"
      },
      "navigationBar": {
        "left": {
          "text": "以前的"
        },
        "right": {
          "text": "下一个"
        }
      }
    },
    "zh-tw": {
      "content": {
        "title": "發布應用程序",
        "body": "***<ol> \n <li>從主菜單中，導航至<strong>構建</strong>。</li> \n <li>單擊<strong>構建並發布本機</strong>。<br/> <b>用戶必須登錄到鑄造帳戶，然後繼續執行此步驟</b>。<br /> {11} <strong> {12}構建並發布本機</strong> 出現窗口。</li> \n </ol>"
      },
      "navigationBar": {
        "left": {
          "text": "以前的"
        },
        "right": {
          "text": "下一個"
        }
      }
    }
  }
}