{
  "kuid": "e05b7ft1-5da8-4ar1-88u0-a780efn1",
  "id": "VoltMX.CreateServicesWebV9.configureAcc",
  "content": {
    "title": "Configure the Account Service",
    "body": "<ol>\n<li>From the top-left corner of the window, click the service name.</li>\n<li>In the&nbsp;<strong>Name </strong>box, type&nbsp;<strong>AccountStorage2</strong>.</li>\n<li>Under&nbsp;<strong>Sample Data</strong>, drag the <strong>Accounts.zip </strong>file from the extracted files.</li>\n<li>Click <strong>Save</strong>.</li>\n<li>Close the <strong>Edit Object Service </strong>window.<br /> It may take some time for Iris to add the service to the <strong>Project Services </strong>section.</li>\n</ol>"
  },
  "pointer": {
    "direction": "left",
    "element": "",
    "type": "none"
  },
  "navigationType": "manual",
  "navigationBar": {
    "left": {
      "text": "Previous",
      "enable": true,
      "hide": false
    },
    "right": {
      "text": "Next",
      "enable": true,
      "hide": false
    }
  },
  "navigationCondition": "",
  "position": "BOTTOM_RIGHT",
  "meta": {
    "Creator": "Rashmi Menon",
    "CreatedOn": "Thu, 19 Dec 2019 06:22:25 GMT"
  },
  "context": [],
  "localization": {
    "en-us": {
      "content": {
        "title": "Configure the Account Service",
        "body": "<ol>\n<li>From the top-left corner of the window, click the service name.</li>\n<li>In the&nbsp;<strong>Name </strong>box, type&nbsp;<strong>AccountStorage2</strong>.</li>\n<li>Under&nbsp;<strong>Sample Data</strong>, drag the <strong>Accounts.zip </strong>file from the extracted files.</li>\n<li>Click <strong>Save</strong>.</li>\n<li>Close the <strong>Edit Object Service </strong>window.<br /> It may take some time for Iris to add the service to the <strong>Project Services </strong>section.</li>\n</ol>"
      },
      "navigationBar": {
        "left": {
          "text": "Previous"
        },
        "right": {
          "text": "Next"
        }
      }
    },
    "zh-cn": {
      "content": {
        "title": "配置帐户服务",
        "body": "<ol> \n <li>从窗口的左上角，单击服务名称。</li> \n <li>在＆nbsp; <strong>名称</strong> box，type＆nbsp; <strong> accountstorage2 </strong>。</li> \n <li>在＆nbsp; <strong>示例数据</strong>下，从提取的文件中拖动<strong> accounts.zip </strong>文件。</li> \n <li>单击<strong>保存</strong>。</li> \n <li>关闭<strong>编辑对象服务</strong>窗口。<br /> iris可能需要一些时间将服务添加到<strong> project Services </strong>节。</li> \n </ol>"
      },
      "navigationBar": {
        "left": {
          "text": "以前的"
        },
        "right": {
          "text": "下一个"
        }
      }
    },
    "zh-tw": {
      "content": {
        "title": "配置帳戶服務",
        "body": "<ol> \n <li>從窗口的左上角，單擊服務名稱。</li> \n <li>在＆nbsp; <strong>名稱</strong> box，type＆nbsp; <strong> accountstorage2 </strong>。</li> \n <li>在＆nbsp; <strong>示例數據</strong>下，從提取的文件中拖動<strong> accounts.zip </strong>文件。</li> \n <li>單擊<strong>保存</strong>。</li> \n <li>關閉<strong>編輯對象服務</strong>窗口。<br /> iris可能需要一些時間將服務添加到<strong> project Services </strong>節。</li> \n </ol>"
      },
      "navigationBar": {
        "left": {
          "text": "以前的"
        },
        "right": {
          "text": "下一個"
        }
      }
    }
  }
}