{
  "kuid": "a7a0a2tc-00a1-45r3-b9u8-259192n6",
  "id": "VoltMX.NewLaunchMobApp.Import",
  "content": {
    "title": "Import the Native App",
    "body": "<ol>\n<li>From the main menu of the Iris, navigate to <strong>Forge</strong> &gt; <strong>Browse</strong>.<br />The <strong>Volt MX Marketplace </strong> windows appears after logging in.</li>\n<li>On the search bar, enter <strong>Recipients Mobile</strong>.</li>\n<li>Click the search icon <img src=\"https://i.ibb.co/gmMPVjC/search-Icon.png\" alt=\"search icon\" width=\"13\" height=\"13\" />.</li>\n<li>In the list that appears, select <strong>Recipients Mobile</strong>.<br />The details of the <strong>Recipients Mobile</strong> appear.</li>\n<li>Click <strong>Import to Workspace</strong>.<br /> It may take some time for Iris to import the app.</li>\n<li>If you have imported this project before, the overwrite error dialog may appear, click <b>OK</b> button to proceed.</li>\n<li>Click the <strong>Continue</strong>\n button.</li>\n</ol>"
  },
  "pointer": {
    "direction": "left",
    "element": "",
    "type": "none",
    "isfixed": false
  },
  "navigationType": "manual",
  "navigationBar": {
    "left": {
      "text": "Previous",
      "enable": true,
      "hide": false
    },
    "right": {
      "text": "Next",
      "enable": true,
      "hide": false
    }
  },
  "navigationCondition": "",
  "position": "BOTTOM_RIGHT",
  "meta": {
    "Creator": "Prem Garudadri",
    "CreatedOn": "Wed, 18 Dec 2019 09:16:13 GMT"
  },
  "context": [],
  "localization": {
    "en-us": {
      "content": {
        "title": "Import the Native App",
        "body": "<ol>\n<li>From the main menu of the Iris, navigate to <strong>Forge</strong> &gt; <strong>Browse</strong>.<br />The <strong>Volt MX Marketplace </strong> windows appears after logging in.</li>\n<li>On the search bar, enter <strong>Recipients Mobile</strong>.</li>\n<li>Click the search icon <img src=\"https://i.ibb.co/gmMPVjC/search-Icon.png\" alt=\"search icon\" width=\"13\" height=\"13\" />.</li>\n<li>In the list that appears, select <strong>Recipients Mobile</strong>.<br />The details of the <strong>Recipients Mobile</strong> appear.</li>\n<li>Click <strong>Import to Workspace</strong>.<br /> It may take some time for Iris to import the app.</li>\n<li>If you have imported this project before, the overwrite error dialog may appear, click <b>OK</b> button to proceed.</li>\n<li>Click the <strong>Continue</strong>\n button.</li>\n</ol>"
      },
      "navigationBar": {
        "left": {
          "text": "Previous"
        },
        "right": {
          "text": "Next"
        }
      }
    },
    "zh-cn": {
      "content": {
        "title": "导入本机应用",
        "body": "<ol> \n <li>从虹膜的主菜单中，导航到<strong> forge </strong>＆gt; <strong>浏览</strong>。<br /> <strong> volt mx Marketplace </strong> windows登录后出现。</li> \n <li>在搜索栏上，输入<strong>收件人移动</strong>。</li> \n <li>单击搜索图标<img src=\"https://i.ibb.co/gmMPVjC/search-Icon.png\" alt=\"search icon\" width=\"13\" height=\"13\" />。</li> \n <li>在出现的列表中，选择<strong>收件人移动</strong>。<br /> <strong>收件人移动</strong>的详细信息出现。</li> \n <li>单击<strong>导入到工作区</strong>。<br />可能需要一些时间才能让Iris导入应用程序。</li> \n <li>如果您之前已导入此项目，则可能会出现“覆盖错误”对话框，请单击<b> OK </b>按钮继续。</li> \n <li>单击<strong>继续</strong> \n  按钮。</li> \n </ol>"
      },
      "navigationBar": {
        "left": {
          "text": "以前的"
        },
        "right": {
          "text": "下一个"
        }
      }
    },
    "zh-tw": {
      "content": {
        "title": "導入本機應用",
        "body": "<ol> \n <li>從虹膜的主菜單中，導航到<strong> forge </strong>＆gt; <strong>瀏覽</strong>。<br /> <strong> volt mx Marketplace </strong> windows登錄後出現。</li> \n <li>在搜索欄上，輸入<strong>收件人移動</strong>。</li> \n <li>單擊搜索圖標<img src=\"https://i.ibb.co/gmMPVjC/search-Icon.png\" alt=\"search icon\" width=\"13\" height=\"13\" />。</li> \n <li>在出現的列表中，選擇<strong>收件人移動</strong>。<br /> <strong>收件人移動</strong>的詳細信息出現。</li> \n <li>單擊<strong>導入到工作區</strong>。<br />可能需要一些時間才能讓Iris導入應用程序。</li> \n <li>如果您之前已導入此項目，則可能會出現“覆蓋錯誤”對話框，請單擊<b> OK </b>按鈕繼續。</li> \n <li>單擊<strong>繼續</strong> \n  按鈕。</li> \n </ol>"
      },
      "navigationBar": {
        "left": {
          "text": "以前的"
        },
        "right": {
          "text": "下一個"
        }
      }
    }
  }
}