{
  "kuid": "fae922ta-d0a1-4cr9-80u3-cc0021n4",
  "id": "VoltMX.CreateUIRWV9.launch",
  "content": {
    "title": "Launch the App",
    "body": "<ol>\n<li>Click the <strong>Login</strong> button on the form to view the <strong>Accounts</strong> list.<br /> You do not need login credentials for this app. You will be adding authentication to the app in later hikes.</li>\n<li>Click the Recipients tab. <br /> The <b>Recipients list</b> appears.</li></ol>"
  },
  "pointer": {
    "direction": "left",
    "element": "",
    "type": "none"
  },
  "navigationType": "manual",
  "navigationBar": {
    "left": {
      "text": "Previous",
      "enable": true,
      "hide": false
    },
    "right": {
      "text": "Next",
      "enable": true,
      "hide": false
    }
  },
  "navigationCondition": "",
  "position": "BOTTOM_RIGHT",
  "meta": {
    "Creator": "Prem Garudadri",
    "CreatedOn": "Wed, 18 Dec 2019 16:29:59 GMT"
  },
  "context": [],
  "localization": {
    "en-us": {
      "content": {
        "title": "Launch the App",
        "body": "<ol>\n<li>Click the <strong>Login</strong> button on the form to view the <strong>Accounts</strong> list.<br /> You do not need login credentials for this app. You will be adding authentication to the app in later hikes.</li>\n<li>Click the Recipients tab. <br /> The <b>Recipients list</b> appears.</li></ol>"
      },
      "navigationBar": {
        "left": {
          "text": "Previous"
        },
        "right": {
          "text": "Next"
        }
      }
    },
    "zh-cn": {
      "content": {
        "title": "启动该应用程序",
        "body": "<ol> \n <li>单击表单上的<strong>登录</strong>按钮以查看<strong>帐户</strong>列表。<br />您不需要此应用程序的登录凭据。 您将在以后的徒步旅行中添加身份验证。</li> \n <li>单击“收件人”选项卡。 <br /> <b>收件人列表</b>出现。</li> </ol>"
      },
      "navigationBar": {
        "left": {
          "text": "以前的"
        },
        "right": {
          "text": "下一个"
        }
      }
    },
    "zh-tw": {
      "content": {
        "title": "啟動該應用程序",
        "body": "<ol> \n <li>單擊表單上的<strong>登錄</strong>按鈕以查看<strong>帳戶</strong>列表。<br />您不需要此應用程序的登錄憑據。 您將在以後的徒步旅行中添加身份驗證。</li> \n <li>單擊“收件人”選項卡。 <br /> <b>收件人列表</b>出現。</li> </ol>"
      },
      "navigationBar": {
        "left": {
          "text": "以前的"
        },
        "right": {
          "text": "下一個"
        }
      }
    }
  }
}