{
    "kuid": "eafe630a-de06-4f63-ba3d-179e9bfa",
    "id": "Kony.NewLaunchApp.Import",
    "content": {
        "title": "Import the App",
        "body": "<ol><li>From the main menu, navigate to <b>Project</b> > <b>New Project</b>.</li><li>From the <b>New Project</b> window, select <b>Use Sample App</b> and then click <b>Choose</b>.</li><li>Select <b>Employee Directory (Native)</b>.</li><li>Click <b>Choose</b>.<br/>It may take some time for Visualizer to import the app.</li></ol>"
    },
    "position": "BOTTOM_RIGHT",
    "navigationType": "manual",
    "navigationCondition": "",
    "pointer": {
        "direction": "left",
        "element": "",
        "type": "none"
    },
    "navigationBar": {
        "left": {
            "text": "Previous",
            "hide": false,
            "enable": true
        },
        "right": {
            "text": "Next",
            "enable": true,
            "hide": false
        }
    }
}