{
    "kuid": "d7be77t6-63a7-4ar5-a5u2-2e711dn9",
    "id": "VoltMX.AddCreateMob_v9.service4",
    "content": {
        "title": "Setting the Value of Nick Name",
        "body": "<ol>\n<li>From the left menu of the <strong>Action Editor</strong>, under the <strong>Widget </strong>section, select <strong>Set Widget Property</strong>.</li>\n<li>From the right pane of the <strong>Action Editor</strong>, go to <strong>Mobile Forms</strong> &gt; <strong>frmAddRecipient</strong> &gt; <strong>flexAddRecipient</strong> &gt; <strong>flexFieldsContainer</strong> &gt; <strong>flexNickName</strong>, and select <strong>tbxNickName</strong>.</li>\n<li>In the right pane, modify the following values:\n<ul>\n<li>Property: <strong>Text </strong></li>\n<li>leave the <strong>Value </strong>as blank</li>\n</ul>\n</li>\n</ol>"
    },
    "pointer": {
        "direction": "left",
        "element": {
            "module": "actioneditor",
            "itemType": "ae-action-type",
            "info": {
                "actionType": "Set Widget Property"
            }
        },
        "type": "default"
    },
    "navigationType": "manual",
    "navigationBar": {
        "left": {
            "text": "Previous",
            "enable": true,
            "hide": false
        },
        "right": {
            "text": "Next",
            "enable": true,
            "hide": false
        }
    },
    "navigationCondition": "",
    "position": "BOTTOM_RIGHT",
    "meta": {
        "Creator": "Rashmi Menon",
        "CreatedOn": "Wed, 26 Feb 2020 04:46:34 GMT"
    },
    "context": []
}