{
  "kuid": "ae716ctb-1ea4-44r6-86ud-16bf61na",
  "id": "VoltMX.ConnectAppServWebV9.mapping4",
  "content": {
    "title": "Map the Service Data",
    "body": "<ol>\n<li>From the <strong>Action Editor</strong> canvas, under <strong>Invoke Service</strong>, select <strong>Callback</strong>.</li>\n<li>Enter <strong>Add Mapping</strong> in the search bar and select <strong>Add Mapping</strong> under the <strong>Mapping</strong> section.</li>\n<li>From the left pane of the <strong>Mapping Editor</strong>, expand <strong>Services</strong> &gt; <strong>Service- RecipientStorage2$Recipients$get</strong>, and select <strong>records{collection}</strong>.</li>\n<li>From the right pane of the <strong>Mapping Editor</strong>, expand <strong>Forms </strong>&gt; <strong>frmRecipients</strong> &gt; <strong>Segment-segPayeeList </strong>&gt; <strong>masterdatamap</strong>, and select <strong>rowData{collection}</strong>.</li><li>Expand both <strong>records{collection}</strong> and <strong>rowData{collection}</strong>.</li>\n<li>Check the mapping is successful.</li>\n</ol>"
  },
  "pointer": {
    "direction": "left",
    "element": {
      "module": "actioneditor",
      "css_selector": ".KMenu li ul li ul li table td div.actionBubble1"
    },
    "type": "default"
  },
  "navigationType": "manual",
  "navigationBar": {
    "left": {
      "text": "Previous",
      "enable": true,
      "hide": false
    },
    "right": {
      "text": "Next",
      "enable": true,
      "hide": false
    }
  },
  "navigationCondition": "",
  "position": "CENTER",
  "meta": {
    "Creator": "Prem Garudadri",
    "CreatedOn": "Thu, 19 Dec 2019 06:00:16 GMT"
  },
  "context": [],
  "localization": {
    "en-us": {
      "content": {
        "title": "Map the Service Data",
        "body": "<ol>\n<li>From the <strong>Action Editor</strong> canvas, under <strong>Invoke Service</strong>, select <strong>Callback</strong>.</li>\n<li>Enter <strong>Add Mapping</strong> in the search bar and select <strong>Add Mapping</strong> under the <strong>Mapping</strong> section.</li>\n<li>From the left pane of the <strong>Mapping Editor</strong>, expand <strong>Services</strong> &gt; <strong>Service- RecipientStorage2$Recipients$get</strong>, and select <strong>records{collection}</strong>.</li>\n<li>From the right pane of the <strong>Mapping Editor</strong>, expand <strong>Forms </strong>&gt; <strong>frmRecipients</strong> &gt; <strong>Segment-segPayeeList </strong>&gt; <strong>masterdatamap</strong>, and select <strong>rowData{collection}</strong>.</li><li>Expand both <strong>records{collection}</strong> and <strong>rowData{collection}</strong>.</li>\n<li>Check the mapping is successful.</li>\n</ol>"
      },
      "navigationBar": {
        "left": {
          "text": "Previous"
        },
        "right": {
          "text": "Next"
        }
      }
    },
    "zh-cn": {
      "content": {
        "title": "映射服务数据",
        "body": "***<ol> \n <li>来自<strong>操作编辑器</strong> canvas，在<strong> Indoke Service </strong>下，选择<strong> callback </strong>。</li> \n <li>输入<strong>在搜索栏中添加mapping </strong>，然后选择<strong>在<strong> mapping </strong> e节下添加mapping </strong>。</li> \n <li>从<strong>映射编辑器</strong>的左窗格中，展开<strong> services </strong>＆gt; <strong> service-coctientStorage2 $收件人$ get </strong>，然后选择<strong>记录{Collection} </strong>。</li> \n <li>从<strong>映射编辑器</strong>的右窗格中，展开<strong> forms </strong>＆gt; <strong> frmrecipient </strong>＆gt; <strong> segment-segpayeelist </strong>＆gt; <strong> MasterDatAmap </strong>，然后选择<strong> rowdata {Collection} </strong>。 。</li> \n <li>检查映射成功。</li> \n </ol>"
      },
      "navigationBar": {
        "left": {
          "text": "以前的"
        },
        "right": {
          "text": "下一个"
        }
      }
    },
    "zh-tw": {
      "content": {
        "title": "映射服務數據",
        "body": "***<ol> \n <li>來自<strong>操作編輯器</strong> canvas，在<strong> Indoke Service </strong>下，選擇<strong> callback </strong>。</li> \n <li>輸入<strong>在搜索欄中添加mapping </strong>，然後選擇<strong>在<strong> mapping </strong> e節下添加mapping </strong>。</li> \n <li>從<strong>映射編輯器</strong>的左窗格中，展開<strong> services </strong>＆gt; <strong> service-coctientStorage2 $收件人$ get </strong>，然後選擇<strong>記錄{Collection} </strong>。</li> \n <li>從<strong>映射編輯器</strong>的右窗格中，展開<strong> forms </strong>＆gt; <strong> frmrecipient </strong>＆gt; <strong> segment-segpayeelist </strong>＆gt; <strong> MasterDatAmap </strong>，然後選擇<strong> rowdata {Collection} </strong>。 。</li> \n <li>檢查映射成功。</li> \n </ol>"
      },
      "navigationBar": {
        "left": {
          "text": "以前的"
        },
        "right": {
          "text": "下一個"
        }
      }
    }
  }
}