{
  "kuid": "36c3fbt4-6ba5-46r1-8fuc-ac6589n5",
  "id": "VoltMX.AddCreatePayeeWeb_v9.run",
  "content": {
    "title": "Run the App",
    "body": "<ol>\n<li>From the left navigation bar, click <strong>Run</strong>.<br /> It will take some time for Iris to display the <strong>Volt MX Iris Preview</strong> window.<br /> The Volt MX Iris Preview  window launches your application.</li>\n<li>Enter the following login credentials in your app.\n<ul>\n<li>Username: <strong>john.doe@woodburn.com</strong></li>\n<li>Password: <strong>VoltMX@123</strong></li>\n</ul>\n</li>\n<li>Click <strong>Login</strong>.<br /> The account list appears.</li>\n<li>Click the <strong>Recipients</strong> tab.<br /> The recipient list appears.</li><li>You can add a recipient in <strong>Add Recipient </strong>page, click the <strong>(+)</strong> icon.</li>\n<li>Click <strong>Add Recipient</strong> to back to <strong>Recipient </strong>list.</li>\n<li>Select a recipient from the list to view their details.<br />From the details page, you can delete the recipient.<br />You will learn how to edit recipients in next hike.</li>\n<li>Click the logout button <img src=\"https://i.ibb.co/WcS0Fd5/logout.jpg\" alt=\"logout\" width=\"13\" height=\"13\"> on top of the screen to navigate to the login screen.</li>\n</ol>"
  },
  "pointer": {
    "direction": "left",
    "element": {
      "module": "shortcutbar",
      "itemId": "frmKonyLib_preview"
    },
    "type": "default"
  },
  "navigationType": "manual",
  "navigationBar": {
    "left": {
      "text": "Previous",
      "enable": true,
      "hide": false
    },
    "right": {
      "text": "Next",
      "enable": true,
      "hide": false
    }
  },
  "navigationCondition": "",
  "position": "BOTTOM_RIGHT",
  "meta": {
    "Creator": "Rashmi Menon",
    "CreatedOn": "Tue, 25 Feb 2020 05:49:43 GMT"
  },
  "context": [],
  "localization": {
    "en-us": {
      "content": {
        "title": "Run the App",
        "body": "<ol>\n<li>From the left navigation bar, click <strong>Run</strong>.<br /> It will take some time for Iris to display the <strong>Volt MX Iris Preview</strong> window.<br /> The Volt MX Iris Preview  window launches your application.</li>\n<li>Enter the following login credentials in your app.\n<ul>\n<li>Username: <strong>john.doe@woodburn.com</strong></li>\n<li>Password: <strong>VoltMX@123</strong></li>\n</ul>\n</li>\n<li>Click <strong>Login</strong>.<br /> The account list appears.</li>\n<li>Click the <strong>Recipients</strong> tab.<br /> The recipient list appears.</li><li>You can add a recipient in <strong>Add Recipient </strong>page, click the <strong>(+)</strong> icon.</li>\n<li>Click <strong>Add Recipient</strong> to back to <strong>Recipient </strong>list.</li>\n<li>Select a recipient from the list to view their details.<br />From the details page, you can delete the recipient.<br />You will learn how to edit recipients in next hike.</li>\n<li>Click the logout button <img src=\"https://i.ibb.co/WcS0Fd5/logout.jpg\" alt=\"logout\" width=\"13\" height=\"13\"> on top of the screen to navigate to the login screen.</li>\n</ol>"
      },
      "navigationBar": {
        "left": {
          "text": "Previous"
        },
        "right": {
          "text": "Next"
        }
      }
    },
    "zh-cn": {
      "content": {
        "title": "运行应用程序",
        "body": "***<ol> \n <li>从左导航栏中，单击<strong>运行</strong>。<br />将需要一些时间才能让Iris显示<strong> Volt MX Iris Preview </strong>窗口。<br /> Volt MX IRIS 预览窗口启动您的应用程序。</li> \n <li>在应用程序中输入以下登录凭据。 \n <ul> \n <li>用户名：<strong> john.doe@woodburn.com </strong> </li> \n <li>密码：<strong> voltmx@123 </strong> </li> \n </ul> \n </li> \n <li>单击<strong>登录</strong>。<br />出现帐户列表。</li> \n <li>单击<strong>收件人</strong> tab。<br />出现收件人列表。</li> <li>您可以在<strong>中添加一个收件人{32}添加收件人</strong>页面，单击<strong>（34}（34}（ +）</strong>图标。</li> \n <li>单击<strong>将收件人</strong>添加到<strong>收件人</strong>列表。</li> \n <li>从列表中选择一个收件人以查看其详细信息。<br />从“详细信息”页面中，您可以删除收件人。<br />您将学习如何在下一步徒步旅行中编辑收件人。</li> \n <li>单击屏幕顶部的注销按钮<img src=\"https://i.ibb.co/WcS0Fd5/logout.jpg\" alt=\"logout\" width=\"13\" height=\"13\">以导航到登录屏幕。</li> \n </ol>"
      },
      "navigationBar": {
        "left": {
          "text": "以前的"
        },
        "right": {
          "text": "下一个"
        }
      }
    },
    "zh-tw": {
      "content": {
        "title": "運行應用程序",
        "body": "***<ol> \n <li>從左導航欄中，單擊<strong>運行</strong>。<br />將需要一些時間才能讓Iris顯示<strong> Volt MX Iris Preview </strong>窗口。<br /> Volt MX IRIS 預覽窗口啟動您的應用程序。</li> \n <li>在應用程序中輸入以下登錄憑據。 \n <ul> \n <li>用戶名：<strong> john.doe@woodburn.com </strong> </li> \n <li>密碼：<strong> voltmx@123 </strong> </li> \n </ul> \n </li> \n <li>單擊<strong>登錄</strong>。<br />出現帳戶列表。</li> \n <li>單擊<strong>收件人</strong> tab。<br />出現收件人列表。</li> <li>您可以在<strong>中添加一個收件人{32}添加收件人</strong>頁面，單擊<strong>（34}（34}（ +）</strong>圖標。</li> \n <li>單擊<strong>將收件人</strong>添加到<strong>收件人</strong>列表。</li> \n <li>從列表中選擇一個收件人以查看其詳細信息。<br />從“詳細信息”頁面中，您可以刪除收件人。<br />您將學習如何在下一步徒步旅行中編輯收件人。</li> \n <li>單擊屏幕頂部的註銷按鈕<img src=\"https://i.ibb.co/WcS0Fd5/logout.jpg\" alt=\"logout\" width=\"13\" height=\"13\">以導航到登錄屏幕。</li> \n </ol>"
      },
      "navigationBar": {
        "left": {
          "text": "以前的"
        },
        "right": {
          "text": "下一個"
        }
      }
    }
  }
}