{
  "Card.VoltMX.AssignDatatotheSegmentV9.Intro": {
    "content": {
      "title": "将数据分配给细分市场",
      "body": "<p> <strong>让我开始！</strong> </p> \n <p>在这次远足中，我们将：</p> \n <ul> \n <li>从模板</li>修改段模板 \n <li>将数据分配给模板中的小部件</li> \n </ul> \n <p>＆nbsp; </p> \n <p>在开始之前，请确保您完成了以下远足：</p> \n <ol> \n <li> <a class=\"tour-link\" tour=\"9b0f07t4-e9a8-49rb-83u2-876264n4\"> <strong>细分简介</strong> </a> </li> \n </ol> \n <p>＆nbsp; </p> \n <p>确保您打开与上面徒步4中创建的相同项目。</p> \n <p>从主菜单中打开一个封闭的项目，导航至<strong> project </strong>＆gt; <strong>打开</strong>＆gt; <strong> HCl参考架构</strong>＆gt; <strong>雇主</strong>。</p> \n <p>＆nbsp; </p> \n <p> <strong>您准备就绪时，单击“开始”！</strong> </p>"
    },
    "navigationBar": {
      "left": {
        "text": "以前的"
      },
      "right": {
        "text": "开始"
      }
    }
  },
  "Card.VoltMX.AssignDatatotheSegmentV9.modifyUI": {
    "content": {
      "title": "修改细分",
      "body": "***<ol> \n <li>从<strong> project </strong>探索器，展开<strong>移动</strong>＆gt; <strong>表格</strong>＆gt; <strong> frmlist </strong>＆gt; {10] \n <li>选择<strong> \n </ol>"
    },
    "navigationBar": {
      "left": {
        "text": "以前的"
      },
      "right": {
        "text": "下一个"
      }
    }
  },
  "Card.VoltMX.AssignDatatotheSegmentV9.dupLabel1": {
    "content": {
      "title": "复制标签",
      "body": "***<ol> \n <li>右键单击<strong> \n <li>右键单击标签上，称为<b> copyemployeenamexxxxxxxxxxxxxx </b> <b> losplyeEsegresgry </b>，select <strong> rename </strong>。</li>。{14} \n <li>从<b> copyemployeenamexxxx </b>重命名标签为<strong> empdesignation </strong>。</li> \n </ol>"
    },
    "navigationBar": {
      "left": {
        "text": "以前的"
      },
      "right": {
        "text": "下一个"
      }
    }
  },
  "Card.VoltMX.AssignDatatotheSegmentV9.uiLabel": {
    "content": {
      "title": "将位置分配给标签",
      "body": "<ol> \n <li>从<strong>属性</strong>面板，导航到<strong> look </strong> tab。</li> \n <li>在<strong> flex </strong>部分下，输入以下值： \n <ul> \n <li>左：<strong> 165 dp </strong> </li> \n <li>中心y：<strong> 50％</strong> </li> \n </ul> \n </li> \n </ol>"
    },
    "navigationBar": {
      "left": {
        "text": "以前的"
      },
      "right": {
        "text": "下一个"
      }
    }
  },
  "Card.VoltMX.AssignDatatotheSegmentV9.dupLabel2": {
    "content": {
      "title": "复制标签empname",
      "body": "***<ol> \n <li>右键单击<strong> \n <li>右键单击标签上，称为<b> copyemployeenamexxxxxxxxxxxxxx </b> <b> losplyeEsegresgry </b>，select <strong> rename </strong>。</li>。{14} \n <li>从<b> copyemployeenamexxxxxxxxxxxx </b>重命名为<strong> empdepartment </strong>。</li> \n </ol>"
    },
    "navigationBar": {
      "left": {
        "text": "以前的"
      },
      "right": {
        "text": "下一个"
      }
    }
  },
  "Card.VoltMX.AssignDatatotheSegmentV9.uiLabel1": {
    "content": {
      "title": "将位置分配给标签",
      "body": "<ol> \n <li>从<strong>属性</strong>面板，导航到<strong> look </strong> tab。</li> \n <li>在<strong> flex </strong>部分下，输入以下值： \n <ul> \n <li>左：<strong> 165 dp </strong> </li> \n <li>底部：<strong> 23 dp <br /> </strong> </li> \n <li>空白<strong> top </strong>求职。</li> \n </ul> \n </li> \n </ol>"
    },
    "navigationBar": {
      "left": {
        "text": "以前的"
      },
      "right": {
        "text": "下一个"
      }
    }
  },
  "Card.VoltMX.AssignDatatotheSegmentV9.services": {
    "content": {
      "title": "向雇主添加服务",
      "body": "***<ol> \n <li>从项目Explorer中，展开<strong>移动</strong>＆gt; <strong>表格</strong>＆gt; <strong> frmlist </strong>。</li> \n <li>选择<strong> \n <li>单击<strong>数据＆amp; 服务</strong>面板在虹膜的右上角。</li> \n </ol>"
    },
    "navigationBar": {
      "left": {
        "text": "以前的"
      },
      "right": {
        "text": "下一个"
      }
    }
  },
  "Card.VoltMX.AssignDatatotheSegmentV9.addServices": {
    "content": {
      "title": "将服务添加到员工列表中",
      "body": "<ol> \n <li>展开<strong>示例服务</strong>＆gt; <strong>员工服务</strong>＆gt; <strong>员工。</strong> </li> \n <li>选择<strong>获取</strong>。</li> \n <li> drag <strong>从<strong>数据＆Services </strong>面板上获取</strong>到<strong> iris </strong> canvas。</li> \n <li>展开<strong>项目服务</strong>＆gt; <strong>员工服务</strong>＆gt; <strong>员工</strong>。</li> \n <li> <strong>获取</strong>旁边，单击<strong>查看映射</strong>。</li> \n </ol>"
    },
    "navigationBar": {
      "left": {
        "text": "以前的"
      },
      "right": {
        "text": "下一个"
      }
    }
  },
  "Card.VoltMX.AssignDatatotheSegmentV9.mapServices": {
    "content": {
      "title": "映射服务到UI元素",
      "body": "***<ol> \n <li>从<strong>动作编辑器的顶角</strong>画布，选择<strong>设计视图</strong>。</li> \n <li>导航至<strong>调用服务名称：雇员$雇员$ get </strong>＆gt; <strong>回调</strong>＆gt;＆nbsp; <strong>如果</strong> <strong> apply.opstatus.opstatus等于0 </strong>，然后选择<strong>添加mapping </strong>。 </strong>在<strong>动作编辑器</strong>的右窗格上打开。</li> \n <li>在<strong>映射编辑器</strong>的左窗格上，展开<strong> services </strong>＆gt; <strong>服务＆ndash; 员工服务$员工$ get </strong> </li> \n <li>在<strong>映射编辑器</strong>的右窗格上，展开<strong> forms </strong>＆gt; <strong> frmlist </strong>＆gt; <strong> segment-employeEsement </strong>＆gt; <strong> MasterDataMap </strong>。</li> \n </ol>"
    },
    "navigationBar": {
      "left": {
        "text": "以前的"
      },
      "right": {
        "text": "下一个"
      }
    }
  },
  "Card.VoltMX.AssignDatatotheSegmentV9.mapping1": {
    "content": {
      "title": "映射服务到UI元素",
      "body": "***<ol> \n <li>您可以看到从左窗格到右窗格的映射编辑器已经完成了以下映射。 \n <ul> \n <li> <strong>记录{Collection} </strong> to <strong> rowdata {Collection} </strong> {7}。</li> \n <li> <strong> emp_id {string} </strong> to <strong> label -applyEname </strong>＆gt; <strong>文本{string} </strong> </li> \n <li> <strong>名称{string} </strong> to <strong> label -empdepartment </strong>＆gt; <strong>文本{string} </strong> </li> \n <li> <strong>电子邮件{string} </strong> <strong> label -empdesignation </strong>＆gt; <strong>文本{string} </strong> </li> \n </ul> \n </li> \n </ol>"
    },
    "navigationBar": {
      "left": {
        "text": "以前的"
      },
      "right": {
        "text": "下一个"
      }
    }
  },
  "Card.VoltMX.AssignDatatotheSegmentV9.mapping2": {
    "content": {
      "title": "映射服务到UI元素",
      "body": "***<ol> \n <li>以以下方式添加<b>雇员</b>的映射： \n <ul> \n <li>从左窗格中，选择<strong> image_url {string} </strong> {7}，从右窗格中，选择<strong> image -emploeeeeimage </strong>＆gt; <strong> src {string} </strong>。</li> \n </ul> \n </li> \n <li>单击<strong>保存</strong>。</li> \n </ol>"
    },
    "navigationBar": {
      "left": {
        "text": "以前的"
      },
      "right": {
        "text": "下一个"
      }
    }
  },
  "Card.VoltMX.AssignDatatotheSegmentV9.run": {
    "content": {
      "title": "运行应用程序",
      "body": "***<ol> <li>使用USB电缆将<strong>移动</strong>设备连接到计算机。</li> \n <li>在您的<strong>移动</strong>设备上打开<strong> volt mx app </strong>。</li> \n <li>选择<strong> usb </strong> tab。<strong> <br /> </strong> </li> {17} \n <li>从虹膜上的左导航栏中，单击<strong>运行</strong>。</li> \n <li>输入名称<strong> applyeList </strong>，然后单击<strong>启动</strong>。<br />您可以看到带有图像，名称，名称和部门的员工列表。</li> \n </ol>"
    },
    "navigationBar": {
      "left": {
        "text": "以前的"
      },
      "right": {
        "text": "下一个"
      }
    }
  },
  "Card.VoltMX.AssignDatatotheSegmentV9.last": {
    "content": {
      "title": "恭喜",
      "body": "***<p> <strong>做得好！ 您已经成功：</strong> </p> \n <ul> \n <li>创建了一个段</li>的表单 \n <li>向片段添加了小部件</li> \n <li>将数据分配给细分</li> \n </ul> \n <br/> \n {13 <"
    },
    "navigationBar": {
      "left": {
        "text": "以前的"
      },
      "right": {
        "text": "完毕"
      }
    }
  }
}