{
  "Tour.AssignDatatotheSegmentV9": {
    "description": "旅游描述"
  },
  "Hike.VoltMX.AssignDatatotheSegmentV9": {
    "description": "徒步说明"
  },
  "Card.VoltMX.AssignDatatotheSegmentV9.addServices": {
    "content": {
      "title": "将服务添加到员工列表",
      "body": "<ol>\n<li>展开<strong>示例服务</strong>&gt;<strong>员工服务</strong>&gt;<strong>员工。</strong></li>\n<li>选择<strong>得到</strong>.</li>\n<li>拖动<strong>得到</strong>来自<strong>数据和服务</strong>面板到<strong>虹膜</strong>画布。</li>\n<li>展开<strong>项目服务</strong>&gt;<strong>对象</strong>&gt;<strong>员工服务</strong>&gt;<strong>员工</strong>.</li>\n<li>旁边<strong>得到</strong>，点击<strong>视图映射</strong>.</li>\n</ol>"
    },
    "navigationBar": {
      "left": {
        "text": "上一个"
      },
      "right": {
        "text": "下一个"
      }
    }
  },
  "Card.VoltMX.AssignDatatotheSegmentV9.dupLabel1": {
    "content": {
      "title": "复制标签employeeName",
      "body": "<ol>\n<li>右键单击<strong>员工姓名</strong>然后选择<strong>重复</strong>.</li>\n<li>右键单击新标签并选择<strong>重命名</strong>.</li>\n<li>重命名标签<strong>emp指定</strong>.</li>\n</ol>"
    },
    "navigationBar": {
      "left": {
        "text": "上一个"
      },
      "right": {
        "text": "下一个"
      }
    }
  },
  "Card.VoltMX.AssignDatatotheSegmentV9.dupLabel2": {
    "content": {
      "title": "复制标签empName",
      "body": "<ol>\n<li>右键单击<strong>员工姓名</strong>并选择<strong>重复</strong>.</li>\n<li>右键单击新标签并选择<strong>重命名</strong>.</li>\n<li>重命名标签<strong> empDepartment</strong>.</li>\n</ol>"
    },
    "navigationBar": {
      "left": {
        "text": "上一个"
      },
      "right": {
        "text": "下一个"
      }
    }
  },
  "Card.VoltMX.AssignDatatotheSegmentV9.Intro": {
    "content": {
      "title": "将数据分配给段",
      "body": "<p><strong>让我们开始吧！</strong></p>\n<p>在这次徒步旅行中，我们将：</p>\n<ul>\n<li> 从模板修改段模板</li>\n<li>将数据分配给模板中的小部件</li>\n</ul>\n<p> &nbsp;</p>\n<p>开始之前，请确保您已完成以下徒步旅行：</p>\n<ol>\n<li><a class=\"tour-link\" tour=\"9b0f07t4-e9a8-49rb-83u2-876264n4\"><strong>段介绍</strong></a></li>\n</ol>\n<p> &nbsp;</p>\n<p>确保您打开在之前的徒步旅行中创建的相同项目。</p>\n<p>要打开一个关闭的项目，从主菜单，导航到<strong>项目</strong>&gt;<strong>打开</strong>&gt;<strong>HCL 参考架构</strong>&gt;<strong>雇员名单</strong>.</p>\n<p> &nbsp;</p>\n<p><strong>准备好后，单击开始！</strong></p>"
    },
    "navigationBar": {
      "left": {
        "text": "上一个"
      },
      "right": {
        "text": "开始"
      }
    }
  },
  "Card.VoltMX.AssignDatatotheSegmentV9.last": {
    "content": {
      "title": " 恭喜",
      "body": "<p><strong>干得好！您已成功：</strong></p>\n<ul>\n<li>创建了一个带有段的表单</li>\n<li>向段添加小部件</li>\n<li>分配给段的数据</li>\n</ul>\n<br/>\n<p>要了解有关 Volt MX Iris 的更多信息，请访问<a href='#'onClick='javascript:openURL(\"https://support.hcltechsw.com/\")'>大本营</a>.</p>"
    },
    "navigationBar": {
      "left": {
        "text": "上一个"
      },
      "right": {
        "text": "完成"
      }
    }
  },
  "Card.VoltMX.AssignDatatotheSegmentV9.mapping1": {
    "content": {
      "title": "将服务映射到 UI 元素",
      "body": "<ol>\n<li> 可以看到映射编辑器从左窗格到右窗格已经完成了以下映射。<ul>\n<li> <strong>记录{集合}</strong>到<strong>行数据{集合}</strong>.</li>\n<li><strong>名称{字符串}</strong>到<strong>标签员工姓名</strong>&gt;<strong>文本{字符串}</strong></li>\n<li><strong>部门{字符串}</strong>到<strong>标签部门</strong>&gt;<strong>文本{字符串}</strong></li>\n<li><strong>名称{字符串}</strong>到<strong>标签-empDesignation</strong>&gt;<strong>文本{字符串}</strong></li>\n</ul>\n</li>\n</ol>"
    },
    "navigationBar": {
      "left": {
        "text": "上一个"
      },
      "right": {
        "text": "下一个"
      }
    }
  },
  "Card.VoltMX.AssignDatatotheSegmentV9.mapping2": {
    "content": {
      "title": "将服务映射到 UI 元素",
      "body": "<ol>\n<li>添加映射<b>employeeImage</b>以下列方式：<ul>\n<li>从左窗格中，选择<strong>Image_URL {string}</strong>然后从右侧窗格中选择<strong> Image-employeeImage</strong>&gt;<strong> src {string}</strong>.</li>\n</ul>\n</li>\n<li>点击<strong>保存</strong>.</li>\n</ol>"
    },
    "navigationBar": {
      "left": {
        "text": "上一个"
      },
      "right": {
        "text": "下一个"
      }
    }
  },
  "Card.VoltMX.AssignDatatotheSegmentV9.mapServices": {
    "content": {
      "title": "将服务映射到 UI 元素",
      "body": "<ol>\n<li>从右上角<strong>动作编辑器</strong>画布，选择<strong>设计视图</strong>.</li>\n<li>导航到<strong>调用服务名称：EmployeeServices$employees$get</strong>&gt;<strong>回调</strong>&gt;&nbsp;<strong>如果</strong><strong>employees.opstatus 等于 0</strong>并选择<strong>添加映射</strong>.<br /><strong>映射编辑器</strong>在右侧窗格中打开<strong>动作编辑器</strong>.</li>\n<li>在左侧窗格中<strong>映射编辑器</strong>，展开<strong>服务</strong>&gt;<strong>服务EmployeeServices$employees$get</strong></li>\n<li>在右侧窗格中<strong>映射编辑器</strong>，展开<strong>表格</strong>&gt;<strong>frmList</strong>&gt;<strong> Segment-employeeSegment</strong>&gt;<strong>主数据映射</strong>.</li>\n</ol>"
    },
    "navigationBar": {
      "left": {
        "text": "上一个"
      },
      "right": {
        "text": "下一个"
      }
    }
  },
  "Card.VoltMX.AssignDatatotheSegmentV9.modifyUI": {
    "content": {
      "title": "修改段",
      "body": "<ol>\n<li>来自<strong>项目</strong>资源管理器，展开<strong>手机</strong>&gt;<strong>表格</strong>&gt;<strong>frmList</strong>&gt;<strong>雇员段</strong>.</li>\n<li>选择<strong>员工姓名</strong>.</li>\n</ol>"
    },
    "navigationBar": {
      "left": {
        "text": "上一个"
      },
      "right": {
        "text": "下一个"
      }
    }
  },
  "Card.VoltMX.AssignDatatotheSegmentV9.run": {
    "content": {
      "title": "运行应用程序",
      "body": "<ol><li>连接<strong>手机</strong>使用 USB 电缆将设备连接到计算机。</li>\n<li>打开<strong>Volt MX 应用程序</strong>在你的<strong>手机</strong>设备。</li>\n<li>选择<strong>USB</strong>标签。<strong><br /></strong></li>\n<li>从 Iris 的左侧导航栏中，单击<strong>运行</strong>.</li>\n<li>输入名称<strong>雇员名单</strong>然后点击<strong>启动</strong>.<br />您可以看到带有图像、姓名、职位和部门的员工列表。</li>\n</ol>"
    },
    "navigationBar": {
      "left": {
        "text": "上一个"
      },
      "right": {
        "text": "下一个"
      }
    }
  },
  "Card.VoltMX.AssignDatatotheSegmentV9.services": {
    "content": {
      "title": "将服务添加到EmployeeList",
      "body": "<ol>\n<li>从项目资源管理器中，展开<strong>手机</strong>&gt;<strong>表格</strong>&gt;<strong>frmList</strong>.</li>\n<li>选择<strong>雇员段</strong>.</li>\n<li>点击<strong>数据&amp;服务</strong>Iris 右上角的面板。</li>\n</ol>"
    },
    "navigationBar": {
      "left": {
        "text": "上一个"
      },
      "right": {
        "text": "下一个"
      }
    }
  },
  "Card.VoltMX.AssignDatatotheSegmentV9.uiLabel": {
    "content": {
      "title": "为标签分配位置",
      "body": "<ol>\n<li>来自<strong>属性</strong>面板，导航到<strong>看</strong>选项卡。</li>\n<li> 在<strong>弹性</strong> 部分，输入以下值：<ul>\n<li>左：<strong>165 Dp</strong></li>\n<li>中心Y：<strong>50%</strong></li>\n</ul>\n</li>\n</ol>"
    },
    "navigationBar": {
      "left": {
        "text": "上一个"
      },
      "right": {
        "text": "下一个"
      }
    }
  },
  "Card.VoltMX.AssignDatatotheSegmentV9.uiLabel1": {
    "content": {
      "title": "为标签分配位置",
      "body": "<ol>\n<li>来自<strong>属性</strong>面板，导航到<strong>看</strong>选项卡。</li>\n<li> 在<strong>弹性</strong> 部分，输入以下值：<ul>\n<li>左：<strong>165 Dp</strong></li>\n<li>底部：2<strong>3 Dp<br /></strong></li>\n<li>清除右侧给出的值<strong>顶部</strong></li>\n</ul>\n</li>\n</ol>"
    },
    "navigationBar": {
      "left": {
        "text": "上一个"
      },
      "right": {
        "text": "下一个"
      }
    }
  }
}