{
  "Card.VoltMX.AssignDatatotheSegmentV9.Intro": {
    "content": {
      "title": "Assign Data to the Segment",
      "body": "<p><strong>Let&rsquo;s get started!</strong></p>\n<p>In this hike, we will:</p>\n<ul>\n<li>Modify the segment template from the template</li>\n<li>Assign data to the widgets in the template</li>\n</ul>\n<p>&nbsp;</p>\n<p>Before you begin, ensure that you have completed the following hike:</p>\n<ol>\n<li><a class=\"tour-link\" tour=\"9b0f07t4-e9a8-49rb-83u2-876264n4\"><strong>Introduction to Segment</strong></a></li>\n</ol>\n<p>&nbsp;</p>\n<p>Ensure that you open the same project that you have created in the hikes 4 above.</p>\n<p>To open a closed project, from the main menu, navigate to <strong>Project</strong> &gt; <strong>Open</strong> &gt; <strong>HCL Reference Architecture</strong> &gt; <strong>EmployeeList</strong>.</p>\n<p>&nbsp;</p>\n<p><strong>When you are ready, click Start!</strong></p>"
    },
    "navigationBar": {
      "left": {
        "text": "Previous"
      },
      "right": {
        "text": "Start"
      }
    }
  },
  "Card.VoltMX.AssignDatatotheSegmentV9.modifyUI": {
    "content": {
      "title": "Modify the Segment",
      "body": "<ol>\n<li>From the <strong>Project </strong>explorer, expand <strong>Mobile </strong>&gt; <strong>Forms </strong>&gt; <strong>frmList </strong>&gt; <strong>employeeSegment</strong>.</li>\n<li>Select <strong>employeeName</strong>.</li>\n</ol>"
    },
    "navigationBar": {
      "left": {
        "text": "Previous"
      },
      "right": {
        "text": "Next"
      }
    }
  },
  "Card.VoltMX.AssignDatatotheSegmentV9.dupLabel1": {
    "content": {
      "title": "Duplicate the Label employeeName",
      "body": "<ol>\n<li>Right-click on <strong>employeeName </strong>and select <strong>Duplicate</strong>.</li>\n<li>Right-click on the label named as <b>CopyemployeeNameXXXX</b> under <b>employeeSegment</b>, select <strong>Rename</strong>.</li>\n<li>Rename the label from <b>CopyemployeeNameXXXX</b> to <strong>empDesignation</strong>.</li>\n</ol>"
    },
    "navigationBar": {
      "left": {
        "text": "Previous"
      },
      "right": {
        "text": "Next"
      }
    }
  },
  "Card.VoltMX.AssignDatatotheSegmentV9.uiLabel": {
    "content": {
      "title": "Assign Position to the Label",
      "body": "<ol>\n<li>From the <strong>Properties</strong> panel, navigate to the <strong>Look</strong> tab.</li>\n<li>Under the <strong>Flex</strong> section, enter the following values:\n<ul>\n<li>Left: <strong>165 Dp</strong></li>\n<li>Center Y: <strong>50%</strong></li>\n</ul>\n</li>\n</ol>"
    },
    "navigationBar": {
      "left": {
        "text": "Previous"
      },
      "right": {
        "text": "Next"
      }
    }
  },
  "Card.VoltMX.AssignDatatotheSegmentV9.dupLabel2": {
    "content": {
      "title": "Duplicate the Label empName",
      "body": "<ol>\n<li>Right-click on <strong>employeeName</strong> and select <strong>Duplicate</strong>.</li>\n<li>Right-click on the label named as <b>CopyemployeeNameXXXX</b> under <b>employeeSegment</b>, select <strong>Rename</strong>.</li>\n<li>Rename the label from <b>CopyemployeeNameXXXX</b> to  <strong>empDepartment</strong>.</li>\n</ol>"
    },
    "navigationBar": {
      "left": {
        "text": "Previous"
      },
      "right": {
        "text": "Next"
      }
    }
  },
  "Card.VoltMX.AssignDatatotheSegmentV9.uiLabel1": {
    "content": {
      "title": "Assign Position to the Label",
      "body": "<ol>\n<li>From the <strong>Properties</strong> panel, navigate to the <strong>Look</strong> tab.</li>\n<li>Under the <strong>Flex</strong> section, enter the following values:\n<ul>\n<li>Left: <strong>165 Dp</strong></li>\n<li>Bottom: <strong>23 Dp<br /></strong></li>\n<li>Blank out the <strong>Top</strong> propertry.</li>\n</ul>\n</li>\n</ol>"
    },
    "navigationBar": {
      "left": {
        "text": "Previous"
      },
      "right": {
        "text": "Next"
      }
    }
  },
  "Card.VoltMX.AssignDatatotheSegmentV9.services": {
    "content": {
      "title": "Add Services to EmployeeList",
      "body": "<ol>\n<li>From the Project explorer, expand <strong>Mobile</strong> &gt; <strong>Forms</strong> &gt; <strong>frmList</strong>.</li>\n<li>Select <strong>employeeSegment</strong>.</li>\n<li>Click the <strong>Data &amp; Services</strong> panel on the top-right corner of Iris.</li>\n</ol>"
    },
    "navigationBar": {
      "left": {
        "text": "Previous"
      },
      "right": {
        "text": "Next"
      }
    }
  },
  "Card.VoltMX.AssignDatatotheSegmentV9.addServices": {
    "content": {
      "title": "Add Services to the Employee List",
      "body": "<ol>\n<li>Expand <strong>Sample Services </strong>&gt; <strong>EmployeeServices </strong>&gt; <strong>employees.</strong></li>\n<li>Select <strong>get</strong>.</li>\n<li>Drag <strong>get </strong>from the <strong>Data & Services </strong>panel onto the <strong>Iris</strong> canvas.</li>\n<li>Expand <strong>Project Services </strong>&gt; <strong>EmployeeServices </strong>&gt; <strong>employees</strong>.</li>\n<li>Next to <strong>get</strong>, click <strong>View Mapping</strong>.</li>\n</ol>"
    },
    "navigationBar": {
      "left": {
        "text": "Previous"
      },
      "right": {
        "text": "Next"
      }
    }
  },
  "Card.VoltMX.AssignDatatotheSegmentV9.mapServices": {
    "content": {
      "title": "Map Services to UI Elements",
      "body": "<ol>\n<li>From the top-right corner of the <strong>Action Editor </strong>canvas, select <strong>Design View</strong>.</li>\n<li>Navigate to <strong>Invoke Service name: EmployeeServices$employees$get</strong> &gt; <strong>Callback </strong>&gt;&nbsp;<strong>IF</strong><strong> employees.opstatus is equal to 0</strong> and select <strong>Add Mapping</strong>.<br /><strong>Mapping Editor </strong>opens on the right pane of the <strong>Action Editor</strong>.</li>\n<li>On the left pane of the <strong>Mapping Editor</strong>, expand <strong>Services </strong>&gt; <strong>Service &ndash; EmployeeServices$employees$get</strong></li>\n<li>On the right pane of the <strong>Mapping Editor</strong>, expand <strong>Forms </strong>&gt; <strong>frmList </strong>&gt; <strong>Segment-employeeSegment</strong> &gt; <strong>masterdatamap</strong>.</li>\n</ol>"
    },
    "navigationBar": {
      "left": {
        "text": "Previous"
      },
      "right": {
        "text": "Next"
      }
    }
  },
  "Card.VoltMX.AssignDatatotheSegmentV9.mapping1": {
    "content": {
      "title": "Map Services to UI Elements",
      "body": "<ol>\n<li>You can see that the following mappings have already been done on the mapping editor from the left pane to the right pane.\n<ul>\n<li> <strong>records {collection}</strong> to <strong>rowData {collection}</strong>.</li>\n<li><strong>Emp_id {string}</strong> to <strong>Label - employeeName</strong> &gt; <strong>text {string}</strong></li>\n<li><strong>Name {string}</strong> to <strong>Label - empDepartment</strong> &gt; <strong>text {string}</strong></li>\n<li><strong>Email {string}</strong> to <strong>Label - empDesignation</strong> &gt; <strong>text {string}</strong></li>\n</ul>\n</li>\n</ol>"
    },
    "navigationBar": {
      "left": {
        "text": "Previous"
      },
      "right": {
        "text": "Next"
      }
    }
  },
  "Card.VoltMX.AssignDatatotheSegmentV9.mapping2": {
    "content": {
      "title": "Map Services to UI Elements",
      "body": "<ol>\n<li>Add the mappings for <b>employeeImage</b> in the following manner:\n<ul>\n<li>From the left pane, select <strong>Image_URL {string}</strong> and from the right pane, select <strong>Image - employeeImage</strong> &gt; <strong>src {string}</strong>.</li>\n</ul>\n</li>\n<li>Click <strong>Save</strong>.</li>\n</ol>"
    },
    "navigationBar": {
      "left": {
        "text": "Previous"
      },
      "right": {
        "text": "Next"
      }
    }
  },
  "Card.VoltMX.AssignDatatotheSegmentV9.run": {
    "content": {
      "title": "Run the App",
      "body": "<ol><li>Connect the <strong>mobile</strong> device to the computer with a USB cable.</li>\n<li>Open <strong>Volt MX App</strong> on your <strong>mobile</strong> device.</li>\n<li>Select the <strong>USB </strong>tab.<strong><br /></strong></li>\n<li>From the left navigation bar on your Iris, click <strong>Run</strong>.</li>\n<li>Enter the name <strong>EmployeeList </strong>and click <strong>Launch</strong>.<br /> You can see the Employee List with an image, name, designation and department.</li>\n</ol>"
    },
    "navigationBar": {
      "left": {
        "text": "Previous"
      },
      "right": {
        "text": "Next"
      }
    }
  },
  "Card.VoltMX.AssignDatatotheSegmentV9.last": {
    "content": {
      "title": "Congratulations",
      "body": "<p><strong>Well Done! You have successfully:</strong></p>\n<ul>\n<li>Created a form with a segment</li>\n<li>Added widgets to the segment</li>\n<li>Assigned data to the segment</li>\n</ul>\n<br/>\n<p>To learn more on what you can do with Volt MX Iris, visit <a href='#'onClick='javascript:openURL(\"https://support.hcltechsw.com/\")'>Base Camp</a>.</p>"
    },
    "navigationBar": {
      "left": {
        "text": "Previous"
      },
      "right": {
        "text": "Done"
      }
    }
  }
}