{
  "Card.VoltMX.AssignDatatotheSegmentV9.Intro": {
    "content": {
      "title": "將數據分配給細分市場",
      "body": "<p> <strong>讓我開始！</strong> </p> \n <p>在這次遠足中，我們將：</p> \n <ul> \n <li>從模板</li>修改段模板 \n <li>將數據分配給模板中的小部件</li> \n </ul> \n <p>＆nbsp; </p> \n <p>在開始之前，請確保您完成了以下遠足：</p> \n <ol> \n <li> <a class=\"tour-link\" tour=\"9b0f07t4-e9a8-49rb-83u2-876264n4\"> <strong>細分簡介</strong> </a> </li> \n </ol> \n <p>＆nbsp; </p> \n <p>確保您打開與上面徒步4中創建的相同項目。</p> \n <p>從主菜單中打開一個封閉的項目，導航至<strong> project </strong>＆gt; <strong>打開</strong>＆gt; <strong> HCl參考架構</strong>＆gt; <strong>雇主</strong>。</p> \n <p>＆nbsp; </p> \n <p> <strong>您準備就緒時，單擊“開始”！</strong> </p>"
    },
    "navigationBar": {
      "left": {
        "text": "以前的"
      },
      "right": {
        "text": "開始"
      }
    }
  },
  "Card.VoltMX.AssignDatatotheSegmentV9.modifyUI": {
    "content": {
      "title": "修改細分",
      "body": "***<ol> \n <li>從<strong> project </strong>探索器，展開<strong>移動</strong>＆gt; <strong>表格</strong>＆gt; <strong> frmlist </strong>＆gt; {10] \n <li>選擇<strong> \n </ol>"
    },
    "navigationBar": {
      "left": {
        "text": "以前的"
      },
      "right": {
        "text": "下一個"
      }
    }
  },
  "Card.VoltMX.AssignDatatotheSegmentV9.dupLabel1": {
    "content": {
      "title": "複製標籤",
      "body": "***<ol> \n <li>右鍵單擊<strong> \n <li>右鍵單擊標籤上，稱為<b> copyemployeenamexxxxxxxxxxxxxx </b> <b> losplyeEsegresgry </b>，select <strong> rename </strong>。</li>。{14} \n <li>從<b> copyemployeenamexxxx </b>重命名標籤為<strong> empdesignation </strong>。</li> \n </ol>"
    },
    "navigationBar": {
      "left": {
        "text": "以前的"
      },
      "right": {
        "text": "下一個"
      }
    }
  },
  "Card.VoltMX.AssignDatatotheSegmentV9.uiLabel": {
    "content": {
      "title": "將位置分配給標籤",
      "body": "<ol> \n <li>從<strong>屬性</strong>面板，導航到<strong> look </strong> tab。</li> \n <li>在<strong> flex </strong>部分下，輸入以下值： \n <ul> \n <li>左：<strong> 165 dp </strong> </li> \n <li>中心y：<strong> 50％</strong> </li> \n </ul> \n </li> \n </ol>"
    },
    "navigationBar": {
      "left": {
        "text": "以前的"
      },
      "right": {
        "text": "下一個"
      }
    }
  },
  "Card.VoltMX.AssignDatatotheSegmentV9.dupLabel2": {
    "content": {
      "title": "複製標籤empname",
      "body": "***<ol> \n <li>右鍵單擊<strong> \n <li>右鍵單擊標籤上，稱為<b> copyemployeenamexxxxxxxxxxxxxx </b> <b> losplyeEsegresgry </b>，select <strong> rename </strong>。</li>。{14} \n <li>從<b> copyemployeenamexxxxxxxxxxxx </b>重命名為<strong> empdepartment </strong>。</li> \n </ol>"
    },
    "navigationBar": {
      "left": {
        "text": "以前的"
      },
      "right": {
        "text": "下一個"
      }
    }
  },
  "Card.VoltMX.AssignDatatotheSegmentV9.uiLabel1": {
    "content": {
      "title": "將位置分配給標籤",
      "body": "<ol> \n <li>從<strong>屬性</strong>面板，導航到<strong> look </strong> tab。</li> \n <li>在<strong> flex </strong>部分下，輸入以下值： \n <ul> \n <li>左：<strong> 165 dp </strong> </li> \n <li>底部：<strong> 23 dp <br /> </strong> </li> \n <li>空白<strong> top </strong>求職。</li> \n </ul> \n </li> \n </ol>"
    },
    "navigationBar": {
      "left": {
        "text": "以前的"
      },
      "right": {
        "text": "下一個"
      }
    }
  },
  "Card.VoltMX.AssignDatatotheSegmentV9.services": {
    "content": {
      "title": "向雇主添加服務",
      "body": "***<ol> \n <li>從項目Explorer中，展開<strong>移動</strong>＆gt; <strong>表格</strong>＆gt; <strong> frmlist </strong>。</li> \n <li>選擇<strong> \n <li>單擊<strong>數據＆amp; 服務</strong>面板在虹膜的右上角。</li> \n </ol>"
    },
    "navigationBar": {
      "left": {
        "text": "以前的"
      },
      "right": {
        "text": "下一個"
      }
    }
  },
  "Card.VoltMX.AssignDatatotheSegmentV9.addServices": {
    "content": {
      "title": "將服務添加到員工列表中",
      "body": "<ol> \n <li>展開<strong>示例服務</strong>＆gt; <strong>員工服務</strong>＆gt; <strong>員工。</strong> </li> \n <li>選擇<strong>獲取</strong>。</li> \n <li> drag <strong>從<strong>數據＆Services </strong>面板上獲取</strong>到<strong> iris </strong> canvas。</li> \n <li>展開<strong>項目服務</strong>＆gt; <strong>員工服務</strong>＆gt; <strong>員工</strong>。</li> \n <li> <strong>獲取</strong>旁邊，單擊<strong>查看映射</strong>。</li> \n </ol>"
    },
    "navigationBar": {
      "left": {
        "text": "以前的"
      },
      "right": {
        "text": "下一個"
      }
    }
  },
  "Card.VoltMX.AssignDatatotheSegmentV9.mapServices": {
    "content": {
      "title": "映射服務到UI元素",
      "body": "***<ol> \n <li>從<strong>動作編輯器的頂角</strong>畫布，選擇<strong>設計視圖</strong>。</li> \n <li>導航至<strong>調用服務名稱：僱員$僱員$ get </strong>＆gt; <strong>回調</strong>＆gt;＆nbsp; <strong>如果</strong> <strong> apply.opstatus.opstatus等於0 </strong>，然後選擇<strong>添加mapping </strong>。 </strong>在<strong>動作編輯器</strong>的右窗格上打開。</li> \n <li>在<strong>映射編輯器</strong>的左窗格上，展開<strong> services </strong>＆gt; <strong>服務＆ndash; 員工服務$員工$ get </strong> </li> \n <li>在<strong>映射編輯器</strong>的右窗格上，展開<strong> forms </strong>＆gt; <strong> frmlist </strong>＆gt; <strong> segment-employeEsement </strong>＆gt; <strong> MasterDataMap </strong>。</li> \n </ol>"
    },
    "navigationBar": {
      "left": {
        "text": "以前的"
      },
      "right": {
        "text": "下一個"
      }
    }
  },
  "Card.VoltMX.AssignDatatotheSegmentV9.mapping1": {
    "content": {
      "title": "映射服務到UI元素",
      "body": "***<ol> \n <li>您可以看到從左窗格到右窗格的映射編輯器已經完成了以下映射。 \n <ul> \n <li> <strong>記錄{Collection} </strong> to <strong> rowdata {Collection} </strong> {7}。</li> \n <li> <strong> emp_id {string} </strong> to <strong> label -applyEname </strong>＆gt; <strong>文本{string} </strong> </li> \n <li> <strong>名稱{string} </strong> to <strong> label -empdepartment </strong>＆gt; <strong>文本{string} </strong> </li> \n <li> <strong>電子郵件{string} </strong> <strong> label -empdesignation </strong>＆gt; <strong>文本{string} </strong> </li> \n </ul> \n </li> \n </ol>"
    },
    "navigationBar": {
      "left": {
        "text": "以前的"
      },
      "right": {
        "text": "下一個"
      }
    }
  },
  "Card.VoltMX.AssignDatatotheSegmentV9.mapping2": {
    "content": {
      "title": "映射服務到UI元素",
      "body": "***<ol> \n <li>以以下方式添加<b>僱員</b>的映射： \n <ul> \n <li>從左窗格中，選擇<strong> image_url {string} </strong> {7}，從右窗格中，選擇<strong> image -emploeeeeimage </strong>＆gt; <strong> src {string} </strong>。</li> \n </ul> \n </li> \n <li>單擊<strong>保存</strong>。</li> \n </ol>"
    },
    "navigationBar": {
      "left": {
        "text": "以前的"
      },
      "right": {
        "text": "下一個"
      }
    }
  },
  "Card.VoltMX.AssignDatatotheSegmentV9.run": {
    "content": {
      "title": "運行應用程序",
      "body": "***<ol> <li>使用USB電纜將<strong>移動</strong>設備連接到計算機。</li> \n <li>在您的<strong>移動</strong>設備上打開<strong> volt mx app </strong>。</li> \n <li>選擇<strong> usb </strong> tab。<strong> <br /> </strong> </li> {17} \n <li>從虹膜上的左導航欄中，單擊<strong>運行</strong>。</li> \n <li>輸入名稱<strong> applyeList </strong>，然後單擊<strong>啟動</strong>。<br />您可以看到帶有圖像，名稱，名稱和部門的員工列表。</li> \n </ol>"
    },
    "navigationBar": {
      "left": {
        "text": "以前的"
      },
      "right": {
        "text": "下一個"
      }
    }
  },
  "Card.VoltMX.AssignDatatotheSegmentV9.last": {
    "content": {
      "title": "恭喜",
      "body": "***<p> <strong>做得好！ 您已經成功：</strong> </p> \n <ul> \n <li>創建了一個段</li>的表單 \n <li>向片段添加了小部件</li> \n <li>將數據分配給細分</li> \n </ul> \n <br/> \n {13 <"
    },
    "navigationBar": {
      "left": {
        "text": "以前的"
      },
      "right": {
        "text": "完畢"
      }
    }
  }
}