{
  "kuid": "d367f6t5-1bac-46rf-8aub-f1e97fn7",
  "id": "VoltMX.createUIMobV9.addNavigation1",
  "content": {
    "title": "Navigation from Login Form",
    "body": "<ol>\n<li>From the <strong>Project</strong> explorer, navigate to <strong>Mobile </strong>&gt; <strong>Forms</strong>&gt; <strong>frmLogin</strong>&gt; <strong>flexUserLogin</strong> and select <strong>btnSignin</strong>.</li>\n<li>From the <strong>Properties</strong> panel, navigate to the <strong>Action</strong> tab.</li>\n<li>Under the <strong>General</strong> section, for the <strong>onClick </strong>event, click <strong>Edit</strong>.<br /> The <strong>Action Editor </strong>window appears.</li>\n</ol>"
  },
  "pointer": {
    "direction": "left",
    "element": {
      "module": "projectexplorer",
      "path": "project-body\\project\\Mobile\\Forms\\frmLogin\\flexUserLogin\\btnSignin"
    },
    "type": "default"
  },
  "navigationType": "manual",
  "navigationBar": {
    "left": {
      "text": "Previous",
      "enable": true,
      "hide": false
    },
    "right": {
      "text": "Next",
      "enable": true,
      "hide": false
    }
  },
  "navigationCondition": "",
  "position": "BOTTOM_LEFT",
  "meta": {
    "Creator": "Rashmi Menon",
    "CreatedOn": "Wed, 18 Dec 2019 06:58:40 GMT"
  },
  "context": [],
  "localization": {
    "en-us": {
      "content": {
        "title": "Navigation from Login Form",
        "body": "<ol>\n<li>From the <strong>Project</strong> explorer, navigate to <strong>Mobile </strong>&gt; <strong>Forms</strong>&gt; <strong>frmLogin</strong>&gt; <strong>flexUserLogin</strong> and select <strong>btnSignin</strong>.</li>\n<li>From the <strong>Properties</strong> panel, navigate to the <strong>Action</strong> tab.</li>\n<li>Under the <strong>General</strong> section, for the <strong>onClick </strong>event, click <strong>Edit</strong>.<br /> The <strong>Action Editor </strong>window appears.</li>\n</ol>"
      },
      "navigationBar": {
        "left": {
          "text": "Previous"
        },
        "right": {
          "text": "Next"
        }
      }
    },
    "zh-cn": {
      "content": {
        "title": "从登录表中导航",
        "body": "***<ol> \n <li>从<strong> project </strong>探索器，导航到<strong>移动</strong>＆gt; <strong>表格</strong>＆gt; <strong> frmlogin </strong>＆gt; <strong> flexuserlogin </strong>并选择<strong> btnSignin </strong>。</li> \n <li>从<strong>属性</strong>面板，导航到<strong> action </strong> tab。</li> \n <li>在<strong>常规</strong>部分，对于<strong> onClick </strong>事件，单击<strong> edit </strong>。 31} \n </ol>"
      },
      "navigationBar": {
        "left": {
          "text": "以前的"
        },
        "right": {
          "text": "下一个"
        }
      }
    },
    "zh-tw": {
      "content": {
        "title": "從登錄表中導航",
        "body": "***<ol> \n <li>從<strong> project </strong>探索器，導航到<strong>移動</strong>＆gt; <strong>表格</strong>＆gt; <strong> frmlogin </strong>＆gt; <strong> flexuserlogin </strong>並選擇<strong> btnSignin </strong>。</li> \n <li>從<strong>屬性</strong>面板，導航到<strong> action </strong> tab。</li> \n <li>在<strong>常規</strong>部分，對於<strong> onClick </strong>事件，單擊<strong> edit </strong>。 31} \n </ol>"
      },
      "navigationBar": {
        "left": {
          "text": "以前的"
        },
        "right": {
          "text": "下一個"
        }
      }
    }
  }
}