{
    "kuid": "3ee172tb-4ba2-4dr6-afue-ef5596nc",
    "id": "kony.CreateEmailIdCompV9.addCustom",
    "content": {
        "title": "Add Custom Events to the Component",
        "body": "<ol>\n<li>From the upper-left corner of Visualizer, in the <b>Templates</b> explorer, expand <b>Components</b> and select the \n component <b>userEntry.emailField</b>. </li>\n<li> From the upper-right corner of Visualizer, in the <b>Properties</b> panel, click <b>Action</b>, and then, click <b>Manage Events</b>.</li>\n<li>From the <b>Manage Events</b> window, select the <b>Custom</b> tab, and then  click the Add icon <img src=\"https://i.ibb.co/m0gc2rs/add-icon.png\" alt=\"add icon\" width=\"13\"\n         height=\"13\">. </li>\n<li>Under <b>Raised Events</b>, enter <b>onValidationSuccess</b>.</li>\n<li>Click the Add icon <img src=\"https://i.ibb.co/m0gc2rs/add-icon.png\" alt=\"add icon\" width=\"13\"\n         height=\"13\"> again. Under <b>Raised Events</b>, enter <b>onValidationFailed</b>. </li>\n<li>Click <b>Apply</b>.</li>\n</ol>"
    },
    "pointer": {
        "direction": "left",
        "element": {
            "module": "projectexplorer",
            "path": "templates-body\\templates\\Components\\userEntry.emailField"
        },
        "type": "default"
    },
    "navigationType": "manual",
    "navigationBar": {
        "left": {
            "text": "Previous",
            "enable": true,
            "hide": false
        },
        "right": {
            "text": "Next",
            "enable": true,
            "hide": false
        }
    },
    "navigationCondition": "",
    "position": "BOTTOM_RIGHT",
    "meta": {
        "Creator": "Rashmi Menon",
        "CreatedOn": "Tue, 26 Nov 2019 06:25:40 GMT"
    },
    "context": []
}