{
  "kuid": "de9fe2t1-e6af-44rb-91uc-77114anf",
  "id": "VoltMX.IntrotoActionEditorV9.intro",
  "content": {
    "title": "Introduction to Action Editor",
    "body": "<p><strong>Action Editor</strong> is an application logic generator.<br />Using <strong>Action Editor</strong>,  you can define and modify application behavior.<br /><br />At the end of this hike, you will be able to:</p>\n<ul style=\"list-style-type: disc;\">\n<li>Navigate between forms</li>\n<li>Create conditional behavior</li>\n<li>Show an alert</li>\n<li>Set widget properties</li>\n</ul>"
  },
  "pointer": {
    "direction": "left",
    "element": "",
    "type": "none"
  },
  "navigationType": "manual",
  "navigationBar": {
    "left": {
      "text": "Previous",
      "enable": false,
      "hide": true
    },
    "right": {
      "text": "Start",
      "enable": true,
      "hide": false
    }
  },
  "navigationCondition": "",
  "position": "CENTER",
  "meta": {
    "Creator": "Rashmi Menon",
    "CreatedOn": "Tue, 26 Nov 2019 04:22:31 GMT"
  },
  "context": [],
  "localization": {
    "en-us": {
      "content": {
        "title": "Introduction to Action Editor",
        "body": "<p><strong>Action Editor</strong> is an application logic generator.<br />Using <strong>Action Editor</strong>,  you can define and modify application behavior.<br /><br />At the end of this hike, you will be able to:</p>\n<ul style=\"list-style-type: disc;\">\n<li>Navigate between forms</li>\n<li>Create conditional behavior</li>\n<li>Show an alert</li>\n<li>Set widget properties</li>\n</ul>"
      },
      "navigationBar": {
        "left": {
          "text": "Previous"
        },
        "right": {
          "text": "Start"
        }
      }
    },
    "zh-cn": {
      "content": {
        "title": "动作编辑简介",
        "body": "<p> <strong>操作编辑器</strong>是一个应用程序逻辑生成器。<br />使用<strong>操作编辑器</strong>，您可以在此远足结束时定义和修改应用程序行为。<br /> <br /> ，您将能够：</p> \n <ul style=\"list-style-type: disc;\"> \n <li>在表格之间导航</li> \n <li>创建条件行为</li> \n <li>显示警报</li> \n <li>设置小部件属性</li> \n </ul>"
      },
      "navigationBar": {
        "left": {
          "text": "以前的"
        },
        "right": {
          "text": "开始"
        }
      }
    },
    "zh-tw": {
      "content": {
        "title": "動作編輯簡介",
        "body": "<p> <strong>操作編輯器</strong>是一個應用程序邏輯生成器。<br />使用<strong>操作編輯器</strong>，您可以在此遠足結束時定義和修改應用程序行為。<br /> <br /> ，您將能夠：</p> \n <ul style=\"list-style-type: disc;\"> \n <li>在表格之間導航</li> \n <li>創建條件行為</li> \n <li>顯示警報</li> \n <li>設置小部件屬性</li> \n </ul>"
      },
      "navigationBar": {
        "left": {
          "text": "以前的"
        },
        "right": {
          "text": "開始"
        }
      }
    }
  }
}