{
  "Tour.AddLoginServiceMob_v9": {
    "description": "旅遊描述"
  },
  "Hike.VoltMX.addLoginServiceV9": {
    "description": "徒步說明"
  },
  "Card.VoltMX.addLoginServiceV9.addActions": {
    "content": {
      "title": "配置操作",
      "body": "<ol>\n<li>來自<strong>動作編輯器</strong>畫布下<strong>調用服務：UserAuthentication$login</strong>，選擇<strong>成功</strong>.</li>\n<li>從左側菜單<strong>動作編輯器</strong>，下<strong>一般</strong>，選擇<strong>導航到表單</strong>.</li>\n<li>從右側窗格<strong>動作編輯器</strong>，選擇表格<strong>frmAccount</strong>.</li>\n<li>點擊<strong>保存</strong>.</li>\n</ol>"
    },
    "navigationBar": {
      "left": {
        "text": "上一個"
      },
      "right": {
        "text": "下一個"
      }
    }
  },
  "Card.VoltMX.addLoginServiceV9.addMapping": {
    "content": {
      "title": "映射登錄操作",
      "body": "<ol><li>從右上角<b>動作編輯器</b>窗口，選擇<strong>設計視圖</strong>.</li>\n<li>在動作編輯器畫布中，選擇&nbsp;<strong>調用服務：UserAuthentication$login</strong>.</li>\n<li>從右側窗格<strong>動作編輯器</strong>，點擊<strong>打開映射編輯器</strong>.<br /><strong>映射編輯器</strong>窗口出現在畫布的右窗格中。</li>\n<li>從左側窗格中<strong>映射編輯器</strong>，展開<strong>表格</strong>&gt;&nbsp;<strong>frmLogin</strong>.</li>\n<li>從右側窗格中<strong>映射編輯器</strong>，展開<strong>服務</strong>&gt;&nbsp;<strong>服務用戶身份驗證$登錄</strong>.</li>\n</ol>"
    },
    "navigationBar": {
      "left": {
        "text": "上一個"
      },
      "right": {
        "text": "下一個"
      }
    }
  },
  "Card.VoltMX.addLoginServiceV9.addService": {
    "content": {
      "title": "向登錄按鈕添加服務",
      "body": "<ol>\n<li>來自<strong>項目</strong>資源管理器，展開<strong>手機</strong>&gt;<strong>表格</strong>並選擇<strong>frmLogin</strong>.</li>\n<li>來自<strong>數據&amp;服務</strong>面板，展開<strong>項目服務</strong>&gt;<strong>用戶身份驗證</strong>&nbsp;並選擇<strong>登錄</strong>操作。</li>\n<li>拖放<strong> lo</strong><strong>杜松子酒</strong>對<strong>登錄</strong>畫布上的按鈕。<br />Iris 將服務添加到您的應用程序可能需要一些時間。</li>\n<li>從操作列表中，選擇<strong>動作：onClick</strong>.<br /><strong>動作編輯器</strong> &nbsp;窗口出現。</li>\n</ol>"
    },
    "navigationBar": {
      "left": {
        "text": "上一個"
      },
      "right": {
        "text": "下一個"
      }
    }
  },
  "Card.VoltMX.addLoginServiceV9.addUser": {
    "content": {
      "title": "添加用戶進行身份驗證",
      "body": "<ol>\n<li>點擊<strong>添加用戶</strong>.<br /><strong>添加用戶</strong>窗口出現。</li>\n<li>在相應字段中輸入以下值：<ul>\n<li>電子郵件/用戶名：<strong>john.doe@woodburn.com</strong></li>\n<li>名字：<strong>約翰</strong></li>\n<li>姓氏：<strong>母鹿</strong></li>\n<li>密碼：<strong>VoltMX@123</strong></li>\n<li>重新輸入密碼：<strong>VoltMX@123</strong></li>\n<li>來自&nbsp;<strong>添加/選擇組</strong> 確保勾選&nbsp;<strong>成員</strong>從下拉列表中選擇。</li>\n</ul></li>\n<li>點擊<strong>添加用戶</strong>.</li>\n</ol>\n<p>一個用戶被添加到存儲庫。<br />注意用於測試的登錄憑據。</p>"
    },
    "navigationBar": {
      "left": {
        "text": "上一個"
      },
      "right": {
        "text": "下一個"
      }
    }
  },
  "Card.VoltMX.addLoginServiceV9.ConfigureLogout": {
    "content": {
      "title": "配置註銷參數",
      "body": "<ol>\n<li>從右上角<strong>動作編輯器</strong>窗口，選擇&nbsp;<strong>設計視圖</strong>.</li>\n<li>從左側菜單<strong>動作編輯器</strong>，下&nbsp;<strong>網絡</strong>，選擇&nbsp;<strong>調用服務</strong>.</li>\n<li>在右側窗格中<strong>動作編輯器</strong> , 從<strong>選擇服務</strong>下拉，選擇<strong>UserAuthentication$註銷</strong>.</li>\n</ol>"
    },
    "navigationBar": {
      "left": {
        "text": "上一個"
      },
      "right": {
        "text": "下一個"
      }
    }
  },
  "Card.VoltMX.addLoginServiceV9.ConfigureLogout1": {
    "content": {
      "title": "配置註銷參數",
      "body": "<ol>\n<li>從動作編輯器畫布，在<strong>調用服務：UserAuthentication$logout</strong>,&nbsp;點擊<strong>成功</strong>.</li>\n<li>從左側菜單<strong>動作編輯器</strong>，下&nbsp;<strong>一般</strong>，選擇&nbsp;<strong>&nbsp;導航到表單</strong>.</li>\n<li>在右側窗格中<strong>動作編輯器</strong>，選擇<strong>frmLogin</strong>.</li>\n<li>點擊<strong>保存</strong>.</li>\n</ol>"
    },
    "navigationBar": {
      "left": {
        "text": "上一個"
      },
      "right": {
        "text": "下一個"
      }
    }
  },
  "Card.VoltMX.addLoginServiceV9.createService": {
    "content": {
      "title": "創建身份服務",
      "body": "<ol>\n<li>來自<strong>數據&amp;服務</strong><strong> &nbsp;</strong>畫布右上角的面板，展開&nbsp;<strong>項目服務</strong>.</li>\n<li>點擊<strong>配置新</strong>獲取預先打包的服務列表。</li>\n<li>根據&nbsp;<strong>驗證</strong>類別，選擇&nbsp;<strong>用戶存儲庫</strong>.<br /><strong>配置身份服務</strong> &nbsp;窗口出現。</li>\n<li>輸入服務名稱<strong>用戶身份驗證</strong>.</li>\n<li>點擊<strong>保存</strong>.</li>\n</ol>"
    },
    "navigationBar": {
      "left": {
        "text": "上一個"
      },
      "right": {
        "text": "下一個"
      }
    }
  },
  "Card.VoltMX.addLoginServiceV9.deleteActions": {
    "content": {
      "title": "刪除不需要的操作",
      "body": "<ol>\n<li>來自<strong>動作編輯器</strong>畫布，轉到<strong>導航到表單 frmAccount</strong>。右鍵單擊並選擇<strong>刪除</strong>對於此操作。</li>\n<li>來自<strong>動作編輯器</strong>畫布，導航到<strong>調用服務：UserAuthentication$login</strong>&gt;<strong>成功</strong>&gt;<strong>顯示警報</strong>.&nbsp;右鍵單擊並選擇<strong>刪除</strong>對於此操作。</li>\n</ol>"
    },
    "navigationBar": {
      "left": {
        "text": "上一個"
      },
      "right": {
        "text": "下一個"
      }
    }
  },
  "Card.VoltMX.addLoginServiceV9.done": {
    "content": {
      "title": " 恭喜",
      "body": "<p>您已成功：</p>\n<ul>\n<li><strong>創建身份服務</strong></li>\n<li><strong>將其與登錄表單集成</strong></li>\n</ul>\n<p><br />要添加為後端數據創建服務的功能，請查看下一次加息：<a class=\"tour-link\" tour=\"a7a762t5-3eac-44r5-8bu2-89b781n1\"><strong> 4. 為後端數據移動創建服務</strong></a>.</p>"
    },
    "navigationBar": {
      "left": {
        "text": "上一個"
      },
      "right": {
        "text": "完成"
      }
    }
  },
  "Card.VoltMX.addLoginServiceV9.Intro": {
    "content": {
      "title": "向應用程序添加身份驗證",
      "body": "<p><strong>讓我們開始吧！</strong><br />在這次徒步旅行中，我們將：</p>\n<ul>\n<li>學習配置身份服務</li>\n<li>將身份服務映射到應用程序的 UI 元素</li>\n</ul>\n<p>在開始之前，完成這些遠足：</p>\n<ol><b>\n<li><a class=\"tour-link\" tour=\"7408efte-e2aa-4cr8-a9ub-d7ba36n8\">啟動您的第一個移動應用</a></li><li><a class=\"tour-link\" tour=\"a617eft5-7ca8-4ard-8eu8-94cdean5\">從集合創建用戶界面</a></li></b>\n</ol>\n<p>確保您打開在之前的徒步旅行中創建的相同項目。<br />要打開一個關閉的項目，從主菜單，導航到<strong>項目</strong>&gt;<strong>打開</strong>&gt;<strong>HCL 參考架構</strong>&gt;<strong>RecipientsMobApp</strong>.<br /> <br /> <strong>準備好後，單擊開始！</strong></p>"
    },
    "navigationBar": {
      "left": {
        "text": "上一個"
      },
      "right": {
        "text": "開始"
      }
    }
  },
  "Card.VoltMX.addLoginServiceV9.launch": {
    "content": {
      "title": "啟動應用程序",
      "body": "<ol>\n<li>從左側導航欄中，單擊<strong>運行</strong>.<br /> Iris 可能需要一些時間來顯示<strong>實時預覽已準備就緒</strong>窗口。</li>\n<li>在 Iris 運行應用程序後，在您的<strong>Volt MX 應用程序</strong>，點擊<strong>啟動</strong>.</li>\n<li>您可能會看到<strong>應用程序名稱</strong>文本框。如果有文本框，輸入<strong>RecipientsMobApp</strong>然後點擊<strong>啟動</strong>.</li>\n</ol>"
    },
    "navigationBar": {
      "left": {
        "text": "上一個"
      },
      "right": {
        "text": "下一個"
      }
    }
  },
  "Card.VoltMX.addLoginServiceV9.launch1": {
    "content": {
      "title": "運行應用程序",
      "body": "<p>在之前的徒步旅行中，您無需任何憑據即可訪問帳戶表單。現在該應用程序將要求提供登錄憑據。</p>\n<ol>\n<li>在您的應用中輸入以下登錄憑據：<ul>\n<li>用戶名：<strong>john.doe@woodburn.com</strong></li>\n<li>密碼：<strong>VoltMX@123</strong></li>\n</ul></li>\n<li>點擊<strong>登錄</strong>.<br /><strong>賬戶列表</strong>出現。</li>\n<li>點擊<strong>註銷</strong>.&nbsp;<br /><strong>登錄表單</strong>出現。</li>\n<li> 到<strong>退出</strong>您的應用程序<strong>手機</strong>設備，從左向右滑動兩根手指或搖動你的<strong>手機</strong>設備並點擊<strong>退出應用</strong>.</li>\n</ol>"
    },
    "navigationBar": {
      "left": {
        "text": "上一個"
      },
      "right": {
        "text": "下一個"
      }
    }
  },
  "Card.VoltMX.addLoginServiceV9.Logout": {
    "content": {
      "title": "將註銷參數映射到 UI",
      "body": "<ol>\n<li>來自&nbsp;<strong>項目&nbsp;</strong>資源管理器，展開&nbsp;<b>手機</b>&gt;<b>表格</b> > <strong>frmAccount</strong> > <b>flexAccountList</b>&gt;<b>flexHeader</b>並選擇<strong>headerButtonRight</strong>.</li>\n<li>來自<strong>屬性</strong>面板，導航到<strong>行動</strong>標籤。</li>\n<li>對於<strong>點擊</strong>事件，點擊<strong>編輯</strong>.<br /><strong>動作編輯器</strong>窗口出現。</li>\n</ol>"
    },
    "navigationBar": {
      "left": {
        "text": "上一個"
      },
      "right": {
        "text": "下一個"
      }
    }
  },
  "Card.VoltMX.addLoginServiceV9.mapping": {
    "content": {
      "title": "映射用戶名和密碼",
      "body": "<p>將以下元素從左窗格映射到右窗格：</p>\n<ul>\n<li>從左窗格中，展開<strong>TextField &ndash;用戶名</strong>並選擇<strong>文本{字符串}</strong>。從右側窗格中，選擇<strong> 用戶 ID {string}</strong></li>\n<li>從左窗格中，展開<strong>TextField &ndash; txt密碼</strong>並選擇<strong>文本{字符串}</strong>。從右側窗格中，選擇<strong>密碼{字符串}</strong></li>\n</ul>"
    },
    "navigationBar": {
      "left": {
        "text": "上一個"
      },
      "right": {
        "text": "下一個"
      }
    }
  },
  "Card.VoltMX.addLoginServiceV9.openApp": {
    "content": {
      "title": "Volt MX 應用程序",
      "body": "<ol>\n<li>使用 USB 電纜將您的移動設備連接到您的計算機。<br /> 對於Android移動設備，確保USB的使用設置為<strong>傳輸文件</strong>.<br />對於 iOS 移動設備，確保 &nbsp;<strong>信任</strong>已在您的設備和計算機之間建立。</li>\n<li>啟動<strong>Volt MX 應用程序</strong>在您的移動設備上。</li>\n<li>選擇<strong>USB</strong>選項卡。<br/>連接成功後，<strong>虹膜</strong>在您的計算機上顯示成功提示。</li>\n</ol>"
    },
    "navigationBar": {
      "left": {
        "text": "上一個"
      },
      "right": {
        "text": "下一個"
      }
    }
  },
  "Card.VoltMX.addLoginServiceV9.TestLogin": {
    "content": {
      "title": "測試您的應用程序的服務",
      "body": "<ol>\n<li>在&nbsp;<strong>配置身份服務</strong>窗口，點擊&nbsp;<strong>測試登錄</strong>.</li>\n<li>輸入&nbsp;<strong>用戶ID</strong>（電子郵件）和&nbsp;<strong>密碼</strong>你已經創建了。</li>\n<li>點擊<strong>登錄</strong>.</li>\n<li>關閉&nbsp;<strong>配置身份服務</strong> &nbsp;將服務添加到您的應用程序的窗口。</li>\n</ol>"
    },
    "navigationBar": {
      "left": {
        "text": "上一個"
      },
      "right": {
        "text": "下一個"
      }
    }
  }
}