{"Tour.IntroToVoltMXIris":{"description":" नई वोल्ट एमएक्स आईरिस का परिचय"},"Hike.HCL.IntroVoltMXIris":{"description":" नई वोल्ट एमएक्स आईरिस का परिचय"},"Card.HCL.IntroIris":{"content":{"title":" वोल्ट एमएक्स आईरिस में नया क्या है?","body":" लोरम इप्सम डोलर सिट आमेट, कॉन्सेक्टेटूर एडिपिसिंग एलीट, सेड डू ईउसमॉड टेम्पर इंसिडिडंट यूट लेबर एट डोलोरे मैग्ना एलिका। यूट एनिम एड मिनिम वेनिअम, क्विस नोस्ट्रुड एक्सर्सिटेशन उलमको लेबरिस निसि यूट एलिक्विप एक्स ईए कमोडो कॉन्सेक्वेट। ड्यूस ऑउट इर्योर डोलर इन रिप्रेहेंडरिट इन वॉलुप्टेट वेलिट एस्से सिल्लम डोलोरे ईयू फुगियाट नाला परियातुर। एक्सेप्युर सिंट ओकेकैट कपिडैटैट नॉन प्रोडेंट, सन्ट इन कल्पा क्वी ऑफिसिया डेसेरुंट मोलिट एनिम आईडी इस्ट लेबरम।"},"navigationBar":{"left":{"text":" पिछला"},"right":{"text":" अगला"}}},"Card.HCL.IrisVisualChanges":{"content":{"title":" दृश्य परिवर्तन 1","body":" लोरम इप्सम डोलर सिट आमेट, कॉन्सेक्टेटूर एडिपिसिंग एलीट, सेड डू ईउसमॉड टेम्पर इंसिडिडंट यूट लेबर एट डोलोरे मैग्ना एलिका। यूट एनिम एड मिनिम वेनिअम, क्विस नोस्ट्रुड एक्सर्सिटेशन उलमको लेबरिस निसि यूट एलिक्विप एक्स ईए कमोडो कॉन्सेक्वेट। ड्यूस ऑउट इर्योर डोलर इन रिप्रेहेंडरिट इन वॉलुप्टेट वेलिट एस्से सिल्लम डोलोरे ईयू फुगियाट नाला परियातुर। एक्सेप्युर सिंट ओकेकैट कपिडैटैट नॉन प्रोडेंट, सन्ट इन कल्पा क्वी ऑफिसिया डेसेरुंट मोलिट एनिम आईडी इस्ट लेबरम।"},"navigationBar":{"left":{"text":" पिछला"},"right":{"text":" अगला"}}},"Card.HCL.IrisVisualChanges-2":{"content":{"title":" दृश्य परिवर्तन 2","body":" लोरम इप्सम डोलर सिट आमेट, कॉन्सेक्टेटूर एडिपिसिंग एलीट, सेड डू ईउसमॉड टेम्पर इंसिडिडंट यूट लेबर एट डोलोरे मैग्ना एलिका। यूट एनिम एड मिनिम वेनिअम, क्विस नोस्ट्रुड एक्सर्सिटेशन उलमको लेबरिस निसि यूट एलिक्विप एक्स ईए कमोडो कॉन्सेक्वेट। ड्यूस ऑउट इर्योर डोलर इन रिप्रेहेंडरिट इन वॉलुप्टेट वेलिट एस्से सिल्लम डोलोरे ईयू फुगियाट नाला परियातुर। एक्सेप्युर सिंट ओकेकैट कपिडैटैट नॉन प्रोडेंट, सन्ट इन कल्पा क्वी ऑफिसिया डेसेरुंट मोलिट एनिम आईडी इस्ट लेबरम।"},"navigationBar":{"left":{"text":" पिछला"},"right":{"text":" अगला"}}},"Card.HCL.IrisVisualChanges-3":{"content":{"title":" दृश्य परिवर्तन 3","body":" लोरम इप्सम डोलर सिट आमेट, कॉन्सेक्टेटूर एडिपिसिंग एलीट, सेड डू ईउसमॉड टेम्पर इंसिडिडंट यूट लेबर एट डोलोरे मैग्ना एलिका। यूट एनिम एड मिनिम वेनिअम, क्विस नोस्ट्रुड एक्सर्सिटेशन उलमको लेबरिस निसि यूट एलिक्विप एक्स ईए कमोडो कॉन्सेक्वेट। ड्यूस ऑउट इर्योर डोलर इन रिप्रेहेंडरिट इन वॉलुप्टेट वेलिट एस्से सिल्लम डोलोरे ईयू फुगियाट नाला परियातुर। एक्सेप्युर सिंट ओकेकैट कपिडैटैट नॉन प्रोडेंट, सन्ट इन कल्पा क्वी ऑफिसिया डेसेरुंट मोलिट एनिम आईडी इस्ट लेबरम।"},"navigationBar":{"left":{"text":" पिछला"},"right":{"text":" अगला"}}},"Card.HCL.IrisVisualChanges-4":{"content":{"title":" दृश्य परिवर्तन 4","body":" लोरम इप्सम डोलर सिट आमेट, कॉन्सेक्टेटूर एडिपिसिंग एलीट, सेड डू ईउसमॉड टेम्पर इंसिडिडंट यूट लेबर एट डोलोरे मैग्ना एलिका। यूट एनिम एड मिनिम वेनिअम, क्विस नोस्ट्रुड एक्सर्सिटेशन उलमको लेबरिस निसि यूट एलिक्विप एक्स ईए कमोडो कॉन्सेक्वेट। ड्यूस ऑउट इर्योर डोलर इन रिप्रेहेंडरिट इन वॉलुप्टेट वेलिट एस्से सिल्लम डोलोरे ईयू फुगियाट नाला परियातुर। एक्सेप्युर सिंट ओकेकैट कपिडैटैट नॉन प्रोडेंट, सन्ट इन कल्पा क्वी ऑफिसिया डेसेरुंट मोलिट एनिम आईडी इस्ट लेबरम।"},"navigationBar":{"left":{"text":" पिछला"},"right":{"text":" अगला"}}},"Card.HCL.IrisVisualChanges-5":{"content":{"title":" दृश्य परिवर्तन 5","body":" लोरम इप्सम डोलर सिट आमेट, कॉन्सेक्टेटूर एडिपिसिंग एलीट, सेड डू ईउसमॉड टेम्पर इंसिडिडंट यूट लेबर एट डोलोरे मैग्ना एलिका। यूट एनिम एड मिनिम वेनिअम, क्विस नोस्ट्रुड एक्सर्सिटेशन उलमको लेबरिस निसि यूट एलिक्विप एक्स ईए कमोडो कॉन्सेक्वेट। ड्यूस ऑउट इर्योर डोलर इन रिप्रेहेंडरिट इन वॉलुप्टेट वेलिट एस्से सिल्लम डोलोरे ईयू फुगियाट नाला परियातुर। एक्सेप्युर सिंट ओकेकैट कपिडैटैट नॉन प्रोडेंट, सन्ट इन कल्पा क्वी ऑफिसिया डेसेरुंट मोलिट एनिम आईडी इस्ट लेबरम।"},"navigationBar":{"left":{"text":" पिछला"},"right":{"text":" हो गया"}}},"Tour.AddCreateMob_v9":{"description":" यात्रा का विवरण"},"Hike.kony.AddCreateMob_v9":{"description":" वृद्धि का विवरण"},"Card.kony.AddCreateMob_v9.conf":{"content":{"title":" एक्शन एडिटर से UI को कॉन्फ़िगर करना","body":"<ol>\n<li> के बाएं मेनू से<strong> एक्शन एडिटर</strong> , के तहत<strong> विजेट</strong> अनुभाग, चयन करें<strong> विजेट संपत्ति सेट करें</strong>.</li>\n<li> दाएँ फलक से, नीचे<strong> मोबाइल फॉर्म</strong> &gt;<strong> frmAddRecipients</strong> > <b> flexAddRecipient</b> > <strong> flexFieldsContainer</strong> &gt;<strong> flexAdd</strong> &gt;<strong> flexBorderedButton</strong> , और फिर चुनें<strong> btnवर्ग</strong>.</li>\n<li> दाएँ फलक में, निम्न मानों को संशोधित करें:<ul>\n<li> संपत्ति:<strong> अस्पष्टता</strong></li>\n<li> मान:<strong> 100%</strong></li>\n</ul>\n</li>\n</ol>"},"navigationBar":{"left":{"text":" पिछला"},"right":{"text":" अगला"}}},"Card.kony.AddCreateMob_v9.conf2":{"content":{"title":" एक स्निपेट जोड़ना","body":"<ol>\n<li> के बाएं मेनू से<strong> एक्शन एडिटर</strong> , के तहत<strong> समारोह:</strong> अनुभाग, चयन करें<strong> स्निपेट जोड़ें</strong>.</li>\n<li> दाएँ फलक में, निम्नलिखित कोड प्रदान करें:<br /><span style=\"background-color: #999999;\"><strong> self.view.forceLayout();</strong></span></li>\n<li> से<strong> एक्शन एडिटर</strong> कैनवास, अंडर<strong> सेवा शुरू करें</strong> नोड, चुनें<strong> कॉलबैक</strong>.</li>\n</ol>"},"navigationBar":{"left":{"text":" पिछला"},"right":{"text":" अगला"}}},"Card.kony.AddCreateMob_v9.conf3":{"content":{"title":" विफलता चेतावनी","body":"<ol>\n<li> के बाएं मेनू से<strong> एक्शन एडिटर,</strong> के तहत<strong> शर्त</strong> अनुभाग, चयन करें<strong> अन्य</strong>.</li>\n<li> एक्शन एडिटर के बाएं मेनू से, के तहत<strong> ग्राहक</strong> अनुभाग, चयन करें<strong> अलर्ट दिखाएं</strong>.</li>\n<li> दाएँ फलक में निम्नलिखित फ़ील्ड को संशोधित करें<ul>\n<li> अलर्ट प्रकार:<strong> जानकारी</strong></li>\n<li> अलर्ट संदेश: &ldquo;<strong> क्षमा करें, आपका प्राप्तकर्ता सफलतापूर्वक जोड़ा नहीं जा सका। बाद में पुन: प्रयास करें।</strong> &rdquo;</li>\n</ul>\n</li><li> क्लिक करें<b> सहेजें</b>.</li>\n</ol>"},"navigationBar":{"left":{"text":" पिछला"},"right":{"text":" अगला"}}},"Card.kony.AddCreateMob_v9.createForm":{"content":{"title":" जोड़ें प्राप्तकर्ता स्क्रीन बनाएं","body":"<ol>\n<li> से<strong> परियोजना</strong> एक्सप्लोरर, विस्तृत करें<strong> मोबाइल</strong>.</li>\n<li> राइट-क्लिक करें<strong> प्रपत्र</strong> और चुनें<strong> नया फॉर्म</strong>.</li>\n<li> पर राइट-क्लिक करें<strong> फॉर्म1</strong> , और नाम बदलें<strong> frmAddRecipient</strong>.</li>\n</ol>"},"navigationBar":{"left":{"text":" पिछला"},"right":{"text":" अगला"}}},"Card.kony.AddCreateMob_v9.done":{"content":{"title":" बधाई","body":"<p> आपने सफलतापूर्वक:</p>\n<ul>\n<li><strong> प्राप्तकर्ता स्क्रीन बनाएं</strong></li>\n<li><strong> प्राप्तकर्ता स्क्रीन बनाने के लिए UI बनाया और अनुकूलित किया गया</strong></li>\n<li><strong> प्राप्तकर्ता बनाएं स्क्रीन में और उससे जोड़ा गया नेविगेशन<br /></strong></li>\n</ul>\n<p> अपने ऐप में प्राप्तकर्ताओं को संपादित करने के बारे में अधिक जानकारी के लिए, अगली वृद्धि देखें:<a class=\"tour-link\" tour=\"af52eatb-e7a4-46r0-90u8-cfd0c4n6\"><strong> 8. प्राप्तकर्ता संपादित करें फ़ीचर जोड़ें</strong></a>.</p>"},"navigationBar":{"left":{"text":" पिछला"},"right":{"text":" हो गया"}}},"Card.kony.AddCreateMob_v9.intro":{"content":{"title":" प्राप्तकर्ता बनाएँ जोड़ना","body":"<p><strong> चलिए शुरू करते हैं!</strong></p>\n<p> इस वृद्धि में, आप सीखेंगे कि कैसे:</p>\n<ul>\n<li> एक भुगतानकर्ता फॉर्म बनाएं</li>\n<li> सेवाओं का उपयोग करके भुगतानकर्ता बनाने के लिए UI बनाएं</li>\n</ul>\n<p> आरंभ करने से पहले, वृद्धि पूरी करें:</p>\n<ol><b>\n<li><a class=\"tour-link\" tour=\"20cbd4t0-03a1-4er1-9dud-98bee3nb\"> आयात और amp; एक मूल ऐप लॉन्च करें</a></li><li><a class=\"tour-link\" tour=\"a617eft5-7ca8-4ard-8eu8-94cdean5\"> संग्रह से UI बनाएं</a></li><li><a class=\"tour-link\" tour=\"15d8c7t4-cda7-40rb-afu7-345cfcnc\"> ऐप में प्रमाणीकरण जोड़ें</a></li>\n<li><a class=\"tour-link\" tour=\"a7a762t5-3eac-44r5-8bu2-89b781n1\"> एक नेटिव ऐप के लिए सेवाएं बनाना</a> </li>\n<li><a class=\"tour-link\" tour=\"fab6d8ta-91ac-4frc-8fud-14a9f7na\"> ऐप UI को किसी नेटिव ऐप में डेटा से कनेक्ट करें</a></li><li><a class=\"tour-link\" tour=\"9837bat6-6daf-4cr7-a3u9-8aea36n0\"> प्राप्तकर्ता विवरण बनाना और सुविधा हटाना</a></li></b>\n</ol>\n<p> सुनिश्चित करें कि आपने वही प्रोजेक्ट खोला है जिसे आपने पिछली हाइक में बनाया था।</p>\n<p> एक बंद परियोजना को खोलने के लिए, मुख्य मेनू से, नेविगेट करें<strong> परियोजना</strong> &gt;<strong> खुला</strong> &gt;<strong> कोनी संदर्भ वास्तुकला</strong> &gt;<strong> प्राप्तकर्ताMobApp</strong>.</p>\n<p><strong> जब आप तैयार हों, तो स्टार्ट पर क्लिक करें!</strong></p>"},"navigationBar":{"left":{"text":" पिछला"},"right":{"text":" प्रारंभ"}}},"Card.kony.AddCreateMob_v9.nav":{"content":{"title":" बैक बटन के लिए नेविगेशन जोड़ना","body":"<ol>\n<li> से<strong> प्रोजेक्ट एक्सप्लोरर</strong> नेविगेट करें<strong> frmAddRecipient</strong> &gt;<strong> flexAddRecipient</strong> &gt;<strong> फ्लेक्सहेडर,</strong> चुनें<strong> हैडरबटनबाएं</strong>.</li>\n<li> से<strong> गुण</strong> पैनल, पर नेविगेट करें<strong> क्रिया</strong> टैब।</li>\n<li> के लिए<strong> ऑनक्लिक</strong> घटना, क्लिक करें<strong> संपादित करें</strong>. <br /> The<strong> एक्शन एडिटर</strong> विंडो प्रकट होती है।</li>\n</ol>"},"navigationBar":{"left":{"text":" पिछला"},"right":{"text":" अगला"}}},"Card.kony.AddCreateMob_v9.nav1":{"content":{"title":" बैक बटन के लिए नेविगेशन जोड़ना","body":"<ol>\n<li> से<strong> एक्शन एडिटर</strong> बाएँ मेनू, के अंतर्गत<strong> सामान्य</strong> अनुभाग, चयन करें<strong> फॉर्म पर नेविगेट करें</strong>.</li>\n<li> के दाएँ फलक से<strong> एक्शन एडिटर</strong> , चुनें<strong> frmप्राप्तकर्ता</strong>.</li>\n<li> क्लिक करें<strong> सहेजें</strong>.</li>\n</ol>"},"navigationBar":{"left":{"text":" पिछला"},"right":{"text":" अगला"}}},"Card.kony.AddCreateMob_v9.nav2":{"content":{"title":" प्राप्तकर्ता स्क्रीन जोड़ने के लिए नेविगेट करना","body":"<ol>\n<li> से<strong> एक्शन एडिटर</strong> बाएँ मेनू, के अंतर्गत<strong> सामान्य</strong> अनुभाग, चुनें<strong> फॉर्म पर नेविगेट करें</strong>.</li>\n<li> के दाएँ फलक से<strong> एक्शन एडिटर</strong> , चुनें<strong> frmAddRecipient</strong>.</li>\n<li> क्लिक करें<strong> सहेजें</strong>.</li>\n</ol>"},"navigationBar":{"left":{"text":" पिछला"},"right":{"text":" अगला"}}},"Card.kony.AddCreateMob_v9.navAcc":{"content":{"title":" अकाउंट स्क्रीन पर नेविगेशन","body":"<ol>\n<li> से<strong> परियोजना</strong> एक्सप्लोरर, नेविगेट करें<strong> मोबाइल</strong> &gt;<strong> प्रपत्र</strong> &gt;<strong> frmAddRecipients</strong> &gt;<strong> flexFooter</strong> और चुनें<strong> flxखाते</strong>.</li>\n<li> से<strong> गुण</strong> पैनल, पर नेविगेट करें<strong> क्रिया</strong> टैब।</li>\n<li> के तहत<strong> सामान्य</strong> अनुभाग, के लिए<strong> ऑनक्लिक</strong> घटना, क्लिक करें<strong> संपादित करें</strong>.<br /> The <strong> एक्शन एडिटर</strong> विंडो प्रकट होती है।</li>\n</ol>"},"navigationBar":{"left":{"text":" पिछला"},"right":{"text":" अगला"}}},"Card.kony.AddCreateMob_v9.navAcc2":{"content":{"title":" अकाउंट स्क्रीन पर नेविगेशन","body":"<ol>\n<li> से<strong> एक्शन एडिटर</strong> बाएँ मेनू, के अंतर्गत<strong> सामान्य</strong> अनुभाग, चुनें<strong> फॉर्म पर नेविगेट करें</strong>.</li>\n<li> के दाएँ फलक से<strong> एक्शन एडिटर</strong> , चुनें<strong> frmखाता</strong>.</li>\n<li> क्लिक करें<strong> सहेजें</strong>.</li>\n</ol>"},"navigationBar":{"left":{"text":" पिछला"},"right":{"text":" अगला"}}},"Card.kony.AddCreateMob_v9.navAdd":{"content":{"title":" प्राप्तकर्ता स्क्रीन जोड़ने के लिए नेविगेट करना","body":"<ol>\n<li> से&nbsp;<strong> परियोजना</strong> एक्सप्लोरर, नेविगेट करने के लिए&nbsp;<strong> मोबाइल</strong> &nbsp;&gt;&nbsp;<strong> प्रपत्र</strong> &nbsp;&gt;&nbsp;<strong> frmप्राप्तकर्ता</strong> &gt;<strong>&nbsp;flexRecipientList </strong> &gt;<strong> flexHeader</strong> , और चुनें&nbsp;<strong> हैडरबटनराइट</strong>.</li>\n<li> से&nbsp;<strong> गुण</strong> पैनल, पर नेविगेट करें&nbsp;<strong> क्रिया</strong> टैब।</li>\n<li> के अंतर्गत&nbsp;<strong> सामान्य</strong> अनुभाग, के लिए&nbsp;<strong> ऑनक्लिक</strong> घटना, क्लिक करें&nbsp;<strong> संपादित करें</strong>.<br /> द&nbsp;<strong> एक्शन एडिटर&nbsp;</strong> विंडो प्रकट होती है।</li>\n</ol>"},"navigationBar":{"left":{"text":" पिछला"},"right":{"text":" अगला"}}},"Card.kony.AddCreateMob_v9.navRec":{"content":{"title":" प्राप्तकर्ता स्क्रीन पर नेविगेशन","body":"<ol>\n<li> से<strong> परियोजना</strong> एक्सप्लोरर, नेविगेट करें<strong> मोबाइल</strong> &gt;<strong> प्रपत्र</strong> &gt;<strong> frmAddRecipient</strong> &gt;<strong> flexFooter</strong> और चुनें<strong> फ्लेक्स प्राप्तकर्ता चयनित</strong>.</li>\n<li> से<strong> गुण</strong> पैनल, पर नेविगेट करें<strong> क्रिया</strong> टैब।</li>\n<li> के तहत<strong> सामान्य</strong> अनुभाग, के लिए<strong> ऑनक्लिक</strong> घटना, क्लिक करें<strong> संपादित करें</strong>.<br /> The <strong> एक्शन एडिटर</strong> विंडो प्रकट होती है।</li>\n</ol>"},"navigationBar":{"left":{"text":" पिछला"},"right":{"text":" अगला"}}},"Card.kony.AddCreateMob_v9.navRec2":{"content":{"title":" प्राप्तकर्ता स्क्रीन पर नेविगेट करना","body":"<ol>\n<li> से<strong> एक्शन एडिटर</strong> बाएँ मेनू, के अंतर्गत<strong> सामान्य</strong> अनुभाग, चुनें<strong> फॉर्म पर नेविगेट करें</strong>.</li>\n<li> के दाएँ फलक से<strong> एक्शन एडिटर</strong> , चुनें<strong> frmप्राप्तकर्ता</strong>.</li>\n<li> क्लिक करें<strong> सहेजें</strong>.</li>\n</ol>"},"navigationBar":{"left":{"text":" पिछला"},"right":{"text":" अगला"}}},"Card.kony.AddCreateMob_v9.openApp":{"content":{"title":" क्वांटम ऐप","body":"<ol>\n<li> USB केबल का उपयोग करके अपने मोबाइल डिवाइस को अपने कंप्यूटर से कनेक्ट करें।<br /> Android मोबाइल डिवाइस के लिए, सुनिश्चित करें कि USB के रूप में सेट है<strong> फ़ाइलें स्थानांतरित करें</strong>.<br /> आईओएस मोबाइल डिवाइस के लिए, सुनिश्चित करें कि<strong> विश्वास</strong> डिवाइस और कंप्यूटर के बीच स्थापित किया गया है।</li>\n<li> अपना लॉन्च करें<strong> क्वांटम ऐप</strong> आपके मोबाइल डिवाइस पर।</li>\n<li> चुनें<strong> यूएसबी</strong> टैब।<br/> एक सफल कनेक्शन पर,<strong> विज़ुअलाइज़र</strong> आपके कंप्यूटर पर एक सफलता संकेत दिखाता है।</li>\n</ol>"},"navigationBar":{"left":{"text":" पिछला"},"right":{"text":" अगला"}}},"Card.kony.AddCreateMob_v9.run":{"content":{"title":" ऐप चलाएँ","body":"<ol>\n<li> बाएं नेविगेशन बार से, क्लिक करें<strong> भागो</strong>.<br /> विज़ुअलाइज़र को प्रदर्शित करने में कुछ समय लगेगा<strong> लाइव पूर्वावलोकन तैयार है</strong> window.</li>\n<li> विज़ुअलाइज़र द्वारा ऐप चलाने के बाद, आपके<strong> क्वांटम ऐप</strong> , क्लिक करें<strong> लॉन्च</strong>.</li>\n<li> आप एक देख सकते हैं<strong> आवेदन का नाम:</strong> टेक्स्ट बॉक्स। यदि कोई टेक्स्ट बॉक्स है, तो दर्ज करें<strong> प्राप्तकर्ताMobApp</strong> और फिर क्लिक करें<strong> लॉन्च</strong>.</li>\n</ol>"},"navigationBar":{"left":{"text":" पिछला"},"right":{"text":" अगला"}}},"Card.kony.AddCreateMob_v9.Service1":{"content":{"title":" ग्रंथों के लिए प्रारंभिक मूल्य निर्धारित करना","body":"<ol>\n<li> से<strong> परियोजना</strong> एक्सप्लोरर, नेविगेट करें<strong> मोबाइल</strong> &gt;<strong> प्रपत्र</strong> और चुनें<strong> frmAddRecipient</strong>.</li>\n<li> से<strong> गुण</strong> पैनल, पर नेविगेट करें<strong> क्रिया</strong> टैब।</li>\n<li> के तहत<strong> सामान्य</strong> अनुभाग, के लिए<strong> नेविगेट पर</strong> घटना, क्लिक करें<strong> संपादित करें</strong>.<br /> The <strong> एक्शन एडिटर</strong> विंडो प्रकट होती है।</li><li> के ऊपरी-दाएँ कोने से<strong> एक्शन एडिटर</strong> , चुनें<strong> डिज़ाइन दृश्य</strong>.</li>\n</ol>"},"navigationBar":{"left":{"text":" पिछला"},"right":{"text":" अगला"}}},"Card.kony.AddCreateMob_v9.service2":{"content":{"title":" प्रथम नाम का मान सेट करना","body":"<ol>\n<li> के बाएं मेनू से<strong> एक्शन एडिटर</strong> , के तहत<strong> विजेट</strong> अनुभाग, चुनें<strong> विजेट संपत्ति सेट करें</strong>.</li>\n<li> के दाएँ फलक से<strong> एक्शन एडिटर</strong> , यहां जाएं<strong> मोबाइल फॉर्म</strong> &gt;<strong> frmAddRecipient</strong> &nbsp; &gt;<strong> flexAddRecipient</strong> &gt;<strong> flexFieldsContainer</strong> &gt;<strong> flexFirstName</strong> , और चुनें<strong> tbxFirstName</strong>.</li>\n<li> दाएँ फलक में, निम्न मानों को संशोधित करें:<ul>\n<li> संपत्ति:<strong> टेक्स्ट</strong></li>\n<li> छोड़ दें<strong> मान</strong> रिक्त के रूप में</li>\n</ul>\n</li>\n</ol>"},"navigationBar":{"left":{"text":" पिछला"},"right":{"text":" अगला"}}},"Card.kony.AddCreateMob_v9.service3":{"content":{"title":" अंतिम नाम का मान सेट करना","body":"<ol>\n<li> के बाएं मेनू से<strong> एक्शन एडिटर</strong> , के तहत<strong> विजेट</strong> अनुभाग, चुनें<strong> विजेट संपत्ति सेट करें</strong>.</li>\n<li> के दाएँ फलक से<strong> एक्शन एडिटर</strong> , यहां जाएं<strong> मोबाइल फॉर्म</strong> &gt;<strong> frmAddRecipient</strong> &gt;<strong> flexAddRecipient</strong> &gt;<strong> flexFieldsContainer</strong> &gt;<strong> flexLastName</strong> , और चुनें<strong> tbxLastName</strong>.</li>\n<li> दाएँ फलक में, निम्न मानों को संशोधित करें:<ul>\n<li> संपत्ति:<strong> टेक्स्ट</strong></li>\n<li> छोड़ दें<strong> मान</strong> रिक्त के रूप में</li>\n</ul>\n</li>\n</ol>"},"navigationBar":{"left":{"text":" पिछला"},"right":{"text":" अगला"}}},"Card.kony.AddCreateMob_v9.service4":{"content":{"title":" निक नेम का मान सेट करना","body":"<ol>\n<li> के बाएं मेनू से<strong> एक्शन एडिटर</strong> , के तहत<strong> विजेट</strong> अनुभाग, चुनें<strong> विजेट संपत्ति सेट करें</strong>.</li>\n<li> के दाएँ फलक से<strong> एक्शन एडिटर</strong> , यहां जाएं<strong> मोबाइल फॉर्म</strong> &gt;<strong> frmAddRecipient</strong> &gt;<strong> flexAddRecipient</strong> &gt;<strong> flexFieldsContainer</strong> &gt;<strong> flexNickName</strong> , और चुनें<strong> tbxNickName</strong>.</li>\n<li> दाएँ फलक में, निम्न मानों को संशोधित करें:<ul>\n<li> संपत्ति:<strong> टेक्स्ट</strong></li>\n<li> छोड़ दें<strong> मान</strong> रिक्त के रूप में</li>\n</ul>\n</li>\n</ol>"},"navigationBar":{"left":{"text":" पिछला"},"right":{"text":" अगला"}}},"Card.kony.AddCreateMob_v9.service5":{"content":{"title":" फ़ोन नंबर का मान सेट करना","body":"<ol>\n<li> के बाएं मेनू से<strong> एक्शन एडिटर</strong> , के तहत<strong> विजेट</strong> अनुभाग, चयन करें<strong> विजेट संपत्ति सेट करें</strong>.</li>\n<li> के दाएँ फलक से<strong> एक्शन एडिटर</strong> , यहां जाएं<strong> मोबाइल फॉर्म</strong> &gt;<strong> frmAddRecipient</strong> &gt;<strong> flexAddRecipient</strong> &gt;<strong> flexFieldsContainer</strong> &gt;<strong> flexPhone</strong> , और चुनें<strong> tbxफोन</strong>.</li>\n<li> दाएँ फलक में, निम्न मानों को संशोधित करें:<ul>\n<li> संपत्ति:<strong> टेक्स्ट</strong></li>\n<li> छोड़ दें<strong> मान</strong> रिक्त के रूप में</li>\n</ul>\n</li>\n</ol>"},"navigationBar":{"left":{"text":" पिछला"},"right":{"text":" अगला"}}},"Card.kony.AddCreateMob_v9.service6":{"content":{"title":" सफलता संदेश","body":"<ol>\n<li> के बाएं मेनू से<strong> एक्शन एडिटर</strong> , के तहत<strong> विजेट</strong> अनुभाग, चयन करें<strong> विजेट संपत्ति सेट करें</strong>.</li>\n<li> के दाएँ फलक से<strong> एक्शन एडिटर</strong> , यहां जाएं<strong> मोबाइल फॉर्म</strong> &gt;<strong> frmAddRecipient</strong> > <strong> flexAddRecipient</strong> और चुनें<strong> flexSuccessHeader</strong>.</li>\n<li> दाएँ फलक में, निम्न मानों को संशोधित करें:<ul>\n<li> संपत्ति:<strong> दर्शनीय</strong></li>\n<li> मान:<strong> गलत</strong></li>\n</ul>\n</li>\n<li> क्लिक करें<strong> सहेजें</strong>.</li>\n</ol>"},"navigationBar":{"left":{"text":" पिछला"},"right":{"text":" अगला"}}},"Card.kony.AddCreateMob_v9.serviceCall1":{"content":{"title":" ऑपरेशन बनाने का आह्वान","body":"<ol>\n<li> से<strong> परियोजना</strong> एक्सप्लोरर, नेविगेट करें<strong> मोबाइल</strong> &gt;<strong> प्रपत्र</strong> &gt;<strong> frmAddRecipient</strong> &gt;<strong> flexAddRecipient</strong> > <b> flexFieldsContainer</b> > <strong> flexAdd</strong> &gt;<strong> flexSquaredBorderedButton</strong> , और चुनें<strong> btnवर्ग</strong>.</li>\n<li> से<strong> गुण</strong> पैनल, पर नेविगेट करें<strong> क्रिया</strong> टैब।</li>\n<li> के तहत<strong> सामान्य</strong> अनुभाग, के लिए<strong> ऑनक्लिक</strong> घटना, क्लिक करें<strong> संपादित करें</strong>.<br /> The <strong> एक्शन एडिटर</strong> विंडो प्रकट होती है।</li>\n<li> के ऊपरी-दाएँ कोने से<strong> एक्शन एडिटर</strong> विंडो, चुनें<strong> डिज़ाइन दृश्य</strong>.</li>\n</ol>"},"navigationBar":{"left":{"text":" पिछला"},"right":{"text":" अगला"}}},"Card.kony.AddCreateMob_v9.serviceCall2":{"content":{"title":" ऑपरेशन बनाने का आह्वान","body":"<ol>\n<li> के बाएं मेनू से<strong> एक्शन एडिटर</strong> , के तहत<strong> नेटवर्क</strong> अनुभाग, चयन करें<strong> संकेतक लोड हो रहा है</strong>.</li>\n<li> के बाएं मेनू से<strong> एक्शन एडिटर</strong> , के तहत<strong> नेटवर्क</strong> अनुभाग, चयन करें<strong> सेवा का आह्वान करें</strong>.</li>\n<li> के दाएँ फलक से<strong> एक्शन एडिटर</strong> , के लिए<strong> सेवा का चयन करें</strong> ड्रॉप-डाउन सूची से, चुनें<strong> प्राप्तकर्तास्टोरेज$प्राप्तकर्ता</strong>.</li>\n<li> के लिए<strong> विधि का चयन करें</strong> ड्रॉप-डाउन सूची से, चुनें<strong> बनाएँ</strong>.</li>\n</ol>"},"navigationBar":{"left":{"text":" पिछला"},"right":{"text":" अगला"}}},"Card.kony.AddCreateMob_v9.serviceCall3":{"content":{"title":" डेटा को सेवा में मैप करना","body":"<ol>\n<li> दाएँ फलक में<strong> एक्शन एडिटर</strong> विंडो, क्लिक करें<strong> ओपन मैपिंग एडिटर</strong>. <br /> The <strong> मानचित्रण संपादक</strong> विंडो प्रकट होती है।</li>\n<li> के बाएँ फलक से<strong> मानचित्रण संपादक</strong> , विस्तृत करें<strong> प्रपत्र</strong> &gt;<strong> frmAddRecipient</strong>.</li>\n<li> के दाएँ फलक से<strong> मानचित्रण संपादक</strong> , विस्तृत करें<strong> सेवाएं</strong> &gt;<strong> सेवा - प्राप्तकर्तास्टोरेज$प्राप्तकर्ता$बनाएं</strong>.</li>\n</ol>"},"navigationBar":{"left":{"text":" पिछला"},"right":{"text":" अगला"}}},"Card.kony.AddCreateMob_v9.serviceCall4":{"content":{"title":" डेटा को सेवा में मैप करना","body":"<p> मैपिंग एडिटर में, निम्नलिखित तत्वों को बाएँ फलक से दाएँ फलक में मैप करें:</p>\n<ul>\n<li> के बाएँ फलक से<strong> मानचित्रण संपादक</strong> , विस्तृत करें<strong> टेक्स्टफ़ील्ड &ndash; tbxप्रथमनाम</strong> , और चुनें<strong> पाठ {स्ट्रिंग}</strong>.<br /> के दाएँ फलक से<strong> मानचित्रण संपादक</strong> , चुनें<strong> पहला नाम {स्ट्रिंग}</strong>.</li>\n<li> के बाएँ फलक से<strong> मानचित्रण संपादक</strong> , विस्तृत करें<strong> टेक्स्टफिल्ड &ndash; tbxअंतिम नाम</strong> , और चुनें<strong> पाठ {स्ट्रिंग}</strong>.<br /> के दाएँ फलक से<strong> मानचित्रण संपादक</strong> , चुनें<strong> अंतिम नाम {स्ट्रिंग}</strong>.</li>\n<li> के बाएँ फलक से<strong> मानचित्रण संपादक</strong> , विस्तृत करें<strong> टेक्स्टफ़ील्ड &ndash; tbxनिकनाम</strong> , और चुनें<strong> पाठ {स्ट्रिंग}</strong>.<br /> के दाएँ फलक से<strong> मानचित्रण संपादक</strong> , चुनें<strong> उपनाम {स्ट्रिंग}</strong>.</li>\n<li> के बाएँ फलक से<strong> मानचित्रण संपादक</strong> , विस्तृत करें<strong> टेक्स्टफ़ील्ड &ndash; टीबीएक्सफोन</strong> , और चुनें<strong> पाठ {स्ट्रिंग}</strong>.<br /> के दाएँ फलक से<strong> मानचित्रण संपादक</strong> , चुनें<strong> फ़ोन {स्ट्रिंग}</strong>.</li>\n</ul>"},"navigationBar":{"left":{"text":" पिछला"},"right":{"text":" अगला"}}},"Card.kony.AddCreateMob_v9.serviceCall5":{"content":{"title":" ऑपरेशन बनाने का आह्वान","body":"<ol>\n<li> से<strong> एक्शन एडिटर</strong> कैनवास, नीचे<strong> सेवा का आह्वान करें</strong> नोड, चुनें<strong> कॉलबैक</strong>.</li>\n<li> के बाएं मेनू से<strong> एक्शन एडिटर</strong> , के तहत<strong> नेटवर्क</strong> अनुभाग, चयन करें<strong> संकेतक लोड हो रहा है</strong>.</li>\n<li> दाएँ फलक में<strong> एक्शन एडिटर</strong> लोडिंग इंडिकेटर को इस पर सेट करें<strong> खारिज करें</strong>.</li>\n</ol>"},"navigationBar":{"left":{"text":" पिछला"},"right":{"text":" अगला"}}},"Card.kony.AddCreateMob_v9.settingData":{"content":{"title":" डेटा सेट करना","body":"<ol>\n<li> के बाएं मेनू से<strong> एक्शन एडिटर,</strong> के तहत<strong> शर्त</strong> अनुभाग, चयन करें<b> यदि</b>.</li>\n<li> एक्शन एडिटर के दाएँ फलक से, के तहत<strong> शर्त जोड़ें</strong> निम्नलिखित मानों को संशोधित करें:<br />\n<ul>\n<li> पहला क्षेत्र &ndash;<strong> मान</strong></li>\n<li> दूसरा क्षेत्र &ndash;&nbsp;<strong> प्राप्तकर्ता.opstatus</strong></li>\n<li> तीसरा क्षेत्र &ndash;<strong> बराबर</strong></li>\n<li> चौथा क्षेत्र &ndash;<strong> मान</strong></li>\n<li> पांचवां क्षेत्र -<strong>0</strong></li>\n</ul>\n</li>\n</ol>"},"navigationBar":{"left":{"text":" पिछला"},"right":{"text":" अगला"}}},"Card.kony.AddCreateMob_v9.settingData2":{"content":{"title":" सफलता संदेश","body":"<ol>\n<li> एक्शन एडिटर के बाएं मेनू से, के तहत<strong> विजेट</strong> अनुभाग, चुनें&nbsp;<strong> विजेट संपत्ति सेट करें</strong>.</li>\n<li> दाएँ फलक से, के अंतर्गत&nbsp;<strong> मोबाइल फॉर्म</strong> &nbsp;&gt;&nbsp;<strong> frmAddRecipient&nbsp;</strong> &gt;<strong> flexFieldsContainer</strong> , और चुनें&nbsp;<strong> flexAddSuccessHeader</strong>.</li>\n<li> दाएँ फलक में, निम्न मानों को संशोधित करें:<ul>\n<li> संपत्ति:&nbsp;<strong> दर्शनीय</strong></li>\n<li> मान:&nbsp;<strong> सच</strong></li>\n</ul>\n</li>\n</ol>"},"navigationBar":{"left":{"text":" पिछला"},"right":{"text":" अगला"}}},"Card.kony.AddCreateMob_v9.settingData3":{"content":{"title":" सेटिंग बटन अस्पष्टता","body":"<ol>\n<li> एक्शन एडिटर के बाएं मेनू से, के तहत<strong> विजेट</strong> अनुभाग, चयन करें<strong> विजेट संपत्ति सेट करें</strong>.</li>\n<li> दाएँ फलक से, नीचे<strong> मोबाइल</strong> &gt;<strong> प्रपत्र</strong> &gt;<strong> frmAddRecipient</strong> &gt;<strong> flexAddRecipient</strong> > <b> flexFieldsContainer</b> &gt;<strong> flexAdd</strong> &gt;<strong> flexBorderedButton</strong> , चुनें<strong> btnवर्ग</strong>.</li>\n<li> दाएँ फलक में, निम्न मानों को संशोधित करें:<ul>\n<li> संपत्ति:<strong> अस्पष्टता</strong></li>\n<li> मान:<strong> 60%</strong></li>\n</ul>\n</li>\n</ol>"},"navigationBar":{"left":{"text":" पिछला"},"right":{"text":" अगला"}}},"Card.kony.AddCreateMob_v9.settingData4":{"content":{"title":" विलंब सेट करना","body":"<ol>\n<li> एक्शन एडिटर के बाएं मेनू से, के तहत<strong> समारोह</strong> चुनें<strong> स्निपेट जोड़ें</strong>.</li>\n<li> दाएँ फलक में<strong> एक्शन एडिटर</strong> , निम्न कोड टाइप करें:<br /><span style=\"background-color: #999999;\"><strong> self.view.forceLayout();</strong></span></li>\n<li> के बाएं मेनू से<strong> एक्शन एडिटर</strong> , के तहत<strong> सामान्य</strong> अनुभाग,&nbsp; चुनते हैं<strong> टाइमआउट सेट करें</strong>.</li>\n<li> निम्नलिखित मान प्रदान करें:<ul>\n<li> विलंब:<strong>2</strong></li>\n</ul>\n</li>\n</ol>"},"navigationBar":{"left":{"text":" पिछला"},"right":{"text":" अगला"}}},"Card.kony.AddCreateMob_v9.settingSuccess":{"content":{"title":" सफलता संदेश","body":"<ol>\n<li> के बाएं मेनू से<strong> एक्शन एडिटर</strong> , के तहत<strong> विजेट</strong> अनुभाग, चयन करें<strong> विजेट संपत्ति सेट करें।</strong></li>\n<li> दाएँ फलक से, नीचे<strong> मोबाइल</strong> &gt;<strong> प्रपत्र</strong> &gt;<strong> frmAddRecipient</strong> > <strong> flexAddRecipient</strong> , चुनें<strong> flexAddSuccessHeader</strong>.</li>\n<li> दाएँ फलक में, निम्न मानों को संशोधित करें:<ul>\n<li> संपत्ति:<strong> दर्शनीय</strong></li>\n<li> मान:<strong> गलत</strong></li>\n</ul>\n</li>\n</ol>"},"navigationBar":{"left":{"text":" पिछला"},"right":{"text":" अगला"}}},"Card.kony.AddCreateMob_v9.uiAddRecipients":{"content":{"title":" प्राप्तकर्ता जोड़ने के लिए UI","body":"<ol>\n<li> विज़ुअलाइज़र के निचले-बाएँ कोने से, नेविगेट करें<strong> डिफ़ॉल्ट लाइब्रेरी</strong>.</li>\n<li> डिफ़ॉल्ट लाइब्रेरी के आगे, आप देखेंगे<strong> मेरी लाइब्रेरी</strong> टैब और एक खोज आइकन।<br /> खोज आइकन पर क्लिक करें।</li>\n<li> दिखाई देने वाले खोज बार में, दर्ज करें<strong> AddRecipient</strong>.</li>\n<li> परिणामों से, के तहत<strong> प्राप्तकर्तामोबाइल</strong> , चुनें<strong> AddRecipient</strong>.</li>\n<li> खींचें<strong> AddRecipient</strong> पर संग्रह<strong> frmAddRecipient</strong> कैनवास पर।</li>\n</ol>"},"navigationBar":{"left":{"text":" पिछला"},"right":{"text":" अगला"}}},"Card.kony.AddCreateMob_v9.view":{"content":{"title":" ऐप देखें","body":"<ol>\n<li> अपने ऐप में निम्नलिखित लॉगिन क्रेडेंशियल दर्ज करें।<ul>\n<li> उपयोगकर्ता नाम:<strong> john.doe@temenos.com</strong></li>\n<li> पासवर्ड:<strong>Temenos@123</strong></li>\n</ul>\n</li>\n<li> क्लिक करें<strong>Login</strong>.<br /> The <strong> खातों की सूची</strong> प्रकट होता है।</li>\n<li> क्लिक करें<strong> प्राप्तकर्ता</strong>.<br /> The <strong> प्राप्तकर्ता सूची</strong> प्रकट होता है।</li>\n<li> ऐड पर क्लिक करें<strong> (+)</strong> प्राप्तकर्ता जोड़ने के लिए आइकन।</li>\n<li> प्राप्तकर्ता का विवरण देखने के लिए सूची से उसका चयन करें।<br /> विवरण पृष्ठ से, आप प्राप्तकर्ता को हटा सकते हैं।<br /> हम अगली वृद्धि में प्राप्तकर्ताओं की संपादन कार्यक्षमता जोड़ेंगे।</li>\n<li> अपने ऐप से बाहर निकलने के लिए<strong> मोबाइल</strong> डिवाइस, दो अंगुलियों को बाएं से दाएं स्वाइप करें या अपने मोबाइल डिवाइस को हिलाएं और क्लिक करें<strong> ऐप से बाहर निकलें</strong>.</li>\n</ol>"},"navigationBar":{"left":{"text":" पिछला"},"right":{"text":" अगला"}}},"Tour.AddLoginServiceMob_v9":{"description":" यात्रा का विवरण"},"Hike.kony.addLoginServiceV9":{"description":" वृद्धि का विवरण"},"Card.kony.addLoginServiceV9.addActions":{"content":{"title":" क्रियाओं को कॉन्फ़िगर करें","body":"<ol>\n<li> से<strong> एक्शन एडिटर</strong> कैनवास, अंडर<strong> सेवा को आमंत्रित करें: उपयोगकर्ता प्रमाणीकरण $ लॉगिन</strong> , चुनें<strong> सफलता</strong>.</li>\n<li> के बाएं मेनू से<strong> एक्शन एडिटर</strong> , के तहत<strong> सामान्य</strong> , चुनें<strong> फॉर्म पर नेविगेट करें</strong>.</li>\n<li> के &nbsp;दाएं&nbsp;फलक से<strong> एक्शन एडिटर</strong> फॉर्म का चयन करें<strong> frmखाता</strong>.</li>\n<li> क्लिक करें<strong> सहेजें</strong>.</li>\n</ol>"},"navigationBar":{"left":{"text":" पिछला"},"right":{"text":" अगला"}}},"Card.kony.addLoginServiceV9.addMapping":{"content":{"title":" लॉग इन ऑपरेशन को मैप करें","body":"<ol><li> के ऊपर दाईं ओर से<b> एक्शन एडिटर</b> विंडो, चुनें<strong> डिज़ाइन दृश्य</strong>.</li>\n<li> एक्शन एडिटर कैनवास में,&nbsp;चुनें&nbsp;<strong> सेवा को आमंत्रित करें: उपयोगकर्ता प्रमाणीकरण $ लॉगिन</strong>.</li>\n<li> के दाएँ फलक से<strong> एक्शन एडिटर</strong> , क्लिक करें<strong> ओपन मैपिंग एडिटर</strong>.<br /> The<strong> मानचित्रण संपादक</strong> विंडो कैनवास के दाएँ फलक में दिखाई देती है।</li>\n<li> के बाएँ फलक से&nbsp;<strong> मानचित्रण संपादक</strong> , विस्तृत करें&nbsp;<strong> प्रपत्र</strong> &gt;&nbsp;<strong>frmLogin</strong>.</li>\n<li> के दाएँ फलक से&nbsp;<strong> मानचित्रण संपादक</strong> , विस्तृत करें&nbsp;<strong> सेवाएं</strong> &gt;&nbsp;<strong> सेवा &ndash; उपयोगकर्ता प्रमाणीकरण$लॉगिन</strong>.</li>\n</ol>"},"navigationBar":{"left":{"text":" पिछला"},"right":{"text":" अगला"}}},"Card.kony.addLoginServiceV9.addService":{"content":{"title":" लॉगिन बटन में सेवा जोड़ें","body":"<ol>\n<li> से<strong> परियोजना</strong> एक्सप्लोरर, विस्तृत करें<strong> मोबाइल</strong> &gt;<strong> प्रपत्र</strong> और चुनें<strong>frmLogin</strong>.</li>\n<li> से<strong> डेटा &amp; सेवाएं</strong> पैनल, विस्तार करें<strong> परियोजना सेवाएं</strong> &gt;<strong> उपयोगकर्ता प्रमाणीकरण</strong> &nbsp;और चुनें<strong> लॉगिन</strong> ऑपरेशन।</li>\n<li> खींचें और छोड़ें<strong> lo</strong><strong> जिन</strong> पर ऑपरेशन<strong>Login</strong> कैनवास पर बटन।<br /> विज़ुअलाइज़र को आपके ऐप में सेवा जोड़ने में कुछ समय लग सकता है।</li>\n<li> क्रियाओं की सूची से, चुनें<strong> क्रिया: ऑनक्लिक</strong>.<br /> The<strong> एक्शन एडिटर</strong> &nbsp;विंडो दिखाई देती है।</li>\n</ol>"},"navigationBar":{"left":{"text":" पिछला"},"right":{"text":" अगला"}}},"Card.kony.addLoginServiceV9.addUser":{"content":{"title":" प्रमाणीकरण के लिए उपयोगकर्ता जोड़ें","body":"<ol>\n<li> क्लिक करें&nbsp;<strong> उपयोगकर्ता जोड़ें</strong>.<br /> The<strong> उपयोगकर्ता जोड़ें&nbsp;</strong> विंडो प्रकट होती है।</li>\n<li> संबंधित क्षेत्रों में निम्नलिखित मान दर्ज करें:<ul>\n<li> ईमेल/उपयोगकर्ता नाम:<strong> john.doe@temenos.com</strong></li>\n<li> पहला नाम:<strong> जॉन</strong></li>\n<li>Last Name:<strong> Doe</strong></li>\n<li> पासवर्ड:<strong> टेमेनोस@123</strong></li>\n<li> पासवर्ड दोबारा दर्ज करें:<strong> टेमेनोस@123</strong></li>\n<li> से&nbsp;<strong> समूह जोड़ें/चुनें</strong> ,&nbsp के लिए चेकबॉक्स सुनिश्चित करें;<strong> सदस्य</strong> ड्रॉप-डाउन से चुना गया है।</li>\n</ul></li>\n<li> क्लिक करें&nbsp;<strong> उपयोगकर्ता जोड़ें</strong>.</li>\n</ol>\n<p> एक उपयोगकर्ता को रिपॉजिटरी में जोड़ा जाता है।<br /> परीक्षण के लिए लॉगिन क्रेडेंशियल नोट करें।</p>"},"navigationBar":{"left":{"text":" पिछला"},"right":{"text":" अगला"}}},"Card.Kony.addLoginServiceV9.ConfigureLogout":{"content":{"title":" लॉगआउट पैरामीटर कॉन्फ़िगर करें","body":"<ol>\n<li> आपके&nbsp;<strong> एक्शन एडिटर</strong> विंडो, चुनें&nbsp;<strong> डिज़ाइन दृश्य</strong>.</li>\n<li> के बाएँ मेनू से&nbsp;<strong> एक्शन एडिटर</strong> , अंडर&nbsp;<strong> नेटवर्क</strong> , चुनें&nbsp;<strong> सेवा का आह्वान करें</strong>.</li>\n<li>&nbsp;के दाएँ फलक में&nbsp;<strong> एक्शन एडिटर</strong> , से<strong> सेवा का चयन करें</strong> ड्रॉप डाउन, चुनें<strong> UserAuthentication$logout</strong>.</li>\n</ol>"},"navigationBar":{"left":{"text":" पिछला"},"right":{"text":" अगला"}}},"Card.Kony.addLoginServiceV9.ConfigureLogout1":{"content":{"title":" लॉगआउट पैरामीटर कॉन्फ़िगर करें","body":"<ol>\n<li> एक्शन एडिटर कैनवास से, नीचे<strong> इनवोक सर्विस: UserAuthentication$logout</strong> ,&nbsp;क्लिक करें<strong> सफलता</strong>.</li>\n<li> के बाएँ मेनू से&nbsp;<strong> एक्शन एडिटर</strong> , अंडर&nbsp;<strong> सामान्य</strong> , चुनें&nbsp;<strong> &nbsp;फ़ॉर्म पर नेविगेट करें</strong>.</li>\n<li>&nbsp;के दाएँ फलक में&nbsp;<strong> एक्शन एडिटर</strong> , चुनें<strong>frmLogin</strong>.</li>\n<li> क्लिक करें&nbsp;<strong> सहेजें</strong>.</li>\n</ol>"},"navigationBar":{"left":{"text":" पिछला"},"right":{"text":" अगला"}}},"Card.kony.addLoginServiceV9.createService":{"content":{"title":" पहचान सेवा बनाएं","body":"<ol>\n<li> से<strong> डेटा &amp; सेवाएं</strong><strong> &nbsp;</strong> आपके कैनवास के शीर्ष दाईं ओर पैनल, विस्तृत करें&nbsp;<strong> परियोजना सेवाएं</strong>.</li>\n<li> क्लिक करें&nbsp;<strong> नया कॉन्फ़िगर करें</strong> पहले से पैक की गई सेवाओं की सूची प्राप्त करने के लिए।</li>\n<li> के अंतर्गत&nbsp;<strong> प्रमाणित करें</strong> श्रेणी, चुनें&nbsp;<strong> उपयोगकर्ता भंडार</strong>.<br /> The<strong> पहचान सेवा कॉन्फ़िगर करें</strong> &nbsp;विंडो दिखाई देती है।</li>\n<li> सेवा का नाम दर्ज करें<strong> उपयोगकर्ता प्रमाणीकरण</strong>.</li>\n<li> क्लिक करें&nbsp;<strong> सहेजें</strong>.</li>\n</ol>"},"navigationBar":{"left":{"text":" पिछला"},"right":{"text":" अगला"}}},"Card.kony.addLoginServiceV9.deleteActions":{"content":{"title":" अवांछित क्रियाएं हटाएं","body":"<ol>\n<li> से<strong> एक्शन एडिटर</strong> कैनवास, पर जाएं<strong> फॉर्म frmअकाउंट पर नेविगेट करें</strong> . राइट-क्लिक करें और चुनें<strong> हटाएं</strong> इस क्रिया के लिए।</li>\n<li> से<strong> एक्शन एडिटर</strong> कैनवास, नेविगेट करें<strong> सेवा को आमंत्रित करें: उपयोगकर्ता प्रमाणीकरण $ लॉगिन</strong> &gt;<strong> सफलता</strong> &gt;<strong> अलर्ट दिखाएं</strong> .&nbsp;राइट-क्लिक करें और चुनें<strong> हटाएं</strong> इस क्रिया के लिए।</li>\n</ol>"},"navigationBar":{"left":{"text":" पिछला"},"right":{"text":" अगला"}}},"Card.kony.addLoginServiceV9.done":{"content":{"title":" बधाई","body":"<p> आपने सफलतापूर्वक:</p>\n<ul>\n<li><strong> एक पहचान सेवा बनाई गई</strong></li>\n<li><strong> इसे लॉगिन फॉर्म के साथ एकीकृत करें</strong></li>\n</ul>\n<p><br /> बैक-एंड डेटा के लिए सेवाएं बनाने के लिए कार्यक्षमता जोड़ने के लिए, अगली वृद्धि देखें:<a class=\"tour-link\" tour=\"a7a762t5-3eac-44r5-8bu2-89b781n1\"><strong> 4. बैक-एंड डेटा मोबाइल के लिए सेवाएं बनाना</strong></a>.</p>"},"navigationBar":{"left":{"text":" पिछला"},"right":{"text":" हो गया"}}},"Card.kony.addLoginServiceV9.Intro":{"content":{"title":" ऐप में प्रमाणीकरण जोड़ें","body":"<p><strong> चलिए शुरू करते हैं!</strong><br /> इस वृद्धि में, हम करेंगे:</p>\n<ul>\n<li> एक पहचान सेवा को कॉन्फ़िगर करना सीखें</li>\n<li> किसी ऐप के UI तत्वों के लिए पहचान सेवा को मैप करें</li>\n</ul>\n<p> आरंभ करने से पहले, इन हाइक को पूरा करें:</p>\n<ol><b>\n<li><a class=\"tour-link\" tour=\"20cbd4t0-03a1-4er1-9dud-98bee3nb\"> आयात और amp; एक मूल ऐप लॉन्च करें</a></li><li><a class=\"tour-link\" tour=\"a617eft5-7ca8-4ard-8eu8-94cdean5\"> संग्रह से UI बनाएं</a></li></b>\n</ol>\n<p> सुनिश्चित करें कि आपने वही प्रोजेक्ट खोला है जिसे आपने पिछली हाइक में बनाया था।<br /> एक बंद प्रोजेक्ट को खोलने के लिए, मुख्य मेनू से, नेविगेट करें<strong> परियोजना</strong> &gt;<strong> खुला</strong> &gt;<strong> कोनी संदर्भ वास्तुकला</strong> &gt;<strong> प्राप्तकर्ताMobApp</strong>.<br /> <br /> <strong> जब आप तैयार हों, तो स्टार्ट पर क्लिक करें!</strong></p>"},"navigationBar":{"left":{"text":" पिछला"},"right":{"text":" प्रारंभ"}}},"Card.kony.addLoginServiceV9.launch":{"content":{"title":" ऐप लॉन्च करें","body":"<ol>\n<li> बाएं नेविगेशन बार से, क्लिक करें<strong> भागो</strong>.<br /> विज़ुअलाइज़र को प्रदर्शित करने में कुछ समय लग सकता है<strong> लाइव पूर्वावलोकन तैयार है</strong> window.</li>\n<li> विज़ुअलाइज़र द्वारा ऐप चलाने के बाद, आपके<strong> क्वांटम ऐप</strong> , क्लिक करें<strong> लॉन्च</strong>.</li>\n<li> आप एक देख सकते हैं<strong> आवेदन का नाम:</strong> टेक्स्ट बॉक्स। यदि कोई टेक्स्ट बॉक्स है, तो दर्ज करें<strong> प्राप्तकर्ताMobApp</strong> और फिर क्लिक करें<strong> लॉन्च</strong>.</li>\n</ol>"},"navigationBar":{"left":{"text":" पिछला"},"right":{"text":" अगला"}}},"Card.kony.addLoginServiceV9.launch1":{"content":{"title":" ऐप चलाएँ","body":"<p> पिछली बढ़ोतरी में, आप बिना किसी क्रेडेंशियल के खाता फॉर्म तक पहुंच सकते थे। अब ऐप लॉगइन क्रेडेंशियल मांगेगा।</p>\n<ol>\n<li> अपने ऐप में निम्नलिखित लॉगिन क्रेडेंशियल दर्ज करें:<ul>\n<li> उपयोगकर्ता नाम:<strong> john.doe@temenos.com</strong></li>\n<li> पासवर्ड:<strong>Temenos@123</strong></li>\n</ul></li>\n<li> क्लिक करें<strong>Login</strong>.<br /> The <strong> खातों की सूची</strong> प्रकट होता है।</li>\n<li> क्लिक करें&nbsp;<strong> लॉगआउट</strong> .&nbsp;<br /> द&nbsp;<strong> लॉगिन फॉर्म</strong> प्रकट होता है।</li>\n<li> To<strong> बाहर निकलें</strong> आपके ऐप पर<strong> मोबाइल</strong> डिवाइस, दो अंगुलियों को बाएं से दाएं स्वाइप करें या अपने<strong> मोबाइल</strong> डिवाइस और क्लिक करें<strong> ऐप से बाहर निकलें</strong>.</li>\n</ol>"},"navigationBar":{"left":{"text":" पिछला"},"right":{"text":" अगला"}}},"Card.kony.addLoginServiceV9.Logout":{"content":{"title":" UI के लिए मानचित्र लॉगआउट पैरामीटर","body":"<ol>\n<li> से&nbsp;<strong> प्रोजेक्ट&nbsp;</strong> एक्सप्लोरर, विस्तृत करें&nbsp;<b> मोबाइल</b> &gt;<b> प्रपत्र</b> > <strong> frmखाता</strong> > <b> flexAccountList</b> &gt;<b> flexHeader</b> और चुनें<strong> हैडरबटनराइट</strong>.</li>\n<li> से<strong> गुण</strong> पैनल, पर नेविगेट करें<strong> क्रिया</strong> टैब।</li>\n<li> के लिए<strong> ऑनक्लिक</strong> घटना, क्लिक करें<strong> संपादित करें</strong>.<br /> The <strong> एक्शन एडिटर</strong> विंडो प्रकट होती है।</li>\n</ol>"},"navigationBar":{"left":{"text":" पिछला"},"right":{"text":" अगला"}}},"Card.kony.addLoginServiceV9.mapping":{"content":{"title":" मानचित्र उपयोगकर्ता नाम और पासवर्ड","body":"<p> निम्नलिखित तत्वों को बाएँ फलक से दाएँ फलक में मैप करें:</p>\n<ul>\n<li> बाएँ फलक से, विस्तृत करें<strong> TextField &ndash; txtउपयोगकर्ता नाम</strong> और चुनें<strong> टेक्स्ट {स्ट्रिंग}</strong> . दाएँ फलक से, चुनें<strong> उपयोगकर्ता आईडी {स्ट्रिंग}</strong></li>\n<li> बाएँ फलक से, विस्तृत करें<strong> टेक्स्टफ़ील्ड &ndash; txtपासवर्ड</strong> और चुनें<strong> टेक्स्ट {स्ट्रिंग}</strong> . दाएँ फलक से, चुनें<strong> पासवर्ड {स्ट्रिंग}</strong></li>\n</ul>"},"navigationBar":{"left":{"text":" पिछला"},"right":{"text":" अगला"}}},"Card.kony.addLoginServiceV9.openApp":{"content":{"title":" क्वांटम ऐप","body":"<ol>\n<li> USB केबल का उपयोग करके अपने मोबाइल डिवाइस को अपने कंप्यूटर से कनेक्ट करें।<br /> Android मोबाइल उपकरणों के लिए, सुनिश्चित करें कि USB का उपयोग इस प्रकार सेट है<strong> फ़ाइलें स्थानांतरित करें</strong>.<br /> आईओएस मोबाइल उपकरणों के लिए, सुनिश्चित करें कि &nbsp;<strong> विश्वास</strong> आपके डिवाइस और आपके कंप्यूटर के बीच स्थापित किया गया है।</li>\n<li> लॉन्च करें<strong> क्वांटम ऐप</strong> आपके मोबाइल डिवाइस पर।</li>\n<li> चुनें<strong> यूएसबी</strong> टैब।<br/> एक सफल कनेक्शन पर,<strong> विज़ुअलाइज़र</strong> आपके कंप्यूटर पर एक सफलता संकेत दिखाता है।</li>\n</ol>"},"navigationBar":{"left":{"text":" पिछला"},"right":{"text":" अगला"}}},"Card.kony.addLoginServiceV9.TestLogin":{"content":{"title":" अपने ऐप की सेवा का परीक्षण करें","body":"<ol>\n<li> पर&nbsp;<strong> पहचान सेवा कॉन्फ़िगर करें</strong> विंडो, क्लिक करें&nbsp;<strong> परीक्षण लॉगिन</strong>.</li>\n<li> दर्ज करें&nbsp;<strong> यूजर आईडी</strong> (ईमेल) और&nbsp;<strong> पासवर्ड</strong> आपने बनाया है।</li>\n<li> क्लिक करें&nbsp;<strong> साइन इन करें</strong>.</li>\n<li> बंद करें&nbsp;<strong> पहचान सेवा कॉन्फ़िगर करें</strong> &nbsp;आपके आवेदन में सेवा जोड़ने के लिए विंडो।</li>\n</ol>"},"navigationBar":{"left":{"text":" पिछला"},"right":{"text":" अगला"}}}}