{
  "Card.VoltMX.addLoginServiceV9.Intro": {
    "content": {
      "title": "Add Authentication to the App",
      "body": "<p><strong>Let&rsquo;s get started!</strong><br /> In this hike, we will:</p>\n<ul>\n<li>Learn to configure an Identity Service.</li>\n<li>Map the Identity Service to the UI elements of an app.</li>\n</ul>\n<p>Before getting started, complete these hikes:</p>\n<ol><b>\n<li><a class=\"tour-link\" tour=\"7408efte-e2aa-4cr8-a9ub-d7ba36n8\">Launch your First Mobile App</a></li><li><a class=\"tour-link\" tour=\"a617eft5-7ca8-4ard-8eu8-94cdean5\">Create UI from Collections</a></li></b>\n</ol>\n<p>Ensure that you open the same project that you have created in the Hike 2.<br /> To open a closed project, from the main menu, navigate to <strong>Project</strong> &gt; <strong>Open</strong> &gt; <strong>HCL Reference Architecture</strong> &gt; <strong>RecipientsMobApp</strong>.<br /> <br /> <strong>When you are ready, click Start!</strong></p>"
    },
    "navigationBar": {
      "left": {
        "text": "Previous"
      },
      "right": {
        "text": "Start"
      }
    }
  },
  "Card.VoltMX.addLoginServiceV9.createService": {
    "content": {
      "title": "Create Identity Service",
      "body": "<ol>\n<li>From the <strong>Data &amp; Services</strong><strong>&nbsp;</strong>panel on the top-right of your canvas, expand&nbsp;<strong>Project Services</strong>.</li>\n<li>Click&nbsp;<strong>Configure New </strong>to get a list of prepacked services.</li>\n<li>Under the&nbsp;<strong>Authenticate </strong>category, select&nbsp;<strong>User Repository</strong>.<br /> The<strong> Configure Identity Service</strong>&nbsp;window appears.</li>\n<li>Enter the name of the service <strong>UserAuthentication1</strong>.</li>\n<li>Click&nbsp;<strong>Save</strong>.</li>\n</ol>"
    },
    "navigationBar": {
      "left": {
        "text": "Previous"
      },
      "right": {
        "text": "Next"
      }
    }
  },
  "Card.VoltMX.addLoginServiceV9.addUser": {
    "content": {
      "title": "Add User for Authentication",
      "body": "<ol>\n<li>Click&nbsp;<strong>Add User</strong>.<br /> The<strong> Add User&nbsp;</strong>window appears.</li>\n<li>Enter the following values in the respective fields:\n<ul style=\"list-style-type: disc\">\n<li>Email/Username:<strong> john.doe@woodburn.com</strong></li>\n<li>First Name:<strong> John</strong></li>\n<li>Last Name:<strong> Doe</strong></li>\n<li>Password:<strong> VoltMX@123</strong></li>\n<li>Re-Enter Password:<strong> VoltMX@123</strong></li>\n<li>From&nbsp;<strong>Add/Select Group (s)</strong>, ensure the checkbox for&nbsp;<strong>Members </strong>is selected from the drop-down.</li>\n</ul></li>\n<li>Click&nbsp;<strong>Add User</strong>.</li>\n</ol>\n<p>A user is added to the repository.<br /> Note the Login credentials for testing.</p>"
    },
    "navigationBar": {
      "left": {
        "text": "Previous"
      },
      "right": {
        "text": "Next"
      }
    }
  },
  "Card.VoltMX.addLoginServiceV9.TestLogin": {
    "content": {
      "title": "Test the Service of your App",
      "body": "<ol>\n<li>On the&nbsp;<strong>Configure Identity Service </strong>window, click&nbsp;<strong>TEST LOGIN</strong>.</li>\n<li>Enter the&nbsp;<strong>User ID </strong>(email) and the&nbsp;<strong>Password </strong>you have created.</li>\n<ul style=\"list-style-type: disc\">\n<li>Email/Username:<strong> john.doe@woodburn.com</strong></li>\n<li>Password:<strong> VoltMX@123</strong></li></ul>\n<li>Click&nbsp;<strong>SIGN IN</strong>.</li>\n<li>Close the&nbsp;<strong>Configure Identity Service</strong>&nbsp;window to add the service to your application.</li>\n</ol>"
    },
    "navigationBar": {
      "left": {
        "text": "Previous"
      },
      "right": {
        "text": "Next"
      }
    }
  },
  "Card.VoltMX.addLoginServiceV9.addService": {
    "content": {
      "title": "Add Service to Login Button",
      "body": "<ol>\n<li>From the <strong>Project</strong> explorer, expand <strong>Mobile</strong> &gt; <strong>Forms</strong> and select <strong>frmLogin</strong>.</li>\n<li>From the <strong>Data &amp; Services</strong> panel, expand <strong>Project Services</strong> &gt; <strong>UserAuthentication1</strong>&nbsp;and select the <strong>login</strong> operation.</li>\n<li>Drag and drop the <strong>lo</strong><strong>gin</strong> operation onto the <strong>Login</strong> button on the canvas.<br /> It may take some time for Iris to add the service to your app.</li>\n<li>From the list of actions, select <strong>Action: onClick</strong>.<br /> The<strong> Action Editor</strong>&nbsp;window appears.</li>\n</ol>"
    },
    "navigationBar": {
      "left": {
        "text": "Previous"
      },
      "right": {
        "text": "Next"
      }
    }
  },
  "Card.VoltMX.addLoginServiceV9.addMapping": {
    "content": {
      "title": "Map the Login Operation",
      "body": "<ol><li>From the top-right of the <b>Action Editor</b> window, select the <strong>Design View</strong>.</li>\n<li>In the Action Editor canvas,&nbsp;select&nbsp;<strong>Invoke Service: UserAuthentication1$login</strong>.</li>\n<li>From the right pane of the <strong>Action Editor</strong>, click <strong>Open Mapping Editor</strong>.<br />The <strong>Mapping Editor</strong> window appears in the right pane of the canvas.</li>\n<li>From the left pane of the&nbsp;<strong>Mapping Editor</strong>, expand&nbsp;<strong>Forms </strong>&gt;&nbsp;<strong>frmLogin</strong>.</li>\n<li>From the right pane of the&nbsp;<strong>Mapping Editor</strong>, expand&nbsp;<strong>Services</strong> &gt;&nbsp;<strong>Service &ndash; UserAuthentication1$login</strong>.</li>\n</ol>"
    },
    "navigationBar": {
      "left": {
        "text": "Previous"
      },
      "right": {
        "text": "Next"
      }
    }
  },
  "Card.VoltMX.addLoginServiceV9.mapping": {
    "content": {
      "title": "Map Username and Password",
      "body": "<p>Map the following elements from the left pane to the right pane:</p>\n<ul>\n<li>From the left pane, expand <strong>TextField &ndash; txtUserName</strong> and select <strong>text {string}</strong>. From the right pane, select <strong>userid {string}</strong></li>\n<li>From the left pane, expand <strong>TextField &ndash; txtPassword</strong> and select <strong>text {string}</strong>. From the right pane, select <strong>password {string}</strong></li>\n</ul>"
    },
    "navigationBar": {
      "left": {
        "text": "Previous"
      },
      "right": {
        "text": "Next"
      }
    }
  },
  "Card.VoltMX.addLoginServiceV9.deleteActions": {
    "content": {
      "title": "Delete Unwanted Actions",
      "body": "<ol>\n<li>From the <strong>Action Editor</strong> canvas, go to <strong>(Navigate to Form)(name: frmAccount)</strong>. Right-click and select <strong>Delete</strong> for this action.</li>\n<li>From the <strong>Action Editor</strong> canvas, navigate to <strong>(INVOKE SERVICE)(name:UserAuthentication1$login)</strong> &gt; <strong>Success</strong> &gt; <strong>Show Alert</strong>.&nbsp;Right-click and select <strong>Delete</strong> for this action.</li>\n</ol>"
    },
    "navigationBar": {
      "left": {
        "text": "Previous"
      },
      "right": {
        "text": "Next"
      }
    }
  },
  "Card.VoltMX.addLoginServiceV9.addActions": {
    "content": {
      "title": "Configure the Actions",
      "body": "<ol>\n<li>From the <strong>Action Editor</strong> canvas, under <strong>(INVOKE SERVICE) (name:UserAuthentication1$login)</strong>, select <strong>Success</strong>.</li>\n<li>From the left menu of the <strong>Action Editor</strong>, under <strong>General</strong>, select <strong>Navigate to Form</strong>.</li>\n<li>From the&nbsp;right&nbsp;pane of the <strong>Action Editor</strong>, select the form <strong>frmAccount</strong>.</li>\n<li>Click <strong>Save</strong>.</li>\n</ol>"
    },
    "navigationBar": {
      "left": {
        "text": "Previous"
      },
      "right": {
        "text": "Next"
      }
    }
  },
  "Card.VoltMX.addLoginServiceV9.Logout": {
    "content": {
      "title": "Map Logout Parameters to UI",
      "body": "<ol>\n<li>From the&nbsp;<strong>Project&nbsp;</strong>explorer, expand&nbsp;<b>Mobile</b> &gt; <b>Forms</b> > <strong> frmAccount</strong> > <b>flexAccountList</b>  &gt;  <b>flexHeader</b> and select <strong>headerButtonRight</strong>.</li>\n<li>From the <strong>Properties </strong>panel, navigate to the <strong>Action </strong>tab.</li>\n<li>For the <strong>onClick </strong>event, click <strong>Edit</strong>.<br /> The <strong>Action Editor</strong> window appears.</li>\n</ol>"
    },
    "navigationBar": {
      "left": {
        "text": "Previous"
      },
      "right": {
        "text": "Next"
      }
    }
  },
  "Card.VoltMX.addLoginServiceV9.ConfigureLogout": {
    "content": {
      "title": "Configure Logout Parameters",
      "body": "<ol>\n<li>From the top-right corner of your&nbsp;<strong>Action Editor </strong>window, select&nbsp;<strong>Design View</strong>.</li>\n<li>From the left menu of the&nbsp;<strong>Action Editor</strong>, under&nbsp;<strong>Network</strong>, select&nbsp;<strong>Invoke Service</strong>.</li>\n<li>In&nbsp;the right pane of the&nbsp;<strong>Action Editor</strong>, from the <strong>Select Service</strong> drop down, select <strong>UserAuthentication1$logout</strong>.</li>\n</ol>"
    },
    "navigationBar": {
      "left": {
        "text": "Previous"
      },
      "right": {
        "text": "Next"
      }
    }
  },
  "Card.VoltMX.addLoginServiceV9.ConfigureLogout1": {
    "content": {
      "title": "Configure Logout Parameters",
      "body": "<ol>\n<li>From the Action Editor canvas, under <strong>(INVOKE SERVICE)(name:UserAuthentication1$logout)</strong>,&nbsp;<br />click <strong>Success</strong>.</li>\n<li>From the left menu of the&nbsp;<strong>Action Editor</strong>, under&nbsp;<strong>General</strong>, select&nbsp;<strong>&nbsp;Navigate to Form</strong>.</li>\n<li>In&nbsp;the right pane of the&nbsp;<strong>Action Editor</strong>, select <strong>frmLogin</strong>.</li>\n<li>Click&nbsp;<strong>Save</strong>.</li>\n</ol>"
    },
    "navigationBar": {
      "left": {
        "text": "Previous"
      },
      "right": {
        "text": "Next"
      }
    }
  },
  "Card.VoltMX.addLoginServiceV9.openApp": {
    "content": {
      "title": "Volt MX App",
      "body": "<ol>\n<li>Connect your mobile device to your computer using a USB cable.<br /> For Android mobile devices, ensure that the use of USB is set as <strong>Transfer files</strong>.<br /> For iOS mobile devices, ensure that &nbsp;<strong>trust</strong> has been established between your device and your computer.</li>\n<li>Launch the <strong>Volt MX App</strong> on your mobile device.</li>\n<li>Select the <strong>USB</strong> tab.\n<br/>On a successful connection, <strong>Volt MX Iris</strong> on your computer shows a success prompt.</li>\n</ol>"
    },
    "navigationBar": {
      "left": {
        "text": "Previous"
      },
      "right": {
        "text": "Next"
      }
    }
  },
  "Card.VoltMX.addLoginServiceV9.launch": {
    "content": {
      "title": "Launch the App",
      "body": "<ol>\n<li>From the left navigation bar, click <strong>Run</strong>.<br /> It may take some time for Iris to display the <strong>Live Preview is ready</strong> window.</li>\n<li>After Iris runs the app, on your <strong>Volt MX App</strong>, click <strong>Launch</strong>.</li>\n<li>You may see an <strong>Application Name</strong> text box. If there is a text box, enter <strong>RecipientsMobApp</strong> and then click <strong>Launch</strong>.</li>\n</ol>"
    },
    "navigationBar": {
      "left": {
        "text": "Previous"
      },
      "right": {
        "text": "Next"
      }
    }
  },
  "Card.VoltMX.addLoginServiceV9.launch1": {
    "content": {
      "title": "Run the App",
      "body": "<p>In the previous hike, you could access the Account form without any credentials. Now the app will ask for login credentials.</p>\n<ol>\n<li>Enter the following login credentials in your app:\n<ul style=\"list-style-type: disc\">\n<li>Username: <strong>john.doe@woodburn.com</strong></li>\n<li>Password: <strong>VoltMX@123</strong></li>\n</ul></li>\n<li>Click <strong>Login</strong>.<br /> The <strong>Accounts list</strong>  appears.</li>\n<li>Click&nbsp;<strong>Logout</strong>.&nbsp;<br /> The&nbsp;<strong>Login form</strong> appears.</li>\n<li>To <strong>Exit</strong> the app on your <strong>mobile</strong> device, swipe two fingers from left to right or shake your <strong>mobile</strong> device and click <strong>Exit App</strong>.</li>\n</ol"
    },
    "navigationBar": {
      "left": {
        "text": "Previous"
      },
      "right": {
        "text": "Next"
      }
    }
  },
  "Card.VoltMX.addLoginServiceV9.done": {
    "content": {
      "title": "Congratulations",
      "body": "<p>You have successfully:</p>\n<ul>\n<li><strong>Created an Identity Service</strong></li>\n<li><strong>Integrated it with the Login form</strong></li>\n</ul>\n<p><br /> To add the functionality to create services for the Back-end data, check out the next hike: <a class=\"tour-link\" tour=\"a7a762t5-3eac-44r5-8bu2-89b781n1\"><strong><br />4. Creating Services for the Back-end data Mobile</strong></a>.</p>"
    },
    "navigationBar": {
      "left": {
        "text": "Previous"
      },
      "right": {
        "text": "Done"
      }
    }
  }
}