{
  "Card.VoltMX.addLoginServiceV9.Intro": {
    "content": {
      "title": "将身份验证添加到应用程序",
      "body": "***<p> <strong>让我们开始！</strong> <br />在这次远足中，我们将：</p> \n <ul> \n <li>学习配置身份服务。</li> \n <li>将身份服务映射到应用程序的UI元素。</li> \n </ul> \n <p>在开始之前，完成以下徒步旅行：</p> \n <ol> <b> \n <li> <a class=\"tour-link\" tour=\"7408efte-e2aa-4cr8-a9ub-d7ba36n8\">启动您的第一个移动应用</a> </li> <li> <a class=\"tour-link\" tour=\"a617eft5-7ca8-4ard-8eu8-94cdean5\"> {20}从Collections </a> </li> {22} </b>创建UI \n </ol> \n <p>确保您打开与徒步2中创建的相同项目。<br />从主菜单中打开一个封闭的项目，导航到<strong> project </strong>＆gt; <strong>打开</strong>＆gt; <strong> HCl参考架构</strong>＆gt; <strong>收件人mobapp </strong>。"
    },
    "navigationBar": {
      "left": {
        "text": "以前的"
      },
      "right": {
        "text": "开始"
      }
    }
  },
  "Card.VoltMX.addLoginServiceV9.createService": {
    "content": {
      "title": "创建身份服务",
      "body": "***<ol> \n <li>来自<strong> data＆amp; 服务</strong> <strong>＆nbsp; </strong>面板在画布的顶端，展开＆nbsp; <strong> project Services </strong>。</li> \n <li>单击＆nbsp; <strong>配置新</strong>以获取预装服务的列表。</li> \n <li>在＆nbsp; <strong>认证</strong>类别中，select＆nbsp; <strong>用户存储库</strong>。<br /> <strong> {19}配置身份服务</strong>＆nbsp; window出现。</li>}}}}}}} \n <li>输入服务的名称<strong> userauthentication1 </strong>。</li> \n <li>单击＆nbsp; <strong>保存</strong>。</li> \n </ol>"
    },
    "navigationBar": {
      "left": {
        "text": "以前的"
      },
      "right": {
        "text": "下一个"
      }
    }
  },
  "Card.VoltMX.addLoginServiceV9.addUser": {
    "content": {
      "title": "添加用户进行身份验证",
      "body": "***<ol> \n <li>单击＆nbsp; <strong>添加用户</strong>。<br /> <strong>添加user＆nbsp; </strong>窗口出现。</li> \n <li>在各个字段中输入以下值： \n <ul style=\"list-style-type: disc\"> \n <li>电子邮件/用户名：<strong> john.doe@woodburn.com </strong> </li> \n <li>名字：<strong> John </strong> </li> \n <li>姓氏：<strong> doe </strong> </li> \n <li>密码：<strong> voltmx@123 </strong> </li> \n <li>重新输入密码：<strong> voltmx@123 </strong> </li> \n <li>来自＆nbsp; <strong> add/select组（s）</strong>，确保从下拉列表中选择＆nbsp; <strong>成员的复选框。</li>。{35} \n </ul> </li> \n <li>单击＆nbsp; <strong>添加用户</strong>。</li> \n </ol> \n <p>将用户添加到存储库中。<br />注意测试的登录凭据。</p>"
    },
    "navigationBar": {
      "left": {
        "text": "以前的"
      },
      "right": {
        "text": "下一个"
      }
    }
  },
  "Card.VoltMX.addLoginServiceV9.TestLogin": {
    "content": {
      "title": "测试您的应用程序的服务",
      "body": "<ol> \n <li>在＆nbsp; <strong>配置身份服务</strong>窗口，单击＆nbsp; <strong> test login </strong>。</li> \n <li>输入＆nbsp; <strong>用户ID </strong>（电子邮件）和＆nbsp; <strong>密码</strong>您已经创建了。</li> \n <ul style=\"list-style-type: disc\"> \n <li>电子邮件/用户名：<strong> john.doe@woodburn.com </strong> </li> \n <li>密码：<strong> voltmx@123 </strong> </li> </ul> \n <li>单击＆nbsp; <strong>在</strong>中登录。</li> \n <li>关闭＆nbsp; <strong>配置身份服务</strong>＆nbsp;窗口以将服务添加到您的应用程序中。</li> \n </ol>"
    },
    "navigationBar": {
      "left": {
        "text": "以前的"
      },
      "right": {
        "text": "下一个"
      }
    }
  },
  "Card.VoltMX.addLoginServiceV9.addService": {
    "content": {
      "title": "将服务添加到登录按钮",
      "body": "***<ol> \n <li>从<strong> project </strong>探索器，展开<strong>移动</strong>＆gt; <strong>表格</strong>并选择<strong> frmlogin </strong>。</li> \n <li>来自<strong> data＆amp; 服务</strong>面板，展开<strong>项目服务</strong>＆gt; <strong> userauthentication1 </strong>＆nbsp;并选择<strong>登录</strong>操作。</li> \n <li>拖动<strong> lo </strong> <strong> gin </strong>操作在<strong> login </strong> login {27}按钮上。<br />可能需要一些时间才能添加服务。 到您的应用程序。</li> \n <li>从操作列表中，选择<strong>操作：OnClick </strong>。<br /> <strong>操作编辑器</strong>＆nbsp; window出现。</li> \n </ol>"
    },
    "navigationBar": {
      "left": {
        "text": "以前的"
      },
      "right": {
        "text": "下一个"
      }
    }
  },
  "Card.VoltMX.addLoginServiceV9.addMapping": {
    "content": {
      "title": "映射登录操作",
      "body": "***<ol> <li>从<b>操作编辑器的顶端</b>窗口，选择<strong>设计视图</strong>。</li> \n <li>在动作编辑器帆布中，＆nbsp; select＆nbsp; <strong> Invoke Service：userauthentication1 $ login </strong>。</li> \n <li>从<strong>操作编辑器的右窗格</strong>，单击<strong>打开映射编辑器</strong>。<br /> <strong> {17} mapping Editor </strong>窗口出现在Canvas的右窗格中 。</li> \n <li>从＆nbsp; <strong>映射编辑器</strong>的左窗格，展开＆nbsp; <strong> form </strong>＆gt;＆nbsp;＆nbsp; <strong> frmlogin </strong>。</li>。{27} \n <li>来自＆nbsp; <strong>映射编辑器</strong>的右窗格，展开＆nbsp; <strong>服务</strong>＆gt;＆nbsp;＆nbsp; <strong> service＆ndash; ndash; userauthentication1 $ login </strong>。</li> \n </ol>"
    },
    "navigationBar": {
      "left": {
        "text": "以前的"
      },
      "right": {
        "text": "下一个"
      }
    }
  },
  "Card.VoltMX.addLoginServiceV9.mapping": {
    "content": {
      "title": "地图用户名和密码",
      "body": "<p>映射以下元素从左窗格到右窗格：</p> \n <ul> \n <li>从左窗格中展开<strong> textfield＆ndash; txtusername </strong>，然后选择<strong>文本{string} </strong>。 从右窗格中，选择<strong> userId {string} </strong> </li> \n <li>从左窗格中展开<strong> textfield＆ndash; txtpassword </strong>，然后选择<strong>文本{string} </strong>。 从右窗格中，选择<strong>密码{string} </strong> </li> \n </ul>"
    },
    "navigationBar": {
      "left": {
        "text": "以前的"
      },
      "right": {
        "text": "下一个"
      }
    }
  },
  "Card.VoltMX.addLoginServiceV9.deleteActions": {
    "content": {
      "title": "删除不必要的动作",
      "body": "***<ol> \n <li>从<strong>操作编辑器</strong>画布，转到<strong>（导航到form）（名称：frmaccount）</strong>。 右键单击并选择<strong>为此动作删除</strong>。</li> \n <li>来自<strong>操作编辑器</strong> canvas，导航到<strong>（Invoke Service）（name：userauthentication1 $ login）</strong>＆gt; <strong>成功</strong>＆gt; <strong>显示警报</strong>。 \n </ol>"
    },
    "navigationBar": {
      "left": {
        "text": "以前的"
      },
      "right": {
        "text": "下一个"
      }
    }
  },
  "Card.VoltMX.addLoginServiceV9.addActions": {
    "content": {
      "title": "配置操作",
      "body": "***<ol> \n <li>来自<strong>操作编辑器</strong> canvas，在<strong>（Invoke Service）下（name：userauthentication1 $ login）</strong>，选择<strong> Success </strong>。</li>。{8} \n <li>从<strong>操作编辑器的左菜单</strong>下，<strong>常规</strong>，选择<strong>导航至form </strong>。</li> \n <li>从<strong>操作编辑器的pane ot＆nbsp; pane </strong>中，选择<strong> frmaccount </strong>的表单。</li> \n <li>单击<strong>保存</strong>。</li> \n </ol>"
    },
    "navigationBar": {
      "left": {
        "text": "以前的"
      },
      "right": {
        "text": "下一个"
      }
    }
  },
  "Card.VoltMX.addLoginServiceV9.Logout": {
    "content": {
      "title": "映射注销参数到UI",
      "body": "***<ol> \n <li>来自＆nbsp; <strong> project＆nbsp; </strong> Explorer，Expand＆nbsp; <b>移动</b>＆gt; <b> forms </b>> <strong> frmaccount </strong>> <b> flexaccountlist </b>＆gt; <b> flexheader </b>，然后选择<strong> headerButtonRight </strong>。</li> \n <li>从<strong>属性</strong>面板，导航到<strong> action </strong> tab。</li> \n <li>对于<strong> onClick </strong>事件，单击<strong> edit </strong>。 \n </ol>"
    },
    "navigationBar": {
      "left": {
        "text": "以前的"
      },
      "right": {
        "text": "下一个"
      }
    }
  },
  "Card.VoltMX.addLoginServiceV9.ConfigureLogout": {
    "content": {
      "title": "配置注销参数",
      "body": "***<ol> \n <li>从您＆nbsp; <strong>操作编辑器</strong>窗口的右上角，选择＆nbsp; <strong>设计视图</strong>。</li> \n <li>从＆nbsp; <strong>操作编辑器的左菜单</strong>，在＆nbsp; <strong>网络</strong>下，选择＆nbsp; <strong> Invoke Service </strong>。</li>。{14} \n <li> in＆nbsp; <strong>操作编辑器的右窗格，从<strong>选择{18}选择service </strong>下拉，选择<strong> userauthentication1 $ lokout </strong>。</li>。{22}。{22} \n </ol>"
    },
    "navigationBar": {
      "left": {
        "text": "以前的"
      },
      "right": {
        "text": "下一个"
      }
    }
  },
  "Card.VoltMX.addLoginServiceV9.ConfigureLogout1": {
    "content": {
      "title": "配置注销参数",
      "body": "***<ol> \n <li>来自Action Editor Canvas，在<strong>（Invoke Service）下（名称：userauthentication1 $ lokout）</strong>，＆nbsp; <br />单击<strong> Success </strong>。</li>。{7} \n <li>从＆nbsp; <strong>操作编辑器的左菜单中，在＆nbsp; <strong> eneral </strong>下，选择＆nbsp; <strong>＆nbsp; navigate＆nbsp; navigate＆nbsp; navigate </strong>。</li>。{15} \n <li> in＆nbsp; <strong>动作编辑器的右窗格</strong>，选择<strong> frmlogin </strong>。</li> \n <li>单击＆nbsp; <strong>保存</strong>。</li> \n </ol>"
    },
    "navigationBar": {
      "left": {
        "text": "以前的"
      },
      "right": {
        "text": "下一个"
      }
    }
  },
  "Card.VoltMX.addLoginServiceV9.openApp": {
    "content": {
      "title": "Volt MX应用程序",
      "body": "<ol> \n <li>使用USB电缆将移动设备连接到计算机。<br />对于Android移动设备，请确保将USB的使用设置为<strong>传输文件</strong>。<br />用于iOS移动设备，请确保 那个＆nbsp; <strong>信任</strong>已在您的设备和计算机之间建立。</li> \n <li>在您的移动设备上启动<strong> volt mx app </strong>。</li> \n <li>选择<strong> USB </strong>选项卡。 \n <br/>在成功的连接上，<strong>伏特mx iris </strong>在您的计算机上显示成功提示。</li> \n </ol>"
    },
    "navigationBar": {
      "left": {
        "text": "以前的"
      },
      "right": {
        "text": "下一个"
      }
    }
  },
  "Card.VoltMX.addLoginServiceV9.launch": {
    "content": {
      "title": "启动该应用程序",
      "body": "<ol> \n <li>从左导航栏中，单击<strong>运行</strong>。<br />可能需要一些时间才能让Iris显示<strong> Live Preview已准备就绪</strong>窗口。</li> \n <li>虹膜在您的<strong> volt mx app </strong>上运行应用程序后，单击<strong>启动</strong>。</li> \n <li>您可能会看到<strong>应用程序名称</strong>文本框。 如果有一个文本框，请输入<strong> colectientsmobapp </strong>，然后单击<strong>启动</strong>。</li> \n </ol>"
    },
    "navigationBar": {
      "left": {
        "text": "以前的"
      },
      "right": {
        "text": "下一个"
      }
    }
  },
  "Card.VoltMX.addLoginServiceV9.launch1": {
    "content": {
      "title": "运行应用程序",
      "body": "***<p>在上一个徒步旅行中，您可以无需任何凭据即可访问帐户表格。 现在，该应用将要求登录凭据。</p> \n <ol> \n <li>在您的应用中输入以下登录凭据： \n <ul style=\"list-style-type: disc\"> \n <li>用户名：<strong> john.doe@woodburn.com </strong> </li> \n <li>密码：<strong> voltmx@123 </strong> </li> \n </ul> </li> \n <li>单击<strong>登录</strong>。<br /> <strong>帐户列表</strong>出现。</li> \n <li> click＆nbsp; <strong>注销</strong>。 \n <li>到<strong>退出</strong>您<strong>移动</strong>设备上的应用程序，从左到右刷两个手指，或摇动<strong>移动</strong>设备，然后单击<strong> exit App { 37}。</li> \n </ol"
    },
    "navigationBar": {
      "left": {
        "text": "以前的"
      },
      "right": {
        "text": "下一个"
      }
    }
  },
  "Card.VoltMX.addLoginServiceV9.done": {
    "content": {
      "title": "恭喜",
      "body": "***<p>您已经成功：</p> \n <ul> \n <li> <strong>创建一个身份服务</strong> </li> \n <li> <strong>将其与登录表单</strong> </li>集成 \n </ul> \n <p> <br />要添加功能以创建后端数据的服务，请查看下一个徒步旅行：<a class=\"tour-link\" tour=\"a7a762t5-3eac-44r5-8bu2-89b781n1\"> <strong> <br /> {16} 4。 为后端数据移动</strong> </a>创建服务。</p>"
    },
    "navigationBar": {
      "left": {
        "text": "以前的"
      },
      "right": {
        "text": "完毕"
      }
    }
  }
}