{
  "Card.VoltMX.addLoginServiceV9.Intro": {
    "content": {
      "title": "將身份驗證添加到應用程序",
      "body": "***<p> <strong>讓我們開始！</strong> <br />在這次遠足中，我們將：</p> \n <ul> \n <li>學習配置身份服務。</li> \n <li>將身份服務映射到應用程序的UI元素。</li> \n </ul> \n <p>在開始之前，完成以下徒步旅行：</p> \n <ol> <b> \n <li> <a class=\"tour-link\" tour=\"7408efte-e2aa-4cr8-a9ub-d7ba36n8\">啟動您的第一個移動應用</a> </li> <li> <a class=\"tour-link\" tour=\"a617eft5-7ca8-4ard-8eu8-94cdean5\"> {20}從Collections </a> </li> {22} </b>創建UI \n </ol> \n <p>確保您打開與徒步2中創建的相同項目。<br />從主菜單中打開一個封閉的項目，導航到<strong> project </strong>＆gt; <strong>打開</strong>＆gt; <strong> HCl參考架構</strong>＆gt; <strong>收件人mobapp </strong>。"
    },
    "navigationBar": {
      "left": {
        "text": "以前的"
      },
      "right": {
        "text": "開始"
      }
    }
  },
  "Card.VoltMX.addLoginServiceV9.createService": {
    "content": {
      "title": "創建身份服務",
      "body": "***<ol> \n <li>來自<strong> data＆amp; 服務</strong> <strong>＆nbsp; </strong>面板在畫布的頂端，展開＆nbsp; <strong> project Services </strong>。</li> \n <li>單擊＆nbsp; <strong>配置新</strong>以獲取預裝服務的列表。</li> \n <li>在＆nbsp; <strong>認證</strong>類別中，select＆nbsp; <strong>用戶存儲庫</strong>。<br /> <strong> {19}配置身份服務</strong>＆nbsp; window出現。</li>}}}}}}} \n <li>輸入服務的名稱<strong> userauthentication1 </strong>。</li> \n <li>單擊＆nbsp; <strong>保存</strong>。</li> \n </ol>"
    },
    "navigationBar": {
      "left": {
        "text": "以前的"
      },
      "right": {
        "text": "下一個"
      }
    }
  },
  "Card.VoltMX.addLoginServiceV9.addUser": {
    "content": {
      "title": "添加用戶進行身份驗證",
      "body": "***<ol> \n <li>單擊＆nbsp; <strong>添加用戶</strong>。<br /> <strong>添加user＆nbsp; </strong>窗口出現。</li> \n <li>在各個字段中輸入以下值： \n <ul style=\"list-style-type: disc\"> \n <li>電子郵件/用戶名：<strong> john.doe@woodburn.com </strong> </li> \n <li>名字：<strong> John </strong> </li> \n <li>姓氏：<strong> doe </strong> </li> \n <li>密碼：<strong> voltmx@123 </strong> </li> \n <li>重新輸入密碼：<strong> voltmx@123 </strong> </li> \n <li>來自＆nbsp; <strong> add/select組（s）</strong>，確保從下拉列表中選擇＆nbsp; <strong>成員的複選框。</li>。{35} \n </ul> </li> \n <li>單擊＆nbsp; <strong>添加用戶</strong>。</li> \n </ol> \n <p>將用戶添加到存儲庫中。<br />注意測試的登錄憑據。</p>"
    },
    "navigationBar": {
      "left": {
        "text": "以前的"
      },
      "right": {
        "text": "下一個"
      }
    }
  },
  "Card.VoltMX.addLoginServiceV9.TestLogin": {
    "content": {
      "title": "測試您的應用程序的服務",
      "body": "<ol> \n <li>在＆nbsp; <strong>配置身份服務</strong>窗口，單擊＆nbsp; <strong> test login </strong>。</li> \n <li>輸入＆nbsp; <strong>用戶ID </strong>（電子郵件）和＆nbsp; <strong>密碼</strong>您已經創建了。</li> \n <ul style=\"list-style-type: disc\"> \n <li>電子郵件/用戶名：<strong> john.doe@woodburn.com </strong> </li> \n <li>密碼：<strong> voltmx@123 </strong> </li> </ul> \n <li>單擊＆nbsp; <strong>在</strong>中登錄。</li> \n <li>關閉＆nbsp; <strong>配置身份服務</strong>＆nbsp;窗口以將服務添加到您的應用程序中。</li> \n </ol>"
    },
    "navigationBar": {
      "left": {
        "text": "以前的"
      },
      "right": {
        "text": "下一個"
      }
    }
  },
  "Card.VoltMX.addLoginServiceV9.addService": {
    "content": {
      "title": "將服務添加到登錄按鈕",
      "body": "***<ol> \n <li>從<strong> project </strong>探索器，展開<strong>移動</strong>＆gt; <strong>表格</strong>並選擇<strong> frmlogin </strong>。</li> \n <li>來自<strong> data＆amp; 服務</strong>面板，展開<strong>項目服務</strong>＆gt; <strong> userauthentication1 </strong>＆nbsp;並選擇<strong>登錄</strong>操作。</li> \n <li>拖動<strong> lo </strong> <strong> gin </strong>操作在<strong> login </strong> login {27}按鈕上。<br />可能需要一些時間才能添加服務。 到您的應用程序。</li> \n <li>從操作列表中，選擇<strong>操作：OnClick </strong>。<br /> <strong>操作編輯器</strong>＆nbsp; window出現。</li> \n </ol>"
    },
    "navigationBar": {
      "left": {
        "text": "以前的"
      },
      "right": {
        "text": "下一個"
      }
    }
  },
  "Card.VoltMX.addLoginServiceV9.addMapping": {
    "content": {
      "title": "映射登錄操作",
      "body": "***<ol> <li>從<b>操作編輯器的頂端</b>窗口，選擇<strong>設計視圖</strong>。</li> \n <li>在動作編輯器帆布中，＆nbsp; select＆nbsp; <strong> Invoke Service：userauthentication1 $ login </strong>。</li> \n <li>從<strong>操作編輯器的右窗格</strong>，單擊<strong>打開映射編輯器</strong>。<br /> <strong> {17} mapping Editor </strong>窗口出現在Canvas的右窗格中 。</li> \n <li>從＆nbsp; <strong>映射編輯器</strong>的左窗格，展開＆nbsp; <strong> form </strong>＆gt;＆nbsp;＆nbsp; <strong> frmlogin </strong>。</li>。{27} \n <li>來自＆nbsp; <strong>映射編輯器</strong>的右窗格，展開＆nbsp; <strong>服務</strong>＆gt;＆nbsp;＆nbsp; <strong> service＆ndash; ndash; userauthentication1 $ login </strong>。</li> \n </ol>"
    },
    "navigationBar": {
      "left": {
        "text": "以前的"
      },
      "right": {
        "text": "下一個"
      }
    }
  },
  "Card.VoltMX.addLoginServiceV9.mapping": {
    "content": {
      "title": "地圖用戶名和密碼",
      "body": "<p>映射以下元素從左窗格到右窗格：</p> \n <ul> \n <li>從左窗格中展開<strong> textfield＆ndash; txtusername </strong>，然後選擇<strong>文本{string} </strong>。 從右窗格中，選擇<strong> userId {string} </strong> </li> \n <li>從左窗格中展開<strong> textfield＆ndash; txtpassword </strong>，然後選擇<strong>文本{string} </strong>。 從右窗格中，選擇<strong>密碼{string} </strong> </li> \n </ul>"
    },
    "navigationBar": {
      "left": {
        "text": "以前的"
      },
      "right": {
        "text": "下一個"
      }
    }
  },
  "Card.VoltMX.addLoginServiceV9.deleteActions": {
    "content": {
      "title": "刪除不必要的動作",
      "body": "***<ol> \n <li>從<strong>操作編輯器</strong>畫布，轉到<strong>（導航到form）（名稱：frmaccount）</strong>。 右鍵單擊並選擇<strong>為此動作刪除</strong>。</li> \n <li>來自<strong>操作編輯器</strong> canvas，導航到<strong>（Invoke Service）（name：userauthentication1 $ login）</strong>＆gt; <strong>成功</strong>＆gt; <strong>顯示警報</strong>。 \n </ol>"
    },
    "navigationBar": {
      "left": {
        "text": "以前的"
      },
      "right": {
        "text": "下一個"
      }
    }
  },
  "Card.VoltMX.addLoginServiceV9.addActions": {
    "content": {
      "title": "配置操作",
      "body": "***<ol> \n <li>來自<strong>操作編輯器</strong> canvas，在<strong>（Invoke Service）下（name：userauthentication1 $ login）</strong>，選擇<strong> Success </strong>。</li>。{8} \n <li>從<strong>操作編輯器的左菜單</strong>下，<strong>常規</strong>，選擇<strong>導航至form </strong>。</li> \n <li>從<strong>操作編輯器的pane ot＆nbsp; pane </strong>中，選擇<strong> frmaccount </strong>的表單。</li> \n <li>單擊<strong>保存</strong>。</li> \n </ol>"
    },
    "navigationBar": {
      "left": {
        "text": "以前的"
      },
      "right": {
        "text": "下一個"
      }
    }
  },
  "Card.VoltMX.addLoginServiceV9.Logout": {
    "content": {
      "title": "映射註銷參數到UI",
      "body": "***<ol> \n <li>來自＆nbsp; <strong> project＆nbsp; </strong> Explorer，Expand＆nbsp; <b>移動</b>＆gt; <b> forms </b>> <strong> frmaccount </strong>> <b> flexaccountlist </b>＆gt; <b> flexheader </b>，然後選擇<strong> headerButtonRight </strong>。</li> \n <li>從<strong>屬性</strong>面板，導航到<strong> action </strong> tab。</li> \n <li>對於<strong> onClick </strong>事件，單擊<strong> edit </strong>。 \n </ol>"
    },
    "navigationBar": {
      "left": {
        "text": "以前的"
      },
      "right": {
        "text": "下一個"
      }
    }
  },
  "Card.VoltMX.addLoginServiceV9.ConfigureLogout": {
    "content": {
      "title": "配置註銷參數",
      "body": "***<ol> \n <li>從您＆nbsp; <strong>操作編輯器</strong>窗口的右上角，選擇＆nbsp; <strong>設計視圖</strong>。</li> \n <li>從＆nbsp; <strong>操作編輯器的左菜單</strong>，在＆nbsp; <strong>網絡</strong>下，選擇＆nbsp; <strong> Invoke Service </strong>。</li>。{14} \n <li> in＆nbsp; <strong>操作編輯器的右窗格，從<strong>選擇{18}選擇service </strong>下拉，選擇<strong> userauthentication1 $ lokout </strong>。</li>。{22}。{22} \n </ol>"
    },
    "navigationBar": {
      "left": {
        "text": "以前的"
      },
      "right": {
        "text": "下一個"
      }
    }
  },
  "Card.VoltMX.addLoginServiceV9.ConfigureLogout1": {
    "content": {
      "title": "配置註銷參數",
      "body": "***<ol> \n <li>來自Action Editor Canvas，在<strong>（Invoke Service）下（名稱：userauthentication1 $ lokout）</strong>，＆nbsp; <br />單擊<strong> Success </strong>。</li>。{7} \n <li>從＆nbsp; <strong>操作編輯器的左菜單中，在＆nbsp; <strong> eneral </strong>下，選擇＆nbsp; <strong>＆nbsp; navigate＆nbsp; navigate＆nbsp; navigate </strong>。</li>。{15} \n <li> in＆nbsp; <strong>動作編輯器的右窗格</strong>，選擇<strong> frmlogin </strong>。</li> \n <li>單擊＆nbsp; <strong>保存</strong>。</li> \n </ol>"
    },
    "navigationBar": {
      "left": {
        "text": "以前的"
      },
      "right": {
        "text": "下一個"
      }
    }
  },
  "Card.VoltMX.addLoginServiceV9.openApp": {
    "content": {
      "title": "Volt MX應用程序",
      "body": "<ol> \n <li>使用USB電纜將移動設備連接到計算機。<br />對於Android移動設備，請確保將USB的使用設置為<strong>傳輸文件</strong>。<br />用於iOS移動設備，請確保 那個＆nbsp; <strong>信任</strong>已在您的設備和計算機之間建立。</li> \n <li>在您的移動設備上啟動<strong> volt mx app </strong>。</li> \n <li>選擇<strong> USB </strong>選項卡。 \n <br/>在成功的連接上，<strong>伏特mx iris </strong>在您的計算機上顯示成功提示。</li> \n </ol>"
    },
    "navigationBar": {
      "left": {
        "text": "以前的"
      },
      "right": {
        "text": "下一個"
      }
    }
  },
  "Card.VoltMX.addLoginServiceV9.launch": {
    "content": {
      "title": "啟動該應用程序",
      "body": "<ol> \n <li>從左導航欄中，單擊<strong>運行</strong>。<br />可能需要一些時間才能讓Iris顯示<strong> Live Preview已準備就緒</strong>窗口。</li> \n <li>虹膜在您的<strong> volt mx app </strong>上運行應用程序後，單擊<strong>啟動</strong>。</li> \n <li>您可能會看到<strong>應用程序名稱</strong>文本框。 如果有一個文本框，請輸入<strong>收件人mobapp </strong>，然後單擊<strong>啟動</strong>。</li> \n </ol>"
    },
    "navigationBar": {
      "left": {
        "text": "以前的"
      },
      "right": {
        "text": "下一個"
      }
    }
  },
  "Card.VoltMX.addLoginServiceV9.launch1": {
    "content": {
      "title": "運行應用程序",
      "body": "***<p>在上一個徒步旅行中，您可以無需任何憑據即可訪問帳戶表格。 現在，該應用將要求登錄憑據。</p> \n <ol> \n <li>在您的應用中輸入以下登錄憑據： \n <ul style=\"list-style-type: disc\"> \n <li>用戶名：<strong> john.doe@woodburn.com </strong> </li> \n <li>密碼：<strong> voltmx@123 </strong> </li> \n </ul> </li> \n <li>單擊<strong>登錄</strong>。<br /> <strong>帳戶列表</strong>出現。</li> \n <li> click＆nbsp; <strong>註銷</strong>。 \n <li>到<strong>退出</strong>您<strong>移動</strong>設備上的應用程序，從左到右刷兩個手指，或搖動<strong>移動</strong>設備，然後單擊<strong> exit App { 37}。</li> \n </ol"
    },
    "navigationBar": {
      "left": {
        "text": "以前的"
      },
      "right": {
        "text": "下一個"
      }
    }
  },
  "Card.VoltMX.addLoginServiceV9.done": {
    "content": {
      "title": "恭喜",
      "body": "***<p>您已經成功：</p> \n <ul> \n <li> <strong>創建一個身份服務</strong> </li> \n <li> <strong>將其與登錄表單</strong> </li>集成 \n </ul> \n <p> <br />要添加功能以創建後端數據的服務，請查看下一個徒步旅行：<a class=\"tour-link\" tour=\"a7a762t5-3eac-44r5-8bu2-89b781n1\"> <strong> <br /> {16} 4。 為後端數據移動</strong> </a>創建服務。</p>"
    },
    "navigationBar": {
      "left": {
        "text": "以前的"
      },
      "right": {
        "text": "完畢"
      }
    }
  }
}