{
  "kuid": "6d620dte-6aad-4cr6-b2ua-cb4af8n5",
  "id": "VoltMX.AddaSalesforceServiceV9.addObj",
  "content": {
    "title": "Create a New Object Service",
    "body": "<ol>\n<li>In the <strong>Configure Object Service</strong> window, provide the name of object service: <strong>SalesforceSample</strong>.<br />Other fields such as - Endpoints type (Salesforce), MetaData Security Level (Authenticated App User), and Version are pre-filled.</li>\n<li>Select the <strong>Specify Login Endpoint</strong> in the <strong>Authentication</strong> section.</li>\n<li>Provide the following data from your salesforce application in the <b>Authentication</b> section:\n<ul>\n<li><strong>Client ID</strong></li>\n<li><strong>Client Secret</strong></li>\n<li><strong>UserID</strong> and <strong>Password</strong> - Your Salesforce UserID and Password (Password may need to append with Security Token).</li>\n</ul>\n</li>\n<li>Click <strong>Save &amp; Generate</strong>.<br />The <strong>Import Objects from Backend</strong> window appears.</li>\n</ol>"
  },
  "pointer": {
    "direction": "bottom",
    "element": {
      "module": "mfconsole",
      "css_selector": "#config-content div[class *='contentNew_inner'] form input"
    },
    "type": "default"
  },
  "navigationType": "manual",
  "navigationBar": {
    "left": {
      "text": "Previous",
      "enable": true,
      "hide": false
    },
    "right": {
      "text": "Next",
      "enable": true,
      "hide": false
    }
  },
  "navigationCondition": "",
  "position": "TOP_RIGHT",
  "meta": {
    "Creator": "Rashmi Menon",
    "CreatedOn": "Wed, 27 Nov 2019 08:44:58 GMT"
  },
  "context": [],
  "localization": {
    "en-us": {
      "content": {
        "title": "Create a New Object Service",
        "body": "<ol>\n<li>In the <strong>Configure Object Service</strong> window, provide the name of object service: <strong>SalesforceSample</strong>.<br />Other fields such as - Endpoints type (Salesforce), MetaData Security Level (Authenticated App User), and Version are pre-filled.</li>\n<li>Select the <strong>Specify Login Endpoint</strong> in the <strong>Authentication</strong> section.</li>\n<li>Provide the following data from your salesforce application in the <b>Authentication</b> section:\n<ul>\n<li><strong>Client ID</strong></li>\n<li><strong>Client Secret</strong></li>\n<li><strong>UserID</strong> and <strong>Password</strong> - Your Salesforce UserID and Password (Password may need to append with Security Token).</li>\n</ul>\n</li>\n<li>Click <strong>Save &amp; Generate</strong>.<br />The <strong>Import Objects from Backend</strong> window appears.</li>\n</ol>"
      },
      "navigationBar": {
        "left": {
          "text": "Previous"
        },
        "right": {
          "text": "Next"
        }
      }
    },
    "zh-cn": {
      "content": {
        "title": "创建一个新的对象服务",
        "body": "***<ol> \n <li>在<strong>配置对象服务</strong>窗口中，提供对象服务的名称：<strong> salesforcesample </strong>。 App用户）和版本已预先填写。</li> \n <li>选择<strong>在<strong>身份验证</strong>部分中指定登录端点</strong>。</li> \n <li>在<b>身份验证</b>部分中提供以下数据： \n <ul> \n <li> <strong>客户端ID </strong> </li> \n <li> <strong>客户端秘密</strong> </li> \n <li> <strong> userId </strong>和<strong> password </strong>  - 您的salesforce用户IDS和密码（密码可能需要使用安全令牌）。</li> \n </ul> \n </li> \n <li>单击<strong>保存＆amp; 生成</strong>。<br /> <strong>从后端</strong>窗口出现</li> \n </ol>"
      },
      "navigationBar": {
        "left": {
          "text": "以前的"
        },
        "right": {
          "text": "下一个"
        }
      }
    },
    "zh-tw": {
      "content": {
        "title": "創建一個新的對象服務",
        "body": "***<ol> \n <li>在<strong>配置對象服務</strong>窗口中，提供對象服務的名稱：<strong> salesforcesample </strong>。 App用戶）和版本已預先填寫。</li> \n <li>選擇<strong>在<strong>身份驗證</strong>部分中指定登錄端點</strong>。</li> \n <li>在<b>身份驗證</b>部分中提供以下數據： \n <ul> \n <li> <strong>客戶端ID </strong> </li> \n <li> <strong>客戶端秘密</strong> </li> \n <li> <strong> userId </strong>和<strong> password </strong>  - 您的salesforce用戶IDS和密碼（密碼可能需要使用安全令牌）。</li> \n </ul> \n </li> \n <li>單擊<strong>保存＆amp; 生成</strong>。<br /> <strong>從後端</strong>窗口出現</li> \n </ol>"
      },
      "navigationBar": {
        "left": {
          "text": "以前的"
        },
        "right": {
          "text": "下一個"
        }
      }
    }
  }
}