{
    "kuid": "460dcdt3-1fa5-44re-94u6-3908c7n1",
    "id": "VoltMX.CreateUIRWV9.addNav4",
    "content": {
        "title": "Adding Navigation to Accounts Screen",
        "body": "<ol><li>From the <strong>Action Editor</strong> left menu, under the <strong>GENERAL </strong>section, select <strong>Navigate to Form</strong><strong>.<br /></strong></li>\n<li>In the right pane of the <strong>Action Editor</strong>, select <strong>frmAccount</strong>.</li><li>Click <strong>Save</strong>.</li>\n</ol>"
    },
    "pointer": {
        "direction": "left",
        "element": {
            "module": "actioneditor",
            "itemType": "ae-action-type",
            "info": {
                "actionType": "Navigate to Form"
            }
        },
        "type": "default"
    },
    "navigationType": "manual",
    "navigationBar": {
        "left": {
            "text": "Previous",
            "enable": true,
            "hide": false
        },
        "right": {
            "text": "Next",
            "enable": true,
            "hide": false
        }
    },
    "navigationCondition": "",
    "position": "BOTTOM_LEFT",
    "meta": {
        "Creator": "Rashmi Menon",
        "CreatedOn": "Tue, 24 Mar 2020 09:22:42 GMT"
    },
    "context": []
}