{
    "kuid": "d367f6t5-1bac-46rf-8aub-f1e97fn7",
    "id": "VoltMX.createUIMobV9.addNavigation1",
    "content": {
        "title": "Navigation from Login Form",
        "body": "<ol>\n<li>From the <strong>Project</strong> explorer, navigate to <strong>Mobile </strong>&gt; <strong>Forms</strong> and select <strong>frmLogin</strong>.</li>\n<li>Select the <strong>Login</strong> button on the canvas.</li>\n<li>From the <strong>Properties panel</strong>, navigate to the <strong>Action</strong> tab.</li>\n<li>Under the <strong>General</strong> section, for the <strong>onClick </strong>event, click <strong>Edit</strong>.<br /> The <strong>Action Editor </strong>window appears.</li>\n</ol>"
    },
    "pointer": {
        "direction": "left",
        "element": {
            "module": "projectexplorer",
            "path": "project-body\\project\\Mobile\\Forms\\frmLogin"
        },
        "type": "default"
    },
    "navigationType": "manual",
    "navigationBar": {
        "left": {
            "text": "Previous",
            "enable": true,
            "hide": false
        },
        "right": {
            "text": "Next",
            "enable": true,
            "hide": false
        }
    },
    "navigationCondition": "",
    "position": "BOTTOM_RIGHT",
    "meta": {
        "Creator": "Rashmi Menon",
        "CreatedOn": "Wed, 18 Dec 2019 06:58:40 GMT"
    },
    "context": []
}