{
  "kuid": "a17dbdt8-00ac-41r3-81ue-3e9141ne",
  "id": "VoltMX.LaunchYourFirstMobileAppV9.addUser",
  "content": {
    "title": "Add Sample User",
    "body": "<ol>\n<li>From the <strong>Data &amp; Services</strong><strong>&nbsp;</strong>panel on the top right of your canvas, expand&nbsp;<strong>Project Services</strong>.</li>\n<li>Right-click on <strong>UserAuthentication </strong> and select <strong>Edit</strong>. The <strong>Edit Identity Service</strong> window appears.</li>\n<li>Click <strong>Import Users</strong>. The <strong>Import Users</strong> window appears.</li>\n<li>Click <strong>Choose File</strong>. The window explorer appears.</li>\n<li>Navigate to the location of the <strong>exportUsers.csv</strong> file, select the file and click <strong>Open</strong>.</li>\n<li>Click <strong>Import</strong>.</li>\n<li>Waiting for imported user successfully notices appears.</li>\n<li>Close the <strong>Edit Identity Service</strong> window.</li>\n</ol>"
  },
  "pointer": {
    "direction": "top",
    "element": {
      "module": "datapanel",
      "itemType": "dp_tab"
    },
    "type": "default"
  },
  "navigationType": "manual",
  "navigationBar": {
    "left": {
      "text": "Previous",
      "enable": true,
      "hide": false
    },
    "right": {
      "text": "Next",
      "enable": true,
      "hide": false
    }
  },
  "navigationCondition": "",
  "position": "BOTTOM_RIGHT",
  "meta": {
    "Creator": "Rashmi Menon",
    "CreatedOn": "Tue, 31 Mar 2020 08:39:54 GMT"
  },
  "context": [],
  "localization": {
    "en-us": {
      "content": {
        "title": "Add Sample User",
        "body": "<ol>\n<li>From the <strong>Data &amp; Services</strong><strong>&nbsp;</strong>panel on the top right of your canvas, expand&nbsp;<strong>Project Services</strong>.</li>\n<li>Right-click on <strong>UserAuthentication </strong> and select <strong>Edit</strong>. The <strong>Edit Identity Service</strong> window appears.</li>\n<li>Click <strong>Import Users</strong>. The <strong>Import Users</strong> window appears.</li>\n<li>Click <strong>Choose File</strong>. The window explorer appears.</li>\n<li>Navigate to the location of the <strong>exportUsers.csv</strong> file, select the file and click <strong>Open</strong>.</li>\n<li>Click <strong>Import</strong>.</li>\n<li>Waiting for imported user successfully notices appears.</li>\n<li>Close the <strong>Edit Identity Service</strong> window.</li>\n</ol>"
      },
      "navigationBar": {
        "left": {
          "text": "Previous"
        },
        "right": {
          "text": "Next"
        }
      }
    },
    "zh-cn": {
      "content": {
        "title": "添加示例用户",
        "body": "<ol> \n <li>来自<strong> data＆amp; 服务</strong> <strong>＆nbsp; </strong>面板在画布的右上角，展开＆nbsp; <strong> project Services </strong>。</li> \n <li>右键单击<strong> userauthentication </strong>，然后选择<strong> edit </strong>。 <strong>编辑身份服务</strong>窗口出现。</li> \n <li>单击<strong>导入用户</strong>。 <strong>导入用户</strong>窗口出现。</li> \n <li>单击<strong>选择文件</strong>。 出现窗口资源管理器。</li> \n <li>导航到<strong> exportusers.csv </strong>文件的位置，选择文件，然后单击<strong> Open </strong>。</li> \n <li>单击<strong>导入</strong>。</li> \n <li>等待导入的用户成功出现。</li> \n <li>关闭<strong>编辑身份服务</strong>窗口。</li> \n </ol>"
      },
      "navigationBar": {
        "left": {
          "text": "以前的"
        },
        "right": {
          "text": "下一个"
        }
      }
    },
    "zh-tw": {
      "content": {
        "title": "添加示例用戶",
        "body": "<ol> \n <li>來自<strong> data＆amp; 服務</strong> <strong>＆nbsp; </strong>面板在畫布的右上角，展開＆nbsp; <strong> project Services </strong>。</li> \n <li>右鍵單擊<strong> userauthentication </strong>，然後選擇<strong> edit </strong>。 <strong>編輯身份服務</strong>窗口出現。</li> \n <li>單擊<strong>導入用戶</strong>。 <strong>導入用戶</strong>窗口出現。</li> \n <li>單擊<strong>選擇文件</strong>。 出現窗口資源管理器。</li> \n <li>導航到<strong> exportusers.csv </strong>文件的位置，選擇文件，然後單擊<strong> Open </strong>。</li> \n <li>單擊<strong>導入</strong>。</li> \n <li>等待導入的用戶成功出現。</li> \n <li>關閉<strong>編輯身份服務</strong>窗口。</li> \n </ol>"
      },
      "navigationBar": {
        "left": {
          "text": "以前的"
        },
        "right": {
          "text": "下一個"
        }
      }
    }
  }
}