{
    "kuid": "9d06de5c-1f0c-48df-aa67-2261e03f",
    "id": "Kony.ModifyEmployeeDirectory.PreviewApp",
    "content": {
        "title": "Run the App",
        "body": "<ol>\n<li>From the left navigation bar, click <strong>Run</strong>.<br />It may take some time for Visualizer to display the <strong>Live Preview is ready</strong> window.</li>\n<li>After Visualizer runs the app, on your <strong>Kony Quantum App</strong>, click <strong>Launch</strong>.</li>\n<li>You may see an <strong>Application Name</strong> text box. If there is a text box, enter <strong>EmpDirectoryMob</strong> and then click <strong>Launch</strong>.</li>\n<li>Enter the following login credentials in your app. <br />\n<ul>\n<li>Username: <strong>testuser@samples.kony.com</strong></li>\n<li>Password: <strong>test@123</strong></li>\n</ul>\n</li>\n<li>Click <strong>Login</strong>. <br />The Employee list appears.</li>\n<li>To view the details of any particular employee, click the employee name.</li>\n<li>To <strong>Exit</strong> the app on your <strong>mobile</strong> device, swipe two fingers from left to right or shake your <strong>mobile</strong> device and click <strong>Exit App</strong>.</li>\n</ol>"
    },
    "position": "TOP_RIGHT",
    "navigationType": "manual",
    "navigationCondition": "",
    "pointer": {
        "direction": "left",
        "element": {
            "module": "shortcutbar",
            "itemId": "frmKonyLib_preview"
        },
        "type": "default"
    },
    "navigationBar": {
        "left": {
            "text": "Previous",
            "hide": false,
            "enable": true
        },
        "right": {
            "text": "Next",
            "enable": true,
            "hide": false
        }
    }
}