{
    "kuid": "a5860159-2d98-4d34-8f2d-a953a9e3",
    "id": "Kony.AuthApp.Intro",
    "content": {
        "title": "Add Authentication to an App",
        "body": "<p><strong>Let&rsquo;s get started!</strong><br />In this hike, we will:</p>\n<ul>\n<li>Learn to configure an Identity Service</li>\n<li>Map it to the UI elements of the app</li>\n</ul>\n<p><br /> Before getting started, complete these hikes:</p>\n<ol>\n<li><a class=\"tour-link\" tour=\"9a890157-717d-42ec-9140-c37dbdd75157\"><b>Import & Launch a Native App</b></a></li>\n<li><a class=\"tour-link\" tour=\"3f3935dc-8c50-4cc3-81a9-b0b9235fa5d4\"><b>Create UI from Collections</b></a></li>\n<li><a class=\"tour-link\" tour=\"285ada12-ff18-4766-937c-82594775\"><strong>Connect the App UI to Data</strong></a></li>\n</ol>\n<p><br />Ensure that you open the same project that you have created in the previous hikes.<br />To open a closed project, from the main menu, navigate to <strong>Project</strong> &gt; <strong>Open</strong> &gt; <strong>Kony Reference Architecture</strong> &gt; <strong>EmpDirectoryMob</strong>.<br /> <br /> <strong>When you are ready, click Start!</strong></p>"
    },
    "position": "CENTER",
    "navigationType": "manual",
    "navigationCondition": "",
    "pointer": {
        "direction": "left",
        "element": "",
        "type": "none"
    },
    "navigationBar": {
        "left": {
            "text": "Previous",
            "hide": true,
            "enable": false
        },
        "right": {
            "text": "Start",
            "enable": true,
            "hide": false
        }
    }
}