{
    "kuid": "19c6ect9-a6ad-42r3-8cud-57369dnc",
    "id": "VoltMX.NFIBarcodeV9.rename",
    "content": {
        "title": "Rename the Form",
        "body": "<ol>\n<li>In the <strong>Storyboard</strong> view, above the new Form, click <strong>Form1</strong>.</li>\n<li>Rename the form from <strong>Form1</strong> to <strong>barcodeScanner</strong>.</li>\n<li>To add widgets to the form, double-click on any area in the form to open the form in the <strong>Design </strong>view.</li>\n</ol>"
    },
    "pointer": {
        "direction": "left",
        "element": "",
        "type": "none"
    },
    "navigationType": "manual",
    "navigationBar": {
        "left": {
            "text": "Previous",
            "enable": true,
            "hide": false
        },
        "right": {
            "text": "Next",
            "enable": true,
            "hide": false
        }
    },
    "navigationCondition": "",
    "position": "BOTTOM_RIGHT",
    "meta": {
        "Creator": "Rashmi Menon",
        "CreatedOn": "Thu, 28 Nov 2019 04:30:16 GMT"
    },
    "context": []
}