{
  "kuid": "3df8d9tf-c6ae-4cr8-8cuc-6f8b27n6",
  "id": "VoltMX.EditPayeeMobile_v9.Intro",
  "content": {
    "title": "Adding Edit Recipient Feature",
    "body": "<p><strong>Let&rsquo;s get started!</strong></p>\n<p>In this hike, you will learn how to:</p>\n<ul>\n<li>Generate a screen for editing recipient details</li>\n<li>Design the UI for the Edit Recipient form</li>\n<li>Connect the data from service to the UI elements</li>\n</ul><p>Before you get started, complete the following hikes: </p>\n<ol><b>\n<li><a class=\"tour-link\" tour=\"7408efte-e2aa-4cr8-a9ub-d7ba36n8\">Import &amp; Launch a Native App</a></li><li><a class=\"tour-link\" tour=\"a617eft5-7ca8-4ard-8eu8-94cdean5\">Create UI from Collections</a></li><li><a class=\"tour-link\" tour=\"15d8c7t4-cda7-40rb-afu7-345cfcnc\">Add Authentication to the App</a></li>\n<li><a class=\"tour-link\" tour=\"a7a762t5-3eac-44r5-8bu2-89b781n1\">Creating Services for a Native App</a> </li>\n<li><a class=\"tour-link\" tour=\"fab6d8ta-91ac-4frc-8fud-14a9f7na\">Connect App UI to Data in a Native App</a></li>\n<li><a class=\"tour-link\" tour=\"9837bat6-6daf-4cr7-a3u9-8aea36n0\">Creating Recipient Details and Delete Feature</a></li><li><a class=\"tour-link\" tour=\"da2bbctf-3ba6-49rf-b2u9-b842dand\">Add Create Recipient</a> </li></b>\n</ol><br/>\n<p>Ensure that you open the same project that you have created in the previous hikes.</p>\n<p>To open the <b>RecipientsMobApp</b>  project, from the main menu, navigate to <strong>Project</strong> &gt; <strong>Open</strong> &gt; <strong>HCL Reference Architecture</strong> &gt; <strong>RecipientsMobApp</strong>.</p>\n<p><strong>When you are ready, click Start!</strong></p>"
  },
  "pointer": {
    "direction": "left",
    "element": "",
    "type": "none"
  },
  "navigationType": "manual",
  "navigationBar": {
    "left": {
      "text": "Previous",
      "enable": false,
      "hide": true
    },
    "right": {
      "text": "Start",
      "enable": true,
      "hide": false
    }
  },
  "navigationCondition": "",
  "position": "CENTER",
  "meta": {
    "Creator": "Rashmi Menon",
    "CreatedOn": "Fri, 28 Feb 2020 11:22:32 GMT"
  },
  "context": []
}
