{
    "kuid": "544736e6-ef73-49aa-9620-213f63bc",
    "id": "Kony.NewLaunchApp.Done",
    "content": {
        "title": "Congratulations",
        "body": "<p>You have successfully:</p>\n<ul>\n<li><strong>Imported a mobile app</strong></li>\n<li><strong>Launched the app on a mobile device using the Kony Quantum App<br /></strong></li>\n</ul>\n<br /> To learn how to create this app on your own, check out the next hike:<a class=\"tour-link\" tour=\"3f3935dc-8c50-4cc3-81a9-b0b9235f\"><strong> 2 Create UI from Collections</strong></a>."
    },
    "position": "CENTER",
    "navigationType": "manual",
    "navigationCondition": "",
    "pointer": {
        "direction": "left",
        "element": "$('#')[0]",
        "type": "none"
    },
    "navigationBar": {
        "left": {
            "text": "Previous",
            "hide": false,
            "enable": true
        },
        "right": {
            "text": "Done",
            "enable": true,
            "hide": false
        }
    }
}