{
  "kuid": "853266t0-77af-40rb-9dua-8a6948n0",
  "id": "VoltMX.ShareAndPreviewAppV9.publish2",
  "content": {
    "title": "Publish the App",
    "body": "<ol>\n<li>From the <strong>Publish Live Preview</strong> window, under <strong>Mobile</strong>, select the checkboxes next to the OS of the <b>mobile</b> device on which you are going to view the app.<br /> For example: <strong>iOS</strong> and <strong>Android</strong>.<br /> Ensure that you have unselected the checkboxes for all the other platforms and channels.</li>\n<li>Click <strong>Publish</strong>.<br/>If the <strong>Invalid Actions</strong> dialog appears, <br>click <strong>Continue</strong> to processing.<br /> After the app is published, the <strong>Live Preview is ready</strong> window appears.</li>\n</ol>"
  },
  "pointer": {
    "direction": "left",
    "element": {
      "module": "ui-library",
      "instanceId": "publishlivepreview_footer_donebutton"
    },
    "type": "default"
  },
  "navigationType": "manual",
  "navigationBar": {
    "left": {
      "text": "Previous",
      "enable": true,
      "hide": false
    },
    "right": {
      "text": "Next",
      "enable": true,
      "hide": false
    }
  },
  "navigationCondition": "",
  "position": "BOTTOM_RIGHT",
  "meta": {
    "Creator": "Prem Garudadri",
    "CreatedOn": "Wed, 18 Dec 2019 09:36:40 GMT"
  },
  "context": [],
  "localization": {
    "en-us": {
      "content": {
        "title": "Publish the App",
        "body": "<ol>\n<li>From the <strong>Publish Live Preview</strong> window, under <strong>Mobile</strong>, select the checkboxes next to the OS of the <b>mobile</b> device on which you are going to view the app.<br /> For example: <strong>iOS</strong> and <strong>Android</strong>.<br /> Ensure that you have unselected the checkboxes for all the other platforms and channels.</li>\n<li>Click <strong>Publish</strong>.<br/>If the <strong>Invalid Actions</strong> dialog appears, <br>click <strong>Continue</strong> to processing.<br /> After the app is published, the <strong>Live Preview is ready</strong> window appears.</li>\n</ol>"
      },
      "navigationBar": {
        "left": {
          "text": "Previous"
        },
        "right": {
          "text": "Next"
        }
      }
    },
    "zh-cn": {
      "content": {
        "title": "发布应用程序",
        "body": "***<ol> \n <li>从<strong>发布Live Preview </strong>窗口，在<strong>移动</strong>下，选择<b>移动</b>设备的OS旁边的复选框 app。<br />例如：<strong> ios </strong>和<strong> android </strong>。<br />确保您对所有其他平台和频道的复选框都没有选择。</li> \n <li>单击<strong> publish </strong>。 ，<strong> Live Preview已准备就绪</strong>窗口。</li> \n </ol>"
      },
      "navigationBar": {
        "left": {
          "text": "以前的"
        },
        "right": {
          "text": "下一个"
        }
      }
    },
    "zh-tw": {
      "content": {
        "title": "發布應用程序",
        "body": "***<ol> \n <li>從<strong>發布Live Preview </strong>窗口，在<strong>移動</strong>下，選擇<b>移動</b>設備的OS旁邊的複選框 app。<br />例如：<strong> ios </strong>和<strong> android </strong>。<br />確保您對所有其他平台和頻道的複選框都沒有選擇。</li> \n <li>單擊<strong> publish </strong>。 ，<strong> Live Preview已準備就緒</strong>窗口。</li> \n </ol>"
      },
      "navigationBar": {
        "left": {
          "text": "以前的"
        },
        "right": {
          "text": "下一個"
        }
      }
    }
  }
}