{
  "kuid": "5590cetd-50a0-48r5-9fua-1ca70bn0",
  "id": "VoltMX.NewLaunchMobApp.launch",
  "content": {
    "title": "Launch the App",
    "body": "<p>On your <strong>Volt MX App</strong>, click <strong>Launch</strong>.<br /> You may see an <strong>Application Name </strong>input box. If there is an input box, enter <strong>RecipientsMobile</strong>&nbsp;and then click <strong>Launch</strong>.</p>"
  },
  "pointer": {
    "direction": "left",
    "element": "",
    "type": "none"
  },
  "navigationType": "manual",
  "navigationBar": {
    "left": {
      "text": "Previous",
      "enable": true,
      "hide": false
    },
    "right": {
      "text": "Next",
      "enable": true,
      "hide": false
    }
  },
  "navigationCondition": "",
  "position": "BOTTOM_RIGHT",
  "meta": {
    "Creator": "Prem Garudadri",
    "CreatedOn": "Wed, 18 Dec 2019 09:23:40 GMT"
  },
  "context": [],
  "localization": {
    "en-us": {
      "content": {
        "title": "Launch the App",
        "body": "<p>On your <strong>Volt MX App</strong>, click <strong>Launch</strong>.<br /> You may see an <strong>Application Name </strong>input box. If there is an input box, enter <strong>RecipientsMobile</strong>&nbsp;and then click <strong>Launch</strong>.</p>"
      },
      "navigationBar": {
        "left": {
          "text": "Previous"
        },
        "right": {
          "text": "Next"
        }
      }
    },
    "zh-cn": {
      "content": {
        "title": "启动该应用程序",
        "body": "<p>在您的<strong> volt Mx App </strong>上，单击<strong>启动</strong>。<br />您可以看到<strong>应用程序名称</strong>输入框。 如果有一个输入框，请输入<strong>收件人mobile </strong>＆nbsp;然后单击<strong>启动</strong>。</p>"
      },
      "navigationBar": {
        "left": {
          "text": "以前的"
        },
        "right": {
          "text": "下一个"
        }
      }
    },
    "zh-tw": {
      "content": {
        "title": "啟動該應用程序",
        "body": "<p>在您的<strong> volt Mx App </strong>上，單擊<strong>啟動</strong>。<br />您可以看到<strong>應用程序名稱</strong>輸入框。 如果有一個輸入框，請輸入<strong>收件人mobile </strong>＆nbsp;然後單擊<strong>啟動</strong>。</p>"
      },
      "navigationBar": {
        "left": {
          "text": "以前的"
        },
        "right": {
          "text": "下一個"
        }
      }
    }
  }
}