{
    "kuid": "9095d2te-8aab-47re-a9u4-15cc70n1",
    "id": "VoltMX.CreateDetailsNative_v9.finalChanges1",
    "content": {
        "title": "Customizing the UI",
        "body": "<ol>\n<li>From the <strong>Project</strong> <strong>Explorer</strong>, expand <strong>Mobile</strong> &gt; <strong>Forms</strong> &gt; <b> frmDetails</b> >\n <strong>flexFieldsContainer</strong> &gt; <strong>flexFooter1</strong> &gt; <strong>flexSquaredBorderedButton</strong>, and select <strong>btnSquared.</strong></li>\n<li>Right-click and cut <strong>btnSquared</strong>.</li>\n<li>From the <strong>Project</strong> <strong>Explorer</strong>, expand <strong>Mobile</strong> &gt; <strong>Forms</strong> &gt; <b>frmDetails</b> > <strong>flexFieldsContainer</strong> and select <b>Paste</b>.</li>\n</ol>"
    },
    "pointer": {
        "direction": "left",
        "element": {
            "module": "projectexplorer",
            "path": "project-body\\project\\Mobile\\Forms\\frmDetails\\flexFieldsContainer"
        },
        "type": "default"
    },
    "navigationType": "manual",
    "navigationBar": {
        "left": {
            "text": "Previous",
            "enable": true,
            "hide": false
        },
        "right": {
            "text": "Next",
            "enable": true,
            "hide": false
        }
    },
    "navigationCondition": "",
    "position": "BOTTOM_RIGHT",
    "meta": {
        "Creator": "Rashmi Menon",
        "CreatedOn": "Mon, 24 Feb 2020 11:35:12 GMT"
    },
    "context": []
}