{
  "kuid": "7fbad4t7-07a9-4dr6-99u0-ed50f6n9",
  "id": "VoltMX.AuthApp.ConfigureLogout",
  "content": {
    "title": "Configure Logout Parameters",
    "body": "<ol>\n<li>From the top-right corner of your <strong>Action Editor </strong>window, select <strong>Design View</strong>.</li>\n<li>From the left menu of the <strong>Action Editor</strong>, under the <strong>Network</strong> section, select <strong>Invoke Service</strong>.</li>\n<li>In the right pane of the <strong>Action Editor</strong>, from the <strong>Select Service</strong> drop-down, select <strong>UserAuthentication2$logout</strong>.</li>\n</ol>"
  },
  "pointer": {
    "direction": "left",
    "element": {
      "module": "actioneditor",
      "css_selector": "input[class *='aeViewTypeSequenceElement']"
    },
    "type": "default"
  },
  "navigationType": "manual",
  "navigationBar": {
    "left": {
      "text": "Previous",
      "enable": true,
      "hide": false
    },
    "right": {
      "text": "Next",
      "enable": true,
      "hide": false
    }
  },
  "navigationCondition": "",
  "position": "BOTTOM_RIGHT",
  "meta": {
    "Creator": "Deepti Ravula",
    "CreatedOn": "Thu, 19 Dec 2019 06:42:37 GMT"
  },
  "context": [],
  "localization": {
    "en-us": {
      "content": {
        "title": "Configure Logout Parameters",
        "body": "<ol>\n<li>From the top-right corner of your <strong>Action Editor </strong>window, select <strong>Design View</strong>.</li>\n<li>From the left menu of the <strong>Action Editor</strong>, under the <strong>Network</strong> section, select <strong>Invoke Service</strong>.</li>\n<li>In the right pane of the <strong>Action Editor</strong>, from the <strong>Select Service</strong> drop-down, select <strong>UserAuthentication2$logout</strong>.</li>\n</ol>"
      },
      "navigationBar": {
        "left": {
          "text": "Previous"
        },
        "right": {
          "text": "Next"
        }
      }
    },
    "zh-cn": {
      "content": {
        "title": "配置注销参数",
        "body": "***<ol> \n <li>从您<strong>操作编辑器的最高角</strong>窗口，选择<strong>设计视图</strong>。</li> \n <li>从<strong>操作编辑器的左菜单</strong>，在<strong>网络</strong> e节下，选择<strong> Indoke Service </strong>。</li> \n <li>在<strong>操作编辑器的右窗格中，</strong>，从<strong>选择service service </strong>下拉下拉，选择<strong> userauthentication2 $ lokout </strong>。</li>。{22}} {22} \n </ol>"
      },
      "navigationBar": {
        "left": {
          "text": "以前的"
        },
        "right": {
          "text": "下一个"
        }
      }
    },
    "zh-tw": {
      "content": {
        "title": "配置註銷參數",
        "body": "***<ol> \n <li>從您<strong>操作編輯器的最高角</strong>窗口，選擇<strong>設計視圖</strong>。</li> \n <li>從<strong>操作編輯器的左菜單</strong>，在<strong>網絡</strong> e節下，選擇<strong> Indoke Service </strong>。</li> \n <li>在<strong>操作編輯器的右窗格中，</strong>，從<strong>選擇service service </strong>下拉下拉，選擇<strong> userauthentication2 $ lokout </strong>。</li>。{22}} {22} \n </ol>"
      },
      "navigationBar": {
        "left": {
          "text": "以前的"
        },
        "right": {
          "text": "下一個"
        }
      }
    }
  }
}