{
  "kuid": "10d85at6-83a8-44r9-b7ub-b1ac62n6",
  "id": "VoltMX.ResponsiveBreakV9.optLayoutFirstName",
  "content": {
    "title": "Optimizing Layout for First Name",
    "body": "<ol>\n<li>From the <strong>Project</strong> explorer, expand <strong>Responsive Web / Desktop </strong>&gt; <strong> Forms </strong>&gt; <strong>frmAddRecipient </strong>&gt;<strong> flxAddRecipient </strong>&gt;<strong> flxEntryFields</strong> &gt; <strong>flxNames</strong>, and select <strong>flxFirstName</strong>.</li>\n<li>From the <strong>Properties </strong>panel, navigate to the <strong>Look </strong>tab.</li>\n<li>Under the <strong>Flex </strong>section, modify the following values:<br />\n<ul>\n<li>Height: <strong>66 Dp</strong></li>\n</ul>\n</li>\n</ol>"
  },
  "pointer": {
    "direction": "top",
    "element": {
      "module": "projectexplorer",
      "path": "project-body\\project\\Responsive Web / Desktop"
    },
    "type": "default"
  },
  "navigationType": "manual",
  "navigationBar": {
    "left": {
      "text": "Previous",
      "enable": true,
      "hide": false
    },
    "right": {
      "text": "Next",
      "enable": true,
      "hide": false
    }
  },
  "navigationCondition": "",
  "position": "BOTTOM_RIGHT",
  "meta": {
    "Creator": "Rashmi Menon",
    "CreatedOn": "Sat, 29 Feb 2020 03:18:38 GMT"
  },
  "context": [],
  "localization": {
    "en-us": {
      "content": {
        "title": "Optimizing Layout for First Name",
        "body": "<ol>\n<li>From the <strong>Project</strong> explorer, expand <strong>Responsive Web / Desktop </strong>&gt; <strong> Forms </strong>&gt; <strong>frmAddRecipient </strong>&gt;<strong> flxAddRecipient </strong>&gt;<strong> flxEntryFields</strong> &gt; <strong>flxNames</strong>, and select <strong>flxFirstName</strong>.</li>\n<li>From the <strong>Properties </strong>panel, navigate to the <strong>Look </strong>tab.</li>\n<li>Under the <strong>Flex </strong>section, modify the following values:<br />\n<ul>\n<li>Height: <strong>66 Dp</strong></li>\n</ul>\n</li>\n</ol>"
      },
      "navigationBar": {
        "left": {
          "text": "Previous"
        },
        "right": {
          "text": "Next"
        }
      }
    },
    "zh-cn": {
      "content": {
        "title": "优化名称的布局",
        "body": "<ol> \n <li>从<strong> project </strong>探索器，展开<strong>响应web / desktop </strong>＆gt; <strong>表格</strong>＆gt; <strong> frmaddrecipient </strong>＆gt; <strong> flxaddrecipient </strong>＆gt; <strong> flxentryfields </strong>＆gt; <strong> flxNames </strong>，然后选择<strong> flxfirstname </strong>。</li> \n <li>从<strong> properties </strong>面板，导航到<strong> look </strong> tab。</li> \n <li>在<strong> flex </strong>部分下，修改以下值：<br /> \n <ul> \n <li>高度：<strong> 66 dp </strong> </li> \n </ul> \n </li> \n </ol>"
      },
      "navigationBar": {
        "left": {
          "text": "以前的"
        },
        "right": {
          "text": "下一个"
        }
      }
    },
    "zh-tw": {
      "content": {
        "title": "優化名稱的佈局",
        "body": "<ol> \n <li>從<strong> project </strong>探索器，展開<strong>響應web / desktop </strong>＆gt; <strong>表格</strong>＆gt; <strong> frmaddrecipient </strong>＆gt; <strong> flxaddrecipient </strong>＆gt; <strong> flxentryfields </strong>＆gt; <strong> flxNames </strong>，然後選擇<strong> flxfirstname </strong>。</li> \n <li>從<strong> properties </strong>面板，導航到<strong> look </strong> tab。</li> \n <li>在<strong> flex </strong>部分下，修改以下值：<br /> \n <ul> \n <li>高度：<strong> 66 dp </strong> </li> \n </ul> \n </li> \n </ol>"
      },
      "navigationBar": {
        "left": {
          "text": "以前的"
        },
        "right": {
          "text": "下一個"
        }
      }
    }
  }
}