{
  "kuid": "166071t3-47a4-48r9-95u4-6def7dn7",
  "id": "VoltMX.AddaSalesforceServiceV9.UIforSalesforce",
  "content": {
    "title": "Generate UI for Service",
    "body": "<ol>\n<li>From the <strong>Project</strong> explorer, navigate to <strong>Mobile</strong> &gt; <strong>Forms</strong> and select <strong>frmLogin</strong>.</li>\n<li>From the <strong>Project Services</strong> tab on the top right of your canvas, expand <strong>Project Services</strong> &gt; <strong>SalesforceSample</strong> &gt; <strong>Account</strong>, and select <strong>get</strong>.</li>\n<li>Drop the <strong>get </strong>method onto the <strong>frmLogin</strong> form on your canvas.<br /><strong>What would you like to generate?</strong> window appears. </li>\n<li>Select <strong>List Using Response</strong>.</li>\n<li>Click <strong>OK</strong>.</li>\n</ol>"
  },
  "pointer": {
    "direction": "left",
    "element": {
      "module": "projectexplorer",
      "path": "project-body\\project\\Mobile"
    },
    "type": "default"
  },
  "navigationType": "manual",
  "navigationBar": {
    "left": {
      "text": "Previous",
      "enable": true,
      "hide": false
    },
    "right": {
      "text": "Next",
      "enable": true,
      "hide": false
    }
  },
  "navigationCondition": "",
  "position": "BOTTOM_RIGHT",
  "meta": {
    "Creator": "Rashmi Menon",
    "CreatedOn": "Wed, 27 Nov 2019 08:55:42 GMT"
  },
  "context": [],
  "localization": {
    "en-us": {
      "content": {
        "title": "Generate UI for Service",
        "body": "<ol>\n<li>From the <strong>Project</strong> explorer, navigate to <strong>Mobile</strong> &gt; <strong>Forms</strong> and select <strong>frmLogin</strong>.</li>\n<li>From the <strong>Project Services</strong> tab on the top right of your canvas, expand <strong>Project Services</strong> &gt; <strong>SalesforceSample</strong> &gt; <strong>Account</strong>, and select <strong>get</strong>.</li>\n<li>Drop the <strong>get </strong>method onto the <strong>frmLogin</strong> form on your canvas.<br /><strong>What would you like to generate?</strong> window appears. </li>\n<li>Select <strong>List Using Response</strong>.</li>\n<li>Click <strong>OK</strong>.</li>\n</ol>"
      },
      "navigationBar": {
        "left": {
          "text": "Previous"
        },
        "right": {
          "text": "Next"
        }
      }
    },
    "zh-cn": {
      "content": {
        "title": "生成UI服务",
        "body": "***<ol> \n <li>从<strong> project </strong>探索器，导航到<strong>移动</strong>＆gt; <strong>表格</strong>并选择<strong> frmlogin </strong>。</li> \n <li>从<strong> project Services </strong> tab在画布右上方，展开<strong> project Services </strong>＆gt; <strong> salesforcesample </strong>＆gt; <strong>帐户</strong>，然后选择<strong>获取</strong>。</li> \n <li>将<strong>获取</strong>方法上的<strong> frmlogin </strong>形式在画布上。<br /> <strong> {29}您想生成什么？</strong>窗口出现。 </li> \n <li>使用响应</strong>选择<strong>列表。</li> \n <li>单击<strong> ok </strong>。</li> \n </ol>"
      },
      "navigationBar": {
        "left": {
          "text": "以前的"
        },
        "right": {
          "text": "下一个"
        }
      }
    },
    "zh-tw": {
      "content": {
        "title": "生成UI服務",
        "body": "***<ol> \n <li>從<strong> project </strong>探索器，導航到<strong>移動</strong>＆gt; <strong>表格</strong>並選擇<strong> frmlogin </strong>。</li> \n <li>從<strong> project Services </strong> tab在畫布右上方，展開<strong> project Services </strong>＆gt; <strong> salesforcesample </strong>＆gt; <strong>帳戶</strong>，然後選擇<strong>獲取</strong>。</li> \n <li>將<strong>獲取</strong>方法上的<strong> frmlogin </strong>形式在畫布上。<br /> <strong> {29}您想生成什麼？</strong>窗口出現。 </li> \n <li>使用響應</strong>選擇<strong>列表。</li> \n <li>單擊<strong> ok </strong>。</li> \n </ol>"
      },
      "navigationBar": {
        "left": {
          "text": "以前的"
        },
        "right": {
          "text": "下一個"
        }
      }
    }
  }
}