{
  "kuid": "11cd93te-79a4-42ra-9eu5-4b797bn5",
  "id": "VoltMX.IntrotoSegmentTempV9.run",
  "content": {
    "title": "Run the App",
    "body": "<ol>\n<li> Connect the device to the computer with a USB cable. </li><li>Open <b>Volt MX App</b> on your <b>mobile</b> device.</li><li>Select the <b>USB</b> tab.</li><li>From the left navigation bar on your Iris, click <b>Run</b>.</li><li>Enter the name <b> EmployeeList </b> and click <b>Launch</b>. <br>You can see a list form with an image and a label.</li><li>Click a row, and will show alert as you defined in previous card.</li></ol>"
  },
  "pointer": {
    "direction": "left",
    "element": {
      "module": "shortcutbar",
      "itemId": "frmKonyLib_preview"
    },
    "type": "default"
  },
  "navigationType": "manual",
  "navigationBar": {
    "left": {
      "text": "Previous",
      "enable": true,
      "hide": false
    },
    "right": {
      "text": "Next",
      "enable": true,
      "hide": false
    }
  },
  "navigationCondition": "",
  "position": "BOTTOM_RIGHT",
  "meta": {
    "Creator": "Rashmi Menon",
    "CreatedOn": "Mon, 25 Nov 2019 11:53:52 GMT"
  },
  "context": [],
  "localization": {
    "en-us": {
      "content": {
        "title": "Run the App",
        "body": "<ol>\n<li> Connect the device to the computer with a USB cable. </li><li>Open <b>Volt MX App</b> on your <b>mobile</b> device.</li><li>Select the <b>USB</b> tab.</li><li>From the left navigation bar on your Iris, click <b>Run</b>.</li><li>Enter the name <b> EmployeeList </b> and click <b>Launch</b>. <br>You can see a list form with an image and a label.</li><li>Click a row, and will show alert as you defined in previous card.</li></ol>"
      },
      "navigationBar": {
        "left": {
          "text": "Previous"
        },
        "right": {
          "text": "Next"
        }
      }
    },
    "zh-cn": {
      "content": {
        "title": "运行应用程序",
        "body": "***<ol> \n <li>使用USB电缆将设备连接到计算机。 </li> <li>在您的<b>移动</b> device。 从虹膜上的左导航栏中，单击<b>运行</b>。</li> <li>输入name <b> applayerist </b>，然后单击<b>启动</b>。 <br>您可以看到带有图像和标签的列表表单。</li> <li>单击一行，并将显示您在上一张卡中定义的警报。</li> </ol>"
      },
      "navigationBar": {
        "left": {
          "text": "以前的"
        },
        "right": {
          "text": "下一个"
        }
      }
    },
    "zh-tw": {
      "content": {
        "title": "運行應用程序",
        "body": "***<ol> \n <li>使用USB電纜將設備連接到計算機。 </li> <li>在您的<b>移動</b> device。 從虹膜上的左導航欄中，單擊<b>運行</b>。</li> <li>輸入name <b> applayerist </b>，然後單擊<b>啟動</b>。 <br>您可以看到帶有圖像和標籤的列表表單。</li> <li>單擊一行，並將顯示您在上一張卡中定義的警報。</li> </ol>"
      },
      "navigationBar": {
        "left": {
          "text": "以前的"
        },
        "right": {
          "text": "下一個"
        }
      }
    }
  }
}