{
    "kuid": "114c695f-30c7-4d8e-9e04-5517c259",
    "id": "Kony.FirstApp.CreateForm1",
    "content": {
        "title": "Create the Login Form",
        "body": "<ol><li>From the <b>Project</b> explorer, expand <b>Mobile</b>.</li>\n<li>Right-click <b>Forms</b> and select <b>New Form</b>.<br/></li>\n<li>From the <b>Project</b> explorer, under <b>Forms</b>, right-click on <b>Form1</b> and select <b>Rename</b>.</li>\n<li>Rename the form <b>frmLogin</b>.</li></ol>"
    },
    "position": "BOTTOM_RIGHT",
    "navigationType": "manual",
    "navigationCondition": "",
    "pointer": {
        "direction": "left",
        "element": {
            "module": "projectexplorer",
            "path": "project-body\\project\\Mobile"
        },
        "type": "default"
    },
    "navigationBar": {
        "left": {
            "text": "Previous",
            "hide": false,
            "enable": true
        },
        "right": {
            "text": "Next",
            "enable": true,
            "hide": false
        }
    }
}