{
  "kuid": "c25c7ft9-f6a0-4drc-92ue-9c8037n4",
  "id": "VoltMX.AuthApp.TestCreds",
  "content": {
    "title": "Test the Login Credentials",
    "body": "<ol>\n<li>On the&nbsp;<strong>Configure Identity Service </strong>window, click&nbsp;<strong>TEST LOGIN</strong>.</li>\n<li>Enter the&nbsp;<strong>User ID </strong>(email) and the&nbsp;<strong>Password </strong>of the user that you created.\n<ul>\n<li>Email/Username:<strong>&nbsp;john.doe@woodburn.com</strong></li>\n<li>Password:<strong> VoltMX@123</strong></li>\n</ul></li>\n<li>Click&nbsp;<strong>SIGN IN</strong>.<br /> The <strong>Identity Response</strong> tab appears.</li>\n<li>Close the&nbsp;<strong>Configure Identity Service</strong>&nbsp;window.</li>\n</ol>\n<p>Iris may take some time to add the Identity Service to the <strong>Project Services</strong> section.</p>"
  },
  "pointer": {
    "direction": "left",
    "element": "",
    "type": "none"
  },
  "navigationType": "manual",
  "navigationBar": {
    "left": {
      "text": "Previous",
      "enable": true,
      "hide": false
    },
    "right": {
      "text": "Next",
      "enable": true,
      "hide": false
    }
  },
  "navigationCondition": "",
  "position": "BOTTOM_RIGHT",
  "meta": {
    "Creator": "Deepti Ravula",
    "CreatedOn": "Thu, 19 Dec 2019 06:38:15 GMT"
  },
  "context": [],
  "localization": {
    "en-us": {
      "content": {
        "title": "Test the Login Credentials",
        "body": "<ol>\n<li>On the&nbsp;<strong>Configure Identity Service </strong>window, click&nbsp;<strong>TEST LOGIN</strong>.</li>\n<li>Enter the&nbsp;<strong>User ID </strong>(email) and the&nbsp;<strong>Password </strong>of the user that you created.\n<ul>\n<li>Email/Username:<strong>&nbsp;john.doe@woodburn.com</strong></li>\n<li>Password:<strong> VoltMX@123</strong></li>\n</ul></li>\n<li>Click&nbsp;<strong>SIGN IN</strong>.<br /> The <strong>Identity Response</strong> tab appears.</li>\n<li>Close the&nbsp;<strong>Configure Identity Service</strong>&nbsp;window.</li>\n</ol>\n<p>Iris may take some time to add the Identity Service to the <strong>Project Services</strong> section.</p>"
      },
      "navigationBar": {
        "left": {
          "text": "Previous"
        },
        "right": {
          "text": "Next"
        }
      }
    },
    "zh-cn": {
      "content": {
        "title": "测试登录凭据",
        "body": "<ol> \n <li>在＆nbsp; <strong>配置身份服务</strong>窗口，单击＆nbsp; <strong> test login </strong>。</li> \n <li>输入您创建的用户的用户ID <strong>用户ID </strong>（电子邮件）和＆nbsp; <strong>密码</strong>。 \n <ul> \n <li>电子邮件/用户名：<strong>＆nbsp; john.doe@woodburn.com </strong> </li> \n <li>密码：<strong> voltmx@123 </strong> </li> \n </ul> </li> \n <li> click＆nbsp; <strong>在</strong>中登录。<br /> <strong>身份响应</strong> tab出现。</li> \n <li>关闭＆nbsp; <strong>配置身份服务</strong>＆nbsp; window。</li> \n </ol> \n <p> iris可能需要一些时间将身份服务添加到<strong>项目服务</strong>节。</p>"
      },
      "navigationBar": {
        "left": {
          "text": "以前的"
        },
        "right": {
          "text": "下一个"
        }
      }
    },
    "zh-tw": {
      "content": {
        "title": "測試登錄憑據",
        "body": "<ol> \n <li>在＆nbsp; <strong>配置身份服務</strong>窗口，單擊＆nbsp; <strong> test login </strong>。</li> \n <li>輸入您創建的用戶的用戶ID <strong>用戶ID </strong>（電子郵件）和＆nbsp; <strong>密碼</strong>。 \n <ul> \n <li>電子郵件/用戶名：<strong>＆nbsp; john.doe@woodburn.com </strong> </li> \n <li>密碼：<strong> voltmx@123 </strong> </li> \n </ul> </li> \n <li> click＆nbsp; <strong>在</strong>中登錄。<br /> <strong>身份響應</strong> tab出現。</li> \n <li>關閉＆nbsp; <strong>配置身份服務</strong>＆nbsp; window。</li> \n </ol> \n <p> iris可能需要一些時間將身份服務添加到<strong>項目服務</strong>節。</p>"
      },
      "navigationBar": {
        "left": {
          "text": "以前的"
        },
        "right": {
          "text": "下一個"
        }
      }
    }
  }
}