{
  "kuid": "b1170dt6-53a3-41r6-93ub-a5141bn8",
  "id": "VoltMX.IntrotoSegmentTempV9.segAction",
  "content": {
    "title": "Assign Action to Segment",
    "body": "<ol><li>From the <b>Properties</b> panel, navigate to the <b>Action</b> tab.</li>\n<li>For the <b>onRowClick</b> event, click <b>Edit</b>.<br/>The <b>Action Editor</b> window appears.</li></ol>"
  },
  "pointer": {
    "direction": "top",
    "element": {
      "module": "propertieswindow",
      "itemType": "pw-tab",
      "info": {
        "tabName": "Action"
      }
    },
    "type": "default"
  },
  "navigationType": "manual",
  "navigationBar": {
    "left": {
      "text": "Previous",
      "enable": true,
      "hide": false
    },
    "right": {
      "text": "Next",
      "enable": true,
      "hide": false
    }
  },
  "navigationCondition": "",
  "position": "BOTTOM_LEFT",
  "meta": {
    "Creator": "Rashmi Menon",
    "CreatedOn": "Mon, 25 Nov 2019 11:50:10 GMT"
  },
  "context": [],
  "localization": {
    "en-us": {
      "content": {
        "title": "Assign Action to Segment",
        "body": "<ol><li>From the <b>Properties</b> panel, navigate to the <b>Action</b> tab.</li>\n<li>For the <b>onRowClick</b> event, click <b>Edit</b>.<br/>The <b>Action Editor</b> window appears.</li></ol>"
      },
      "navigationBar": {
        "left": {
          "text": "Previous"
        },
        "right": {
          "text": "Next"
        }
      }
    },
    "zh-cn": {
      "content": {
        "title": "为细分分配操作",
        "body": "***<ol> <li>从<b> properties </b>面板，导航到<b> action </b> tab。</li> \n <li>对于<b> onRowClick </b>事件，单击<b> edit </b>。"
      },
      "navigationBar": {
        "left": {
          "text": "以前的"
        },
        "right": {
          "text": "下一个"
        }
      }
    },
    "zh-tw": {
      "content": {
        "title": "為細分分配操作",
        "body": "***<ol> <li>從<b> properties </b>面板，導航到<b> action </b> tab。</li> \n <li>對於<b> onRowClick </b>事件，單擊<b> edit </b>。"
      },
      "navigationBar": {
        "left": {
          "text": "以前的"
        },
        "right": {
          "text": "下一個"
        }
      }
    }
  }
}