{
    "kuid": "de2d6d2b-247a-4d39-8b32-a2a45b11",
    "id": "Kony.FirstAppLogin.eventMapping2",
    "content": {
        "title": "Add Navigation",
        "body": "<ol><li>\nFrom the <b>Action Editor</b> left menu, navigate to the <b>Navigation</b> section.</li><li>Click <b>Navigate to Form</b>. </li><li>From the lower pane of the <b>Action Editor</b>, select <b>frmList</b>.</li></ol>"
    },
    "position": "BOTTOM_RIGHT",
    "navigationType": "manual",
    "navigationCondition": "",
    "pointer": {
        "direction": "left",
        "element": {
            "module": "actioneditor",
            "itemType": "ae-action-type",
            "info": {
                "actionType": "Navigate to Form"
            }
        },
        "type": "default"
    },
    "navigationBar": {
        "left": {
            "text": "Previous",
            "hide": false,
            "enable": true
        },
        "right": {
            "text": "Next",
            "enable": true,
            "hide": false
        }
    }
}