{
  "kuid": "e86c8atc-4cac-44rb-90u1-543bf3n3",
  "id": "VoltMX.IntroductionToInternationalV9.publish1",
  "content": {
    "title": "Publish the App",
    "body": "<ol>\n<li>From the <strong>Post Build Action </strong>drop-down menu, select <strong>Run on my Device/Emulator</strong>.</li>\n<li>From the <strong>Configured Devices </strong>section, under <strong>Mobile</strong>, select your <strong>mobile </strong></li>\n<li>From the <strong>Build Mode </strong>drop-down menu, select <strong>Debug</strong>.</li>\n<li>Click <strong>Build</strong>.</li>\n</ol>\n<p>It may take a few minutes for Iris to build and launch the app.</p>"
  },
  "pointer": {
    "direction": "left",
    "element": {
      "module": "ui-library",
      "instanceId": "buildandpublishnative-postbuildaction_listbox"
    },
    "type": "default"
  },
  "navigationType": "manual",
  "navigationBar": {
    "left": {
      "text": "Previous",
      "enable": true,
      "hide": false
    },
    "right": {
      "text": "Next",
      "enable": true,
      "hide": false
    }
  },
  "navigationCondition": "",
  "position": "BOTTOM_RIGHT",
  "meta": {
    "Creator": "Rashmi Menon",
    "CreatedOn": "Thu, 05 Dec 2019 06:04:45 GMT"
  },
  "context": [],
  "localization": {
    "en-us": {
      "content": {
        "title": "Publish the App",
        "body": "<ol>\n<li>From the <strong>Post Build Action </strong>drop-down menu, select <strong>Run on my Device/Emulator</strong>.</li>\n<li>From the <strong>Configured Devices </strong>section, under <strong>Mobile</strong>, select your <strong>mobile </strong></li>\n<li>From the <strong>Build Mode </strong>drop-down menu, select <strong>Debug</strong>.</li>\n<li>Click <strong>Build</strong>.</li>\n</ol>\n<p>It may take a few minutes for Iris to build and launch the app.</p>"
      },
      "navigationBar": {
        "left": {
          "text": "Previous"
        },
        "right": {
          "text": "Next"
        }
      }
    },
    "zh-cn": {
      "content": {
        "title": "发布应用程序",
        "body": "<ol> \n <li>来自<strong> post build action </strong>下拉菜单，选择<strong>在我的设备/仿真器</strong>上运行。</li> \n <li>从<strong>配置的设备</strong>部分，在<strong>移动</strong>下，选择您的<strong>移动</strong> </li> \n <li>从<strong>构建模式</strong>下拉菜单，选择<strong> debug </strong>。</li> \n <li>单击<strong>构建</strong>。</li> \n </ol> \n <p> Iris可能需要几分钟才能构建和启动该应用程序。</p>"
      },
      "navigationBar": {
        "left": {
          "text": "以前的"
        },
        "right": {
          "text": "下一个"
        }
      }
    },
    "zh-tw": {
      "content": {
        "title": "發布應用程序",
        "body": "<ol> \n <li>來自<strong> post build action </strong>下拉菜單，選擇<strong>在我的設備/仿真器</strong>上運行。</li> \n <li>從<strong>配置的設備</strong>部分，在<strong>移動</strong>下，選擇您的<strong>移動</strong> </li> \n <li>從<strong>構建模式</strong>下拉菜單，選擇<strong> debug </strong>。</li> \n <li>單擊<strong>構建</strong>。</li> \n </ol> \n <p> Iris可能需要幾分鐘才能構建和啟動該應用程序。</p>"
      },
      "navigationBar": {
        "left": {
          "text": "以前的"
        },
        "right": {
          "text": "下一個"
        }
      }
    }
  }
}