{
    "kuid": "27c0eat9-54ac-48r0-aeuf-cf8aaane",
    "id": "kony.IntroductiontoSegmentV9.masterData1",
    "content": {
        "title": "Add Data to the Segment",
        "body": "<ol><li>Under the <b>General</b> section, navigate to the property <b>Master Data</b>.</li><li>Click <b>Edit</b>.</li></ol>"
    },
    "pointer": {
        "direction": "right",
        "element": {
            "module": "propertieswindow",
            "itemType": "pw-property",
            "info": {
                "propertyName": "Master Data",
                "sectionDOMId": "frmKonyLib_pwpspvbx-General-segment",
                "tabName": "Segment"
            }
        },
        "type": "default"
    },
    "navigationType": "manual",
    "navigationBar": {
        "left": {
            "text": "Previous",
            "enable": true,
            "hide": false
        },
        "right": {
            "text": "Next",
            "enable": true,
            "hide": false
        }
    },
    "navigationCondition": "",
    "position": "BOTTOM_RIGHT",
    "meta": {
        "Creator": "Rashmi Menon",
        "CreatedOn": "Mon, 25 Nov 2019 10:18:35 GMT"
    },
    "context": []
}