{
    "kuid": "6b5c8bt0-84a8-48rd-82u4-b07b4cn1",
    "id": "Kony.BindDataToApp.map2",
    "content": {
        "title": "Map the Service with UI Elements",
        "body": "<ul>\n<li>From the left pane, select <strong>Department{string}</strong>. From the right pane, expand <strong>Label-employeeFieldGroup</strong> and select <strong>text{string}</strong></li>\n<li>From the left pane, select <strong>Name{string}</strong>. From the right pane, expand <strong>Label &ndash; employeeFieldName</strong> and select <strong>text{string}</strong></li>\n<li>From the left pane, select <strong>Emp_id{string}</strong>. From the right pane, expand <strong>Label &ndash; employeeId</strong> and select <strong>text{string}</strong></li>\n<li>Click <strong>OK</strong></li>\n</ul>"
    },
    "pointer": {
        "direction": "left",
        "element": "",
        "type": "none"
    },
    "navigationType": "manual",
    "navigationBar": {
        "left": {
            "text": "Previous",
            "enable": true,
            "hide": false
        },
        "right": {
            "text": "Next",
            "enable": true,
            "hide": false
        }
    },
    "navigationCondition": "",
    "position": "BOTTOM_RIGHT",
    "meta": {
        "Creator": "Rashmi Menon",
        "CreatedOn": "Sat, 02 Feb 2019 00:46:27 GMT"
    },
    "context": []
}