{
  "kuid": "ad4bccta-1bab-46rc-b9u2-8c16b2n5",
  "id": "VoltMX.InternationalWithLayoutV9.setUN",
  "content": {
    "title": "Set i18n Key Username",
    "body": "<p>Now, let us set the <strong>i18n key</strong> values to the texts in <strong>frmUserLogin</strong>.</p>\n<ol>\n<li>Select the textbox with the text <strong>Username </strong>on the canvas.</li>\n<li>From the <strong>Properties </strong>panel, navigate to the <strong>Text Box </strong> tab.</li>\n<li>Under the <strong>General </strong>section, for the property <strong>Placeholder i18n Key</strong>, select <strong>Username </strong>from the drop-down list.</li>\n</ol>"
  },
  "pointer": {
    "direction": "left",
    "element": {
      "module": "appcanvas",
      "css_selector": "#frmUserLogin_txtUserName"
    },
    "type": "default"
  },
  "navigationType": "manual",
  "navigationBar": {
    "left": {
      "text": "Previous",
      "enable": true,
      "hide": false
    },
    "right": {
      "text": "Next",
      "enable": true,
      "hide": false
    }
  },
  "navigationCondition": "",
  "position": "BOTTOM_RIGHT",
  "meta": {
    "Creator": "Rashmi Menon",
    "CreatedOn": "Thu, 05 Dec 2019 06:38:04 GMT"
  },
  "context": [],
  "localization": {
    "en-us": {
      "content": {
        "title": "Set i18n Key Username",
        "body": "<p>Now, let us set the <strong>i18n key</strong> values to the texts in <strong>frmUserLogin</strong>.</p>\n<ol>\n<li>Select the textbox with the text <strong>Username </strong>on the canvas.</li>\n<li>From the <strong>Properties </strong>panel, navigate to the <strong>Text Box </strong> tab.</li>\n<li>Under the <strong>General </strong>section, for the property <strong>Placeholder i18n Key</strong>, select <strong>Username </strong>from the drop-down list.</li>\n</ol>"
      },
      "navigationBar": {
        "left": {
          "text": "Previous"
        },
        "right": {
          "text": "Next"
        }
      }
    },
    "zh-cn": {
      "content": {
        "title": "设置I18N密钥用户名",
        "body": "<p>现在，让我们将<strong> i18n键</strong>值设置为<strong> frmuserlogin </strong>中的文本。</p> \n <ol> \n <li>在画布上选择带有文本<strong>用户名</strong>的文本框。</li> \n <li>从<strong>属性</strong>面板，导航到<strong>文本框</strong> tab。</li> \n <li>在<strong>常规</strong>部分下，对于属性<strong>占位符i18n键</strong>，从下拉列表中选择<strong>用户名</strong>。</li> \n </ol>"
      },
      "navigationBar": {
        "left": {
          "text": "以前的"
        },
        "right": {
          "text": "下一个"
        }
      }
    },
    "zh-tw": {
      "content": {
        "title": "設置I18N密鑰用戶名",
        "body": "<p>現在，讓我們將<strong> i18n鍵</strong>值設置為<strong> frmuserlogin </strong>中的文本。</p> \n <ol> \n <li>在畫布上選擇帶有文本<strong>用戶名</strong>的文本框。</li> \n <li>從<strong>屬性</strong>面板，導航到<strong>文本框</strong> tab。</li> \n <li>在<strong>常規</strong>部分下，對於屬性<strong>佔位符i18n鍵</strong>，從下拉列表中選擇<strong>用戶名</strong>。</li> \n </ol>"
      },
      "navigationBar": {
        "left": {
          "text": "以前的"
        },
        "right": {
          "text": "下一個"
        }
      }
    }
  }
}