{
  "kuid": "f51afct7-d7a5-4cra-a4u5-cff626na",
  "id": "VoltMX.CreateEmailIdCompV9.preview",
  "content": {
    "title": "View the App",
    "body": "<ol>\n<li>Connect your <b>mobile</b> device to your computer using a USB cable.<br/>\nFor Android <b>mobile</b> device, ensure that the use of USB is <b>Transfer files</b>.<br/>\nFor iOS <b>mobile</b> device, ensure that a <b>trust</b> has been established between your device and your computer.\n<li>Launch the <b>Volt MX App</b> on your <b>mobile</b> device.</li>\n<li>Select the <b>USB</b> tab.</li>\n<li>On successful connection, the Iris on your computer shows a success prompt.</li>\n<li>Enter the app name <b>CreateComponent</b> and click <b>Launch</b>.</li>\n</ol>"
  },
  "pointer": {
    "direction": "left",
    "element": "",
    "type": "none"
  },
  "navigationType": "manual",
  "navigationBar": {
    "left": {
      "text": "Previous",
      "enable": true,
      "hide": false
    },
    "right": {
      "text": "Next",
      "enable": true,
      "hide": false
    }
  },
  "navigationCondition": "",
  "position": "BOTTOM_RIGHT",
  "meta": {
    "Creator": "Rashmi Menon",
    "CreatedOn": "Tue, 26 Nov 2019 06:47:01 GMT"
  },
  "context": [],
  "localization": {
    "en-us": {
      "content": {
        "title": "View the App",
        "body": "<ol>\n<li>Connect your <b>mobile</b> device to your computer using a USB cable.<br/>\nFor Android <b>mobile</b> device, ensure that the use of USB is <b>Transfer files</b>.<br/>\nFor iOS <b>mobile</b> device, ensure that a <b>trust</b> has been established between your device and your computer.\n<li>Launch the <b>Volt MX App</b> on your <b>mobile</b> device.</li>\n<li>Select the <b>USB</b> tab.</li>\n<li>On successful connection, the Iris on your computer shows a success prompt.</li>\n<li>Enter the app name <b>CreateComponent</b> and click <b>Launch</b>.</li>\n</ol>"
      },
      "navigationBar": {
        "left": {
          "text": "Previous"
        },
        "right": {
          "text": "Next"
        }
      }
    },
    "zh-cn": {
      "content": {
        "title": "查看应用程序",
        "body": "<ol> \n <li>使用USB电缆将您的<b>移动</b>设备连接到计算机。<br/> \n 对于Android <b>移动</b>设备，请确保使用USB为<b>传输文件</b>。<br/> \n 对于iOS <b>移动</b>设备，请确保在您的设备和计算机之间建立了<b>信任</b>。 \n <li>在您的<b>移动</b>设备上启动<b> volt mx app </b>。</li> \n <li>选择<b> USB </b> TAB。</li> \n <li>在成功的连接上，计算机上的虹膜显示了成功提示。</li> \n <li>输入应用名称<b> createComponent </b>，然后单击<b>启动</b>。</li> \n </ol>"
      },
      "navigationBar": {
        "left": {
          "text": "以前的"
        },
        "right": {
          "text": "下一个"
        }
      }
    },
    "zh-tw": {
      "content": {
        "title": "查看應用程序",
        "body": "<ol> \n <li>使用USB電纜將您的<b>移動</b>設備連接到計算機。<br/> \n 對於Android <b>移動</b>設備，請確保使用USB為<b>傳輸文件</b>。<br/> \n 對於iOS <b>移動</b>設備，請確保在您的設備和計算機之間建立了<b>信任</b>。 \n <li>在您的<b>移動</b>設備上啟動<b> volt mx app </b>。</li> \n <li>選擇<b> USB </b> TAB。</li> \n <li>在成功的連接上，計算機上的虹膜顯示了成功提示。</li> \n <li>輸入應用名稱<b> createComponent </b>，然後單擊<b>啟動</b>。</li> \n </ol>"
      },
      "navigationBar": {
        "left": {
          "text": "以前的"
        },
        "right": {
          "text": "下一個"
        }
      }
    }
  }
}