{
  "kuid": "ea8055t0-ffa2-48r4-b3u9-bcd1bfnd",
  "id": "VoltMX.FlexPropertiesV9.ChBottom",
  "content": {
    "title": "Layout Bottom Properties",
    "body": "<ol>\n<li>From the <strong>Properties </strong>panel, expand <strong>Look </strong> &gt; <strong>Flex</strong> on the top right of your canvas.</li>\n<li>Change the <strong>Bottom</strong> property to <strong>0 DP</strong>.</li>\n<li>Blank out the <strong>Top</strong> property.</li>\n</ol>\n<p>Notice the button is now docked to the bottom of the screen on the canvas.</p>"
  },
  "pointer": {
    "direction": "right",
    "element": {
      "module": "propertieswindow",
      "itemType": "pw-property",
      "info": {
        "propertyName": "Top",
        "sectionDOMId": "frmKonyLib_pwwgvbx-flex",
        "tabName": "Look"
      }
    },
    "type": "default"
  },
  "navigationType": "manual",
  "navigationBar": {
    "left": {
      "text": "Previous",
      "enable": true,
      "hide": false
    },
    "right": {
      "text": "Next",
      "enable": true,
      "hide": false
    }
  },
  "navigationCondition": "",
  "position": "BOTTOM_RIGHT",
  "meta": {
    "Creator": "Rashmi Menon",
    "CreatedOn": "Mon, 25 Nov 2019 08:49:34 GMT"
  },
  "context": [],
  "localization": {
    "en-us": {
      "content": {
        "title": "Layout Bottom Properties",
        "body": "<ol>\n<li>From the <strong>Properties </strong>panel, expand <strong>Look </strong> &gt; <strong>Flex</strong> on the top right of your canvas.</li>\n<li>Change the <strong>Bottom</strong> property to <strong>0 DP</strong>.</li>\n<li>Blank out the <strong>Top</strong> property.</li>\n</ol>\n<p>Notice the button is now docked to the bottom of the screen on the canvas.</p>"
      },
      "navigationBar": {
        "left": {
          "text": "Previous"
        },
        "right": {
          "text": "Next"
        }
      }
    },
    "zh-cn": {
      "content": {
        "title": "布局底部属性",
        "body": "<ol> \n <li>从<strong>属性</strong>面板，展开<strong> look </strong>＆gt; <strong> flex </strong>在画布的右上角。</li> \n <li>将<strong>底部</strong>属性更改为<strong> 0 dp </strong>。</li> \n <li>空白<strong> top </strong>属性。</li> \n </ol> \n <p>请注意，现在将按钮停靠在画布上的屏幕底部。</p>"
      },
      "navigationBar": {
        "left": {
          "text": "以前的"
        },
        "right": {
          "text": "下一个"
        }
      }
    },
    "zh-tw": {
      "content": {
        "title": "佈局底部屬性",
        "body": "<ol> \n <li>從<strong>屬性</strong>面板，展開<strong> look </strong>＆gt; <strong> flex </strong>在畫布的右上角。</li> \n <li>將<strong>底部</strong>屬性更改為<strong> 0 dp </strong>。</li> \n <li>空白<strong> top </strong>屬性。</li> \n </ol> \n <p>請注意，現在將按鈕停靠在畫布上的屏幕底部。</p>"
      },
      "navigationBar": {
        "left": {
          "text": "以前的"
        },
        "right": {
          "text": "下一個"
        }
      }
    }
  }
}