{
  "kuid": "09e30ct6-1bac-4er0-83u2-f1bff2n0",
  "id": "VoltMX.CreateServicesV9.configureAccountModel2",
  "content": {
    "title": "Configure the Data Model",
    "body": "<ol>\n<li>Under&nbsp;<strong>Data Model</strong>,&nbsp;navigate to&nbsp;<strong>Accounts</strong>&nbsp;and select<strong>&nbsp;Fields</strong>.</li>\n<li>Select the check-box for&nbsp;<strong>SeqNo</strong>, and then click&nbsp;<strong>Delete</strong>.</li>\n<li>In the&nbsp;<strong>Delete Fields&nbsp;</strong>dialog box, click&nbsp;<strong>Delete</strong>.</li>\n<li>Click&nbsp;<strong>Save</strong> and wait for the <strong>Object Saved Successfully</strong> advisory message before proceeding to the next step.</li>\n</ol>"
  },
  "pointer": {
    "direction": "left",
    "element": "",
    "type": "none"
  },
  "navigationType": "manual",
  "navigationBar": {
    "left": {
      "text": "Previous",
      "enable": true,
      "hide": false
    },
    "right": {
      "text": "Next",
      "enable": true,
      "hide": false
    }
  },
  "navigationCondition": "",
  "position": "BOTTOM_RIGHT",
  "meta": {
    "Creator": "Sparsh Srivastava",
    "CreatedOn": "Wed, 18 Dec 2019 09:04:44 GMT"
  },
  "context": [],
  "localization": {
    "en-us": {
      "content": {
        "title": "Configure the Data Model",
        "body": "<ol>\n<li>Under&nbsp;<strong>Data Model</strong>,&nbsp;navigate to&nbsp;<strong>Accounts</strong>&nbsp;and select<strong>&nbsp;Fields</strong>.</li>\n<li>Select the check-box for&nbsp;<strong>SeqNo</strong>, and then click&nbsp;<strong>Delete</strong>.</li>\n<li>In the&nbsp;<strong>Delete Fields&nbsp;</strong>dialog box, click&nbsp;<strong>Delete</strong>.</li>\n<li>Click&nbsp;<strong>Save</strong> and wait for the <strong>Object Saved Successfully</strong> advisory message before proceeding to the next step.</li>\n</ol>"
      },
      "navigationBar": {
        "left": {
          "text": "Previous"
        },
        "right": {
          "text": "Next"
        }
      }
    },
    "zh-cn": {
      "content": {
        "title": "配置数据模型",
        "body": "***<ol> \n <li>在＆nbsp; <strong>数据模型</strong>，＆nbsp; nbsp; <strong>帐户</strong>＆nbsp;并选择<strong>＆nbsp; fields </strong>。 \n <li>选择＆nbsp; <strong> seqno </strong>的复选框，然后单击＆nbsp; <strong> delete </strong>。</li> \n <li>在＆nbsp; <strong>删除字段＆nbsp; </strong>对话框中，单击＆nbsp; <strong>删除</strong>。</li> \n <li>单击＆nbsp; <strong>保存</strong>并等待<strong>对象成功保存</strong>咨询消息，然后再继续下一步。</li> \n </ol>"
      },
      "navigationBar": {
        "left": {
          "text": "以前的"
        },
        "right": {
          "text": "下一个"
        }
      }
    },
    "zh-tw": {
      "content": {
        "title": "配置數據模型",
        "body": "***<ol> \n <li>在＆nbsp; <strong>數據模型</strong>，＆nbsp; nbsp; <strong>帳戶</strong>＆nbsp;並選擇<strong>＆nbsp; fields </strong>。 \n <li>選擇＆nbsp; <strong> seqno </strong>的複選框，然後單擊＆nbsp; <strong> delete </strong>。</li> \n <li>在＆nbsp; <strong>刪除字段＆nbsp; </strong>對話框中，單擊＆nbsp; <strong>刪除</strong>。</li> \n <li>單擊＆nbsp; <strong>保存</strong>並等待<strong>對象成功保存</strong>諮詢消息，然後再繼續下一步。</li> \n </ol>"
      },
      "navigationBar": {
        "left": {
          "text": "以前的"
        },
        "right": {
          "text": "下一個"
        }
      }
    }
  }
}