{
    "kuid": "b114c4tb-bdad-45r2-bfu8-9aff60nc",
    "id": "kony.KonyQuantumOrientationV9.DefaultLibrary",
    "content": {
        "title": "Default Library",
        "body": "<p>The <strong>Default Library </strong>is a collection of widgets, UI components, and icons. The components are the building blocks that allow you to create an app. The icons and components are grouped based on their usage.<br/> Explore the collection by scrolling the list or use the search option for finding anything specific.</p>"
    },
    "pointer": {
        "direction": "left",
        "element": {
            "module": "konylibrary"
        },
        "type": "default"
    },
    "navigationType": "manual",
    "navigationBar": {
        "left": {
            "text": "Previous",
            "enable": true,
            "hide": false
        },
        "right": {
            "text": "Next",
            "enable": true,
            "hide": false
        }
    },
    "navigationCondition": "",
    "position": "BOTTOM_RIGHT",
    "meta": {
        "Creator": "Rashmi Menon",
        "CreatedOn": "Mon, 25 Nov 2019 06:58:47 GMT"
    },
    "context": []
}