{
  "kuid": "03d763ta-37a6-40r4-b5u8-9b9810nf",
  "id": "VoltMX.UserRepositoryAuthV9.testLogin",
  "content": {
    "title": "Test the Login Credentials",
    "body": "<ol>\n<li>On the <b>Edit Identity Service</b> window, click <b>TEST LOGIN</b>.</li>\n<li>Enter the <b>User ID</b> (email) and the <b>Password</b> you have created.<ul><li>Email/User ID: <b>john.doe@woodburn.com</b></li><li>Password: <b>VoltMX@123</b></li></ul></li>\n<li>Click <b>SIGN IN</b>.</li><br>\nClose the <b>Edit Identity Service</b> window to add the service to your application."
  },
  "pointer": {
    "direction": "bottom",
    "element": {
      "module": "mfconsole",
      "css_selector": ".ng-scope button:nth-child(4)[id *='config']"
    },
    "type": "default"
  },
  "navigationType": "manual",
  "navigationBar": {
    "left": {
      "text": "Previous",
      "enable": true,
      "hide": false
    },
    "right": {
      "text": "Next",
      "enable": true,
      "hide": false
    }
  },
  "navigationCondition": "",
  "position": "BOTTOM_RIGHT",
  "meta": {
    "Creator": "Rashmi Menon",
    "CreatedOn": "Wed, 27 Nov 2019 06:52:41 GMT"
  },
  "context": [],
  "localization": {
    "en-us": {
      "content": {
        "title": "Test the Login Credentials",
        "body": "<ol>\n<li>On the <b>Edit Identity Service</b> window, click <b>TEST LOGIN</b>.</li>\n<li>Enter the <b>User ID</b> (email) and the <b>Password</b> you have created.<ul><li>Email/User ID: <b>john.doe@woodburn.com</b></li><li>Password: <b>VoltMX@123</b></li></ul></li>\n<li>Click <b>SIGN IN</b>.</li><br>\nClose the <b>Edit Identity Service</b> window to add the service to your application."
      },
      "navigationBar": {
        "left": {
          "text": "Previous"
        },
        "right": {
          "text": "Next"
        }
      }
    },
    "zh-cn": {
      "content": {
        "title": "测试登录凭据",
        "body": "***<ol> \n <li>在<b>编辑身份服务</b>窗口上，单击<b>测试登录</b>。</li> \n <li>输入<b>用户ID </b>（email）和<b>密码</b>您已经创建了。<ul> <li> {13} {13}电子邮件/用户ID：<b> john.doe@woodburn.com </b> </li> <li>密码：<b> voltmx@123 </b> </li> {20} </ul> </li> {22} \n <li>单击<b>在</b>中登录。</li> <br> \n 关闭<b>编辑身份服务</b>窗口以将服务添加到您的应用程序中。"
      },
      "navigationBar": {
        "left": {
          "text": "以前的"
        },
        "right": {
          "text": "下一个"
        }
      }
    },
    "zh-tw": {
      "content": {
        "title": "測試登錄憑據",
        "body": "***<ol> \n <li>在<b>編輯身份服務</b>窗口上，單擊<b>測試登錄</b>。</li> \n <li>輸入<b>用戶ID </b>（email）和<b>密碼</b>您已經創建了。<ul> <li> {13} {13}電子郵件/用戶ID：<b> john.doe@woodburn.com </b> </li> <li>密碼：<b> voltmx@123 </b> </li> {20} </ul> </li> {22} \n <li>單擊<b>在</b>中登錄。</li> <br> \n 關閉<b>編輯身份服務</b>窗口以將服務添加到您的應用程序中。"
      },
      "navigationBar": {
        "left": {
          "text": "以前的"
        },
        "right": {
          "text": "下一個"
        }
      }
    }
  }
}