{
    "kuid": "baf5eet5-94a9-45ra-b5ue-4178a2n2",
    "id": "Kony.NewLaunchWebApp.Import",
    "content": {
        "title": "Import the Web App",
        "body": "<ol>\n<li>From the main menu of the Visualizer, navigate to <strong>Forge</strong> &gt; <strong>Browse</strong>.<br />The <strong>Temenos Forge</strong> window appears</li>\n<li>On the search bar, enter, <strong>Recipients Web</strong>.</li>\n<li>In the list that appears, select <strong>Recipients Web</strong>.<br />The details of the <strong>RecipientsWeb&nbsp;</strong>app appears.</li>\n<li>Click <strong>Import to Workspace</strong>.<br /> It may take some time for Visualizer to import the app.</li>\n</ol>"
    },
    "pointer": {
        "direction": "left",
        "element": "",
        "type": "none"
    },
    "navigationType": "manual",
    "navigationBar": {
        "left": {
            "text": "Previous",
            "enable": true,
            "hide": false
        },
        "right": {
            "text": "Next",
            "enable": true,
            "hide": false
        }
    },
    "navigationCondition": "",
    "position": "BOTTOM_RIGHT",
    "meta": {
        "Creator": "Prem Garudadri",
        "CreatedOn": "Wed, 18 Dec 2019 16:01:55 GMT"
    },
    "context": []
}