{
  "kuid": "04a2e7ta-e2a8-42r7-a6u8-9694c9n6",
  "id": "VoltMX.VoltMXOrientationV9.Build",
  "content": {
    "title": "Build",
    "body": "<p>The<strong> Build</strong> menu helps you to preview your app or build and publish it to your Volt MX Cloud account. You can either preview your app live or on the Volt MX App.</p>"
  },
  "pointer": {
    "direction": "left",
    "element": "",
    "type": "none",
    "isfixed": false
  },
  "navigationType": "manual",
  "navigationBar": {
    "left": {
      "text": "Previous",
      "enable": true,
      "hide": false
    },
    "right": {
      "text": "Done",
      "enable": true,
      "hide": false
    }
  },
  "navigationCondition": "",
  "position": "BOTTOM_RIGHT",
  "meta": {
    "Creator": "Rashmi Menon",
    "CreatedOn": "Mon, 25 Nov 2019 07:02:56 GMT"
  },
  "context": [],
  "localization": {
    "en-us": {
      "content": {
        "title": "Build",
        "body": "<p>The<strong> Build</strong> menu helps you to preview your app or build and publish it to your Volt MX Cloud account. You can either preview your app live or on the Volt MX App.</p>"
      },
      "navigationBar": {
        "left": {
          "text": "Previous"
        },
        "right": {
          "text": "Done"
        }
      }
    },
    "zh-cn": {
      "content": {
        "title": "建造",
        "body": "<p> <strong>构建</strong>菜单可帮助您预览应用程序或构建并将其发布到您的Volt MX Cloud帐户。 您可以直播您的应用程序或在Volt MX应用程序上预览。</p>"
      },
      "navigationBar": {
        "left": {
          "text": "以前的"
        },
        "right": {
          "text": "完毕"
        }
      }
    },
    "zh-tw": {
      "content": {
        "title": "建造",
        "body": "<p> <strong>構建</strong>菜單可幫助您預覽應用程序或構建並將其發佈到您的Volt MX Cloud帳戶。 您可以直播您的應用程序或在Volt MX應用程序上預覽。</p>"
      },
      "navigationBar": {
        "left": {
          "text": "以前的"
        },
        "right": {
          "text": "完畢"
        }
      }
    }
  }
}