{
  "Tour.UseStorageServiceV9": "Description of Tour",
  "Hike.VoltMX.UseStorageServiceV9": "Description of hike",
  "Card.VoltMX.UseStorageServiceV9.Intro": {
    "content": {
      "title": "Connect to a Storage Service",
      "body": "<b>Let’s get started.</b><br/>\nIn this hike, we will: <br/>\n<ul><li> Create a form </li>\n<li> Create a storage service</li>\n<li> Populate data in the storage service</li>\n<li>Connect data to the form. <br>You can follow the same steps to bind your own storage service to your app.</br></li></ul>\n<br/>\n\n<b>When you are ready, click Start!</b>"
    },
    "navigationBar": {
      "left": {
        "text": "Previous"
      },
      "right": {
        "text": "Start"
      }
    }
  },
  "Card.VoltMX.UseStorageServiceV9.NewProject1": {
    "content": {
      "title": "Create a New Project",
      "body": "<ol>\n<li>From the main menu of the Iris, navigate to <strong>Project</strong> &gt; <strong>New Project</strong>.</li>\n<li>From the <strong>What do you want to start with now? </strong>window, select <strong>Web App</strong>.</li>\n<li>Click <strong>Next</strong>.<br />The <strong>Which device size do you want to start building for first?</strong> window appears.</li>\n<li>Select <strong>Desktop</strong>.</li>\n<li>Click <strong>Next</strong>.</li>\n</ol>"
    },
    "navigationBar": {
      "left": {
        "text": "Previous"
      },
      "right": {
        "text": "Next"
      }
    }
  },
  "Card.VoltMX.UseStorageServiceV9.NewProject2": {
    "content": {
      "title": "Create a New Project",
      "body": "<ol>\n<li>In the <strong>You started with a Web App. Device size selected is Desktop. </strong>window, under <strong>Project Name</strong>, enter <strong>GetmyDataStorage</strong>.</li>\n<li>Click <strong>Create</strong>.<br />A new application is created with one flex form. <br />The application opens in the <strong>Storyboard </strong>view.</li>\n</ol>"
    },
    "navigationBar": {
      "left": {
        "text": "Previous"
      },
      "right": {
        "text": "Next"
      }
    }
  },
  "Card.VoltMX.UseStorageServiceV9.addDetails1": {
    "content": {
      "title": "Add Details-Employee",
      "body": "<ol>\n<li>From the left pane, under <strong>Data Model</strong>, expand <strong>employees</strong> and select <strong>Fields</strong>.</li>\n<li>In the right pane, click <strong>+ Add</strong> and enter the following details:\n<ul>\n<li>Name: <strong>EmployeeID</strong></li>\n<li>Type: <strong>Number</strong></li>\n<li>Primary key: <strong>True</strong></li>\n</ul>\n</li>\n</ol>"
    },
    "navigationBar": {
      "left": {
        "text": "Previous"
      },
      "right": {
        "text": "Next"
      }
    }
  },
  "Card.VoltMX.UseStorageServiceV9.addDetails2": {
    "content": {
      "title": "Add Details- Employee Name",
      "body": "<ol>\n<li>Click <strong>+ Add</strong> and enter the following details:\n<ul>\n<li>Name: <strong>EmployeeName</strong></li>\n<li>Type: <strong>String</strong></li>\n</ul>\n</li>\n</ol>"
    },
    "navigationBar": {
      "left": {
        "text": "Previous"
      },
      "right": {
        "text": "Next"
      }
    }
  },
  "Card.VoltMX.UseStorageServiceV9.addDetails3": {
    "content": {
      "title": "Add Details - Employee Department",
      "body": "<ol>\n<li>Click <strong>+ Add</strong> and enter the following details:\n<ul>\n<li>Name: <strong>EmployeeDepartment</strong></li>\n<li>Type: <strong>String</strong></li>\n</ul>\n</li>\n<li>Click <strong>Save</strong>.<br />Object is saved successfully.</li>\n</ol>"
    },
    "navigationBar": {
      "left": {
        "text": "Previous"
      },
      "right": {
        "text": "Next"
      }
    }
  },
  "Card.VoltMX.UseStorageServiceV9.addUI": {
    "content": {
      "title": "Add Data to the Form",
      "body": "<ol>\n<li>From the <strong>Data &amp; Services</strong> panel, expand <strong>Project Services</strong> &gt; <strong>sampleStorage</strong> &gt; <strong>employees</strong>, and select <strong>get</strong>.</li>\n<li>Drop <strong>get</strong> from the <strong>Data &amp; Services</strong> panel on to the <strong>frmDetails</strong> form on the canvas. <br />The <strong>What would you like to generate?</strong> window appears.</li>\n<li>Select <strong>List &amp; Details Using Response</strong>.</li>\n<li>Click <strong>OK</strong>.<br />You can view the data on the form on canvas.</li>\n</ol>"
    },
    "navigationBar": {
      "left": {
        "text": "Previous"
      },
      "right": {
        "text": "Next"
      }
    }
  },
  "Card.VoltMX.UseStorageServiceV9.configureObj": {
    "content": {
      "title": "Configure Object Service",
      "body": "<p>Once you are done adding the fields, from the top-left corner of the window, click the storage service name <strong>sampleStorage</strong>.</p>"
    },
    "navigationBar": {
      "left": {
        "text": "Previous"
      },
      "right": {
        "text": "Next"
      }
    }
  },
  "Card.VoltMX.UseStorageServiceV9.createObj1": {
    "content": {
      "title": "Create an Object Service",
      "body": "<ol>\n<li>In the Name field, enter <strong>sampleStorage</strong>.</li>\n<li>Click <strong>Save &amp; Configure</strong>.</li>\n<li>In the <strong>Configure Object Service </strong>window, click <strong>Configure New</strong>.</li>\n<li>In the Name field, enter: <strong>employees</strong>.</li>\n<li>Click <strong>Save</strong>.</li>\n</ol>"
    },
    "navigationBar": {
      "left": {
        "text": "Previous"
      },
      "right": {
        "text": "Next"
      }
    }
  },
  "Card.VoltMX.UseStorageServiceV9.createObjService": {
    "content": {
      "title": "Create an Object Service",
      "body": "<ol>\n<li>Navigate to the <strong>Data &amp; Services</strong> panel, expand <strong>Project Services</strong> and click <strong>Configure New</strong>.</li>\n<li>Under <strong>Data Integration</strong>, select <strong>Data Storage</strong>.<br />The <strong>Configure Object Service </strong>window appears.</li>\n</ol>"
    },
    "navigationBar": {
      "left": {
        "text": "Previous"
      },
      "right": {
        "text": "Next"
      }
    }
  },
  "Card.VoltMX.UseStorageServiceV9.last": {
    "content": {
      "title": "Congratulations",
      "body": "You have successfully:<ul><b><li>Created a form  </li><li>Created a sample storage service. </li>\n<li> Connected the form with  storage service data.  </li><li>Launched your app on Volt MX Iris Preview</b></li></ul><br/>"
    },
    "navigationBar": {
      "left": {
        "text": "Previous"
      },
      "right": {
        "text": "Done"
      }
    }
  },
  "Card.VoltMX.UseStorageServiceV9.rename": {
    "content": {
      "title": "Rename the Form",
      "body": "<ol>\n<li>In the <strong>Storyboard</strong> view, above the new Form, click <strong>Form1</strong>.</li>\n<li>Rename the form from <strong>Form1</strong>to <strong>frmDetails</strong>.</li>\n<li>Double-click on the form to open the form in <strong>Design </strong>view.</li>\n</ol>"
    },
    "navigationBar": {
      "left": {
        "text": "Previous"
      },
      "right": {
        "text": "Next"
      }
    }
  },
  "Card.VoltMX.UseStorageServiceV9.run": {
    "content": {
      "title": "Run the App",
      "body": "<ol>\n<li>From the main menu, select <strong>Build.</strong></li>\n<li>Click <Strong>Live Preview Settings.</strong></li>\n<li>From the <strong>Live Preview Settings</strong> window, under <strong>Platforms and Channels</strong>, select <strong>Responsive Web</strong>. <br />Ensure that you have unselected the checkboxes for all the other platforms and channels.</li>\n<li>Click <strong>Save &amp; Run</strong>. <br />If the <b>Invalid Actions</b> dailog appears, click <b>Continue</b> to processing.</br>It may take some time for Iris to show the <strong>Volt MX Iris Preview</strong> window.</li>\n</ol>\n<p>You can view the data you added on the page. <br /><br /></p>"
    },
    "navigationBar": {
      "left": {
        "text": "Previous"
      },
      "right": {
        "text": "Next"
      }
    }
  },
  "Card.VoltMX.UseStorageServiceV9.template": {
    "content": {
      "title": "Sample Database",
      "body": "<p>We will now add the sample database file in the form of a zip file.</p>\n<ol><li>Click <a href='#'onClick='javascript:openURL(\"https://github.com/HCL-TECH-SOFTWARE/volt-mx-tutorials/raw/master/public/samples/storageSample.zip\")'>here</a> to download the sample .zip file.</li>\n<li>Drag and drop the downloaded file on to <b>Sample Data</b>.</li>\n<li>Click <b>Save</b>.</li>\n<li>Click <b>Close</b>.</li></ol>"
    },
    "navigationBar": {
      "left": {
        "text": "Previous"
      },
      "right": {
        "text": "Next"
      }
    }
  }
}