{
  "kuid": "d75d39t9-88ac-4er0-adu3-d670f9n5",
  "id": "VoltMX.ConnectAppServWebV9.run",
  "content": {
    "title": "Run the App",
    "body": "<ol>\n<li>From the left navigation bar, click <strong>Run</strong>.<br /> It will take some time for Iris to display the <strong>Volt MX Iris Preview</strong> window.</li>\n<li>Enter the following login credentials in your app:\n<ul>\n<li>Username: <strong>john.doe@woodburn.com</strong></li>\n<li>Password: <strong>VoltMX@123</strong></li>\n</ul>\n</li>\n<li>Click <strong>Login </strong>to view the list of accounts.</li>\n<li>Click <strong>Recipients</strong>. <br /> The <strong>Recipients list</strong> appears.</li>\n</ol>"
  },
  "pointer": {
    "direction": "left",
    "element": {
      "module": "shortcutbar",
      "itemId": "frmKonyLib_preview"
    },
    "type": "default"
  },
  "navigationType": "manual",
  "navigationBar": {
    "left": {
      "text": "Previous",
      "enable": true,
      "hide": false
    },
    "right": {
      "text": "Next",
      "enable": true,
      "hide": false
    }
  },
  "navigationCondition": "",
  "position": "BOTTOM_RIGHT",
  "meta": {
    "Creator": "Prem Garudadri",
    "CreatedOn": "Thu, 19 Dec 2019 06:04:46 GMT"
  },
  "context": [],
  "localization": {
    "en-us": {
      "content": {
        "title": "Run the App",
        "body": "<ol>\n<li>From the left navigation bar, click <strong>Run</strong>.<br /> It will take some time for Iris to display the <strong>Volt MX Iris Preview</strong> window.</li>\n<li>Enter the following login credentials in your app:\n<ul>\n<li>Username: <strong>john.doe@woodburn.com</strong></li>\n<li>Password: <strong>VoltMX@123</strong></li>\n</ul>\n</li>\n<li>Click <strong>Login </strong>to view the list of accounts.</li>\n<li>Click <strong>Recipients</strong>. <br /> The <strong>Recipients list</strong> appears.</li>\n</ol>"
      },
      "navigationBar": {
        "left": {
          "text": "Previous"
        },
        "right": {
          "text": "Next"
        }
      }
    },
    "zh-cn": {
      "content": {
        "title": "运行应用程序",
        "body": "***<ol> \n <li>从左导航栏中，单击<strong>运行</strong>。<br />将需要一些时间才能让Iris显示<strong> volt MX Iris Preview </strong>窗口。</li>。{7} \n <li>在您的应用中输入以下登录凭据： \n <ul> \n <li>用户名：<strong> john.doe@woodburn.com </strong> </li> \n <li>密码：<strong> voltmx@123 </strong> </li> \n </ul> \n </li> \n <li>单击<strong>登录</strong>以查看帐户列表。</li> \n <li>单击<strong>收件人</strong>。 <br /> <strong>收件人列表</strong>出现。</li> \n </ol>"
      },
      "navigationBar": {
        "left": {
          "text": "以前的"
        },
        "right": {
          "text": "下一个"
        }
      }
    },
    "zh-tw": {
      "content": {
        "title": "運行應用程序",
        "body": "***<ol> \n <li>從左導航欄中，單擊<strong>運行</strong>。<br />將需要一些時間才能讓Iris顯示<strong> volt MX Iris Preview </strong>窗口。</li>。{7} \n <li>在您的應用中輸入以下登錄憑據： \n <ul> \n <li>用戶名：<strong> john.doe@woodburn.com </strong> </li> \n <li>密碼：<strong> voltmx@123 </strong> </li> \n </ul> \n </li> \n <li>單擊<strong>登錄</strong>以查看帳戶列表。</li> \n <li>單擊<strong>收件人</strong>。 <br /> <strong>收件人列表</strong>出現。</li> \n </ol>"
      },
      "navigationBar": {
        "left": {
          "text": "以前的"
        },
        "right": {
          "text": "下一個"
        }
      }
    }
  }
}