{
  "kuid": "4e8755t7-8cae-4crf-a6u7-dff72fn5",
  "id": "VoltMX.IntrotoActionEditorV9.run",
  "content": {
    "title": "Run the App",
    "body": "<ol><li>From the <b>Live Preview Settings</b> window, under <b>Native</b>, select the checkboxes next to the OS of the <b>mobile</b> device on which you are going to view the app. <br/>For example: <b>iOS </b> and <b>Android</b>.<br/>Ensure that you have unselected the checkboxes for all the other platforms and channels. </li>\n<li>Click <b>Save & Run</b>.<br/>It may take some time for Iris to show the <b>Live Preview is ready</b> window. </li></ol>"
  },
  "pointer": {
    "direction": "left",
    "element": "",
    "type": "none"
  },
  "navigationType": "manual",
  "navigationBar": {
    "left": {
      "text": "Previous",
      "enable": true,
      "hide": false
    },
    "right": {
      "text": "Next",
      "enable": true,
      "hide": false
    }
  },
  "navigationCondition": "",
  "position": "BOTTOM_RIGHT",
  "meta": {
    "Creator": "Rashmi Menon",
    "CreatedOn": "Tue, 26 Nov 2019 05:16:50 GMT"
  },
  "context": [],
  "localization": {
    "en-us": {
      "content": {
        "title": "Run the App",
        "body": "<ol><li>From the <b>Live Preview Settings</b> window, under <b>Native</b>, select the checkboxes next to the OS of the <b>mobile</b> device on which you are going to view the app. <br/>For example: <b>iOS </b> and <b>Android</b>.<br/>Ensure that you have unselected the checkboxes for all the other platforms and channels. </li>\n<li>Click <b>Save & Run</b>.<br/>It may take some time for Iris to show the <b>Live Preview is ready</b> window. </li></ol>"
      },
      "navigationBar": {
        "left": {
          "text": "Previous"
        },
        "right": {
          "text": "Next"
        }
      }
    },
    "zh-cn": {
      "content": {
        "title": "运行应用程序",
        "body": "<ol> <li>从<b> Live Preview设置</b>窗口，在<b>本机</b>下，选择<b>移动</b>设备的OS旁边的复选框 查看应用程序。 <br/>例如：<b> ios </b>和<b> android </b>。<br/>确保您未选择所有其他平台和通道的复选框。 </li> \n <li>单击<b>保存并运行</b>。<br/>可能需要一些时间才能让Iris显示<b> Live Preview已准备就绪</b>窗口。 </li> </ol>"
      },
      "navigationBar": {
        "left": {
          "text": "以前的"
        },
        "right": {
          "text": "下一个"
        }
      }
    },
    "zh-tw": {
      "content": {
        "title": "運行應用程序",
        "body": "<ol> <li>從<b> Live Preview設置</b>窗口，在<b>本機</b>下，選擇<b>移動</b>設備的OS旁邊的複選框 查看應用程序。 <br/>例如：<b> ios </b>和<b> android </b>。<br/>確保您未選擇所有其他平台和通道的複選框。 </li> \n <li>單擊<b>保存並運行</b>。<br/>可能需要一些時間才能讓Iris顯示<b> Live Preview已準備就緒</b>窗口。 </li> </ol>"
      },
      "navigationBar": {
        "left": {
          "text": "以前的"
        },
        "right": {
          "text": "下一個"
        }
      }
    }
  }
}