{
    "kuid": "b3b0e8t0-40af-48rc-9aue-86a64end",
    "id": "VoltMX.AddCreateMob_v9.settingSuccess",
    "content": {
        "title": "Success Message",
        "body": "<ol>\n<li>From the left menu of the <strong>Action Editor</strong>, under the <strong>Widget</strong> section, select <strong>Set Widget Property.</strong></li>\n<li>From the right pane, under <strong>Mobile</strong> <strong>Forms</strong> &gt; <strong>frmAddRecipient</strong> > <strong>flexAddRecipient</strong>, select <strong>flexAddSuccessHeader</strong>.</li>\n<li>In the right pane, modify the following values:\n<ul>\n<li>Property: <strong>Visible</strong></li>\n<li>Value: <strong>False</strong></li>\n</ul>\n</li>\n</ol>"
    },
    "pointer": {
        "direction": "left",
        "element": {
            "module": "actioneditor",
            "itemType": "ae-action-type",
            "info": {
                "actionType": "Set Widget Property"
            }
        },
        "type": "default"
    },
    "navigationType": "manual",
    "navigationBar": {
        "left": {
            "text": "Previous",
            "enable": true,
            "hide": false
        },
        "right": {
            "text": "Next",
            "enable": true,
            "hide": false
        }
    },
    "navigationCondition": "",
    "position": "BOTTOM_LEFT",
    "meta": {
        "Creator": "Rashmi Menon",
        "CreatedOn": "Wed, 26 Feb 2020 05:27:06 GMT"
    },
    "context": []
}