{
    "kuid": "dfc25etc-3ca2-44r2-baue-53e0c0n3",
    "id": "VoltMX.FlexPropertiesV9.ChLeftRight",
    "content": {
        "title": "Change Left and Right Properties",
        "body": "<ol>\n<li>From the <strong>Properties</strong> panel, expand <strong>Look</strong> &gt; <strong>Flex</strong> on the top right of your canvas.</li>\n<li>Change the <strong>Left</strong> property to <strong>30 Dp</strong>.<br />Notice that the widget moves a little to the left of the canvas.</li>\n<li>Similarly, change the <strong>Right </strong>property to <strong>5 Dp. <br /></strong>Blank out the <strong>Left</strong> property.<br />Notice that the widget moves to the right of the canvas.</li>\n</ol>"
    },
    "pointer": {
        "direction": "right",
        "element": {
            "module": "propertieswindow",
            "itemType": "pw-property",
            "info": {
                "propertyName": "Left",
                "sectionDOMId": "frmKonyLib_pwwgvbx-flex",
                "tabName": "Look"
            }
        },
        "type": "default"
    },
    "navigationType": "manual",
    "navigationBar": {
        "left": {
            "text": "Previous",
            "enable": true,
            "hide": false
        },
        "right": {
            "text": "Next",
            "enable": true,
            "hide": false
        }
    },
    "navigationCondition": "",
    "position": "BOTTOM_RIGHT",
    "meta": {
        "Creator": "Rashmi Menon",
        "CreatedOn": "Mon, 25 Nov 2019 08:54:34 GMT"
    },
    "context": []
}
