{
  "kuid": "dfc25etc-3ca2-44r2-baue-53e0c0n3",
  "id": "VoltMX.FlexPropertiesV9.ChLeftRight",
  "content": {
    "title": "Change Left and Right Properties",
    "body": "<ol>\n<li>From the <strong>Properties</strong> panel, expand <strong>Look</strong> &gt; <strong>Flex</strong> on the top right of your canvas.</li>\n<li>Change the <strong>Left</strong> property to <strong>30 DP</strong>.<br />Notice that the widget moves a little to the left of the canvas.</li>\n<li>Similarly, change the <strong>Right </strong>property to <strong>5 DP. <br /></strong>Blank out the <strong>Left</strong> property.<br />Notice that the widget moves to the right of the canvas.</li>\n</ol>"
  },
  "pointer": {
    "direction": "right",
    "element": {
      "module": "propertieswindow",
      "itemType": "pw-property",
      "info": {
        "propertyName": "Left",
        "sectionDOMId": "frmKonyLib_pwwgvbx-flex",
        "tabName": "Look"
      }
    },
    "type": "default"
  },
  "navigationType": "manual",
  "navigationBar": {
    "left": {
      "text": "Previous",
      "enable": true,
      "hide": false
    },
    "right": {
      "text": "Next",
      "enable": true,
      "hide": false
    }
  },
  "navigationCondition": "",
  "position": "BOTTOM_RIGHT",
  "meta": {
    "Creator": "Rashmi Menon",
    "CreatedOn": "Mon, 25 Nov 2019 08:54:34 GMT"
  },
  "context": [],
  "localization": {
    "en-us": {
      "content": {
        "title": "Change Left and Right Properties",
        "body": "<ol>\n<li>From the <strong>Properties</strong> panel, expand <strong>Look</strong> &gt; <strong>Flex</strong> on the top right of your canvas.</li>\n<li>Change the <strong>Left</strong> property to <strong>30 DP</strong>.<br />Notice that the widget moves a little to the left of the canvas.</li>\n<li>Similarly, change the <strong>Right </strong>property to <strong>5 DP. <br /></strong>Blank out the <strong>Left</strong> property.<br />Notice that the widget moves to the right of the canvas.</li>\n</ol>"
      },
      "navigationBar": {
        "left": {
          "text": "Previous"
        },
        "right": {
          "text": "Next"
        }
      }
    },
    "zh-cn": {
      "content": {
        "title": "更改左右属性",
        "body": "<ol> \n <li>从<strong>属性</strong>面板，展开<strong> look </strong>＆gt; <strong> flex </strong>在画布的右上角。</li> \n <li>将<strong>左</strong>属性更改为<strong> 30 dp </strong>。<br />请注意，窗口小部件在画布的左侧有点移动。</li> \n <li>同样，将<strong>右</strong>属性更改为<strong> 5 dp。 <br /> </strong>空白<strong>左</strong>属性。<br />请注意，小部件移动到画布的右侧。</li> \n </ol>"
      },
      "navigationBar": {
        "left": {
          "text": "以前的"
        },
        "right": {
          "text": "下一个"
        }
      }
    },
    "zh-tw": {
      "content": {
        "title": "更改左右屬性",
        "body": "<ol> \n <li>從<strong>屬性</strong>面板，展開<strong> look </strong>＆gt; <strong> flex </strong>在畫布的右上角。</li> \n <li>將<strong>左</strong>屬性更改為<strong> 30 dp </strong>。<br />請注意，窗口小部件在畫布的左側有點移動。</li> \n <li>同樣，將<strong>右</strong>屬性更改為<strong> 5 dp。 <br /> </strong>空白<strong>左</strong>屬性。<br />請注意，小部件移動到畫布的右側。</li> \n </ol>"
      },
      "navigationBar": {
        "left": {
          "text": "以前的"
        },
        "right": {
          "text": "下一個"
        }
      }
    }
  }
}