{
  "kuid": "5ebc77t9-99a4-46r4-a3u2-7f31aanc",
  "id": "VoltMX.IntroductiontoNFIV9.eventCode",
  "content": {
    "title": "Link the code to the UI Elements",
    "body": "<ol>\n<li>From the <strong>Project </strong>explorer, navigate to <strong>Mobile </strong>&gt; <strong>Forms</strong> > <b>deviceSettings</b> and select <strong>btnSettings</strong>.</li>\n<li>On the canvas, select the button.</li>\n<li>From the <strong>Properties panel </strong> navigate to the <strong>Action</strong> tab.</li>\n<li>Under the <strong>General</strong> section, for the <strong>onClick </strong>event, click <strong>Edit</strong>.<br/>The <b>Action Editor</b> window appears.</li>\n</ol>"
  },
  "pointer": {
    "direction": "top",
    "element": {
      "module": "propertieswindow",
      "itemType": "pw-tab",
      "info": {
        "tabName": "Action"
      }
    },
    "type": "default"
  },
  "navigationType": "manual",
  "navigationBar": {
    "left": {
      "text": "Previous",
      "enable": true,
      "hide": false
    },
    "right": {
      "text": "Next",
      "enable": true,
      "hide": false
    }
  },
  "navigationCondition": "",
  "position": "BOTTOM_LEFT",
  "meta": {
    "Creator": "Rashmi Menon",
    "CreatedOn": "Wed, 27 Nov 2019 11:53:43 GMT"
  },
  "context": [],
  "localization": {
    "en-us": {
      "content": {
        "title": "Link the code to the UI Elements",
        "body": "<ol>\n<li>From the <strong>Project </strong>explorer, navigate to <strong>Mobile </strong>&gt; <strong>Forms</strong> > <b>deviceSettings</b> and select <strong>btnSettings</strong>.</li>\n<li>On the canvas, select the button.</li>\n<li>From the <strong>Properties panel </strong> navigate to the <strong>Action</strong> tab.</li>\n<li>Under the <strong>General</strong> section, for the <strong>onClick </strong>event, click <strong>Edit</strong>.<br/>The <b>Action Editor</b> window appears.</li>\n</ol>"
      },
      "navigationBar": {
        "left": {
          "text": "Previous"
        },
        "right": {
          "text": "Next"
        }
      }
    },
    "zh-cn": {
      "content": {
        "title": "将代码链接到UI元素",
        "body": "***<ol> \n <li>从<strong> project </strong>探索器，导航到<strong>移动</strong>＆gt; <strong> forms </strong>> <b> decesiteettings </b>并选择<strong> btnsettings </strong>。</li> \n <li>在画布上，选择按钮。</li> \n <li>来自<strong>属性面板</strong>导航到<strong> action </strong> tab。</li> \n <li>在<strong>常规</strong>部分，对于<strong> onClick </strong>事件，单击<strong> edit </strong>。 31} \n </ol>"
      },
      "navigationBar": {
        "left": {
          "text": "以前的"
        },
        "right": {
          "text": "下一个"
        }
      }
    },
    "zh-tw": {
      "content": {
        "title": "將代碼鏈接到UI元素",
        "body": "***<ol> \n <li>從<strong> project </strong>探索器，導航到<strong>移動</strong>＆gt; <strong> forms </strong>> <b> decesiteettings </b>並選擇<strong> btnsettings </strong>。</li> \n <li>在畫布上，選擇按鈕。</li> \n <li>來自<strong>屬性面板</strong>導航到<strong> action </strong> tab。</li> \n <li>在<strong>常規</strong>部分，對於<strong> onClick </strong>事件，單擊<strong> edit </strong>。 31} \n </ol>"
      },
      "navigationBar": {
        "left": {
          "text": "以前的"
        },
        "right": {
          "text": "下一個"
        }
      }
    }
  }
}