{
  "kuid": "cfe899ta-60ad-4frc-90ue-83c85fna",
  "id": "VoltMX.AddCreatePayeeWeb_v9.configureAdd1",
  "content": {
    "title": "Mapping the Recipients",
    "body": "<ol>\n<li>From the left pane of the mapping editor, expand <strong>Forms </strong>&gt;<strong> frmAddRecipient</strong>.</li>\n<li>From the right pane of the mapping editor, expand <strong>Services </strong>&gt;<strong> RecipientStorage2$Recipients$create</strong>.</li>\n<li>Map the following widgets from the left pane to the service parameters on the right pane:\n<ul>\n<li>From the left pane expand <strong>TextField - tbxFirstName</strong> and select <strong>text {string}.<br /></strong>From the right pane select <strong>FirstName {string}</strong>.</li>\n</ul>\n</li>\n</ol>"
  },
  "pointer": {
    "direction": "left",
    "element": "",
    "type": "none"
  },
  "navigationType": "manual",
  "navigationBar": {
    "left": {
      "text": "Previous",
      "enable": true,
      "hide": false
    },
    "right": {
      "text": "Next",
      "enable": true,
      "hide": false
    }
  },
  "navigationCondition": "",
  "position": "BOTTOM_RIGHT",
  "meta": {
    "Creator": "Rashmi Menon",
    "CreatedOn": "Tue, 25 Feb 2020 05:04:19 GMT"
  },
  "context": [],
  "localization": {
    "en-us": {
      "content": {
        "title": "Mapping the Recipients",
        "body": "<ol>\n<li>From the left pane of the mapping editor, expand <strong>Forms </strong>&gt;<strong> frmAddRecipient</strong>.</li>\n<li>From the right pane of the mapping editor, expand <strong>Services </strong>&gt;<strong> RecipientStorage2$Recipients$create</strong>.</li>\n<li>Map the following widgets from the left pane to the service parameters on the right pane:\n<ul>\n<li>From the left pane expand <strong>TextField - tbxFirstName</strong> and select <strong>text {string}.<br /></strong>From the right pane select <strong>FirstName {string}</strong>.</li>\n</ul>\n</li>\n</ol>"
      },
      "navigationBar": {
        "left": {
          "text": "Previous"
        },
        "right": {
          "text": "Next"
        }
      }
    },
    "zh-cn": {
      "content": {
        "title": "映射收件人",
        "body": "***<ol> \n <li>从映射编辑器的左窗格中，展开<strong> forms </strong>＆gt; <strong> frmaddrecipient </strong>。</li> \n <li>从映射编辑器的右窗格中，展开<strong> services </strong>＆gt; <strong> cocterientStorage2 $ cocceers $ create </strong>。</li> \n <li>将以下小部件从左窗格映射到右窗格上的服务参数： \n <ul> \n <li>从左窗格展开<strong> textfield -tbxfirstname </strong>，然后选择<strong> text {string}。 23} \n </ul> \n </li> \n </ol>"
      },
      "navigationBar": {
        "left": {
          "text": "以前的"
        },
        "right": {
          "text": "下一个"
        }
      }
    },
    "zh-tw": {
      "content": {
        "title": "映射收件人",
        "body": "***<ol> \n <li>從映射編輯器的左窗格中，展開<strong> forms </strong>＆gt; <strong> frmaddrecipient </strong>。</li> \n <li>從映射編輯器的右窗格中，展開<strong> services </strong>＆gt; <strong> cocterientStorage2 $ cocceers $ create </strong>。</li> \n <li>將以下小部件從左窗格映射到右窗格上的服務參數： \n <ul> \n <li>從左窗格展開<strong> textfield -tbxfirstname </strong>，然後選擇<strong> text {string}。 23} \n </ul> \n </li> \n </ol>"
      },
      "navigationBar": {
        "left": {
          "text": "以前的"
        },
        "right": {
          "text": "下一個"
        }
      }
    }
  }
}