{
    "kuid": "8cc464tb-3aa4-42r2-90uf-d87c42n7",
    "id": "VoltMX.AddCreatePayeeWeb_v9.navigate",
    "content": {
        "title": "Navigating from Recipients Screen",
        "body": "<ol>\n<li>From the <strong>Project</strong> explorer, expand <strong>Responsive Web /Desktop </strong>&gt;<strong> Forms</strong> &gt; <strong>frmRecipients </strong>&gt;<strong> flxRecipientList </strong>&gt;<strong> flxToolbar, </strong>and select <strong>btnAddPayee</strong>.</li>\n<li>From the <strong>Properties</strong> panel, navigate to the <strong>Action</strong> tab.</li>\n<li>For the <strong>onClick</strong> event, click <strong>Edit</strong>.<br /> The <strong>Action Editor</strong> window appears.</li>\n</ol>"
    },
    "pointer": {
        "direction": "left",
        "element": {
            "module": "projectexplorer",
            "path": "project-body\\project\\Responsive Web / Desktop\\Forms\\frmPayee"
        },
        "type": "default"
    },
    "navigationType": "manual",
    "navigationBar": {
        "left": {
            "text": "Previous",
            "enable": true,
            "hide": false
        },
        "right": {
            "text": "Next",
            "enable": true,
            "hide": false
        }
    },
    "navigationCondition": "",
    "position": "BOTTOM_RIGHT",
    "meta": {
        "Creator": "Rashmi Menon",
        "CreatedOn": "Tue, 25 Feb 2020 04:56:08 GMT"
    },
    "context": []
}