{
  "kuid": "7d0b22te-44a7-49r4-93uc-619deen2",
  "id": "VoltMX.UserRepositoryAuthV9.NewUserRep",
  "content": {
    "title": "Create a New User Repository",
    "body": "<ol>\n<li>From the <strong>Data &amp; Services</strong> panel on the top right of your canvas, expand <strong>Project Services</strong>.</li>\n<li>Click <strong>Configure New</strong> to get a list of prepacked services.</li>\n<li>Under the <strong>Authenticate</strong> category, select <strong>User Repository</strong>.<br />The <strong>Configure Identity Service</strong> window appears.</li>\n<li>Enter the name of the service <strong>employeeUserStore</strong>.</li>\n<li>Click <strong>Save</strong>.</li>\n</ol>"
  },
  "pointer": {
    "direction": "right",
    "element": {
      "module": "datapanel",
      "itemType": "dp_tree_entry",
      "context": {},
      "path": "PROJECT SERVICES"
    },
    "type": "default"
  },
  "navigationType": "manual",
  "navigationBar": {
    "left": {
      "text": "Previous",
      "enable": true,
      "hide": false
    },
    "right": {
      "text": "Next",
      "enable": true,
      "hide": false
    }
  },
  "navigationCondition": "",
  "position": "BOTTOM_LEFT",
  "meta": {
    "Creator": "Rashmi Menon",
    "CreatedOn": "Wed, 27 Nov 2019 06:41:47 GMT"
  },
  "context": [],
  "localization": {
    "en-us": {
      "content": {
        "title": "Create a New User Repository",
        "body": "<ol>\n<li>From the <strong>Data &amp; Services</strong> panel on the top right of your canvas, expand <strong>Project Services</strong>.</li>\n<li>Click <strong>Configure New</strong> to get a list of prepacked services.</li>\n<li>Under the <strong>Authenticate</strong> category, select <strong>User Repository</strong>.<br />The <strong>Configure Identity Service</strong> window appears.</li>\n<li>Enter the name of the service <strong>employeeUserStore</strong>.</li>\n<li>Click <strong>Save</strong>.</li>\n</ol>"
      },
      "navigationBar": {
        "left": {
          "text": "Previous"
        },
        "right": {
          "text": "Next"
        }
      }
    },
    "zh-cn": {
      "content": {
        "title": "创建一个新的用户存储库",
        "body": "<ol> \n <li>来自<strong> data＆amp; 服务</strong>面板在画布的右上角，展开<strong>项目服务</strong>。</li> \n <li>单击<strong>配置新</strong>以获取预包装服务的列表。</li> \n <li>在<strong>身份验证</strong>类别下，选择<strong>用户存储库</strong>。<br /> <strong> configure Identity Service </strong>窗口出现。</li> \n <li>输入服务的名称<strong>雇员</strong>。</li> \n <li>单击<strong>保存</strong>。</li> \n </ol>"
      },
      "navigationBar": {
        "left": {
          "text": "以前的"
        },
        "right": {
          "text": "下一个"
        }
      }
    },
    "zh-tw": {
      "content": {
        "title": "創建一個新的用戶存儲庫",
        "body": "<ol> \n <li>來自<strong> data＆amp; 服務</strong>面板在畫布的右上角，展開<strong>項目服務</strong>。</li> \n <li>單擊<strong>配置新</strong>以獲取預包裝服務的列表。</li> \n <li>在<strong>身份驗證</strong>類別下，選擇<strong>用戶存儲庫</strong>。<br /> <strong> configure Identity Service </strong>窗口出現。</li> \n <li>輸入服務的名稱<strong>僱員</strong>。</li> \n <li>單擊<strong>保存</strong>。</li> \n </ol>"
      },
      "navigationBar": {
        "left": {
          "text": "以前的"
        },
        "right": {
          "text": "下一個"
        }
      }
    }
  }
}