{
    "kuid": "c12e25ta-92af-48r3-81u5-5f8ea6nc",
    "id": "VoltMX.UsingTestRecorder_v9.done",
    "content": {
        "title": "Congratulations",
        "body": "<p>You&rsquo;ve successfully:</p>\n<ul>\n<li><strong>Created two Test Cases for testing authentication</strong></li>\n<li><strong>Created a Test Suite and a Test Plan</strong></li>\n<li><strong>Ran the application to view the results</strong></li>\n<li><strong>Deployed the Test Plan</strong></li>\n</ul><br/>\n\n<p>To learn more on what you can do with  Volt MX Iris, visit  <a href='#'onClick='javascript:openURL(\"https://basecamp.kony.com/s/\")'>Base Camp</a>.</p>"
    },
    "pointer": {
        "direction": "left",
        "element": "",
        "type": "none"
    },
    "navigationType": "manual",
    "navigationBar": {
        "left": {
            "text": "Previous",
            "enable": true,
            "hide": false
        },
        "right": {
            "text": "Done",
            "enable": true,
            "hide": false
        }
    },
    "navigationCondition": "",
    "position": "CENTER",
    "meta": {
        "Creator": "Rashmi Menon",
        "CreatedOn": "Thu, 27 Feb 2020 09:23:49 GMT"
    },
    "context": []
}