{
  "kuid": "faf4d8t6-b1a8-49rd-b9ub-90f65end",
  "id": "VoltMX.IntrotoSegmentTempV9.Intro",
  "content": {
    "title": "Introduction to Segment Templates",
    "body": "<p><strong>Let&rsquo;s get started!</strong><br /><br /> In this guided tour, we will:</p>\n<ul>\n<li>Create a Segment Row template</li>\n<li>Add widgets to the template</li>\n<li>Assign the template to the Segment widget</li>\n<li>Use Inline editing to modify the template</li>\n<li>Assign an action when the row of the segment is clicked</li>\n</ul>\n<p> Before you begin, ensure that you have completed the hike: <ol><li><a class=\"tour-link\" tour=\"9b0f07t4-e9a8-49rb-83u2-876264n4\"><strong>Introduction to Segment</strong></a></li><li><a class=\"tour-link\" tour=\"06a5e8td-11a4-41r7-bbua-0696bane\"><strong>Assign Data to Segment</strong></a></li></ol>Ensure that you open the same project that you have created in the hikes 4 above.<br /> To open a closed project, from the main menu, navigate to <strong>Project</strong> &gt; <strong>Open</strong> &gt; <strong>HCL Reference Architecture</strong> &gt; <strong>EmployeeList</strong>.</p>\n<p><br /> <strong>When you&rsquo;re ready, click Start!</strong></p>"
  },
  "pointer": {
    "direction": "left",
    "element": "",
    "type": "none"
  },
  "navigationType": "manual",
  "navigationBar": {
    "left": {
      "text": "Previous",
      "enable": false,
      "hide": true
    },
    "right": {
      "text": "Start",
      "enable": true,
      "hide": false
    }
  },
  "navigationCondition": "",
  "position": "CENTER",
  "meta": {
    "Creator": "Rashmi Menon",
    "CreatedOn": "Mon, 25 Nov 2019 11:31:59 GMT"
  },
  "context": [],
  "localization": {
    "en-us": {
      "content": {
        "title": "Introduction to Segment Templates",
        "body": "<p><strong>Let&rsquo;s get started!</strong><br /><br /> In this guided tour, we will:</p>\n<ul>\n<li>Create a Segment Row template</li>\n<li>Add widgets to the template</li>\n<li>Assign the template to the Segment widget</li>\n<li>Use Inline editing to modify the template</li>\n<li>Assign an action when the row of the segment is clicked</li>\n</ul>\n<p> Before you begin, ensure that you have completed the hike: <ol><li><a class=\"tour-link\" tour=\"9b0f07t4-e9a8-49rb-83u2-876264n4\"><strong>Introduction to Segment</strong></a></li><li><a class=\"tour-link\" tour=\"06a5e8td-11a4-41r7-bbua-0696bane\"><strong>Assign Data to Segment</strong></a></li></ol>Ensure that you open the same project that you have created in the hikes 4 above.<br /> To open a closed project, from the main menu, navigate to <strong>Project</strong> &gt; <strong>Open</strong> &gt; <strong>HCL Reference Architecture</strong> &gt; <strong>EmployeeList</strong>.</p>\n<p><br /> <strong>When you&rsquo;re ready, click Start!</strong></p>"
      },
      "navigationBar": {
        "left": {
          "text": "Previous"
        },
        "right": {
          "text": "Start"
        }
      }
    },
    "zh-cn": {
      "content": {
        "title": "细分模板简介",
        "body": "***<p> <strong>让我们开始！</strong> <br /> <br />在这次导游中，我们将：</p> \n <ul> \n <li>创建一个段行模板</li> \n <li>将小部件添加到模板</li> \n <li>将模板分配给段窗口小部件</li> \n <li>使用内联编辑来修改模板</li> \n <li>分配一个段的行时，单击</li> \n </ul> \n <p>在开始之前，请确保您完成了远足：<ol> <li> <a class=\"tour-link\" tour=\"9b0f07t4-e9a8-49rb-83u2-876264n4\"> <strong> {22}段</strong> {23} </a> {24} </li> {25} <li> <a class=\"tour-link\" tour=\"06a5e8td-11a4-41r7-bbua-0696bane\"> {27} <strong> {28} {28}分配数据 要分段</strong> </a> </li> </ol>确保您打开与上面徒步4中创建的相同项目。<br />打开一个封闭的项目，从主菜单中，导航至<strong> 项目</strong>＆gt; <strong>打开</strong>＆gt; <strong> HCl参考架构</strong>＆gt; <strong>雇主</strong>。</p> \n <p> <br /> <strong>当您准备就绪时，单击“开始”！</strong> </p>"
      },
      "navigationBar": {
        "left": {
          "text": "以前的"
        },
        "right": {
          "text": "开始"
        }
      }
    },
    "zh-tw": {
      "content": {
        "title": "細分模板簡介",
        "body": "***<p> <strong>讓我們開始！</strong> <br /> <br />在這次導遊中，我們將：</p> \n <ul> \n <li>創建一個段行模板</li> \n <li>將小部件添加到模板</li> \n <li>將模板分配給段窗口小部件</li> \n <li>使用內聯編輯來修改模板</li> \n <li>分配一個段的行時，單擊</li> \n </ul> \n <p>在開始之前，請確保您完成了遠足：<ol> <li> <a class=\"tour-link\" tour=\"9b0f07t4-e9a8-49rb-83u2-876264n4\"> <strong> {22}段</strong> {23} </a> {24} </li> {25} <li> <a class=\"tour-link\" tour=\"06a5e8td-11a4-41r7-bbua-0696bane\"> {27} <strong> {28} {28}分配數據 要分段</strong> </a> </li> </ol>確保您打開與上面徒步4中創建的相同項目。<br />打開一個封閉的項目，從主菜單中，導航至<strong> 項目</strong>＆gt; <strong>打開</strong>＆gt; <strong> HCl參考架構</strong>＆gt; <strong>雇主</strong>。</p> \n <p> <br /> <strong>當您準備就緒時，單擊“開始”！</strong> </p>"
      },
      "navigationBar": {
        "left": {
          "text": "以前的"
        },
        "right": {
          "text": "開始"
        }
      }
    }
  }
}