{
  "kuid": "f6c6bbt2-06ab-49re-93u7-597bc0n3",
  "id": "VoltMX.FlexPropertiesV9.AppViewer",
  "content": {
    "title": "Volt MX App",
    "body": "<ol>\n<li>Connect your <b>mobile</b> to your computer using a USB cable.<br />\nFor Android devices, make sure you use USB to <b>Transfer Files</b>.</li>\n<li>Launch the <b>Volt MX App</b> on your <b>mobile</b>.</li>\n<li>Select the <b>USB</b> tab.</li>\n<li>On successful connection, <b>Iris</b> on your computer shows a success prompt.<br />\nAt the same time, the USB icon turns green on your <b>Volt MX App</b>.</li>\n</ol>"
  },
  "pointer": {
    "direction": "left",
    "element": "",
    "type": "none"
  },
  "navigationType": "manual",
  "navigationBar": {
    "left": {
      "text": "Previous",
      "enable": true,
      "hide": false
    },
    "right": {
      "text": "Next",
      "enable": true,
      "hide": false
    }
  },
  "navigationCondition": "",
  "position": "BOTTOM_RIGHT",
  "meta": {
    "Creator": "Rashmi Menon",
    "CreatedOn": "Mon, 25 Nov 2019 09:09:45 GMT"
  },
  "context": [],
  "localization": {
    "en-us": {
      "content": {
        "title": "Volt MX App",
        "body": "<ol>\n<li>Connect your <b>mobile</b> to your computer using a USB cable.<br />\nFor Android devices, make sure you use USB to <b>Transfer Files</b>.</li>\n<li>Launch the <b>Volt MX App</b> on your <b>mobile</b>.</li>\n<li>Select the <b>USB</b> tab.</li>\n<li>On successful connection, <b>Iris</b> on your computer shows a success prompt.<br />\nAt the same time, the USB icon turns green on your <b>Volt MX App</b>.</li>\n</ol>"
      },
      "navigationBar": {
        "left": {
          "text": "Previous"
        },
        "right": {
          "text": "Next"
        }
      }
    },
    "zh-cn": {
      "content": {
        "title": "Volt MX应用程序",
        "body": "<ol> \n <li>使用USB电缆将您的<b>移动</b>连接到计算机。<br /> \n 对于Android设备，请确保使用USB到<b>传输文件</b>。</li> \n <li>在您的<b>移动</b>上启动<b> volt mx app </b>。</li> \n <li>选择<b> USB </b> TAB。</li> \n <li>在成功的连接上，<b> iris </b>在您的计算机上显示成功提示。<br /> \n 同时，USB图标在您的<b> volt mx app </b>上旋转绿色。</li> \n </ol>"
      },
      "navigationBar": {
        "left": {
          "text": "以前的"
        },
        "right": {
          "text": "下一个"
        }
      }
    },
    "zh-tw": {
      "content": {
        "title": "Volt MX應用程序",
        "body": "<ol> \n <li>使用USB電纜將您的<b>移動</b>連接到計算機。<br /> \n 對於Android設備，請確保使用USB到<b>傳輸文件</b>。</li> \n <li>在您的<b>移動</b>上啟動<b> volt mx app </b>。</li> \n <li>選擇<b> USB </b> TAB。</li> \n <li>在成功的連接上，<b> iris </b>在您的計算機上顯示成功提示。<br /> \n 同時，USB圖標在您的<b> volt mx app </b>上旋轉綠色。</li> \n </ol>"
      },
      "navigationBar": {
        "left": {
          "text": "以前的"
        },
        "right": {
          "text": "下一個"
        }
      }
    }
  }
}