{
    "kuid": "6ed381td-84ae-4dr2-86u3-df6c06n4",
    "id": "VoltMX.CreateServicesV9.configurePayeesService",
    "content": {
        "title": "Configure the Service",
        "body": "<ol>\n<li>On the top-left corner, click the service name.</li>\n<li>In the Name box, type <strong>RecipientStorage</strong>.</li>\n<li>Under <strong>Sample Data</strong>, drag the <strong>Recipients.zip</strong> file from the extracted files.</li><li>For the  <b>Delete Strategy</b> option, select <b>Hard Delete</b>.\n<li>Click <strong>Save</strong>.</li>\n<li>Wait for the <strong>Service saved successfully</strong> advisory message before proceeding to the next step.</strong>\n<li>Close the <strong>Edit Object Service</strong> window.<br /> It may take some time for Iris to add the service to the <strong>Project Services</strong> section.</li>\n</ol>"
    },
    "pointer": {
        "direction": "left",
        "element": "",
        "type": "none"
    },
    "navigationType": "manual",
    "navigationBar": {
        "left": {
            "text": "Previous",
            "enable": true,
            "hide": false
        },
        "right": {
            "text": "Next",
            "enable": true,
            "hide": false
        }
    },
    "navigationCondition": "",
    "position": "BOTTOM_RIGHT",
    "meta": {
        "Creator": "Sparsh Srivastava",
        "CreatedOn": "Wed, 18 Dec 2019 09:10:48 GMT"
    },
    "context": []
}