{
  "kuid": "9ede4et5-5ba9-4fr8-83ub-f1babfnc",
  "id": "VoltMX.IntrotoActionEditorV9.condBeh3",
  "content": {
    "title": "Condition for Sign Up",
    "body": "<p>You will notice that <strong>Equals </strong>and&nbsp;<strong>Widget Property </strong>appears in the next two drop-downs.</p>\n<ol>\n<li>Click on the drop-down in which&nbsp;<strong>Widget</strong> <strong>Property</strong>&nbsp;is mentioned and change it to <strong>Value</strong>.</li>\n<li>In the next textbox enter:\n<p style=\"background-color: lightyellow; padding-left: 5%;\">\"\"</p>\n</li>\n</ol>\n<p>You are now checking if the Email field is empty.</p>"
  },
  "pointer": {
    "direction": "left",
    "element": "",
    "type": "none"
  },
  "navigationType": "manual",
  "navigationBar": {
    "left": {
      "text": "Previous",
      "enable": true,
      "hide": false
    },
    "right": {
      "text": "Next",
      "enable": true,
      "hide": false
    }
  },
  "navigationCondition": "",
  "position": "BOTTOM_RIGHT",
  "meta": {
    "Creator": "Rashmi Menon",
    "CreatedOn": "Tue, 26 Nov 2019 04:55:20 GMT"
  },
  "context": [],
  "localization": {
    "en-us": {
      "content": {
        "title": "Condition for Sign Up",
        "body": "<p>You will notice that <strong>Equals </strong>and&nbsp;<strong>Widget Property </strong>appears in the next two drop-downs.</p>\n<ol>\n<li>Click on the drop-down in which&nbsp;<strong>Widget</strong> <strong>Property</strong>&nbsp;is mentioned and change it to <strong>Value</strong>.</li>\n<li>In the next textbox enter:\n<p style=\"background-color: lightyellow; padding-left: 5%;\">\"\"</p>\n</li>\n</ol>\n<p>You are now checking if the Email field is empty.</p>"
      },
      "navigationBar": {
        "left": {
          "text": "Previous"
        },
        "right": {
          "text": "Next"
        }
      }
    },
    "zh-cn": {
      "content": {
        "title": "注册条件",
        "body": "***<p>您会注意到<strong>等于</strong>和＆nbsp; <strong> widget属性</strong>出现在接下来的两个下拉台上。</p> \n <ol> \n <li>单击下拉下的下拉下拉<strong> widget </strong> <strong> {10} property </strong>＆nbsp;已提及，然后将其更改为<strong> value </strong>。</li>。{14} \n <li>在下一个文本框中输入： \n <p style=\"background-color: lightyellow; padding-left: 5%;\">“” </p> \n </li> \n </ol> \n <p>您现在正在检查电子邮件字段是否为空。</p>"
      },
      "navigationBar": {
        "left": {
          "text": "以前的"
        },
        "right": {
          "text": "下一个"
        }
      }
    },
    "zh-tw": {
      "content": {
        "title": "註冊條件",
        "body": "***<p>您會注意到<strong>等於</strong>和＆nbsp; <strong> widget屬性</strong>出現在接下來的兩個下拉台上。</p> \n <ol> \n <li>單擊下拉下的下拉下拉<strong> widget </strong> <strong> {10} property </strong>＆nbsp;已提及，然後將其更改為<strong> value </strong>。</li>。{14} \n <li>在下一個文本框中輸入： \n <p style=\"background-color: lightyellow; padding-left: 5%;\">“” </p> \n </li> \n </ol> \n <p>您現在正在檢查電子郵件字段是否為空。</p>"
      },
      "navigationBar": {
        "left": {
          "text": "以前的"
        },
        "right": {
          "text": "下一個"
        }
      }
    }
  }
}