{
  "kuid": "01553dt7-a3a0-4br7-abu4-02648fne",
  "id": "VoltMX.CreateEmailIdCompV9.code",
  "content": {
    "title": "Enter the Code",
    "body": "<ol>\n<li>Download the code for email validation  from <a href='#'onClick='javascript:openURL(\"https://github.com/HCL-TECH-SOFTWARE/volt-mx-tutorials/raw/master/public/samples/createComponent.zip\")'>here</a>.</li>\n<li>From the upper-left corner of Iris, in the <strong>Templates</strong> explorer, under <strong>Modules</strong>, open <strong>emailFieldController.js</strong> file.</li>\n<li>Open and extract the downloaded zip file and copy the code from it.</li><li>Replace the existing code in <strong>emailFieldController.js</strong> file with the copied code.</li>\n<li>From the main menu, go to <strong>Project</strong>, and select <strong>Save</strong>.</li>\n</ol>"
  },
  "pointer": {
    "direction": "left",
    "element": "",
    "type": "none"
  },
  "navigationType": "manual",
  "navigationBar": {
    "left": {
      "text": "Previous",
      "enable": true,
      "hide": false
    },
    "right": {
      "text": "Next",
      "enable": true,
      "hide": false
    }
  },
  "navigationCondition": "",
  "position": "BOTTOM_RIGHT",
  "meta": {
    "Creator": "Rashmi Menon",
    "CreatedOn": "Tue, 26 Nov 2019 06:27:19 GMT"
  },
  "context": [],
  "localization": {
    "en-us": {
      "content": {
        "title": "Enter the Code",
        "body": "<ol>\n<li>Download the code for email validation  from <a href='#'onClick='javascript:openURL(\"https://github.com/HCL-TECH-SOFTWARE/volt-mx-tutorials/raw/master/public/samples/createComponent.zip\")'>here</a>.</li>\n<li>From the upper-left corner of Iris, in the <strong>Templates</strong> explorer, under <strong>Modules</strong>, open <strong>emailFieldController.js</strong> file.</li>\n<li>Open and extract the downloaded zip file and copy the code from it.</li><li>Replace the existing code in <strong>emailFieldController.js</strong> file with the copied code.</li>\n<li>From the main menu, go to <strong>Project</strong>, and select <strong>Save</strong>.</li>\n</ol>"
      },
      "navigationBar": {
        "left": {
          "text": "Previous"
        },
        "right": {
          "text": "Next"
        }
      }
    },
    "zh-cn": {
      "content": {
        "title": "输入代码",
        "body": "<ol> \n <li>从<a href='#'onClick='javascript:openURL(\"https://github.com/HCL-TECH-SOFTWARE/volt-mx-tutorials/raw/master/public/samples/createComponent.zip\")'>此处</a>下载电子邮件验证代码。</li> \n <li>从iris的上左角，在<strong>模板</strong> explorer中，在<strong>模块下</strong>，Open <strong> emailfieldcontroller.js </strong> file。</li> \n <li>打开并提取下载的zip文件并从中复制代码。</li> <li>用复制代码替换<strong> emailfieldcontroller.js </strong>文件中的现有代码。</li> \n <li>从主菜单中，转到<strong> project </strong>，然后选择<strong>保存</strong>。</li> \n </ol>"
      },
      "navigationBar": {
        "left": {
          "text": "以前的"
        },
        "right": {
          "text": "下一个"
        }
      }
    },
    "zh-tw": {
      "content": {
        "title": "輸入代碼",
        "body": "<ol> \n <li>從<a href='#'onClick='javascript:openURL(\"https://github.com/HCL-TECH-SOFTWARE/volt-mx-tutorials/raw/master/public/samples/createComponent.zip\")'>此處</a>下載電子郵件驗證代碼。</li> \n <li>從iris的上左角，在<strong>模板</strong> explorer中，在<strong>模塊下</strong>，Open <strong> emailfieldcontroller.js </strong> file。</li> \n <li>打開並提取下載的zip文件並從中復制代碼。</li> <li>用複制代碼替換<strong> emailfieldcontroller.js </strong>文件中的現有代碼。</li> \n <li>從主菜單中，轉到<strong> project </strong>，然後選擇<strong>保存</strong>。</li> \n </ol>"
      },
      "navigationBar": {
        "left": {
          "text": "以前的"
        },
        "right": {
          "text": "下一個"
        }
      }
    }
  }
}