{
  "kuid": "6e5b40t0-47ae-4dr6-b1u2-18ee7bnb",
  "id": "VoltMX.UserRepositoryAuthV9.addUI",
  "content": {
    "title": "Add UI to Home",
    "body": "<ol>\n<li>Navigate to the <strong>Default Library</strong> tab on the bottom left of your canvas and search for the <strong>Label</strong> widget.</li>\n<li>Drag and drop the <strong>Label</strong> widget under Default section onto the <strong>frmHome</strong> form on your canvas.</li>\n<li>Navigate to the <strong>Properties</strong> panel and select the <strong>Look</strong> tab.</li>\n<li>Under <strong>Appearance</strong>, modify the value of <strong>Text</strong>: <strong>Welcome to Home Screen</strong></li>\n<li>Under <strong>Flex</strong>, modify the values of the following properties:\n<ul>\n<li>Left: <strong>35%</strong></li>\n<li>Top: <strong>10%</strong></li>\n</ul>\n</li>\n</ol>"
  },
  "pointer": {
    "direction": "left",
    "element": {
      "module": "konylibrary",
      "path": "default-head"
    },
    "type": "default"
  },
  "navigationType": "manual",
  "navigationBar": {
    "left": {
      "text": "Previous",
      "enable": true,
      "hide": false
    },
    "right": {
      "text": "Next",
      "enable": true,
      "hide": false
    }
  },
  "navigationCondition": "",
  "position": "CENTER",
  "meta": {
    "Creator": "Rashmi Menon",
    "CreatedOn": "Wed, 27 Nov 2019 07:06:57 GMT"
  },
  "context": [],
  "localization": {
    "en-us": {
      "content": {
        "title": "Add UI to Home",
        "body": "<ol>\n<li>Navigate to the <strong>Default Library</strong> tab on the bottom left of your canvas and search for the <strong>Label</strong> widget.</li>\n<li>Drag and drop the <strong>Label</strong> widget under Default section onto the <strong>frmHome</strong> form on your canvas.</li>\n<li>Navigate to the <strong>Properties</strong> panel and select the <strong>Look</strong> tab.</li>\n<li>Under <strong>Appearance</strong>, modify the value of <strong>Text</strong>: <strong>Welcome to Home Screen</strong></li>\n<li>Under <strong>Flex</strong>, modify the values of the following properties:\n<ul>\n<li>Left: <strong>35%</strong></li>\n<li>Top: <strong>10%</strong></li>\n</ul>\n</li>\n</ol>"
      },
      "navigationBar": {
        "left": {
          "text": "Previous"
        },
        "right": {
          "text": "Next"
        }
      }
    },
    "zh-cn": {
      "content": {
        "title": "将UI添加到家里",
        "body": "***<ol> \n <li>导航到<strong>默认库</strong> tab在您的画布左下方，然后搜索<strong> label </strong> widget。</li> \n <li>拖动<strong>标签</strong>窗口小部件在默认的部分下到<strong> frmhome </strong>形式。</li> \n <li>导航到<strong>属性</strong>面板，然后选择<strong> look </strong> tab。</li> \n <li>在<strong>外观</strong>下，修改<strong> text </strong>的值 \n <li>在<strong> flex </strong>下，修改以下属性的值： \n <ul> \n <li>左：<strong> 35％</strong> </li> \n <li>顶部：<strong> 10％</strong> </li> \n </ul> \n </li> \n </ol>"
      },
      "navigationBar": {
        "left": {
          "text": "以前的"
        },
        "right": {
          "text": "下一个"
        }
      }
    },
    "zh-tw": {
      "content": {
        "title": "將UI添加到家裡",
        "body": "***<ol> \n <li>導航到<strong>默認庫</strong> tab在您的畫布左下方，然後搜索<strong> label </strong> widget。</li> \n <li>拖動<strong>標籤</strong>窗口小部件在默認的部分下到<strong> frmhome </strong>形式。</li> \n <li>導航到<strong>屬性</strong>面板，然後選擇<strong> look </strong> tab。</li> \n <li>在<strong>外觀</strong>下，修改<strong> text </strong>的值 \n <li>在<strong> flex </strong>下，修改以下屬性的值： \n <ul> \n <li>左：<strong> 35％</strong> </li> \n <li>頂部：<strong> 10％</strong> </li> \n </ul> \n </li> \n </ol>"
      },
      "navigationBar": {
        "left": {
          "text": "以前的"
        },
        "right": {
          "text": "下一個"
        }
      }
    }
  }
}