{
  "kuid": "38d647t7-d0ab-45ra-8cu5-00f458n2",
  "id": "VoltMX.InternationalWithLayoutV9.setPWD",
  "content": {
    "title": "Set i18n Key Password",
    "body": "<ol>\n<li>Select the textbox with the text <strong>Password </strong>on the canvas.</li>\n<li>From the <strong>Properties </strong>panel, navigate to the <strong>Text Box </strong> tab.</li>\n<li>Under the <strong>General </strong>section, for the property <strong>Placeholder i18n Key</strong>, select <strong>Password </strong>from the drop-down list.</li>\n</ol>"
  },
  "pointer": {
    "direction": "left",
    "element": {
      "module": "appcanvas",
      "css_selector": "#frmUserLogin_txtPassword"
    },
    "type": "default"
  },
  "navigationType": "manual",
  "navigationBar": {
    "left": {
      "text": "Previous",
      "enable": true,
      "hide": false
    },
    "right": {
      "text": "Next",
      "enable": true,
      "hide": false
    }
  },
  "navigationCondition": "",
  "position": "BOTTOM_RIGHT",
  "meta": {
    "Creator": "Rashmi Menon",
    "CreatedOn": "Thu, 05 Dec 2019 06:38:38 GMT"
  },
  "context": [],
  "localization": {
    "en-us": {
      "content": {
        "title": "Set i18n Key Password",
        "body": "<ol>\n<li>Select the textbox with the text <strong>Password </strong>on the canvas.</li>\n<li>From the <strong>Properties </strong>panel, navigate to the <strong>Text Box </strong> tab.</li>\n<li>Under the <strong>General </strong>section, for the property <strong>Placeholder i18n Key</strong>, select <strong>Password </strong>from the drop-down list.</li>\n</ol>"
      },
      "navigationBar": {
        "left": {
          "text": "Previous"
        },
        "right": {
          "text": "Next"
        }
      }
    },
    "zh-cn": {
      "content": {
        "title": "设置I18N密钥密码",
        "body": "<ol> \n <li>在画布上选择带有文本<strong>密码</strong>的文本框。</li> \n <li>从<strong>属性</strong>面板，导航到<strong>文本框</strong> tab。</li> \n <li>在<strong>常规</strong>部分下，对于属性<strong>占位符i18n键</strong>，从下拉列表中选择<strong>密码</strong>。</li> \n </ol>"
      },
      "navigationBar": {
        "left": {
          "text": "以前的"
        },
        "right": {
          "text": "下一个"
        }
      }
    },
    "zh-tw": {
      "content": {
        "title": "設置I18N密鑰密碼",
        "body": "<ol> \n <li>在畫布上選擇帶有文本<strong>密碼</strong>的文本框。</li> \n <li>從<strong>屬性</strong>面板，導航到<strong>文本框</strong> tab。</li> \n <li>在<strong>常規</strong>部分下，對於屬性<strong>佔位符i18n鍵</strong>，從下拉列表中選擇<strong>密碼</strong>。</li> \n </ol>"
      },
      "navigationBar": {
        "left": {
          "text": "以前的"
        },
        "right": {
          "text": "下一個"
        }
      }
    }
  }
}