<?xml version="1.0"?>
<Hike kuid="37d011te-34a8-4frc-9au3-fed629nd" id="kony.IntrotoActionEditorV9" title="kony.IntrotoActionEditorV9">
    <Description> Description of hike</Description>
    <Meta>
        <Creator>Rashmi Menon</Creator>
        <Createdon>Tue, 26 Nov 2019 04:13:38 GMT</Createdon>
    </Meta>
    <Hikecard id="kony.IntrotoActionEditorV9.intro"/>
    <Hikecard id="kony.IntrotoActionEditorV9.NewProject1"/>
    <Hikecard id="kony.IntrotoActionEditorV9.NewProject2"/>
    <Hikecard id="kony.IntrotoActionEditorV9.rename"/>
    <Hikecard id="kony.IntrotoActionEditorV9.AddLogin"/>
    <Hikecard id="kony.IntrotoActionEditorV9.AddFormNav"/>
    <Hikecard id="kony.IntrotoActionEditorV9.AddFormNav1"/>
    <Hikecard id="kony.IntrotoActionEditorV9.createReg"/>
    <Hikecard id="kony.IntrotoActionEditorV9.condBeh1"/>
    <Hikecard id="kony.IntrotoActionEditorV9.condBeh2"/>
    <Hikecard id="kony.IntrotoActionEditorV9.condBeh3"/>
    <Hikecard id="kony.IntrotoActionEditorV9.condBeh4"/>
    <Hikecard id="kony.IntrotoActionEditorV9.addingelse"/>
    <Hikecard id="kony.IntrotoActionEditorV9.openapp"/>
    <Hikecard id="kony.IntrotoActionEditorV9.preview"/>
    <Hikecard id="kony.IntrotoActionEditorV9.run"/>
    <Hikecard id="kony.IntrotoActionEditorV9.view"/>
    <Hikecard id="kony.IntrotoActionEditorV9.explore"/>
    <Hikecard id="kony.IntrotoActionEditorV9.success"/>
</Hike>