{
  "kuid": "dd1547tc-85a1-49r7-91u4-fcbac1nc",
  "id": "VoltMX.UserRepositoryAuthV9.navigationToHome1",
  "content": {
    "title": "Add Navigation from Login screen",
    "body": "<ol>\n<li>Navigate to&nbsp;the&nbsp;<strong>Project</strong> explorer, expand <strong>Responsive Web / Desktop</strong> &gt;&nbsp;<strong>Forms</strong> &gt;&nbsp;<strong>frmLogin</strong> &gt;&nbsp;<strong>flexLogin</strong> and select <strong>btnLOGIN</strong>.</li>\n<li>Right-click the <strong>Login</strong> button on your canvas and select <strong>Action: onClick</strong>.<br />The <strong>Action Editor</strong> window appears.</li>\n<li>From the top-right corner of your <strong>Action Editor</strong> window, select <strong>Design View</strong>.</li>\n</ol>"
  },
  "pointer": {
    "direction": "left",
    "element": {
      "module": "projectexplorer",
      "path": "project-body\\project\\Responsive Web / Desktop\\Forms\\frmLogin"
    },
    "type": "default"
  },
  "navigationType": "manual",
  "navigationBar": {
    "left": {
      "text": "Previous",
      "enable": true,
      "hide": false
    },
    "right": {
      "text": "Next",
      "enable": true,
      "hide": false
    }
  },
  "navigationCondition": "",
  "position": "BOTTOM_LEFT",
  "meta": {
    "Creator": "Rashmi Menon",
    "CreatedOn": "Wed, 27 Nov 2019 07:10:49 GMT"
  },
  "context": [],
  "localization": {
    "en-us": {
      "content": {
        "title": "Add Navigation from Login screen",
        "body": "<ol>\n<li>Navigate to&nbsp;the&nbsp;<strong>Project</strong> explorer, expand <strong>Responsive Web / Desktop</strong> &gt;&nbsp;<strong>Forms</strong> &gt;&nbsp;<strong>frmLogin</strong> &gt;&nbsp;<strong>flexLogin</strong> and select <strong>btnLOGIN</strong>.</li>\n<li>Right-click the <strong>Login</strong> button on your canvas and select <strong>Action: onClick</strong>.<br />The <strong>Action Editor</strong> window appears.</li>\n<li>From the top-right corner of your <strong>Action Editor</strong> window, select <strong>Design View</strong>.</li>\n</ol>"
      },
      "navigationBar": {
        "left": {
          "text": "Previous"
        },
        "right": {
          "text": "Next"
        }
      }
    },
    "zh-cn": {
      "content": {
        "title": "从登录屏幕上添加导航",
        "body": "***<ol> \n <li>导航至＆nbsp; the＆nbsp; <strong> project </strong>探索器，展开<strong>响应web / desktop </strong>＆gt;＆nbsp;＆nbsp; <strong> form </strong>＆gt; ＆gt;＆nbsp; <strong> flexlogin </strong>并选择<strong> btnlogin </strong>。</li> \n <li>右键单击<strong> login </strong>在画布上的按钮，然后选择<strong>操作：onClick </strong>。 \n <li>从您<strong>操作编辑器的最高角</strong>窗口，选择<strong>设计视图</strong>。</li> \n </ol>"
      },
      "navigationBar": {
        "left": {
          "text": "以前的"
        },
        "right": {
          "text": "下一个"
        }
      }
    },
    "zh-tw": {
      "content": {
        "title": "從登錄屏幕上添加導航",
        "body": "***<ol> \n <li>導航至＆nbsp; the＆nbsp; <strong> project </strong>探索器，展開<strong>響應web / desktop </strong>＆gt;＆nbsp;＆nbsp; <strong> form </strong>＆gt; ＆gt;＆nbsp; <strong> flexlogin </strong>並選擇<strong> btnlogin </strong>。</li> \n <li>右鍵單擊<strong> login </strong>在畫布上的按鈕，然後選擇<strong>操作：onClick </strong>。 \n <li>從您<strong>操作編輯器的最高角</strong>窗口，選擇<strong>設計視圖</strong>。</li> \n </ol>"
      },
      "navigationBar": {
        "left": {
          "text": "以前的"
        },
        "right": {
          "text": "下一個"
        }
      }
    }
  }
}