{
    "kuid": "2c3bc0t8-dda9-47rb-a7u2-3eaafand",
    "id": "VoltMX.CreateDetailsScreen_v9.deleteFeature3",
    "content": {
        "title": "Adding Delete Feature",
        "body": "<ol>\n<li>From the <strong>Action Editor </strong>left menu, under <strong>Function</strong>, select <strong>Add Snippet</strong>.</li>\n<li>In the right pane of the <strong>Action Editor</strong>, type the following code:<br /><span style=\"background-color: #999999;\">self.view.forceLayout();</span></li>\n<li>Click <strong>Save</strong>.</li>\n</ol>"
    },
    "pointer": {
        "direction": "left",
        "element": {
            "module": "actioneditor",
            "itemType": "ae-action-type",
            "info": {
                "actionType": "Add Snippet"
            }
        },
        "type": "default"
    },
    "navigationType": "manual",
    "navigationBar": {
        "left": {
            "text": "Previous",
            "enable": true,
            "hide": false
        },
        "right": {
            "text": "Next",
            "enable": true,
            "hide": false
        }
    },
    "navigationCondition": "",
    "position": "BOTTOM_RIGHT",
    "meta": {
        "Creator": "Rashmi Menon",
        "CreatedOn": "Fri, 21 Feb 2020 09:54:26 GMT"
    },
    "context": []
}