{
  "kuid": "8b84e6t7-9aa7-49r2-a9u2-928f6cn8",
  "id": "VoltMX.CreateServicesWebV9.createPayeeService",
  "content": {
    "title": "Create a New Service",
    "body": "<ol>\n<li>From the <strong>Data &amp; Services</strong> panel, expand <strong>Project Services</strong>.</li>\n<li>Click <strong>Configure New</strong>.</li>\n<li>Under the <strong>Data Storage</strong> section, select <strong>Import Excel File</strong>.<br /> Iris may take some time to open the <strong>Edit Object Service</strong> window.</li>\n<li>In the <strong>Import File</strong> window, drag the <strong>Recipients.xls</strong> file from the extracted files.</li>\n<li>After the file is uploaded, click <strong>Next</strong>.</li>\n<li>Ensure that <strong>Recipients</strong> is selected under <strong>Excel Sheet Name</strong>, and then click <strong>Import</strong>.</li>\n<li>Click <strong>Done</strong>.</li>\n</ol>"
  },
  "pointer": {
    "direction": "right",
    "element": {
      "module": "datapanel",
      "itemType": "dp_tree_entry",
      "context": {},
      "path": "PROJECT SERVICES\\Configure New"
    },
    "type": "default"
  },
  "navigationType": "manual",
  "navigationBar": {
    "left": {
      "text": "Previous",
      "enable": true,
      "hide": false
    },
    "right": {
      "text": "Next",
      "enable": true,
      "hide": false
    }
  },
  "navigationCondition": "",
  "position": "BOTTOM_RIGHT",
  "meta": {
    "Creator": "Rashmi Menon",
    "CreatedOn": "Thu, 19 Dec 2019 06:24:06 GMT"
  },
  "context": [],
  "localization": {
    "en-us": {
      "content": {
        "title": "Create a New Service",
        "body": "<ol>\n<li>From the <strong>Data &amp; Services</strong> panel, expand <strong>Project Services</strong>.</li>\n<li>Click <strong>Configure New</strong>.</li>\n<li>Under the <strong>Data Storage</strong> section, select <strong>Import Excel File</strong>.<br /> Iris may take some time to open the <strong>Edit Object Service</strong> window.</li>\n<li>In the <strong>Import File</strong> window, drag the <strong>Recipients.xls</strong> file from the extracted files.</li>\n<li>After the file is uploaded, click <strong>Next</strong>.</li>\n<li>Ensure that <strong>Recipients</strong> is selected under <strong>Excel Sheet Name</strong>, and then click <strong>Import</strong>.</li>\n<li>Click <strong>Done</strong>.</li>\n</ol>"
      },
      "navigationBar": {
        "left": {
          "text": "Previous"
        },
        "right": {
          "text": "Next"
        }
      }
    },
    "zh-cn": {
      "content": {
        "title": "创建新服务",
        "body": "***<ol> \n <li>来自<strong> data＆amp; 服务</strong>面板，展开<strong>项目服务</strong>。</li> \n <li>单击<strong>配置新</strong>。</li> \n <li>在<strong>数据存储</strong>部分下，选择<strong>导入Excel File </strong>。<br /> Iris可能需要一些时间才能打开<strong>编辑对象服务</strong>窗口。{19 } \n <li>在<strong>导入文件</strong>窗口中，从提取的文件中拖动<strong> colect.xls </strong>文件。</li> \n <li>上传文件后，单击<strong>下一个</strong>。</li> \n <li>确保在<strong> excel表名称</strong>下选择<strong>收件人</strong>，然后单击<strong> import </strong>。</li>。{37} \n <li>单击<strong>完成</strong>。</li> \n </ol>"
      },
      "navigationBar": {
        "left": {
          "text": "以前的"
        },
        "right": {
          "text": "下一个"
        }
      }
    },
    "zh-tw": {
      "content": {
        "title": "創建新服務",
        "body": "***<ol> \n <li>來自<strong> data＆amp; 服務</strong>面板，展開<strong>項目服務</strong>。</li> \n <li>單擊<strong>配置新</strong>。</li> \n <li>在<strong>數據存儲</strong>部分下，選擇<strong>導入Excel File </strong>。<br /> Iris可能需要一些時間才能打開<strong>編輯對象服務</strong>窗口。{19 } \n <li>在<strong>導入文件</strong>窗口中，從提取的文件中拖動<strong> colect.xls </strong>文件。</li> \n <li>上傳文件後，單擊<strong>下一個</strong>。</li> \n <li>確保在<strong> excel表名稱</strong>下選擇<strong>收件人</strong>，然後單擊<strong> import </strong>。</li>。{37} \n <li>單擊<strong>完成</strong>。</li> \n </ol>"
      },
      "navigationBar": {
        "left": {
          "text": "以前的"
        },
        "right": {
          "text": "下一個"
        }
      }
    }
  }
}