{
  "kuid": "e2dc1ft9-12a0-4dr5-afua-08c37dn1",
  "id": "VoltMX.NewLaunchMobApp.explore",
  "content": {
    "title": "Explore the App",
    "body": "<p>Once the application is imported, you can explore the different forms in the application.</p>\n<p>You can view the forms in two different views: The <strong>Storyboard</strong> view and the <strong>Design</strong> view.</p>\n<p>&nbsp;</p>\n<p>The application opens in the <strong>Storyboard</strong> view. You can view the different forms inside the app and connections between forms in the Storyboard view.</p>\n<br/>\n<p>To view <strong>Properties</strong> of each widget in a form, double click on any form to open the form in the <strong>Design View</strong>. You can also select the <strong>Design&nbsp;</strong>tab to navigate to the Design View.</p>"
  },
  "pointer": {
    "direction": "left",
    "element": {
      "module": "appcanvas",
      "paneId": "ac-area-one"
    },
    "type": "default"
  },
  "navigationType": "manual",
  "navigationBar": {
    "left": {
      "text": "Previous",
      "enable": true,
      "hide": false
    },
    "right": {
      "text": "Next",
      "enable": true,
      "hide": false
    }
  },
  "navigationCondition": "",
  "position": "BOTTOM_RIGHT",
  "meta": {
    "Creator": "Prem Garudadri",
    "CreatedOn": "Wed, 18 Dec 2019 09:18:52 GMT"
  },
  "context": [],
  "localization": {
    "en-us": {
      "content": {
        "title": "Explore the App",
        "body": "<p>Once the application is imported, you can explore the different forms in the application.</p>\n<p>You can view the forms in two different views: The <strong>Storyboard</strong> view and the <strong>Design</strong> view.</p>\n<p>&nbsp;</p>\n<p>The application opens in the <strong>Storyboard</strong> view. You can view the different forms inside the app and connections between forms in the Storyboard view.</p>\n<br/>\n<p>To view <strong>Properties</strong> of each widget in a form, double click on any form to open the form in the <strong>Design View</strong>. You can also select the <strong>Design&nbsp;</strong>tab to navigate to the Design View.</p>"
      },
      "navigationBar": {
        "left": {
          "text": "Previous"
        },
        "right": {
          "text": "Next"
        }
      }
    },
    "zh-cn": {
      "content": {
        "title": "探索应用程序",
        "body": "<p>导入应用程序后，您可以探索应用程序中的不同表单。</p> \n <p>您可以在两个不同的视图中查看表单：<strong>故事板</strong>视图和<strong> design </strong>视图。</p> \n <p>＆nbsp; </p> \n <p>应用程序在<strong>故事板</strong>视图中打开。 您可以查看应用程序内部的不同表单以及情节板视图中表单之间的连接。</p> \n <br/> \n <p>以查看每个窗口小部件的<strong>属性</strong>以一个形式，双击任何表单以在<strong>设计视图</strong>中打开表单。 您还可以选择<strong>设计＆nbsp; </strong>选项卡以导航到设计视图。</p>"
      },
      "navigationBar": {
        "left": {
          "text": "以前的"
        },
        "right": {
          "text": "下一个"
        }
      }
    },
    "zh-tw": {
      "content": {
        "title": "探索應用程序",
        "body": "<p>導入應用程序後，您可以探索應用程序中的不同表單。</p> \n <p>您可以在兩個不同的視圖中查看表單：<strong>故事板</strong>視圖和<strong> design </strong>視圖。</p> \n <p>＆nbsp; </p> \n <p>應用程序在<strong>故事板</strong>視圖中打開。 您可以查看應用程序內部的不同表單以及情節板視圖中表單之間的連接。</p> \n <br/> \n <p>以查看每個窗口小部件的<strong>屬性</strong>以一個形式，雙擊任何表單以在<strong>設計視圖</strong>中打開表單。 您還可以選擇<strong>設計＆nbsp; </strong>選項卡以導航到設計視圖。</p>"
      },
      "navigationBar": {
        "left": {
          "text": "以前的"
        },
        "right": {
          "text": "下一個"
        }
      }
    }
  }
}