{
  "kuid": "e9bdc4tb-69a1-4cr3-89u2-c77dd6n9",
  "id": "VoltMX.InternationalWithLayoutV9.intro",
  "content": {
    "title": "Internationalization with Layout",
    "body": "<p><strong>Internationalization(i18n)</strong> helps you to display the content of your application based on the locale of the device.</p>\n<p>To incorporate i18n in your application, you must define the key-value pairs of the various fields, such as placeholders and texts. Here, key is the field and values are the translation of the keys in the required languages.</p>\n<p>In this hike you will:</p>\n<ul>\n<li>Configure locales specific to Arabic and English for an app</li>\n<li>Add key-value pair for various texts displayed in the app for English and Arabic</li>\n<li>Configure the RTL support for Arabic locale for various widgets in the app</li>\n</ul>\n<p><strong>When you are ready, click Start!</strong></p>"
  },
  "pointer": {
    "direction": "left",
    "element": "",
    "type": "none"
  },
  "navigationType": "manual",
  "navigationBar": {
    "left": {
      "text": "Previous",
      "enable": false,
      "hide": true
    },
    "right": {
      "text": "Start",
      "enable": true,
      "hide": false
    }
  },
  "navigationCondition": "",
  "position": "CENTER",
  "meta": {
    "Creator": "Rashmi Menon",
    "CreatedOn": "Thu, 05 Dec 2019 06:22:00 GMT"
  },
  "context": [],
  "localization": {
    "en-us": {
      "content": {
        "title": "Internationalization with Layout",
        "body": "<p><strong>Internationalization(i18n)</strong> helps you to display the content of your application based on the locale of the device.</p>\n<p>To incorporate i18n in your application, you must define the key-value pairs of the various fields, such as placeholders and texts. Here, key is the field and values are the translation of the keys in the required languages.</p>\n<p>In this hike you will:</p>\n<ul>\n<li>Configure locales specific to Arabic and English for an app</li>\n<li>Add key-value pair for various texts displayed in the app for English and Arabic</li>\n<li>Configure the RTL support for Arabic locale for various widgets in the app</li>\n</ul>\n<p><strong>When you are ready, click Start!</strong></p>"
      },
      "navigationBar": {
        "left": {
          "text": "Previous"
        },
        "right": {
          "text": "Start"
        }
      }
    },
    "zh-cn": {
      "content": {
        "title": "布局国际化",
        "body": "<p> <strong>国际化（i18n）</strong>可帮助您根据设备的语言环境显示应用程序的内容。</p> \n <p>要将I18N合并到您的应用程序中，您必须定义各个字段的键值对，例如占位符和文本。 在这里，键是字段和值是按必需语言中键的翻译。</p> \n <p>在此徒步旅行中，您将：</p> \n <ul> \n <li>为应用程序</li>配置特定于阿拉伯语和英语的环境 \n <li>在应用程序中显示的英语和阿拉伯语</li>中显示的各种文本中添加键值对 \n <li>配置对App </li>中各个窗口小部件的阿拉伯环境支持的RTL支持 \n </ul> \n <p> <strong>您准备就绪时，单击“开始”！</strong> </p>"
      },
      "navigationBar": {
        "left": {
          "text": "以前的"
        },
        "right": {
          "text": "开始"
        }
      }
    },
    "zh-tw": {
      "content": {
        "title": "佈局國際化",
        "body": "<p> <strong>國際化（i18n）</strong>可幫助您根據設備的語言環境顯示應用程序的內容。</p> \n <p>要將I18N合併到您的應用程序中，您必須定義各個字段的鍵值對，例如佔位符和文本。 在這裡，鑰匙是字段和值是所需語言中鍵的翻譯。</p> \n <p>在此徒步旅行中，您將：</p> \n <ul> \n <li>為應用程序</li>配置特定於阿拉伯語和英語的環境 \n <li>在應用程序中顯示的英語和阿拉伯語</li>中顯示的各種文本中添加鍵值對 \n <li>配置對App </li>中各個窗口小部件的阿拉伯環境支持的RTL支持 \n </ul> \n <p> <strong>您準備就緒時，單擊“開始”！</strong> </p>"
      },
      "navigationBar": {
        "left": {
          "text": "以前的"
        },
        "right": {
          "text": "開始"
        }
      }
    }
  }
}