{
    "kuid": "57d1a671-97f5-4f05-a982-e001e232",
    "id": "Kony.EmpDirAppPreview.Preview2",
    "content": {
        "title": "Publish the App",
        "body": "<ol><li>From the <b>Publish Live Preview</b> window, under <b>Mobile</b>, select the checkboxes next to the OS of the <b>mobile</b> device on which you are going to view the app.<br/> For example: <b>iOS </b> and <b>Android</b>.<br/>Ensure that you have unselected the checkboxes for all the other platforms and channels. </li>\n<li>Click <b>Publish</b>.<br/> It may take some time for Visualizer to publish the app.</li></ol>"
    },
    "position": "TOP_RIGHT",
    "navigationType": "manual",
    "navigationCondition": "",
    "pointer": {
        "direction": "left",
        "element": "",
        "type": "none"
    },
    "navigationBar": {
        "left": {
            "text": "Previous",
            "hide": false,
            "enable": true
        },
        "right": {
            "text": "Next",
            "enable": true,
            "hide": false
        }
    }
}