{
    "kuid": "1579f7t3-0fa7-42r6-89ue-d93f41na",
    "id": "VoltMX.CreateDetailsNative_v9.deleteFeature1",
    "content": {
        "title": "Adding Delete Feature",
        "body": "<ol>\n<li>From the <strong>Project Explorer</strong>, expand <strong>Mobile</strong> &gt; <strong>Forms</strong> &gt; <strong>frmDetails</strong> &gt; <strong>flexFieldsContainer</strong> and select <strong>btnSquared</strong>.</li>\n<li>From <strong>Properties</strong> panel, navigate to the <strong>Action</strong> tab.</li>\n<li>For the <strong>onClick</strong> event, click <strong>Edit</strong>.<br />The <strong>Action Editor</strong> window appears.</li>\n</ol>"
    },
    "pointer": {
        "direction": "left",
        "element": "",
        "type": "none"
    },
    "navigationType": "manual",
    "navigationBar": {
        "left": {
            "text": "Previous",
            "enable": true,
            "hide": false
        },
        "right": {
            "text": "Next",
            "enable": true,
            "hide": false
        }
    },
    "navigationCondition": "",
    "position": "BOTTOM_RIGHT",
    "meta": {
        "Creator": "Rashmi Menon",
        "CreatedOn": "Mon, 24 Feb 2020 10:48:32 GMT"
    },
    "context": []
}