{
    "kuid": "78258d3f-b802-4b5f-a3a1-4a4813f1",
    "id": "Kony.BindDataToApp.BindinServiceWithUIElments",
    "content": {
        "title": "Bind the Service with UI Elements",
        "body": "<ol>\n<li>From the <b>Action Editor</b> canvas, navigate to <br/><b>Call Object Service:EmployeeServices$employees$get</b> > <b>Callback</b>.</li><li>Under <b>Callback</b>, expand <b>if value of employees.opstatus is equal to the value of 0 then</b>. </li><li>Select <b>Add Mapping</b>.</li>\n<li>In the lower-left pane of the <b>Action Editor</b>, under the search bar of the <b>Mapping Editor</b>, expand<br/> <b>Services</b> > <b>Service-EmployeeServices$employees$get</b>. </li><li>From the right pane of the <b>Mapping Editor</b>, expand <b>Forms</b> > <b>frmList</b> > <b>Segment-employeeSegment</b>.</li></ol>"
    },
    "position": "BOTTOM_LEFT",
    "navigationType": "manual",
    "navigationCondition": "",
    "pointer": {
        "direction": "left",
        "element": {
            "module": "datapanel",
            "itemType": "dp_tree_entry",
            "context": {
                "viewMapping": true
            },
            "path": "Project Services\\Objects\\employeeObjectService\\employees\\get"
        },
        "type": "default"
    },
    "navigationBar": {
        "left": {
            "text": "Previous",
            "hide": false,
            "enable": true
        },
        "right": {
            "text": "Next",
            "enable": true,
            "hide": false
        }
    }
}