{
  "kuid": "4a6840t8-78a6-4cra-a1u9-997f74n7",
  "id": "VoltMX.CreateEmailIdCompV9.createCont1",
  "content": {
    "title": "Design the Label Widget",
    "body": "<ol>\n<li>From the <strong>Properties</strong> panel, click <strong>Look</strong>.</li>\n<li>Under the <strong>Appearance</strong> section, modify the value of the following properties:\n<ul>\n<li>For the <strong>Content Align</strong> property, select <strong>Center</strong> and <strong>Middle</strong></li>\n<li>For the <strong>Text</strong> property, in the text box, enter <strong>Contact Us </strong></li>\n</ul>\n</li>\n<li>Under the <strong>Flex</strong> section, modify the value of the following properties:<br />\n<ul>\n<li>Left: <strong>0 Dp </strong></li>\n<li>Top: <strong>0 Dp </strong></li>\n<li>Width: <strong>100% </strong></li>\n</ul>\n</li>\n</ol>"
  },
  "pointer": {
    "direction": "top",
    "element": {
      "module": "propertieswindow",
      "itemType": "pw-tab"
    },
    "type": "default"
  },
  "navigationType": "manual",
  "navigationBar": {
    "left": {
      "text": "Previous",
      "enable": true,
      "hide": false
    },
    "right": {
      "text": "Next",
      "enable": true,
      "hide": false
    }
  },
  "navigationCondition": "",
  "position": "BOTTOM_RIGHT",
  "meta": {
    "Creator": "Rashmi Menon",
    "CreatedOn": "Tue, 26 Nov 2019 05:50:11 GMT"
  },
  "context": [],
  "localization": {
    "en-us": {
      "content": {
        "title": "Design the Label Widget",
        "body": "<ol>\n<li>From the <strong>Properties</strong> panel, click <strong>Look</strong>.</li>\n<li>Under the <strong>Appearance</strong> section, modify the value of the following properties:\n<ul>\n<li>For the <strong>Content Align</strong> property, select <strong>Center</strong> and <strong>Middle</strong></li>\n<li>For the <strong>Text</strong> property, in the text box, enter <strong>Contact Us </strong></li>\n</ul>\n</li>\n<li>Under the <strong>Flex</strong> section, modify the value of the following properties:<br />\n<ul>\n<li>Left: <strong>0 Dp </strong></li>\n<li>Top: <strong>0 Dp </strong></li>\n<li>Width: <strong>100% </strong></li>\n</ul>\n</li>\n</ol>"
      },
      "navigationBar": {
        "left": {
          "text": "Previous"
        },
        "right": {
          "text": "Next"
        }
      }
    },
    "zh-cn": {
      "content": {
        "title": "设计标签小部件",
        "body": "***<ol> \n <li>来自<strong> properties </strong>面板，单击<strong> look </strong>。</li> \n <li>在<strong>外观</strong>部分下，修改以下属性的值： \n <ul> \n <li>对于<strong> content Align </strong>属性，选择<strong>中心</strong>和<strong>中间</strong> </li> {18} \n <li>对于<strong>文本</strong>属性，在文本框中，输入<strong>与我们联系</strong> </li> \n </ul> \n </li> \n <li>在<strong> flex </strong>部分下，修改以下属性的值：<br /> \n <ul> \n <li>左：<strong> 0 dp </strong> </li> \n <li>顶部：<strong> 0 dp </strong> </li> \n <li>宽度：<strong> 100％</strong> </li> \n </ul> \n </li> \n </ol>"
      },
      "navigationBar": {
        "left": {
          "text": "以前的"
        },
        "right": {
          "text": "下一个"
        }
      }
    },
    "zh-tw": {
      "content": {
        "title": "設計標籤小部件",
        "body": "***<ol> \n <li>來自<strong> properties </strong>面板，單擊<strong> look </strong>。</li> \n <li>在<strong>外觀</strong>部分下，修改以下屬性的值： \n <ul> \n <li>對於<strong> content Align </strong>屬性，選擇<strong>中心</strong>和<strong>中間</strong> </li> {18} \n <li>對於<strong>文本</strong>屬性，在文本框中，輸入<strong>與我們聯繫</strong> </li> \n </ul> \n </li> \n <li>在<strong> flex </strong>部分下，修改以下屬性的值：<br /> \n <ul> \n <li>左：<strong> 0 dp </strong> </li> \n <li>頂部：<strong> 0 dp </strong> </li> \n <li>寬度：<strong> 100％</strong> </li> \n </ul> \n </li> \n </ol>"
      },
      "navigationBar": {
        "left": {
          "text": "以前的"
        },
        "right": {
          "text": "下一個"
        }
      }
    }
  }
}