{
  "kuid": "75ccddtc-5ea0-4er0-b2ud-fd9ca5n5",
  "id": "VoltMX.CreateServicesV9.configurePayeesModel1",
  "content": {
    "title": "Configure the Data Model",
    "body": "<ol>\n<li>From the left pane select the <strong>Data Model</strong> tab.</li><li>Under the Data Model tab, expand  <b>Data Model</b> > <strong>Recipients</strong> > <strong>Fields</strong>, and select<strong> RecipientID</strong>.</li>\n<li>In the right pane, modify the following values.\n<ul>\n<li>Type: <strong>number</strong></li>\n<li>Autogenerated: <strong>true</strong></li>\n</ul>\n</li>\n<li>Scroll down to the bottom and Click <strong>Save</strong>.</li>\n<li>Wait for the <strong>Object Saved Successfully</strong> advisory message before proceeding to the next step.</li>\n<li>In the left pane, navigate to <strong>Data Model</strong> &gt; <strong>Recipients</strong> &gt; <strong>Fields</strong>, and then select <strong>Phone</strong>.</li>\n<li>In the right pane, modify the following value.\n<ul>\n<li>Max Length: <strong>30</strong></li>\n</ul>\n</li>\n<li>Scroll down to bottom and click <strong>Save</strong>.</li>\n<li>Wait for the <strong>Object Saved Successfully</strong> advisory message.</li>\n</ol>"
  },
  "pointer": {
    "direction": "left",
    "element": "",
    "type": "none"
  },
  "navigationType": "manual",
  "navigationBar": {
    "left": {
      "text": "Previous",
      "enable": true,
      "hide": false
    },
    "right": {
      "text": "Next",
      "enable": true,
      "hide": false
    }
  },
  "navigationCondition": "",
  "position": "BOTTOM_RIGHT",
  "meta": {
    "Creator": "Sparsh Srivastava",
    "CreatedOn": "Wed, 18 Dec 2019 09:08:50 GMT"
  },
  "context": [],
  "localization": {
    "en-us": {
      "content": {
        "title": "Configure the Data Model",
        "body": "<ol>\n<li>From the left pane select the <strong>Data Model</strong> tab.</li><li>Under the Data Model tab, expand  <b>Data Model</b> > <strong>Recipients</strong> > <strong>Fields</strong>, and select<strong> RecipientID</strong>.</li>\n<li>In the right pane, modify the following values.\n<ul>\n<li>Type: <strong>number</strong></li>\n<li>Autogenerated: <strong>true</strong></li>\n</ul>\n</li>\n<li>Scroll down to the bottom and Click <strong>Save</strong>.</li>\n<li>Wait for the <strong>Object Saved Successfully</strong> advisory message before proceeding to the next step.</li>\n<li>In the left pane, navigate to <strong>Data Model</strong> &gt; <strong>Recipients</strong> &gt; <strong>Fields</strong>, and then select <strong>Phone</strong>.</li>\n<li>In the right pane, modify the following value.\n<ul>\n<li>Max Length: <strong>30</strong></li>\n</ul>\n</li>\n<li>Scroll down to bottom and click <strong>Save</strong>.</li>\n<li>Wait for the <strong>Object Saved Successfully</strong> advisory message.</li>\n</ol>"
      },
      "navigationBar": {
        "left": {
          "text": "Previous"
        },
        "right": {
          "text": "Next"
        }
      }
    },
    "zh-cn": {
      "content": {
        "title": "配置数据模型",
        "body": "***<ol> \n <li>从左窗格中选择<strong>数据模型</strong> tab。 10}字段</strong>，然后选择<strong> colectID </strong>。</li> \n <li>在右窗格中，修改以下值。 \n <ul> \n <li>类型：<strong>数字</strong> </li> \n <li>自动化：<strong> true </strong> </li> \n </ul> \n </li> \n <li>向下滚动到底部，然后单击<strong>保存</strong>。</li> \n <li>等待<strong>对象成功保存</strong>咨询消息，然后再继续下一步。</li> \n <li>在左窗格中，导航到<strong>数据模型</strong>＆gt; <strong>收件人</strong>＆gt; <strong>字段</strong>，然后选择<strong>电话</strong>。</li> \n <li>在右窗格中，修改以下值。 \n <ul> \n <li>最大长度：<strong> 30 </strong> </li> \n </ul> \n </li> \n <li>向下滚动，然后单击<strong>保存</strong>。</li> \n <li>等待<strong>对象成功保存</strong>咨询消息。</li> \n </ol>"
      },
      "navigationBar": {
        "left": {
          "text": "以前的"
        },
        "right": {
          "text": "下一个"
        }
      }
    },
    "zh-tw": {
      "content": {
        "title": "配置數據模型",
        "body": "***<ol> \n <li>從左窗格中選擇<strong>數據模型</strong> tab。 10}字段</strong>，然後選擇<strong> colectID </strong>。</li> \n <li>在右窗格中，修改以下值。 \n <ul> \n <li>類型：<strong>數字</strong> </li> \n <li>自動化：<strong> true </strong> </li> \n </ul> \n </li> \n <li>向下滾動到底部，然後單擊<strong>保存</strong>。</li> \n <li>等待<strong>對象成功保存</strong>諮詢消息，然後再繼續下一步。</li> \n <li>在左窗格中，導航到<strong>數據模型</strong>＆gt; <strong>收件人</strong>＆gt; <strong>字段</strong>，然後選擇<strong>電話</strong>。</li> \n <li>在右窗格中，修改以下值。 \n <ul> \n <li>最大長度：<strong> 30 </strong> </li> \n </ul> \n </li> \n <li>向下滾動，然後單擊<strong>保存</strong>。</li> \n <li>等待<strong>對象成功保存</strong>諮詢消息。</li> \n </ol>"
      },
      "navigationBar": {
        "left": {
          "text": "以前的"
        },
        "right": {
          "text": "下一個"
        }
      }
    }
  }
}