{
    "kuid": "d1d364t1-83af-41rc-88u7-b94ccdn3",
    "id": "kony.UserRepositoryAuthV9.last",
    "content": {
        "title": "Congratulations",
        "body": "You have successfully:<ul><b>\n<li>Created an app with Quantum User Repository as an authentication source</li>\n<li>Added users to the repository</li>\n<li>Accessed the app using the login credentials from Quantum User Repository</li></b></ul>\nFor more details on <b>Quantum User Repository</b> visit Quantum documentation<br>\n<a href='#' onClick='javascript:openURL(\"http://docs.kony.com/konylibrary/konyfabric/kony_fabric_user_guide/content/Identity12_KonyUR.htm#UserRepository\")'>Quantum User Repository</a>"
    },
    "pointer": {
        "direction": "left",
        "element": "",
        "type": "none"
    },
    "navigationType": "manual",
    "navigationBar": {
        "left": {
            "text": "Previous",
            "enable": true,
            "hide": false
        },
        "right": {
            "text": "Done",
            "enable": true,
            "hide": false
        }
    },
    "navigationCondition": "",
    "position": "CENTER",
    "meta": {
        "Creator": "Rashmi Menon",
        "CreatedOn": "Wed, 27 Nov 2019 08:12:53 GMT"
    },
    "context": []
}