{
  "kuid": "abd93bt7-48a1-43rc-bau7-06836fn8",
  "id": "VoltMX.AssignDatatotheSegmentV9.mapping2",
  "content": {
    "title": "Map Services to UI Elements",
    "body": "<ol>\n<li>Add the mappings for <b>employeeImage</b> in the following manner:\n<ul>\n<li>From the left pane, select <strong>Image_URL {string}</strong> and from the right pane, select <strong>Image - employeeImage</strong> &gt; <strong>src {string}</strong>.</li>\n</ul>\n</li>\n<li>Click <strong>Save</strong>.</li>\n</ol>"
  },
  "pointer": {
    "direction": "left",
    "element": "",
    "type": "none"
  },
  "navigationType": "manual",
  "navigationBar": {
    "left": {
      "text": "Previous",
      "enable": true,
      "hide": false
    },
    "right": {
      "text": "Next",
      "enable": true,
      "hide": false
    }
  },
  "navigationCondition": "",
  "position": "BOTTOM_RIGHT",
  "meta": {
    "Creator": "Rashmi Menon",
    "CreatedOn": "Mon, 25 Nov 2019 11:20:28 GMT"
  },
  "context": [],
  "localization": {
    "en-us": {
      "content": {
        "title": "Map Services to UI Elements",
        "body": "<ol>\n<li>Add the mappings for <b>employeeImage</b> in the following manner:\n<ul>\n<li>From the left pane, select <strong>Image_URL {string}</strong> and from the right pane, select <strong>Image - employeeImage</strong> &gt; <strong>src {string}</strong>.</li>\n</ul>\n</li>\n<li>Click <strong>Save</strong>.</li>\n</ol>"
      },
      "navigationBar": {
        "left": {
          "text": "Previous"
        },
        "right": {
          "text": "Next"
        }
      }
    },
    "zh-cn": {
      "content": {
        "title": "映射服务到UI元素",
        "body": "***<ol> \n <li>以以下方式添加<b>雇员</b>的映射： \n <ul> \n <li>从左窗格中，选择<strong> image_url {string} </strong> {7}，从右窗格中，选择<strong> image -emploeeeeimage </strong>＆gt; <strong> src {string} </strong>。</li> \n </ul> \n </li> \n <li>单击<strong>保存</strong>。</li> \n </ol>"
      },
      "navigationBar": {
        "left": {
          "text": "以前的"
        },
        "right": {
          "text": "下一个"
        }
      }
    },
    "zh-tw": {
      "content": {
        "title": "映射服務到UI元素",
        "body": "***<ol> \n <li>以以下方式添加<b>僱員</b>的映射： \n <ul> \n <li>從左窗格中，選擇<strong> image_url {string} </strong> {7}，從右窗格中，選擇<strong> image -emploeeeeimage </strong>＆gt; <strong> src {string} </strong>。</li> \n </ul> \n </li> \n <li>單擊<strong>保存</strong>。</li> \n </ol>"
      },
      "navigationBar": {
        "left": {
          "text": "以前的"
        },
        "right": {
          "text": "下一個"
        }
      }
    }
  }
}