{
    "kuid": "abd93bt7-48a1-43rc-bau7-06836fn8",
    "id": "VoltMX.AssignDatatotheSegmentV9.mapping2",
    "content": {
        "title": "Map Services to UI Elements",
        "body": "<ol>\n<li>Add the mappings for <b>employeeImage</b> in the following manner:\n<ul>\n<li>From the left pane, select <strong>Image_URL {string}</strong> and from the right pane, select <strong>Image-employeeImage</strong> &gt; <strong>src {string}</strong>.</li>\n</ul>\n</li>\n<li>Click <strong>Save</strong>.</li>\n</ol>"
    },
    "pointer": {
        "direction": "left",
        "element": "",
        "type": "none"
    },
    "navigationType": "manual",
    "navigationBar": {
        "left": {
            "text": "Previous",
            "enable": true,
            "hide": false
        },
        "right": {
            "text": "Next",
            "enable": true,
            "hide": false
        }
    },
    "navigationCondition": "",
    "position": "BOTTOM_RIGHT",
    "meta": {
        "Creator": "Rashmi Menon",
        "CreatedOn": "Mon, 25 Nov 2019 11:20:28 GMT"
    },
    "context": []
}