{
  "kuid": "338fcat1-52af-4drd-98ud-6f78c3na",
  "id": "VoltMX.UserRepositoryAuthV9.addNavtoHome",
  "content": {
    "title": "Add Navigation from Login screen",
    "body": "<ol>\n<li>In the <strong>Design View</strong>, navigate to <strong>(INVOKE SERVICE) (name:employeeUserStore$login)</strong>, and select <strong>Success</strong>.</li>\n<li>From the <strong>Action Editor </strong>left menu, under the <strong>General</strong> section, select <strong>Navigate to Form</strong>.</li>\n<li>Select <strong>frmHome</strong> from the right pane.</li>\n<li>Navigate to <strong>(INVOKE SERVICE) (name:employeeUserStore$login) </strong>&gt; <strong>Success</strong>, and select <strong>(SHOW ALERT) (type: info)</strong>.</li>\n<li>Right-click and select <strong>Delete</strong>.</li>\n<li>Click <strong>Save</strong>.</li>\n</ol>"
  },
  "pointer": {
    "direction": "left",
    "element": {
      "module": "actioneditor",
      "css_selector": ".KMenu li ul li ul li  table td div.actionBubble1"
    },
    "type": "default"
  },
  "navigationType": "manual",
  "navigationBar": {
    "left": {
      "text": "Previous",
      "enable": true,
      "hide": false
    },
    "right": {
      "text": "Next",
      "enable": true,
      "hide": false
    }
  },
  "navigationCondition": "",
  "position": "BOTTOM_LEFT",
  "meta": {
    "Creator": "Rashmi Menon",
    "CreatedOn": "Wed, 27 Nov 2019 07:14:52 GMT"
  },
  "context": [],
  "localization": {
    "en-us": {
      "content": {
        "title": "Add Navigation from Login screen",
        "body": "<ol>\n<li>In the <strong>Design View</strong>, navigate to <strong>(INVOKE SERVICE) (name:employeeUserStore$login)</strong>, and select <strong>Success</strong>.</li>\n<li>From the <strong>Action Editor </strong>left menu, under the <strong>General</strong> section, select <strong>Navigate to Form</strong>.</li>\n<li>Select <strong>frmHome</strong> from the right pane.</li>\n<li>Navigate to <strong>(INVOKE SERVICE) (name:employeeUserStore$login) </strong>&gt; <strong>Success</strong>, and select <strong>(SHOW ALERT) (type: info)</strong>.</li>\n<li>Right-click and select <strong>Delete</strong>.</li>\n<li>Click <strong>Save</strong>.</li>\n</ol>"
      },
      "navigationBar": {
        "left": {
          "text": "Previous"
        },
        "right": {
          "text": "Next"
        }
      }
    },
    "zh-cn": {
      "content": {
        "title": "从登录屏幕上添加导航",
        "body": "***<ol> \n <li>在<strong>设计视图</strong>中，导航至<strong>（Invoke Service）（name：employeeuserStore $ login）</strong>，然后选择<strong> Success </strong>。</li> {8} \n <li>从<strong>操作编辑器</strong>左菜单，在<strong>常规</strong> e节下，选择<strong>导航至form </strong>。</li> \n <li>从右窗格中选择<strong> frmhome </strong>。</li> \n <li>导航至<strong>（Invoke Service）（名称：雇员$ login）</strong>＆gt; <strong>成功</strong>，然后选择<strong>（show alert）（类型：info）</strong>。</li> \n <li>右键单击并选择<strong> delete </strong>。</li> \n <li>单击<strong>保存</strong>。</li> \n </ol>"
      },
      "navigationBar": {
        "left": {
          "text": "以前的"
        },
        "right": {
          "text": "下一个"
        }
      }
    },
    "zh-tw": {
      "content": {
        "title": "從登錄屏幕上添加導航",
        "body": "***<ol> \n <li>在<strong>設計視圖</strong>中，導航至<strong>（Invoke Service）（name：employeeuserStore $ login）</strong>，然後選擇<strong> Success </strong>。</li> {8} \n <li>從<strong>操作編輯器</strong>左菜單，在<strong>常規</strong> e節下，選擇<strong>導航至form </strong>。</li> \n <li>從右窗格中選擇<strong> frmhome </strong>。</li> \n <li>導航至<strong>（Invoke Service）（名稱：僱員$ login）</strong>＆gt; <strong>成功</strong>，然後選擇<strong>（show alert）（類型：info）</strong>。</li> \n <li>右鍵單擊並選擇<strong> delete </strong>。</li> \n <li>單擊<strong>保存</strong>。</li> \n </ol>"
      },
      "navigationBar": {
        "left": {
          "text": "以前的"
        },
        "right": {
          "text": "下一個"
        }
      }
    }
  }
}