{
  "kuid": "78d666t5-c8a1-42r1-85u5-2208e5n0",
  "id": "VoltMX.CreateUIRWV9.publish1",
  "content": {
    "title": "Run the App",
    "body": "<ol>\n<li>From the <strong>Live Preview Settings</strong> window, under <strong>Platforms and Channels</strong>, check the box next to the <strong>Responsive Web</strong>.<br /> Ensure that you have unselected the checkboxes for all the other platforms and channels.</li>\n<li>Click <strong>Save &amp; Run</strong>.<br /> It may take some time for Iris to run the app.<br /> Once the build is complete, the sample app opens in the <strong>Volt MX Iris Preview</strong> window.</li>\n</ol>"
  },
  "pointer": {
    "direction": "left",
    "element": "",
    "type": "none"
  },
  "navigationType": "manual",
  "navigationBar": {
    "left": {
      "text": "Previous",
      "enable": true,
      "hide": false
    },
    "right": {
      "text": "Next",
      "enable": true,
      "hide": false
    }
  },
  "navigationCondition": "",
  "position": "BOTTOM_RIGHT",
  "meta": {
    "Creator": "Prem Garudadri",
    "CreatedOn": "Wed, 18 Dec 2019 16:29:11 GMT"
  },
  "context": [],
  "localization": {
    "en-us": {
      "content": {
        "title": "Run the App",
        "body": "<ol>\n<li>From the <strong>Live Preview Settings</strong> window, under <strong>Platforms and Channels</strong>, check the box next to the <strong>Responsive Web</strong>.<br /> Ensure that you have unselected the checkboxes for all the other platforms and channels.</li>\n<li>Click <strong>Save &amp; Run</strong>.<br /> It may take some time for Iris to run the app.<br /> Once the build is complete, the sample app opens in the <strong>Volt MX Iris Preview</strong> window.</li>\n</ol>"
      },
      "navigationBar": {
        "left": {
          "text": "Previous"
        },
        "right": {
          "text": "Next"
        }
      }
    },
    "zh-cn": {
      "content": {
        "title": "运行应用程序",
        "body": "***<ol> \n <li>来自<strong> live预览设置</strong>窗口，在<strong>平台和频道下</strong>，选中<strong>响应式web </strong>的盒子{7} <br />。 所有其他平台和频道的复选框。</li> \n <li>单击<strong>保存＆amp; 运行</strong>。<br />可能需要一些时间才能让Iris运行该应用程序。<br />构建完成后，示例应用程序在<strong> volt mx mx Iris Preview </strong> window中打开。</li>。{17} \n </ol>"
      },
      "navigationBar": {
        "left": {
          "text": "以前的"
        },
        "right": {
          "text": "下一个"
        }
      }
    },
    "zh-tw": {
      "content": {
        "title": "運行應用程序",
        "body": "***<ol> \n <li>來自<strong> live預覽設置</strong>窗口，在<strong>平台和頻道下</strong>，選中<strong>響應式web </strong>的盒子{7} <br />。 所有其他平台和頻道的複選框。</li> \n <li>單擊<strong>保存＆amp; 運行</strong>。<br />可能需要一些時間才能讓Iris運行該應用程序。<br />構建完成後，示例應用程序在<strong> volt mx mx Iris Preview </strong> window中打開。</li>。{17} \n </ol>"
      },
      "navigationBar": {
        "left": {
          "text": "以前的"
        },
        "right": {
          "text": "下一個"
        }
      }
    }
  }
}