{
    "kuid": "f06ddbt1-37a3-4cr1-96ub-df40d1n0",
    "id": "kony.EditPayeeWeb_v9.navDet5",
    "content": {
        "title": "Mapping Services to UI Elements",
        "body": "<ul>\n<li>From the left pane select <strong>FirstName {string}</strong>.<br />From the right pane expand <strong>Label - lblFirstNameValue</strong> and select <strong>text {string}</strong>.</li>\n<li>From the left pane select <strong>LastName {string}</strong>.<br />From the right pane expand <strong>Label - lblLastNameValue</strong> and select <strong>text {string}</strong>.</li>\n<li>From the left pane select <strong>Nick Name {string}</strong>. <br />From the right pane expand <strong>Label - lblNickNameValue</strong> and select <strong>text {string}</strong>.</li>\n<li>From the left pane select <strong>Phone {string}</strong>.<br />From the right pane expand <strong>Label - lblPhoneValue</strong> and select <strong>text {string}</strong>.</li>\n</ul>\n<ol start=\"4\">\n<li>Click <strong>Save</strong>.</li>\n</ol>"
    },
    "pointer": {
        "direction": "left",
        "element": "",
        "type": "none"
    },
    "navigationType": "manual",
    "navigationBar": {
        "left": {
            "text": "Previous",
            "enable": true,
            "hide": false
        },
        "right": {
            "text": "Next",
            "enable": true,
            "hide": false
        }
    },
    "navigationCondition": "",
    "position": "BOTTOM_RIGHT",
    "meta": {
        "Creator": "Rashmi Menon",
        "CreatedOn": "Fri, 28 Feb 2020 06:25:48 GMT"
    },
    "context": []
}