{
  "kuid": "227f0bt0-73a0-4dre-8auf-0924c2nf",
  "id": "VoltMX.NewLaunchMobApp.publish",
  "content": {
    "title": "Run the App",
    "body": "<ol>\n<li>From the <strong>Live Preview Settings</strong> window, under <strong>Native</strong>, check the boxes next to the OS of the <strong>mobile</strong> device on which you are going to view the app.<br /> For example, <strong>iOS</strong> and <strong>Android</strong>.<br /> Ensure that you have unselected the checkboxes for all the other platforms and channels.</li>\n<li>Click <strong>Save &amp; Run</strong>.<br /> It may take some time for Iris to run the app.<br /> The<strong> Live Preview is ready</strong> window appears.</li>\n</ol>"
  },
  "pointer": {
    "direction": "left",
    "element": {
      "module": "ui-library",
      "instanceId": "livepreviewsettings_footer_donebutton"
    },
    "type": "default"
  },
  "navigationType": "manual",
  "navigationBar": {
    "left": {
      "text": "Previous",
      "enable": true,
      "hide": false
    },
    "right": {
      "text": "Next",
      "enable": true,
      "hide": false
    }
  },
  "navigationCondition": "",
  "position": "BOTTOM_RIGHT",
  "meta": {
    "Creator": "Prem Garudadri",
    "CreatedOn": "Wed, 18 Dec 2019 09:22:53 GMT"
  },
  "context": [],
  "localization": {
    "en-us": {
      "content": {
        "title": "Run the App",
        "body": "<ol>\n<li>From the <strong>Live Preview Settings</strong> window, under <strong>Native</strong>, check the boxes next to the OS of the <strong>mobile</strong> device on which you are going to view the app.<br /> For example, <strong>iOS</strong> and <strong>Android</strong>.<br /> Ensure that you have unselected the checkboxes for all the other platforms and channels.</li>\n<li>Click <strong>Save &amp; Run</strong>.<br /> It may take some time for Iris to run the app.<br /> The<strong> Live Preview is ready</strong> window appears.</li>\n</ol>"
      },
      "navigationBar": {
        "left": {
          "text": "Previous"
        },
        "right": {
          "text": "Next"
        }
      }
    },
    "zh-cn": {
      "content": {
        "title": "运行应用程序",
        "body": "<ol> \n <li>从<strong> Live Preview设置</strong>窗口，在<strong>本机</strong>下，选中<strong>移动</strong>设备的OS旁边的框 app。<br />例如，<strong> ios </strong>和<strong> android </strong>。<br />确保您对所有其他平台和通道的复选框都没有选择。</li> \n <li>单击<strong>保存＆amp; 运行</strong>。<br />可能需要一些时间才能让Iris运行该应用程序。<br /> <strong> Live Preview已准备就绪</strong>窗口。</li> \n </ol>"
      },
      "navigationBar": {
        "left": {
          "text": "以前的"
        },
        "right": {
          "text": "下一个"
        }
      }
    },
    "zh-tw": {
      "content": {
        "title": "運行應用程序",
        "body": "<ol> \n <li>從<strong> Live Preview設置</strong>窗口，在<strong>本機</strong>下，選中<strong>移動</strong>設備的OS旁邊的框 app。<br />例如，<strong> ios </strong>和<strong> android </strong>。<br />確保您對所有其他平台和通道的複選框都沒有選擇。</li> \n <li>單擊<strong>保存＆amp; 運行</strong>。<br />可能需要一些時間才能讓Iris運行該應用程序。<br /> <strong> Live Preview已準備就緒</strong>窗口。</li> \n </ol>"
      },
      "navigationBar": {
        "left": {
          "text": "以前的"
        },
        "right": {
          "text": "下一個"
        }
      }
    }
  }
}