{
  "kuid": "2224fet3-d1a1-46rb-b3uc-0af0ddnc",
  "id": "VoltMX.InternationalWithLayoutV9.import2",
  "content": {
    "title": "Import a Sample App",
    "body": "<ol>\n<li>From the main menu of the Iris, navigate to <strong>Project</strong> &gt; <strong>Open</strong> &gt; <strong>HCL Reference Architecture</strong>, and select <strong>RecipientsMobile</strong>.<br />The application opens in the <strong>Storyboard</strong> view.<strong><br /></strong></li>\n<li>Double click on <strong>frmUserLogin</strong> form to open the form in the <strong>Design</strong> view.</li>\n</ol>"
  },
  "pointer": {
    "direction": "left",
    "element": "",
    "type": "none"
  },
  "navigationType": "manual",
  "navigationBar": {
    "left": {
      "text": "Previous",
      "enable": true,
      "hide": false
    },
    "right": {
      "text": "Next",
      "enable": true,
      "hide": false
    }
  },
  "navigationCondition": "",
  "position": "BOTTOM_RIGHT",
  "meta": {
    "Creator": "Rashmi Menon",
    "CreatedOn": "Thu, 05 Dec 2019 06:23:15 GMT"
  },
  "context": [],
  "localization": {
    "en-us": {
      "content": {
        "title": "Import a Sample App",
        "body": "<ol>\n<li>From the main menu of the Iris, navigate to <strong>Project</strong> &gt; <strong>Open</strong> &gt; <strong>HCL Reference Architecture</strong>, and select <strong>RecipientsMobile</strong>.<br />The application opens in the <strong>Storyboard</strong> view.<strong><br /></strong></li>\n<li>Double click on <strong>frmUserLogin</strong> form to open the form in the <strong>Design</strong> view.</li>\n</ol>"
      },
      "navigationBar": {
        "left": {
          "text": "Previous"
        },
        "right": {
          "text": "Next"
        }
      }
    },
    "zh-cn": {
      "content": {
        "title": "导入示例应用程序",
        "body": "***<ol> \n <li>从虹膜的主菜单中，导航到<strong> project </strong>＆gt; <strong>打开</strong>＆gt; <strong> HCl Reference Architection </strong>，然后选择<strong> colectientsMobile </strong>。<br />应用程序在<strong>情节板</strong>视图中打开。<strong> <br /> {14} </strong> {15} </li> \n <li>双击<strong> frmuserlogin </strong>表单以打开<strong> design </strong>视图中的表单。</li> \n </ol>"
      },
      "navigationBar": {
        "left": {
          "text": "以前的"
        },
        "right": {
          "text": "下一个"
        }
      }
    },
    "zh-tw": {
      "content": {
        "title": "導入示例應用程序",
        "body": "***<ol> \n <li>從虹膜的主菜單中，導航到<strong> project </strong>＆gt; <strong>打開</strong>＆gt; <strong> HCl Reference Architection </strong>，然後選擇<strong> colectientsMobile </strong>。<br />應用程序在<strong>情節板</strong>視圖中打開。<strong> <br /> {14} </strong> {15} </li> \n <li>雙擊<strong> frmuserlogin </strong>表單以打開<strong> design </strong>視圖中的表單。</li> \n </ol>"
      },
      "navigationBar": {
        "left": {
          "text": "以前的"
        },
        "right": {
          "text": "下一個"
        }
      }
    }
  }
}