{
  "kuid": "2224fet3-d1a1-46rb-b3uc-0af0ddnc",
  "id": "VoltMX.InternationalWithLayoutV9.import2",
  "content": {
    "title": "Open the App",
    "body": "<ol>\n<li>From the main menu of the Iris, navigate to <strong>Project</strong> &gt; <strong>Open</strong> &gt; <strong>HCL Reference Architecture</strong>, and select <strong>RecipientsMobile</strong>.<br />The application opens in the <strong>Storyboard</strong> view.<strong><br /></strong></li>\n<li>Double click on <strong>frmUserLogin</strong> form to open the form in the <strong>Design</strong> view.</li>\n</ol>"
  },
  "pointer": {
    "direction": "left",
    "element": "",
    "type": "none"
  },
  "navigationType": "manual",
  "navigationBar": {
    "left": {
      "text": "Previous",
      "enable": true,
      "hide": false
    },
    "right": {
      "text": "Next",
      "enable": true,
      "hide": false
    }
  },
  "navigationCondition": "",
  "position": "BOTTOM_RIGHT",
  "meta": {
    "Creator": "Rashmi Menon",
    "CreatedOn": "Thu, 05 Dec 2019 06:23:15 GMT"
  },
  "context": []
}
