{
  "kuid": "e6da41ta-6cac-49rb-96uc-9645bcn1",
  "id": "VoltMX.ConnectAppUItoDataMob_v9.mapping",
  "content": {
    "title": "Add Mapping Action",
    "body": "<ol>\n<li>From the <strong>Action Editor</strong> canvas, under <strong>Invoke Service</strong>, select <strong>Callback</strong>.</li>\n<li>From the left menu of the <strong>Action Editor</strong>, under <strong>Mapping</strong>, select <strong>Add Mapping</strong>.<br />The <strong>Mapping Editor</strong> window appears.</li>\n<li>From the left pane of the <strong>Mapping Editor</strong>, expand <strong>Services</strong> &gt; <strong>Service-AccountStorage1$Accounts$get</strong> and select <strong>records{collection}</strong>.</li>\n<li>From the right pane of the <strong>Mapping Editor</strong>, expand <strong>Forms</strong> &gt; <strong>frmAccount</strong> &gt; <strong>Segment-segAccount</strong> &gt; <strong>masterdatamap</strong> and select <strong>rowData{collection}</strong>.</li>\n</ol>"
  },
  "pointer": {
    "direction": "left",
    "element": {
      "module": "actioneditor",
      "css_selector": ".KMenu li ul li ul li table td div.actionBubble1"
    },
    "type": "default"
  },
  "navigationType": "manual",
  "navigationBar": {
    "left": {
      "text": "Previous",
      "enable": true,
      "hide": false
    },
    "right": {
      "text": "Next",
      "enable": true,
      "hide": false
    }
  },
  "navigationCondition": "",
  "position": "CENTER",
  "meta": {
    "Creator": "Rashmi Menon",
    "CreatedOn": "Mon, 23 Mar 2020 08:05:51 GMT"
  },
  "context": [],
  "localization": {
    "en-us": {
      "content": {
        "title": "Add Mapping Action",
        "body": "<ol>\n<li>From the <strong>Action Editor</strong> canvas, under <strong>Invoke Service</strong>, select <strong>Callback</strong>.</li>\n<li>From the left menu of the <strong>Action Editor</strong>, under <strong>Mapping</strong>, select <strong>Add Mapping</strong>.<br />The <strong>Mapping Editor</strong> window appears.</li>\n<li>From the left pane of the <strong>Mapping Editor</strong>, expand <strong>Services</strong> &gt; <strong>Service-AccountStorage1$Accounts$get</strong> and select <strong>records{collection}</strong>.</li>\n<li>From the right pane of the <strong>Mapping Editor</strong>, expand <strong>Forms</strong> &gt; <strong>frmAccount</strong> &gt; <strong>Segment-segAccount</strong> &gt; <strong>masterdatamap</strong> and select <strong>rowData{collection}</strong>.</li>\n</ol>"
      },
      "navigationBar": {
        "left": {
          "text": "Previous"
        },
        "right": {
          "text": "Next"
        }
      }
    },
    "zh-cn": {
      "content": {
        "title": "添加映射操作",
        "body": "<ol> \n <li>来自<strong>操作编辑器</strong> canvas，在<strong> Indoke Service </strong>下，选择<strong> callback </strong>。</li> \n <li>从<strong>操作编辑器的左菜单</strong>下，在<strong> mapping </strong>下，选择<strong>添加映射</strong>。<br /> <strong> mapping Editor </strong> window 出现。</li> \n <li>从<strong>映射编辑器的左窗格</strong>，展开<strong> services </strong>＆gt; <strong> service-accountstorage1 $帐户$ get </strong>，然后选择<strong>记录{Collection} </strong>。</li> \n <li>从<strong>映射编辑器的右窗格</strong>，展开<strong> forms </strong>＆gt; <strong> frmaccount </strong>＆gt; <strong> segment-segaccount </strong>＆gt; <strong> MasterDataMap </strong>并选择<strong> RowData {Collection} </strong>。</li> \n </ol>"
      },
      "navigationBar": {
        "left": {
          "text": "以前的"
        },
        "right": {
          "text": "下一个"
        }
      }
    },
    "zh-tw": {
      "content": {
        "title": "添加映射操作",
        "body": "<ol> \n <li>來自<strong>操作編輯器</strong> canvas，在<strong> Indoke Service </strong>下，選擇<strong> callback </strong>。</li> \n <li>從<strong>操作編輯器的左菜單</strong>下，在<strong> mapping </strong>下，選擇<strong>添加映射</strong>。<br /> <strong> mapping Editor </strong> window 出現。</li> \n <li>從<strong>映射編輯器的左窗格</strong>，展開<strong> services </strong>＆gt; <strong> service-accountstorage1 $帳戶$ get </strong>，然後選擇<strong>記錄{Collection} </strong>。</li> \n <li>從<strong>映射編輯器的右窗格</strong>，展開<strong> forms </strong>＆gt; <strong> frmaccount </strong>＆gt; <strong> segment-segaccount </strong>＆gt; <strong> MasterDataMap </strong>並選擇<strong> RowData {Collection} </strong>。</li> \n </ol>"
      },
      "navigationBar": {
        "left": {
          "text": "以前的"
        },
        "right": {
          "text": "下一個"
        }
      }
    }
  }
}