{
    "kuid": "6e78a3te-98a3-43r9-96ue-776f7bn4",
    "id": "VoltMX.ResponsiveBreakV9.edioptNickName",
    "content": {
        "title": "Optimizing the Layout of Nick Name",
        "body": "<ol>\n<li>From the <strong>Project</strong> explorer, expand <strong>frmEditRecipient </strong>&gt;<strong> flxEditRecipient </strong>&gt;<strong> flxEntryFields</strong>, and select <strong>flxNickName</strong>.</li>\n<li>From the <strong>Properties</strong> panel, navigate to the <strong>Look </strong>tab.</li>\n<li>Under the <strong>Flex</strong> section, modify the following values:<br />\n<ul>\n<li>Width: <strong>240 Dp</strong></li>\n<li>Top: <strong>24 Dp</strong></li>\n</ul>\n</li>\n</ol>"
    },
    "pointer": {
        "direction": "right",
        "element": {
            "module": "propertieswindow",
            "itemType": "pw-property",
            "info": {
                "propertyName": "Top",
                "sectionDOMId": "frmKonyLib_pwwgvbx-flex",
                "tabName": "Look"
            }
        },
        "type": "default"
    },
    "navigationType": "manual",
    "navigationBar": {
        "left": {
            "text": "Previous",
            "enable": true,
            "hide": false
        },
        "right": {
            "text": "Next",
            "enable": true,
            "hide": false
        }
    },
    "navigationCondition": "",
    "position": "BOTTOM_RIGHT",
    "meta": {
        "Creator": "Rashmi Menon",
        "CreatedOn": "Tue, 24 Mar 2020 13:47:50 GMT"
    },
    "context": []
}