{
  "kuid": "0a4918t6-35a0-4fr3-9cua-80d68en6",
  "id": "VoltMX.addLoginServiceV9.addService",
  "content": {
    "title": "Add Service to Login Button",
    "body": "<ol>\n<li>From the <strong>Project</strong> explorer, expand <strong>Mobile</strong> &gt; <strong>Forms</strong> and select <strong>frmLogin</strong>.</li>\n<li>From the <strong>Data &amp; Services</strong> panel, expand <strong>Project Services</strong> &gt; <strong>UserAuthentication1</strong>&nbsp;and select the <strong>login</strong> operation.</li>\n<li>Drag and drop the <strong>lo</strong><strong>gin</strong> operation onto the <strong>Login</strong> button on the canvas.<br /> It may take some time for Iris to add the service to your app.</li>\n<li>From the list of actions, select <strong>Action: onClick</strong>.<br /> The<strong> Action Editor</strong>&nbsp;window appears.</li>\n</ol>"
  },
  "pointer": {
    "direction": "right",
    "element": {
      "module": "datapanel",
      "itemType": "dp_tree_entry",
      "context": {},
      "path": "PROJECT SERVICES\\Identity\\AccountLogin"
    },
    "type": "default"
  },
  "navigationType": "manual",
  "navigationBar": {
    "left": {
      "text": "Previous",
      "enable": true,
      "hide": false
    },
    "right": {
      "text": "Next",
      "enable": true,
      "hide": false
    }
  },
  "navigationCondition": "",
  "position": "BOTTOM_LEFT",
  "meta": {
    "Creator": "Rashmi Menon",
    "CreatedOn": "Wed, 18 Dec 2019 09:22:25 GMT"
  },
  "context": [],
  "localization": {
    "en-us": {
      "content": {
        "title": "Add Service to Login Button",
        "body": "<ol>\n<li>From the <strong>Project</strong> explorer, expand <strong>Mobile</strong> &gt; <strong>Forms</strong> and select <strong>frmLogin</strong>.</li>\n<li>From the <strong>Data &amp; Services</strong> panel, expand <strong>Project Services</strong> &gt; <strong>UserAuthentication1</strong>&nbsp;and select the <strong>login</strong> operation.</li>\n<li>Drag and drop the <strong>lo</strong><strong>gin</strong> operation onto the <strong>Login</strong> button on the canvas.<br /> It may take some time for Iris to add the service to your app.</li>\n<li>From the list of actions, select <strong>Action: onClick</strong>.<br /> The<strong> Action Editor</strong>&nbsp;window appears.</li>\n</ol>"
      },
      "navigationBar": {
        "left": {
          "text": "Previous"
        },
        "right": {
          "text": "Next"
        }
      }
    },
    "zh-cn": {
      "content": {
        "title": "将服务添加到登录按钮",
        "body": "***<ol> \n <li>从<strong> project </strong>探索器，展开<strong>移动</strong>＆gt; <strong>表格</strong>并选择<strong> frmlogin </strong>。</li> \n <li>来自<strong> data＆amp; 服务</strong>面板，展开<strong>项目服务</strong>＆gt; <strong> userauthentication1 </strong>＆nbsp;并选择<strong>登录</strong>操作。</li> \n <li>拖动<strong> lo </strong> <strong> gin </strong>操作在<strong> login </strong> login {27}按钮上。<br />可能需要一些时间才能添加服务。 到您的应用程序。</li> \n <li>从操作列表中，选择<strong>操作：OnClick </strong>。<br /> <strong>操作编辑器</strong>＆nbsp; window出现。</li> \n </ol>"
      },
      "navigationBar": {
        "left": {
          "text": "以前的"
        },
        "right": {
          "text": "下一个"
        }
      }
    },
    "zh-tw": {
      "content": {
        "title": "將服務添加到登錄按鈕",
        "body": "***<ol> \n <li>從<strong> project </strong>探索器，展開<strong>移動</strong>＆gt; <strong>表格</strong>並選擇<strong> frmlogin </strong>。</li> \n <li>來自<strong> data＆amp; 服務</strong>面板，展開<strong>項目服務</strong>＆gt; <strong> userauthentication1 </strong>＆nbsp;並選擇<strong>登錄</strong>操作。</li> \n <li>拖動<strong> lo </strong> <strong> gin </strong>操作在<strong> login </strong> login {27}按鈕上。<br />可能需要一些時間才能添加服務。 到您的應用程序。</li> \n <li>從操作列表中，選擇<strong>操作：OnClick </strong>。<br /> <strong>操作編輯器</strong>＆nbsp; window出現。</li> \n </ol>"
      },
      "navigationBar": {
        "left": {
          "text": "以前的"
        },
        "right": {
          "text": "下一個"
        }
      }
    }
  }
}