{
    "kuid": "f70c6ft8-3dab-43r2-b1ue-a11a6an3",
    "id": "VoltMX.EditPayeeWeb_v9.createEditForm",
    "content": {
        "title": "Edit Recipient Screen",
        "body": "<ol>\n<li>From the <strong>Project</strong> explorer, expand <strong>Responsive Web / Desktop</strong>.</li><li>Right-click <strong>Forms</strong> and select <strong>New Form</strong>.</li>\n<li>Right-click <strong>Forms</strong> and select <strong>Rename</strong>.</li>\n<li>Rename the form from <strong>Form1</strong> to  <strong>frmEditRecipient</strong>.</li>\n</ol>"
    },
    "pointer": {
        "direction": "left",
        "element": {
            "module": "projectexplorer",
            "path": "project-body\\project\\Responsive Web / Desktop\\Forms"
        },
        "type": "default"
    },
    "navigationType": "manual",
    "navigationBar": {
        "left": {
            "text": "Previous",
            "enable": true,
            "hide": false
        },
        "right": {
            "text": "Next",
            "enable": true,
            "hide": false
        }
    },
    "navigationCondition": "",
    "position": "BOTTOM_RIGHT",
    "meta": {
        "Creator": "Rashmi Menon",
        "CreatedOn": "Fri, 28 Feb 2020 05:00:13 GMT"
    },
    "context": []
}