{
    "kuid": "4490e8t8-a3a8-44rb-93ud-f51a4fn5",
    "id": "VoltMX.CreateDetailsNative_v9.UIchange5",
    "content": {
        "title": "Recipients Details Screen UI",
        "body": "<ol>\n<li>From the <strong>Project </strong>explorer, expand <strong>Mobile </strong>&gt;&nbsp;<strong>Forms</strong> &gt; <strong>frmDetails</strong> &gt; <strong>flexFieldsContainer</strong>, and select <strong>flexRecipientID</strong>.</li>\n<li>From the <strong>Properties</strong> panel, navigate to the <strong>Look</strong> tab.</li>\n<li>Under the <strong>General </strong>section, for the <strong>Visible</strong> field, select <strong>Off</strong>.</li>\n</ol>"
    },
    "pointer": {
        "direction": "right",
        "element": {
            "module": "propertieswindow",
            "itemType": "pw-property",
            "info": {
                "propertyName": "Visible",
                "sectionDOMId": "frmKonyLib_pwwgvbx-general",
                "tabName": "Look"
            }
        },
        "type": "default"
    },
    "navigationType": "manual",
    "navigationBar": {
        "left": {
            "text": "Previous",
            "enable": true,
            "hide": false
        },
        "right": {
            "text": "Next",
            "enable": true,
            "hide": false
        }
    },
    "navigationCondition": "",
    "position": "BOTTOM_RIGHT",
    "meta": {
        "Creator": "Rashmi Menon",
        "CreatedOn": "Mon, 24 Feb 2020 08:28:00 GMT"
    },
    "context": []
}