{
  "kuid": "c8e2a2tc-9dac-45rb-b9u2-b516e1n9",
  "id": "VoltMX.CreateServicesWebV9.configurePayModel",
  "content": {
    "title": "Configure the Data Model",
    "body": "<ol>\n<li>Under the Data Model tab, expand  <b>Data Model</b> > <strong>Recipients</strong> > <strong>Fields</strong>, and select<strong> RecipientID</strong>.</li>\n<li>In the right pane, modify the following values.\n<ul>\n<li>Type: <strong>number</strong></li>\n<li>Autogenerated: <strong>true</strong></li>\n</ul>\n</li>\n<li>Scroll down to bottom and click <strong>Save</strong>.</li>\n<li>In the left pane, navigate to <strong>Data Model</strong> &gt; <strong>Recipients</strong> &gt; <strong>Fields</strong>, and then select <strong>Phone</strong>.</li>\n<li>In the right pane, modify the following value.\n<ul>\n<li>Max Length: <strong>30</strong></li>\n</ul>\n</li>\n<li>Scroll down to bottom and click <strong>Save</strong>.</li>\n</ol>"
  },
  "pointer": {
    "direction": "left",
    "element": "",
    "type": "none"
  },
  "navigationType": "manual",
  "navigationBar": {
    "left": {
      "text": "Previous",
      "enable": true,
      "hide": false
    },
    "right": {
      "text": "Next",
      "enable": true,
      "hide": false
    }
  },
  "navigationCondition": "",
  "position": "BOTTOM_RIGHT",
  "meta": {
    "Creator": "Rashmi Menon",
    "CreatedOn": "Thu, 19 Dec 2019 06:27:10 GMT"
  },
  "context": [],
  "localization": {
    "en-us": {
      "content": {
        "title": "Configure the Data Model",
        "body": "<ol>\n<li>Under the Data Model tab, expand  <b>Data Model</b> > <strong>Recipients</strong> > <strong>Fields</strong>, and select<strong> RecipientID</strong>.</li>\n<li>In the right pane, modify the following values.\n<ul>\n<li>Type: <strong>number</strong></li>\n<li>Autogenerated: <strong>true</strong></li>\n</ul>\n</li>\n<li>Scroll down to bottom and click <strong>Save</strong>.</li>\n<li>In the left pane, navigate to <strong>Data Model</strong> &gt; <strong>Recipients</strong> &gt; <strong>Fields</strong>, and then select <strong>Phone</strong>.</li>\n<li>In the right pane, modify the following value.\n<ul>\n<li>Max Length: <strong>30</strong></li>\n</ul>\n</li>\n<li>Scroll down to bottom and click <strong>Save</strong>.</li>\n</ol>"
      },
      "navigationBar": {
        "left": {
          "text": "Previous"
        },
        "right": {
          "text": "Next"
        }
      }
    },
    "zh-cn": {
      "content": {
        "title": "配置数据模型",
        "body": "***<ol> \n <li>在“数据模型”选项卡下，展开<b>数据模型</b>> <strong>收件人</strong>> <strong> fields </strong>，然后选择<strong> coctientId </strong>。</li>。{10} \n <li>在右窗格中，修改以下值。 \n <ul> \n <li>类型：<strong>数字</strong> </li> \n <li>自动化：<strong> true </strong> </li> \n </ul> \n </li> \n <li>向下滚动，然后单击<strong>保存</strong>。</li> \n <li>在左窗格中，导航到<strong>数据模型</strong>＆gt; <strong>收件人</strong>＆gt; <strong>字段</strong>，然后选择<strong>电话</strong>。</li> \n <li>在右窗格中，修改以下值。 \n <ul> \n <li>最大长度：<strong> 30 </strong> </li> \n </ul> \n </li> \n <li>向下滚动，然后单击<strong>保存</strong>。</li> \n </ol>"
      },
      "navigationBar": {
        "left": {
          "text": "以前的"
        },
        "right": {
          "text": "下一个"
        }
      }
    },
    "zh-tw": {
      "content": {
        "title": "配置數據模型",
        "body": "***<ol> \n <li>在“數據模型”選項卡下，展開<b>數據模型</b>> <strong>收件人</strong>> <strong> fields </strong>，然後選擇<strong> coctientId </strong>。</li>。{10} \n <li>在右窗格中，修改以下值。 \n <ul> \n <li>類型：<strong>數字</strong> </li> \n <li>自動化：<strong> true </strong> </li> \n </ul> \n </li> \n <li>向下滾動，然後單擊<strong>保存</strong>。</li> \n <li>在左窗格中，導航到<strong>數據模型</strong>＆gt; <strong>收件人</strong>＆gt; <strong>字段</strong>，然後選擇<strong>電話</strong>。</li> \n <li>在右窗格中，修改以下值。 \n <ul> \n <li>最大長度：<strong> 30 </strong> </li> \n </ul> \n </li> \n <li>向下滾動，然後單擊<strong>保存</strong>。</li> \n </ol>"
      },
      "navigationBar": {
        "left": {
          "text": "以前的"
        },
        "right": {
          "text": "下一個"
        }
      }
    }
  }
}