{
  "kuid": "6969eft2-84a9-45rd-b9ud-783681nc",
  "id": "VoltMX.ApplicationChannelsV9.run",
  "content": {
    "title": "Run the App",
    "body": "<ol>\n<li>From the <strong>Live Preview Settings</strong> window, select the checkbox next to the <strong>Responsive Web</strong>.</li>\n<li>Under <strong>Native</strong>, select the checkboxes next to the OS of the mobile/tablet on which you are going to view the app. <br />For example: <strong>iOS</strong> and <strong>Android</strong>.</li>\n<li>Click <strong>Save &amp; Run</strong>.<br /> It may take some time for Iris to show the <strong>Volt MX Iris Preview</strong> and <b>Live Preview is ready</b> window.</li>\n</ol>"
  },
  "pointer": {
    "direction": "left",
    "element": "",
    "type": "none"
  },
  "navigationType": "manual",
  "navigationBar": {
    "left": {
      "text": "Previous",
      "enable": true,
      "hide": false
    },
    "right": {
      "text": "Next",
      "enable": true,
      "hide": false
    }
  },
  "navigationCondition": "",
  "position": "BOTTOM_RIGHT",
  "meta": {
    "Creator": "Rashmi Menon",
    "CreatedOn": "Tue, 26 Nov 2019 08:14:27 GMT"
  },
  "context": [],
  "localization": {
    "en-us": {
      "content": {
        "title": "Run the App",
        "body": "<ol>\n<li>From the <strong>Live Preview Settings</strong> window, select the checkbox next to the <strong>Responsive Web</strong>.</li>\n<li>Under <strong>Native</strong>, select the checkboxes next to the OS of the mobile/tablet on which you are going to view the app. <br />For example: <strong>iOS</strong> and <strong>Android</strong>.</li>\n<li>Click <strong>Save &amp; Run</strong>.<br /> It may take some time for Iris to show the <strong>Volt MX Iris Preview</strong> and <b>Live Preview is ready</b> window.</li>\n</ol>"
      },
      "navigationBar": {
        "left": {
          "text": "Previous"
        },
        "right": {
          "text": "Next"
        }
      }
    },
    "zh-cn": {
      "content": {
        "title": "运行应用程序",
        "body": "<ol> \n <li>从<strong> Live Preview设置</strong>窗口，选择<strong>响应web </strong>的复选框。</li> \n <li>在<strong>本机</strong>下，选择要查看应用程序的移动/平板电脑OS旁边的复选框。 <br />例如：<strong> ios </strong>和<strong> android </strong>。</li> \n <li>单击<strong>保存＆amp; 运行</strong>。<br />可能需要一些时间才能让Iris显示<strong> Volt MX Iris Preview </strong>和<b> Live Preview已准备就绪</b>窗口。</li> \n </ol>"
      },
      "navigationBar": {
        "left": {
          "text": "以前的"
        },
        "right": {
          "text": "下一个"
        }
      }
    },
    "zh-tw": {
      "content": {
        "title": "運行應用程序",
        "body": "<ol> \n <li>從<strong> Live Preview設置</strong>窗口，選擇<strong>響應web </strong>的複選框。</li> \n <li>在<strong>本機</strong>下，選擇要查看應用程序的移動/平板電腦OS旁邊的複選框。 <br />例如：<strong> ios </strong>和<strong> android </strong>。</li> \n <li>單擊<strong>保存＆amp; 運行</strong>。<br />可能需要一些時間才能讓Iris顯示<strong> Volt MX Iris Preview </strong>和<b> Live Preview已準備就緒</b>窗口。</li> \n </ol>"
      },
      "navigationBar": {
        "left": {
          "text": "以前的"
        },
        "right": {
          "text": "下一個"
        }
      }
    }
  }
}