{
  "kuid": "e4b9e9t1-79ae-4brc-b4u5-ac1a0bn2",
  "id": "VoltMX.CreateUIRWV9.Settings1",
  "content": {
    "title": "Settings for the Live Preview",
    "body": "<ol>\n<li>From the main menu, select <strong>Build</strong>.</li>\n<li>Click <strong>Live Preview Settings</strong>.</li>\n</ol>"
  },
  "pointer": {
    "direction": "left",
    "element": "",
    "type": "none"
  },
  "navigationType": "manual",
  "navigationBar": {
    "left": {
      "text": "Previous",
      "enable": true,
      "hide": false
    },
    "right": {
      "text": "Next",
      "enable": true,
      "hide": false
    }
  },
  "navigationCondition": "",
  "position": "BOTTOM_RIGHT",
  "meta": {
    "Creator": "Prem Garudadri",
    "CreatedOn": "Wed, 18 Dec 2019 16:28:23 GMT"
  },
  "context": [],
  "localization": {
    "en-us": {
      "content": {
        "title": "Settings for the Live Preview",
        "body": "<ol>\n<li>From the main menu, select <strong>Build</strong>.</li>\n<li>Click <strong>Live Preview Settings</strong>.</li>\n</ol>"
      },
      "navigationBar": {
        "left": {
          "text": "Previous"
        },
        "right": {
          "text": "Next"
        }
      }
    },
    "zh-cn": {
      "content": {
        "title": "实时预览的设置",
        "body": "<ol> \n <li>从主菜单中，选择<strong>构建</strong>。</li> \n <li>单击<strong>实时预览设置</strong>。</li> \n </ol>"
      },
      "navigationBar": {
        "left": {
          "text": "以前的"
        },
        "right": {
          "text": "下一个"
        }
      }
    },
    "zh-tw": {
      "content": {
        "title": "實時預覽的設置",
        "body": "<ol> \n <li>從主菜單中，選擇<strong>構建</strong>。</li> \n <li>單擊<strong>實時預覽設置</strong>。</li> \n </ol>"
      },
      "navigationBar": {
        "left": {
          "text": "以前的"
        },
        "right": {
          "text": "下一個"
        }
      }
    }
  }
}