{
    "kuid": "a4813etc-afa8-4frf-b2ud-b9d422n3",
    "id": "VoltMX.UseSampleServicesV9.addUI",
    "content": {
        "title": "Add Data to the Form",
        "body": "<ol>\n<li>From the <strong>Data &amp; Services </strong>panel, expand <strong>Project Services</strong> &gt; <strong>employeeObjectService</strong> &gt; <strong>employee</strong>, and select <strong>get</strong>.</li>\n<li>Drop <strong>records</strong> from the Data &amp; Services panel onto the <strong>frmList</strong> form on the canvas.<br />The <strong>What would you like to generate?</strong> window appears.</li>\n<li>Select <strong>List & Details Using Response</strong>.</li>\n<li>Click <strong>OK</strong>.<br />You can view the data on the form.</li>\n</ol>"
    },
    "pointer": {
        "direction": "right",
        "element": {
            "module": "datapanel",
            "itemType": "dp_tree_entry",
            "context": {},
            "path": "PROJECT SERVICES"
        },
        "type": "default"
    },
    "navigationType": "manual",
    "navigationBar": {
        "left": {
            "text": "Previous",
            "enable": true,
            "hide": false
        },
        "right": {
            "text": "Next",
            "enable": true,
            "hide": false
        }
    },
    "navigationCondition": "",
    "position": "BOTTOM_RIGHT",
    "meta": {
        "Creator": "Rashmi Menon",
        "CreatedOn": "Wed, 27 Nov 2019 09:23:51 GMT"
    },
    "context": []
}