<?xml version="1.0"?>
<Hike kuid="f316ddab-f446-437c-ac83-143f8c92" id="Kony.FirstApp" title="Kony.FirstApp">
    <Description>Kony.FirstApp</Description>
    <Hikecard id="Kony.FirstApp.Intro"/>
    <Hikecard id="Kony.FirstApp.CreateProject"/>
    <Hikecard id="Kony.FirstApp.CreateForm1"/>
    <Hikecard id="Kony.FirstAppLogin.DragandDrop"/>
    <Hikecard id="Kony.FirstApp.CreateForm2"/>
    <Hikecard id="Kony.FirstApp.DragandDrop"/>
    <Hikecard id="Kony.FirstApp.eventMapping"/>
    <Hikecard id="Kony.FirstAppLogin.eventMapping2"/>
    <Hikecard id="Kony.FirstApp.openapp"/>
    <Hikecard id="Kony.FirstApp.AppPreview"/>
    <Hikecard id="Kony.FirstApp.Run"/>
    <Hikecard id="Kony.FirstApp.Done"/>
    <Hikecard id="Kony.FirstApp.last"/>
</Hike>