{
    "kuid": "a3b1bctf-a9a7-46r2-aaua-7a4506n7",
    "id": "VoltMX.CreateDetailsScreen_v9.successAlert",
    "content": {
        "title": "Success Alert",
        "body": "<ol>\n<li>From the <strong>Project</strong> explorer, expand <strong>Responsive Web /Desktop </strong>&gt; <strong>Forms</strong> &gt; <strong>frmDetails</strong> &gt; <strong>flexSuccess</strong> &gt; <strong>flexSuccessAlert</strong>, and select <strong>btnDone</strong>.</li>\n<li>From the <strong>Properties</strong> panel, navigate to the <strong>Action</strong> tab.</li>\n<li>For the <strong>onClick</strong> event, click <strong>Edit</strong>.<br />The <strong>Action Editor </strong>window appears.</li>\n</ol>"
    },
    "pointer": {
        "direction": "left",
        "element": {
            "module": "projectexplorer",
            "path": "project-body\\project\\Responsive Web / Desktop\\Forms\\frmPayeeDetails\\flexSuccess"
        },
        "type": "default"
    },
    "navigationType": "manual",
    "navigationBar": {
        "left": {
            "text": "Previous",
            "enable": true,
            "hide": false
        },
        "right": {
            "text": "Next",
            "enable": true,
            "hide": false
        }
    },
    "navigationCondition": "",
    "position": "BOTTOM_LEFT",
    "meta": {
        "Creator": "Rashmi Menon",
        "CreatedOn": "Fri, 21 Feb 2020 10:17:59 GMT"
    },
    "context": []
}