{
  "kuid": "d0c80ft4-41a8-44r4-87u8-3ffe9bnd",
  "id": "VoltMX.addLoginServiceV9.addActions",
  "content": {
    "title": "Configure the Actions",
    "body": "<ol>\n<li>From the <strong>Action Editor</strong> canvas, under <strong>(INVOKE SERVICE) (name:UserAuthentication1$login)</strong>, select <strong>Success</strong>.</li>\n<li>From the left menu of the <strong>Action Editor</strong>, under <strong>General</strong>, select <strong>Navigate to Form</strong>.</li>\n<li>From the&nbsp;right&nbsp;pane of the <strong>Action Editor</strong>, select the form <strong>frmAccount</strong>.</li>\n<li>Click <strong>Save</strong>.</li>\n</ol>"
  },
  "pointer": {
    "direction": "left",
    "element": {
      "module": "actioneditor",
      "itemType": "ae-action-type",
      "info": {
        "actionType": "Navigate to Form"
      }
    },
    "type": "default",
    "isFixed": false
  },
  "navigationType": "manual",
  "navigationBar": {
    "left": {
      "text": "Previous",
      "enable": true,
      "hide": false
    },
    "right": {
      "text": "Next",
      "enable": true,
      "hide": false
    }
  },
  "navigationCondition": "",
  "position": "BOTTOM_LEFT",
  "meta": {
    "Creator": "Rashmi Menon",
    "CreatedOn": "Wed, 18 Dec 2019 09:29:42 GMT"
  },
  "context": [],
  "localization": {
    "en-us": {
      "content": {
        "title": "Configure the Actions",
        "body": "<ol>\n<li>From the <strong>Action Editor</strong> canvas, under <strong>(INVOKE SERVICE) (name:UserAuthentication1$login)</strong>, select <strong>Success</strong>.</li>\n<li>From the left menu of the <strong>Action Editor</strong>, under <strong>General</strong>, select <strong>Navigate to Form</strong>.</li>\n<li>From the&nbsp;right&nbsp;pane of the <strong>Action Editor</strong>, select the form <strong>frmAccount</strong>.</li>\n<li>Click <strong>Save</strong>.</li>\n</ol>"
      },
      "navigationBar": {
        "left": {
          "text": "Previous"
        },
        "right": {
          "text": "Next"
        }
      }
    },
    "zh-cn": {
      "content": {
        "title": "配置操作",
        "body": "***<ol> \n <li>来自<strong>操作编辑器</strong> canvas，在<strong>（Invoke Service）下（name：userauthentication1 $ login）</strong>，选择<strong> Success </strong>。</li>。{8} \n <li>从<strong>操作编辑器的左菜单</strong>下，<strong>常规</strong>，选择<strong>导航至form </strong>。</li> \n <li>从<strong>操作编辑器的pane ot＆nbsp; pane </strong>中，选择<strong> frmaccount </strong>的表单。</li> \n <li>单击<strong>保存</strong>。</li> \n </ol>"
      },
      "navigationBar": {
        "left": {
          "text": "以前的"
        },
        "right": {
          "text": "下一个"
        }
      }
    },
    "zh-tw": {
      "content": {
        "title": "配置操作",
        "body": "***<ol> \n <li>來自<strong>操作編輯器</strong> canvas，在<strong>（Invoke Service）下（name：userauthentication1 $ login）</strong>，選擇<strong> Success </strong>。</li>。{8} \n <li>從<strong>操作編輯器的左菜單</strong>下，<strong>常規</strong>，選擇<strong>導航至form </strong>。</li> \n <li>從<strong>操作編輯器的pane ot＆nbsp; pane </strong>中，選擇<strong> frmaccount </strong>的表單。</li> \n <li>單擊<strong>保存</strong>。</li> \n </ol>"
      },
      "navigationBar": {
        "left": {
          "text": "以前的"
        },
        "right": {
          "text": "下一個"
        }
      }
    }
  }
}