{
    "kuid": "f4edf1t8-dfad-4bre-8fu9-4146c4n5",
    "id": "VoltMX.addLoginServiceV9.ConfigureLogout",
    "content": {
        "title": "Configure Logout Parameters",
        "body": "<ol>\n<li>From the top-right corner of your&nbsp;<strong>Action Editor </strong>window, select&nbsp;<strong>Design View</strong>.</li>\n<li>From the left menu of the&nbsp;<strong>Action Editor</strong>, under&nbsp;<strong>Network</strong>, select&nbsp;<strong>Invoke Service</strong>.</li>\n<li>In&nbsp;the right pane of the&nbsp;<strong>Action Editor</strong>, from the <strong>Select Service</strong> drop down, select <strong>UserAuthentication$logout</strong>.</li>\n</ol>"
    },
    "pointer": {
        "direction": "left",
        "element": {
            "module": "actioneditor",
            "itemType": "ae-action-type",
            "info": {
                "actionType": "Invoke Service"
            }
        },
        "type": "default"
    },
    "navigationType": "manual",
    "navigationBar": {
        "left": {
            "text": "Previous",
            "enable": true,
            "hide": false
        },
        "right": {
            "text": "Next",
            "enable": true,
            "hide": false
        }
    },
    "navigationCondition": "",
    "position": "BOTTOM_RIGHT",
    "meta": {
        "Creator": "Deepti Ravula",
        "CreatedOn": "Thu, 19 Dec 2019 06:42:37 GMT"
    },
    "context": []
}