{
  "kuid": "f9882et7-c3a6-44re-bcu7-dc6a36n6",
  "id": "VoltMX.IntroductiontoSegmentV9.uiLabel",
  "content": {
    "title": "Assign Position to Label",
    "body": "<ol><li>From the <b>Properties</b> panel, navigate to the <b>Look</b> tab.</li>\n<li>Under the <b>Flex</b> section, assign the following values:<ul>\n<li>Left: <b>165 Dp</b></li>\n<li>Top: <b>23 Dp</b></li>\n<li>Width: <b>220 Dp</b></li>\n<li>Height: <b>22 Dp</b></li></ul></li></ol>"
  },
  "pointer": {
    "direction": "right",
    "element": {
      "module": "propertieswindow"
    },
    "type": "default"
  },
  "navigationType": "manual",
  "navigationBar": {
    "left": {
      "text": "Previous",
      "enable": true,
      "hide": false
    },
    "right": {
      "text": "Next",
      "enable": true,
      "hide": false
    }
  },
  "navigationCondition": "",
  "position": "BOTTOM_RIGHT",
  "meta": {
    "Creator": "Rashmi Menon",
    "CreatedOn": "Mon, 25 Nov 2019 10:16:12 GMT"
  },
  "context": [],
  "localization": {
    "en-us": {
      "content": {
        "title": "Assign Position to Label",
        "body": "<ol><li>From the <b>Properties</b> panel, navigate to the <b>Look</b> tab.</li>\n<li>Under the <b>Flex</b> section, assign the following values:<ul>\n<li>Left: <b>165 Dp</b></li>\n<li>Top: <b>23 Dp</b></li>\n<li>Width: <b>220 Dp</b></li>\n<li>Height: <b>22 Dp</b></li></ul></li></ol>"
      },
      "navigationBar": {
        "left": {
          "text": "Previous"
        },
        "right": {
          "text": "Next"
        }
      }
    },
    "zh-cn": {
      "content": {
        "title": "将位置分配给标签",
        "body": "***<ol> <li>从<b> properties </b>面板，导航到<b> look </b> tab。</li> \n <li>在<b> flex </b>部分下，分配以下值：<ul> \n <li>左：<b> 165 dp </b> </li> \n <li>顶部：<b> 23 dp </b> </li> \n <li>宽度：<b> 220 dp </b> </li> \n <li>高度：<b> 22 dp </b> </li> </ul> </li> {28} </ol>"
      },
      "navigationBar": {
        "left": {
          "text": "以前的"
        },
        "right": {
          "text": "下一个"
        }
      }
    },
    "zh-tw": {
      "content": {
        "title": "將位置分配給標籤",
        "body": "***<ol> <li>從<b> properties </b>面板，導航到<b> look </b> tab。</li> \n <li>在<b> flex </b>部分下，分配以下值：<ul> \n <li>左：<b> 165 dp </b> </li> \n <li>頂部：<b> 23 dp </b> </li> \n <li>寬度：<b> 220 dp </b> </li> \n <li>高度：<b> 22 dp </b> </li> </ul> </li> {28} </ol>"
      },
      "navigationBar": {
        "left": {
          "text": "以前的"
        },
        "right": {
          "text": "下一個"
        }
      }
    }
  }
}