{
    "kuid": "f2395ef4-a134-4056-858d-a7fd4534",
    "id": "Kony.FirstApp.CreateProject",
    "content": {
        "title": "Create a New App",
        "body": "<ol>\n<li>From the main menu, navigate to <b>Project</b> > <b>New Project</b>.</li>\n<li>From the <b>New Project</b> window, select <b>Create Custom App</b> and click <b>Choose</b>.</li>\n<li>Name the Project <b>EmpDirectoryMob</b>.<br/>\n<b>Kony Reference Architecture</b> should be selected.</li><li> Click <b>Create</b>.<br/>It may take some time for Visualizer to create the new project.</ol>"
    },
    "position": "TOP_RIGHT",
    "navigationType": "manual",
    "navigationCondition": "",
    "pointer": {
        "direction": "left",
        "element": {
            "module": "shortcutbar",
            "itemId": "frmKonyLib_vizlogo"
        },
        "type": "none"
    },
    "navigationBar": {
        "left": {
            "text": "Previous",
            "hide": false,
            "enable": true
        },
        "right": {
            "text": "Next",
            "enable": true,
            "hide": false
        }
    }
}