{
  "kuid": "ade231ta-95a7-4fre-81uf-8d1bcdn9",
  "id": "VoltMX.AddaSalesforceServiceV9.generateObj",
  "content": {
    "title": "Add Account Object to Salesforce",
    "body": "<ol>\n<li>Click <strong>Generate</strong> to add the <strong>Account</strong> object to your salesforce service.</li>\n<li>Close the <strong>Configure Object Service</strong> window.<br />You have successfully added the <strong>Account </strong>object to your service.</li>\n</ol>"
  },
  "pointer": {
    "direction": "left",
    "element": {
      "module": "mfconsole",
      "css_selector": ".modal-footer-useExtntble>.pull-right>.btn.btn-primary[ng-click='importObjects();']"
    },
    "type": "default"
  },
  "navigationType": "manual",
  "navigationBar": {
    "left": {
      "text": "Previous",
      "enable": true,
      "hide": false
    },
    "right": {
      "text": "Next",
      "enable": true,
      "hide": false
    }
  },
  "navigationCondition": "",
  "position": "BOTTOM_LEFT",
  "meta": {
    "Creator": "Rashmi Menon",
    "CreatedOn": "Wed, 27 Nov 2019 08:50:34 GMT"
  },
  "context": [],
  "localization": {
    "en-us": {
      "content": {
        "title": "Add Account Object to Salesforce",
        "body": "<ol>\n<li>Click <strong>Generate</strong> to add the <strong>Account</strong> object to your salesforce service.</li>\n<li>Close the <strong>Configure Object Service</strong> window.<br />You have successfully added the <strong>Account </strong>object to your service.</li>\n</ol>"
      },
      "navigationBar": {
        "left": {
          "text": "Previous"
        },
        "right": {
          "text": "Next"
        }
      }
    },
    "zh-cn": {
      "content": {
        "title": "将帐户对象添加到Salesforce",
        "body": "<ol> \n <li>单击<strong>生成</strong>以将<strong>帐户</strong>对象添加到您的Salesforce服务。</li> \n <li>关闭<strong>配置对象服务</strong>窗口。<br />您已成功地将<strong>帐户</strong>对象添加到您的服务中。</li> \n </ol>"
      },
      "navigationBar": {
        "left": {
          "text": "以前的"
        },
        "right": {
          "text": "下一个"
        }
      }
    },
    "zh-tw": {
      "content": {
        "title": "將帳戶對象添加到Salesforce",
        "body": "<ol> \n <li>單擊<strong>生成</strong>以將<strong>帳戶</strong>對象添加到您的Salesforce服務。</li> \n <li>關閉<strong>配置對象服務</strong>窗口。<br />您已成功地將<strong>帳戶</strong>對象添加到您的服務中。</li> \n </ol>"
      },
      "navigationBar": {
        "left": {
          "text": "以前的"
        },
        "right": {
          "text": "下一個"
        }
      }
    }
  }
}