{
    "kuid": "e86c8atc-4cac-44rb-90u1-543bf3n3",
    "id": "VoltMX.IntroductionToInternationalV9.publish1",
    "content": {
        "title": "Publish the App",
        "body": "<ol>\n<li>From the <strong>Post Build Action </strong>drop-down menu, select <strong>Run on my Device/Emulator</strong>.</li>\n<li>From the <strong>Configured Devices </strong>section, under <strong>Mobile</strong>, select your <strong>mobile </strong></li>\n<li>From the <strong>Build Mode </strong>drop-down menu, select <strong>Debug</strong>.</li>\n<li>Click <strong>Build</strong>.</li>\n</ol>\n<p>It may take a few minutes for Iris to build and launch the app.</p>"
    },
    "pointer": {
        "direction": "left",
        "element": {
            "module": "ui-library",
            "instanceId": "buildandpublishnative-postbuildaction_listbox"
        },
        "type": "default"
    },
    "navigationType": "manual",
    "navigationBar": {
        "left": {
            "text": "Previous",
            "enable": true,
            "hide": false
        },
        "right": {
            "text": "Next",
            "enable": true,
            "hide": false
        }
    },
    "navigationCondition": "",
    "position": "BOTTOM_RIGHT",
    "meta": {
        "Creator": "Rashmi Menon",
        "CreatedOn": "Thu, 05 Dec 2019 06:04:45 GMT"
    },
    "context": []
}