{
    "kuid": "a9d209tc-e1a0-4dr4-adu3-7b4fa6n8",
    "id": "kony.EditPayeeMobile_v9.navAcc1",
    "content": {
        "title": "Navigating to Accounts Screen",
        "body": "<ol>\n<li>From the <strong>Action Editor</strong> left menu, under the <strong>General </strong>section, select <strong>Navigate to Form</strong>.</li>\n<li>From the right pane of the <strong>Action Editor</strong>, select <strong>frmAccount</strong>.</li>\n<li>Click <strong>Save</strong>.</li>\n</ol>"
    },
    "pointer": {
        "direction": "left",
        "element": {
            "module": "actioneditor",
            "itemType": "ae-action-type",
            "info": {
                "actionType": "Navigate to Form"
            }
        },
        "type": "default"
    },
    "navigationType": "manual",
    "navigationBar": {
        "left": {
            "text": "Previous",
            "enable": true,
            "hide": false
        },
        "right": {
            "text": "Next",
            "enable": true,
            "hide": false
        }
    },
    "navigationCondition": "",
    "position": "BOTTOM_RIGHT",
    "meta": {
        "Creator": "Rashmi Menon",
        "CreatedOn": "Fri, 28 Feb 2020 12:16:16 GMT"
    },
    "context": []
}