{
    "kuid": "3fcdeftd-04a7-4fr0-b0uc-429306n8",
    "id": "kony.IntrotoSegmentTempV9.positionImg",
    "content": {
        "title": "Assign Position to the Image",
        "body": "<ol><li>From the <b>Properties</b> panel, navigate to the <b>Look</b> tab.</li>\n<li>Under the <b>Flex</b> Section, assign the following values:<ul>\n<li>Left: <b>14 Dp</b></li>\n<li>Width: <b>96 Dp</b></li>\n<li>Height: <b>93 Dp</b></li>\n<li>Center Y: <b>50 %</b></li></ul></li></ol>"
    },
    "pointer": {
        "direction": "right",
        "element": {
            "module": "propertieswindow"
        },
        "type": "default"
    },
    "navigationType": "manual",
    "navigationBar": {
        "left": {
            "text": "Previous",
            "enable": true,
            "hide": false
        },
        "right": {
            "text": "Next",
            "enable": true,
            "hide": false
        }
    },
    "navigationCondition": "",
    "position": "BOTTOM_RIGHT",
    "meta": {
        "Creator": "Rashmi Menon",
        "CreatedOn": "Mon, 25 Nov 2019 11:45:29 GMT"
    },
    "context": []
}