{
    "kuid": "65d360tb-49ad-48r4-bcu3-724c8an2",
    "id": "VoltMX.IntrotoSegmentTempV9.tempEditing",
    "content": {
        "title": "Inline Template Editing",
        "body": "<ol><li>From the <b>Project</b> explorer, expand <b>Mobile</b> > <b>Forms</b> > <b>frmList</b>.</li>\n<li>Select <b>employeeSegment</b>.</li>\n<li>In the canvas, right-click on the segment, select <b>Enable Template Editing</b>.</li>\n<li>Select the label <b>employeeName</b> inside the canvas.</li>\n<li>From the <b>Properties</b> panel, navigate to the <b>Look</b> tab.\n<li>Under the <b>Flex</b> section, modify<br/> Left: <b>143 Dp</b>.<br/>\n You can see that the change is reflected in the position of all the labels on the canvas.</li>\n<li>In the canvas, right-click on the segment, select <b>Disable Template Editing</b>.</li></ol>"
    },
    "pointer": {
        "direction": "top",
        "element": {
            "module": "projectexplorer",
            "path": "project-head"
        },
        "type": "default"
    },
    "navigationType": "manual",
    "navigationBar": {
        "left": {
            "text": "Previous",
            "enable": true,
            "hide": false
        },
        "right": {
            "text": "Next",
            "enable": true,
            "hide": false
        }
    },
    "navigationCondition": "",
    "position": "BOTTOM_RIGHT",
    "meta": {
        "Creator": "Rashmi Menon",
        "CreatedOn": "Mon, 25 Nov 2019 11:48:56 GMT"
    },
    "context": []
}