<?xml version="1.0"?>
<Hike kuid="d06a69t9-f4a1-4ar8-b2u3-86f6a8n3" id="VoltMX.EditPayeeMobile_v9" title="VoltMX.EditPayeeMobile_v9">
    <Description> Description of hike</Description>
    <Meta>
        <Creator>Rashmi Menon</Creator>
        <Createdon>Fri, 28 Feb 2020 11:14:48 GMT</Createdon>
    </Meta>
    <Hikecard id="VoltMX.EditPayeeMobile_v9.Intro"/>
    <Hikecard id="VoltMX.EditPayeeMobile_v9.frmedit"/>
    <Hikecard id="VoltMX.EditPayeeMobile_v9.uiedit"/>
    <Hikecard id="VoltMX.EditPayeeMobile_v9.mapping"/>
    <Hikecard id="VoltMX.EditPayeeMobile_v9.mapping1"/>
    <Hikecard id="VoltMX.EditPayeeMobile_v9.mapping2"/>
    <Hikecard id="VoltMX.EditPayeeMobile_v9.mapping3"/>
    <Hikecard id="VoltMX.EditPayeeMobile_v9.mapping4"/>
    <Hikecard id="VoltMX.EditPayeeMobile_v9.mapping5"/>
    <Hikecard id="VoltMX.EditPayeeMobile_v9.mapping6"/>
    <Hikecard id="VoltMX.EditPayeeMobile_v9.mapping7"/>
    <Hikecard id="VoltMX.EditPayeeMobile_v9.update"/>
    <Hikecard id="VoltMX.EditPayeeMobile_v9.update1"/>
    <Hikecard id="VoltMX.EditPayeeMobile_v9.update2"/>
    <Hikecard id="VoltMX.EditPayeeMobile_v9.update3"/>
    <Hikecard id="VoltMX.EditPayeeMobile_v9.update4"/>
    <Hikecard id="VoltMX.EditPayeeMobile_v9.update5"/>
    <Hikecard id="VoltMX.EditPayeeMobile_v9.update6"/>
    <Hikecard id="VoltMX.EditPayeeMobile_v9.navRec"/>
    <Hikecard id="VoltMX.EditPayeeMobile_v9.navRec1"/>
    <Hikecard id="VoltMX.EditPayeeMobile_v9.navAcc"/>
    <Hikecard id="VoltMX.EditPayeeMobile_v9.navAcc1"/>
    <Hikecard id="VoltMX.EditPayeeMobile_v9.navEdit"/>
    <Hikecard id="VoltMX.EditPayeeMobile_v9.navEdit1"/>
    <Hikecard id="VoltMX.EditPayeeMobile_v9.back"/>
    <Hikecard id="VoltMX.EditPayeeMobile_v9.back1"/>
    <Hikecard id="VoltMX.EditPayeeMobile_v9.navDet"/>
    <Hikecard id="VoltMX.EditPayeeMobile_v9.detMapping0"/>
    <Hikecard id="VoltMX.EditPayeeMobile_v9.detMapping1"/>
    <Hikecard id="VoltMX.EditPayeeMobile_v9.detMapping2"/>
    <Hikecard id="VoltMX.EditPayeeMobile_v9.detMapping3"/>
    <Hikecard id="VoltMX.EditPayeeMobile_v9.detMapping4"/>
    <Hikecard id="VoltMX.EditPayeeMobile_v9.detMapping5"/>
    <Hikecard id="VoltMX.EditPayeeMobile_v9.openapp"/>
    <Hikecard id="VoltMX.EditPayeeMobile_v9.run"/>
    <Hikecard id="VoltMX.EditPayeeMobile_v9.view"/>
    <Hikecard id="VoltMX.EditPayeeMobile_v9.done"/>
</Hike>