{
    "kuid": "426b6dt1-0caf-44rf-b4u0-87d94enc",
    "id": "Kony.AuthApp.Mapping.openapp",
    "content": {
        "title": "Kony Quantum App",
        "body": "<ol>\n<li>Connect your <strong>mobile</strong> device to your computer using a USB cable.<br />For Android mobile device, ensure that the use of USB is set as <strong>Transfer files</strong>.<br />For iOS mobile device, ensure that a <strong>trust</strong> has been established between your device and your computer.</li>\n<li>Launch the <strong>Kony Quantum App</strong> on your <strong>mobile</strong> device.</li>\n<li>Select the <strong>USB</strong> tab.</li>\n<li>On a successful connection, <strong>Visualizer</strong> on your computer shows a success prompt.</li>\n</ol>"
    },
    "pointer": {
        "direction": "left",
        "element": "",
        "type": "none"
    },
    "navigationType": "manual",
    "navigationBar": {
        "left": {
            "text": "Previous",
            "enable": true,
            "hide": false
        },
        "right": {
            "text": "Next",
            "enable": true,
            "hide": false
        }
    },
    "navigationCondition": "",
    "position": "CENTER",
    "meta": {
        "Creator": "Rashmi Menon",
        "CreatedOn": "Thu, 31 Jan 2019 08:12:51 GMT"
    },
    "context": []
}