{
  "kuid": "1f5b43tb-e5a5-4br9-b1ub-52d7e0n2",
  "id": "VoltMX.IntrotoActionEditorV9.view",
  "content": {
    "title": "View the App",
    "body": "<ol>\n<li>On your <strong>Volt MX App</strong>, click <strong>Launch</strong>.</li>\n<li>You may see an <strong>Application Name</strong> text box. If there is a text box, enter <strong>VoltMXACME</strong> and then click <strong>Launch</strong>.<br /> The form with the login screen appears.</li>\n</ol>"
  },
  "pointer": {
    "direction": "left",
    "element": "",
    "type": "none"
  },
  "navigationType": "manual",
  "navigationBar": {
    "left": {
      "text": "Previous",
      "enable": true,
      "hide": false
    },
    "right": {
      "text": "Next",
      "enable": true,
      "hide": false
    }
  },
  "navigationCondition": "",
  "position": "BOTTOM_RIGHT",
  "meta": {
    "Creator": "Rashmi Menon",
    "CreatedOn": "Tue, 26 Nov 2019 05:32:30 GMT"
  },
  "context": [],
  "localization": {
    "en-us": {
      "content": {
        "title": "View the App",
        "body": "<ol>\n<li>On your <strong>Volt MX App</strong>, click <strong>Launch</strong>.</li>\n<li>You may see an <strong>Application Name</strong> text box. If there is a text box, enter <strong>VoltMXACME</strong> and then click <strong>Launch</strong>.<br /> The form with the login screen appears.</li>\n</ol>"
      },
      "navigationBar": {
        "left": {
          "text": "Previous"
        },
        "right": {
          "text": "Next"
        }
      }
    },
    "zh-cn": {
      "content": {
        "title": "查看应用程序",
        "body": "<ol> \n <li>在您的<strong> volt mx app </strong>上，单击<strong>启动</strong>。</li> \n <li>您可能会看到<strong>应用程序名称</strong>文本框。 如果有一个文本框，请输入<strong> voltmxacme </strong>，然后单击<strong>启动</strong>。<br />出现带有登录屏幕的表单。</li> \n </ol>"
      },
      "navigationBar": {
        "left": {
          "text": "以前的"
        },
        "right": {
          "text": "下一个"
        }
      }
    },
    "zh-tw": {
      "content": {
        "title": "查看應用程序",
        "body": "<ol> \n <li>在您的<strong> volt mx app </strong>上，單擊<strong>啟動</strong>。</li> \n <li>您可能會看到<strong>應用程序名稱</strong>文本框。 如果有一個文本框，請輸入<strong> voltmxacme </strong>，然後單擊<strong>啟動</strong>。<br />出現帶有登錄屏幕的表單。</li> \n </ol>"
      },
      "navigationBar": {
        "left": {
          "text": "以前的"
        },
        "right": {
          "text": "下一個"
        }
      }
    }
  }
}