{
  "kuid": "f83c2ct2-aea2-4frb-96u7-73d9dan7",
  "id": "VoltMX.UserRepositoryAuthV9.HomeForm",
  "content": {
    "title": "Create a New Form",
    "body": "<ol>\n<li>From the <strong>Project</strong> explorer, navigate to <strong>Responsive Web / Desktop > Forms</strong>.</li>\n<li>Right-click on <strong>Forms</strong>, and select New Form.</li>\n<li>Right-click on <strong>Form1</strong>, and select <strong>Rename</strong>.</li>\n<li>Rename  the form from <strong>Form1</strong> to <strong>frmHome</strong>.</li>\n</ol>"
  },
  "pointer": {
    "direction": "left",
    "element": {
      "module": "projectexplorer",
      "path": "project-body\\project\\Mobile\\Forms"
    },
    "type": "default"
  },
  "navigationType": "manual",
  "navigationBar": {
    "left": {
      "text": "Previous",
      "enable": true,
      "hide": false
    },
    "right": {
      "text": "Next",
      "enable": true,
      "hide": false
    }
  },
  "navigationCondition": "",
  "position": "BOTTOM_RIGHT",
  "meta": {
    "Creator": "Rashmi Menon",
    "CreatedOn": "Wed, 27 Nov 2019 06:59:30 GMT"
  },
  "context": [],
  "localization": {
    "en-us": {
      "content": {
        "title": "Create a New Form",
        "body": "<ol>\n<li>From the <strong>Project</strong> explorer, navigate to <strong>Responsive Web / Desktop > Forms</strong>.</li>\n<li>Right-click on <strong>Forms</strong>, and select New Form.</li>\n<li>Right-click on <strong>Form1</strong>, and select <strong>Rename</strong>.</li>\n<li>Rename  the form from <strong>Form1</strong> to <strong>frmHome</strong>.</li>\n</ol>"
      },
      "navigationBar": {
        "left": {
          "text": "Previous"
        },
        "right": {
          "text": "Next"
        }
      }
    },
    "zh-cn": {
      "content": {
        "title": "创建新形式",
        "body": "<ol> \n <li>来自<strong> project </strong>资源管理器，导航到<strong>响应式web / desktop> forms </strong>。</li> \n <li>右键单击<strong>表单</strong>，然后选择新表单。</li> \n <li>右键单击<strong> form1 </strong>，然后选择<strong>重命名</strong>。</li> \n <li>重命名<strong> form1 </strong>的表单为<strong> frmhome </strong>。</li> \n </ol>"
      },
      "navigationBar": {
        "left": {
          "text": "以前的"
        },
        "right": {
          "text": "下一个"
        }
      }
    },
    "zh-tw": {
      "content": {
        "title": "創建新形式",
        "body": "<ol> \n <li>來自<strong> project </strong>資源管理器，導航到<strong>響應式web / desktop> forms </strong>。</li> \n <li>右鍵單擊<strong>表單</strong>，然後選擇新表單。</li> \n <li>右鍵單擊<strong> form1 </strong>，然後選擇<strong>重命名</strong>。</li> \n <li>重命名<strong> form1 </strong>的表單為<strong> frmhome </strong>。</li> \n </ol>"
      },
      "navigationBar": {
        "left": {
          "text": "以前的"
        },
        "right": {
          "text": "下一個"
        }
      }
    }
  }
}