{
  "kuid": "7f69d5t9-50ac-4er4-b0u5-e70ea6n3",
  "id": "VoltMX.AssignDatatotheSegmentV9.uiLabel",
  "content": {
    "title": "Assign Position to the Label",
    "body": "<ol>\n<li>From the <strong>Properties</strong> panel, navigate to the <strong>Look</strong> tab.</li>\n<li>Under the <strong>Flex</strong> section, enter the following values:\n<ul>\n<li>Left: <strong>165 Dp</strong></li>\n<li>Center Y: <strong>50%</strong></li>\n</ul>\n</li>\n</ol>"
  },
  "pointer": {
    "direction": "right",
    "element": {
      "module": "propertieswindow",
      "css_selector": ".kcell ul li div[id ='frmKonyLib_Look_A']"
    },
    "type": "default"
  },
  "navigationType": "manual",
  "navigationBar": {
    "left": {
      "text": "Previous",
      "enable": true,
      "hide": false
    },
    "right": {
      "text": "Next",
      "enable": true,
      "hide": false
    }
  },
  "navigationCondition": "",
  "position": "BOTTOM_RIGHT",
  "meta": {
    "Creator": "Rashmi Menon",
    "CreatedOn": "Mon, 25 Nov 2019 11:01:00 GMT"
  },
  "context": [],
  "localization": {
    "en-us": {
      "content": {
        "title": "Assign Position to the Label",
        "body": "<ol>\n<li>From the <strong>Properties</strong> panel, navigate to the <strong>Look</strong> tab.</li>\n<li>Under the <strong>Flex</strong> section, enter the following values:\n<ul>\n<li>Left: <strong>165 Dp</strong></li>\n<li>Center Y: <strong>50%</strong></li>\n</ul>\n</li>\n</ol>"
      },
      "navigationBar": {
        "left": {
          "text": "Previous"
        },
        "right": {
          "text": "Next"
        }
      }
    },
    "zh-cn": {
      "content": {
        "title": "将位置分配给标签",
        "body": "<ol> \n <li>从<strong>属性</strong>面板，导航到<strong> look </strong> tab。</li> \n <li>在<strong> flex </strong>部分下，输入以下值： \n <ul> \n <li>左：<strong> 165 dp </strong> </li> \n <li>中心y：<strong> 50％</strong> </li> \n </ul> \n </li> \n </ol>"
      },
      "navigationBar": {
        "left": {
          "text": "以前的"
        },
        "right": {
          "text": "下一个"
        }
      }
    },
    "zh-tw": {
      "content": {
        "title": "將位置分配給標籤",
        "body": "<ol> \n <li>從<strong>屬性</strong>面板，導航到<strong> look </strong> tab。</li> \n <li>在<strong> flex </strong>部分下，輸入以下值： \n <ul> \n <li>左：<strong> 165 dp </strong> </li> \n <li>中心y：<strong> 50％</strong> </li> \n </ul> \n </li> \n </ol>"
      },
      "navigationBar": {
        "left": {
          "text": "以前的"
        },
        "right": {
          "text": "下一個"
        }
      }
    }
  }
}