{
    "kuid": "79592et5-eea4-4fr7-a4u6-140e9cn5",
    "id": "VoltMX.EditPayeeMobile_v9.frmedit",
    "content": {
        "title": "Edit Recipient Screen",
        "body": "<ol>\n<li>From the <strong>Project</strong> explorer, expand <strong>Mobile</strong>.</li>\n<li>Right-click <strong>Forms</strong> and select <strong>New Form</strong>.</li>\n<li>Right-click <strong>Form1</strong> and select Rename.</li>\n<li>Rename the new form from <strong>Form1</strong> to <strong>frmEditRecipient</strong>.</li>\n</ol>"
    },
    "pointer": {
        "direction": "left",
        "element": {
            "module": "projectexplorer",
            "path": "project-body\\project\\Mobile\\Forms"
        },
        "type": "default"
    },
    "navigationType": "manual",
    "navigationBar": {
        "left": {
            "text": "Previous",
            "enable": true,
            "hide": false
        },
        "right": {
            "text": "Next",
            "enable": true,
            "hide": false
        }
    },
    "navigationCondition": "",
    "position": "BOTTOM_RIGHT",
    "meta": {
        "Creator": "Rashmi Menon",
        "CreatedOn": "Fri, 28 Feb 2020 11:24:12 GMT"
    },
    "context": []
}