{
  "Tour.CreateDetailsNative_v9": "Description of Tour",
  "Hike.VoltMX.CreateDetailsNative_v9": "Description of hike",
  "Card.VoltMX.CreateDetailsNat_v9.createDetailsSc": {
    "content": {
      "title": "Create Recipient Details Screen",
      "body": "<ol>\n<li>From the <strong>Project </strong>explorer, expand <strong>Mobile</strong>.</li>\n<li>Right-click <strong>Form</strong>, and select <strong>New Form</strong>.</li>\n<li>Right-click <strong>Form1</strong>, and select <strong>Rename</strong>.</li>\n<li>Rename the form from <strong>Form1</strong> to <strong>frmDetails</strong>.</li>\n</ol>"
    },
    "navigationBar": {
      "left": {
        "text": "Previous"
      },
      "right": {
        "text": "Next"
      }
    }
  },
  "Card.VoltMX.CreateDetailsNative_v9.Intro": {
    "content": {
      "title": "Create Recipient Detail Screen",
      "body": "<p><strong>Let&rsquo;s get started!</strong></p>\n<p>In this hike, you will learn how to:</p>\n<ul>\n<li>Create a Recipient details form.</li>\n<li>Create the UI for the Create Recipient details form using services.</li>\n<li>Add the feature for deleting the recipients.</li>\n</ul>\n<p>Before you get started, complete the following hikes:</p>\n<ol><b>\n<li><a class=\"tour-link\" tour=\"7408efte-e2aa-4cr8-a9ub-d7ba36n8\">Launch your First Mobile App</a></li><li><a class=\"tour-link\" tour=\"a617eft5-7ca8-4ard-8eu8-94cdean5\">Create UI from Collections</a></li><li><a class=\"tour-link\" tour=\"15d8c7t4-cda7-40rb-afu7-345cfcnc\">Add Authentication to the App</a></li>\n<li><a class=\"tour-link\" tour=\"a7a762t5-3eac-44r5-8bu2-89b781n1\">Creating Services for a Native App</a> </li>\n<li><a class=\"tour-link\" tour=\"fab6d8ta-91ac-4frc-8fud-14a9f7na\">Connect App UI to Data in a Native App</a></li></b>\n</ol><br/>\n<p>Ensure that you open the same project that you have created in the hike 2 above.</p>\n<p>To open a closed project, from the main menu navigate to <strong>Project</strong> &gt; <strong>Open</strong> &gt; <strong>HCL Reference Architecture</strong> &gt; <strong>RecipientsMobApp</strong>.</p><br/>\n<p><strong>When you are ready, click Start!</strong></p>"
    },
    "navigationBar": {
      "left": {
        "text": "Previous"
      },
      "right": {
        "text": "Start"
      }
    }
  },
  "Card.VoltMX.CreateDetailsNative_v9.UIchange1": {
    "content": {
      "title": "Recipients Details Screen UI",
      "body": "<ol>\n<li>From the <strong>Data &amp; Services </strong>panel, expand <strong>Project Services</strong> &gt; <strong>RecipientStorage1</strong> &gt; <strong>Recipients</strong>.</li>\n<li>Select the <strong>get </strong>operation and drop it on the canvas.<br />The <strong>What would you like to generate? </strong>window appears.</li>\n</ol>"
    },
    "navigationBar": {
      "left": {
        "text": "Previous"
      },
      "right": {
        "text": "Next"
      }
    }
  },
  "Card.VoltMX.CreateDetailsNative_v9.UIchange2": {
    "content": {
      "title": "Recipients Details Screen UI",
      "body": "<ol>\n<li>From the <strong>What would you like to generate?</strong> window, select <strong>Details Using Response</strong>.</li>\n<li>Click <strong>OK</strong>.<br />A new window appears, asking whether you want to generate navigation from <strong>frmRecipients</strong>.</li>\n<li>Click <strong>Yes</strong>.<br />Iris may take some time to load the parameters and generate the UI.<br />The UI for <strong>frmDetails</strong> screen is created.</li>\n</ol>"
    },
    "navigationBar": {
      "left": {
        "text": "Previous"
      },
      "right": {
        "text": "Next"
      }
    }
  },
  "Card.VoltMX.CreateDetailsNative_v9.UIchange3": {
    "content": {
      "title": "Deleting the Default Header",
      "body": "<ol>\n<li>From the <strong>Project </strong>explorer, navigate to <strong>Mobile</strong> &gt;&nbsp;<strong>Forms</strong> &gt;&nbsp;<strong>frmDetails</strong>.</li>\n<li>Right-click and delete <strong>flexHeader</strong>.</li>\n<li>Click <strong>OK</strong>.</li>\n</ol>"
    },
    "navigationBar": {
      "left": {
        "text": "Previous"
      },
      "right": {
        "text": "Next"
      }
    }
  },
  "Card.VoltMX.CreateDetailsNative_v9.UIchange4": {
    "content": {
      "title": "Customizing the UI",
      "body": "<ol><li>From the <strong>Project</strong> explorer, navigate to <strong>Mobile</strong> &gt; <strong>Forms</strong> &gt; <strong>frmDetails</strong> and select <b>flexFieldsContainer</b>.</li>\n<li>From the <b>Properties</b> panel, navigate to the <b>Look</b> tab. </li><li>Under the <strong>Dynamic Form</strong> section, for <strong>Fields</strong>, click <strong>Customize</strong>.<br />The <strong>Configure Details</strong> window appears<strong>.</strong></li>\n<li>In the <strong>Configure Details </strong>window, for the <strong>Fields</strong>, provide the following <strong>Display Names</strong>:\n<ul>\n<li><strong>RecipientID</strong> field: <strong>RecipientID</strong></li>\n<li><strong>FirstName</strong> field: <strong>First Name</strong></li>\n<li><strong>LastName </strong>field: <strong>Last Name</strong></li>\n<li><strong>NickName </strong>field: <strong>Nick Name</strong></li>\n<li><strong>Phone </strong>field: <strong>Phone Number</strong></li>\n</ul>\n</li>\n<li>Click <strong>Regenerate</strong>.</li>\n</ol>"
    },
    "navigationBar": {
      "left": {
        "text": "Previous"
      },
      "right": {
        "text": "Next"
      }
    }
  },
  "Card.VoltMX.CreateDetailsNative_v9.UIchange5": {
    "content": {
      "title": "Recipients Details Screen UI",
      "body": "<ol>\n<li>From the <strong>Project </strong>explorer, expand <strong>Mobile </strong>&gt;&nbsp;<strong>Forms</strong> &gt; <strong>frmDetails</strong> &gt; <strong>flexFieldsContainer</strong>, and select <strong>flexRecipientID</strong>.</li>\n<li>From the <strong>Properties</strong> panel, navigate to the <strong>Look</strong> tab.</li>\n<li>Under the <strong>General </strong>section, for the <strong>Visible</strong> field, select <strong>Off</strong>.</li>\n</ol>"
    },
    "navigationBar": {
      "left": {
        "text": "Previous"
      },
      "right": {
        "text": "Next"
      }
    }
  },
  "Card.VoltMX.CreateDetailsNative_v9.deletFeature7": {
    "content": {
      "title": "Adding Delete Feature",
      "body": "<ol>\n<li>From the left menu of the <strong>Action Editor</strong>, under <strong>Function</strong>, select&nbsp;<strong>Add Snippet</strong>.</li>\n<li>In the right pane of the Action Editor, provide the following code:<br /><span style=\"background-color: #999999;\"><strong>self.view.forceLayout();</strong></span></li>\n<li>From the left menu of the Action Editor, under <strong>General</strong>, select <strong>Navigate to Form</strong>.</li>\n<li>From the right pane of the Action Editor, select <strong>frmDetails</strong>.</li>\n<li>Click <strong>Save</strong>.</li>\n</ol>"
    },
    "navigationBar": {
      "left": {
        "text": "Previous"
      },
      "right": {
        "text": "Next"
      }
    }
  },
  "Card.VoltMX.CreateDetailsNative_v9.deleteFeature": {
    "content": {
      "title": "Adding Delete Feature",
      "body": "<ol>\n<li>From the <strong>Project</strong> explorer, expand <strong>Mobile</strong> &gt;<strong> Forms</strong> and select<strong> frmDetails</strong>.</li>\n<li>From the <strong>Data &amp; Services</strong> panel, expand <strong>Project Services </strong>&gt;<strong> RecipientStorage1</strong> &gt;<strong> Recipients</strong> and select the <b>delete</b> operation.</li>\n<li>Drop the <strong>delete</strong> operation onto the canvas.<br />This creates the <strong>Delete</strong> button.</li>\n</ol>"
    },
    "navigationBar": {
      "left": {
        "text": "Previous"
      },
      "right": {
        "text": "Next"
      }
    }
  },
  "Card.VoltMX.CreateDetailsNative_v9.deleteFeature1": {
    "content": {
      "title": "Adding Delete Feature",
      "body": "<ol>\n<li>From the <strong>Project Explorer</strong>, expand <strong>Mobile</strong> &gt; <strong>Forms</strong> &gt; <strong>frmDetails</strong> &gt; <strong>flexFieldsContainer</strong> and select <strong>btnSquared</strong>.</li>\n<li>From <strong>Properties</strong> panel, navigate to the <strong>Action</strong> tab.</li>\n<li>For the <strong>onClick</strong> event, click <strong>Edit</strong>.<br />The <strong>Action Editor</strong> window appears.</li>\n</ol>"
    },
    "navigationBar": {
      "left": {
        "text": "Previous"
      },
      "right": {
        "text": "Next"
      }
    }
  },
  "Card.VoltMX.CreateDetailsNative_v9.deleteFeature11": {
    "content": {
      "title": "Adding Delete Feature",
      "body": "<ol>\n<li>From the top-right corner of the <strong>Action Editor</strong> window, select <strong>Design View</strong>.</li>\n<li>From the <strong>Action Editor</strong> canvas, select <strong>Invoke Service</strong> (name: <strong>RecipientStorage1$Recipients$delete</strong>).</li>\n<li>From the right-pane of the Action editor, select <strong>Open Mapping Editor</strong>. <br />The Mapping Editor window appears.</li>\n</ol>"
    },
    "navigationBar": {
      "left": {
        "text": "Previous"
      },
      "right": {
        "text": "Next"
      }
    }
  },
  "Card.VoltMX.CreateDetailsNative_v9.deleteFeature2": {
    "content": {
      "title": "Adding Delete Feature",
      "body": "<ol>\n<li>From the left pane of the mapping editor, expand <strong>Forms</strong> &gt; <strong>frmDetails</strong> &gt; <strong>Label - lblRecipientIDValue</strong>, and select <strong>text {string}</strong>.</li>\n\n<li>From the right pane of the mapping editor, expand <strong>Services</strong> &gt; <strong>RecipientStorage1$Recipients$delete</strong>, and select <strong>RecipientID {number}</strong><br/>A new window appears, asking whether you want to continue mapping the mismatched elements.\nClick <strong>OK.</strong></li>\n<li>From the <strong>Action Editor</strong> canvas, select the <strong>IF</strong> condition.</li>\n</ol>"
    },
    "navigationBar": {
      "left": {
        "text": "Previous"
      },
      "right": {
        "text": "Next"
      }
    }
  },
  "Card.VoltMX.CreateDetailsNative_v9.deleteFeature21": {
    "content": {
      "title": "Adding Delete Feature",
      "body": "<ol>\n<li>From the left menu of the <strong>Action Editor</strong>, under the <strong>Widget</strong> section, select <strong>Set Widget Property</strong>.</li>\n<li>From the right pane, under <strong>Mobile</strong> <strong>Forms</strong> &gt; <strong>frmDetails</strong> &gt; <strong>flexFieldsContainer</strong>, select <strong>flexDeleteSuccessHeader</strong>.</li>\n<li>In the right pane of the mapping editor, provide the following values.\n<ul>\n<li>Property: <strong>Visible</strong></li>\n<li>Value: <strong>True</strong></li>\n</ul>\n</li>\n</ol>"
    },
    "navigationBar": {
      "left": {
        "text": "Previous"
      },
      "right": {
        "text": "Next"
      }
    }
  },
  "Card.VoltMX.CreateDetailsNative_v9.deleteFeature3": {
    "content": {
      "title": "Adding Delete Feature",
      "body": "<ol>\n<li>From the left menu of the <strong>Action Editor</strong>, under the <strong>Widget</strong> section, select <strong>Set Widget Property</strong>.</li>\n<li>From the right pane, under <strong>Mobile Forms</strong> &gt; <strong>frmDetails</strong> &gt; <strong>flexFieldsContainer</strong>, and select <strong>btnSquared</strong>.</li>\n<li>In the right pane of the mapping editor, provide the following values.\n<ul>\n<li>Property: <strong>Opacity</strong></li>\n<li>Value: <strong>60%</strong></li>\n</ul>\n</li>\n</ol>"
    },
    "navigationBar": {
      "left": {
        "text": "Previous"
      },
      "right": {
        "text": "Next"
      }
    }
  },
  "Card.VoltMX.CreateDetailsNative_v9.deleteFeature4": {
    "content": {
      "title": "Adding Delete Feature",
      "body": "<ol>\n<li>From the left menu of the Action Editor, under <strong>Function</strong>, select <strong>Add Snippet</strong>.</li>\n<li>On the right pane of the Action Editor, provide the following code:<br /><span style=\"background-color: #999999;\"><strong>self.view.forceLayout();</strong></span></li>\n<li>From the left menu of the Action Editor, under <strong>General,</strong> select <strong>Set Timeout</strong>.</li>\n<li>In the right pane of the mapping editor, provide the following values:\n<ul>\n<li>Delay: <strong>2</strong></li>\n</ul>\n</li>\n</ol>"
    },
    "navigationBar": {
      "left": {
        "text": "Previous"
      },
      "right": {
        "text": "Next"
      }
    }
  },
  "Card.VoltMX.CreateDetailsNative_v9.deleteFeature5": {
    "content": {
      "title": "Adding Delete Feature",
      "body": "<ol>\n<li>From the left menu of the <strong>Action Editor</strong>, under the <strong>Widget</strong> section, select <strong>Set Widget Property</strong>.</li>\n<li>From the right pane, under <strong>Mobile</strong> <strong>Forms</strong> &gt; <strong>frmDetails </strong>&gt;<strong> flexFieldsContainer</strong>, select <strong>flexDeleteSuccessHeader</strong>.</li>\n<li>In the right pane of the mapping editor, provide the following values.\n<ul>\n<li>Property: <strong>Visible</strong></li>\n<li>Value: <strong>False</strong></li>\n</ul>\n</li>\n</ol>"
    },
    "navigationBar": {
      "left": {
        "text": "Previous"
      },
      "right": {
        "text": "Next"
      }
    }
  },
  "Card.VoltMX.CreateDetailsNative_v9.deleteFeature6": {
    "content": {
      "title": "Adding Delete Feature",
      "body": "<ol>\n<li>From the left menu of the <strong>Action Editor</strong>, under the <strong>Widget</strong> section, select <strong>Set Widget Property</strong>.</li>\n<li>From the right pane, under <strong>Mobile Forms</strong> &gt; <strong>frmDetails</strong> &gt; <strong>frmFieldsContainer</strong>, and select <strong>btnSquared</strong>.</li>\n<li>In the right pane of the mapping editor, provide the following values.\n<ul>\n<li>Property: <strong>Opacity</strong></li>\n<li>Value: <strong>100%</strong></li>\n</ul>\n</li>\n</ol>"
    },
    "navigationBar": {
      "left": {
        "text": "Previous"
      },
      "right": {
        "text": "Next"
      }
    }
  },
  "Card.VoltMX.CreateDetailsNative_v9.done": {
    "content": {
      "title": "Congratulations",
      "body": "<p>You&rsquo;ve successfully:</p>\n<ul>\n<li><strong>Created the Recipient detail screen</strong></li>\n<li><strong>Mapped the recipient detail UI to the services<br /></strong></li>\n<li><strong>Implemented navigation to all other forms in the app</strong></li>\n<li><strong>Implemented logout in the recipient details form<br /></strong></li>\n</ul>\n<p>For more information on creating recipients check out the next hike: <a class=\"tour-link\" tour=\"da2bbctf-3ba6-49rf-b2u9-b842dand\"><strong>7. Add Recipients</strong></a>.</p>"
    },
    "navigationBar": {
      "left": {
        "text": "Previous"
      },
      "right": {
        "text": "Done"
      }
    }
  },
  "Card.VoltMX.CreateDetailsNative_v9.finalChanges": {
    "content": {
      "title": "Delete Extra FlexContainers",
      "body": "<ol>\n<li>From the <strong>Project</strong> <strong>Explorer</strong>, expand <strong>Mobile</strong> &gt; <strong>Forms</strong> &gt; <b>frmDetails</b> > <strong>flexFieldsContainer</strong>, and select <strong>flexFieldsContainer1</strong>.</li>\n<li>Right-click and click delete <strong>flexFieldsContainer1</strong>.</li>\n<li>Click <strong>OK</strong> button to proceed.</li>\n</ol>"
    },
    "navigationBar": {
      "left": {
        "text": "Previous"
      },
      "right": {
        "text": "Next"
      }
    }
  },
  "Card.VoltMX.CreateDetailsNative_v9.finalChanges1": {
    "content": {
      "title": "Customizing the UI",
      "body": "<ol>\n<li>From the <strong>Project</strong> <strong>Explorer</strong>, expand <strong>Mobile</strong> &gt; <strong>Forms</strong> &gt; <b> frmDetails</b> >\n <strong>flexFieldsContainer</strong> &gt; <strong>flexFooter1</strong> &gt; <strong>flexSquaredBorderedButton</strong>, and select <strong>btnSquared.</strong></li>\n<li>Right-click <strong>btnSquared</strong> and click Cut.</li>\n<li>From the <strong>Project Explorer</strong>, expand <strong>Mobile</strong> &gt; <strong>Forms</strong> &gt; <b>frmDetails</b> > <strong>flexFieldsContainer</strong>, right-click <strong>flexFieldsContainer</strong> and select <b>Paste</b>.</li>\n</ol>"
    },
    "navigationBar": {
      "left": {
        "text": "Previous"
      },
      "right": {
        "text": "Next"
      }
    }
  },
  "Card.VoltMX.CreateDetailsNative_v9.finalChanges2": {
    "content": {
      "title": "Customizing the UI",
      "body": "<ol>\n<li>From the <strong>Project</strong> <strong>Explorer</strong>, expand <strong>Mobile</strong> &gt; <strong>Forms</strong> &gt; <b>frmDetails</b> > <strong>flexFieldsContainer</strong>, and select <strong>flexFooter1</strong>.</li>\n<li>Right-click <strong>flexFooter1</strong> and click Delete.</li>\n<li>Click <strong>OK</strong> button to proceed.</li>\n<li>From the Project Explorer, expand <strong>Mobile</strong> &gt; <strong>Forms</strong> &gt; <b>frmDetails</b> > <strong>flexFieldsContainer</strong> and select <strong>btnSquared</strong>.</li>\n<li>From the <strong>Properties </strong>panel, navigate to the <strong>Look</strong> tab.</li>\n<li>Under the <strong>Flex</strong> section, provide the following values:\n<ul>\n<li>Top: <strong>30%</strong></li>\n<li>Width: <strong>89%</strong></li>\n<li>Height: <strong>7%</strong></li>\n<li>Center X: <strong>50%</strong></li>\n<li>Center Y: <strong>Default</strong></li>\n</ul>\n</li>\n</ol>"
    },
    "navigationBar": {
      "left": {
        "text": "Previous"
      },
      "right": {
        "text": "Next"
      }
    }
  },
  "Card.VoltMX.CreateDetailsNative_v9.footer": {
    "content": {
      "title": "Configure the Footer of Details Screen",
      "body": "<ol>\n<li>From the <strong>Project </strong>explorer, expand <strong>Mobile</strong> &gt;&nbsp;<strong>Forms</strong>, and select <strong>frmDetails</strong>.</li>\n<li>From the bottom-left of your canvas, navigate to <strong>Default Library</strong>.</li>\n<li>Next to the <strong>Default Library</strong>, you will see the <strong>My Libraries </strong>tab and a search icon. <br />Click the search icon.</li>\n<li>In the search bar that appears, enter <strong>Footer</strong>.</li>\n</ol>"
    },
    "navigationBar": {
      "left": {
        "text": "Previous"
      },
      "right": {
        "text": "Next"
      }
    }
  },
  "Card.VoltMX.CreateDetailsNative_v9.footer1": {
    "content": {
      "title": "Configure the Footer of Details Screen",
      "body": "<ol>\n<li>From the results, under <strong>RecipientsMobile</strong>, right-click <strong>DetailsFooter </strong>and select <strong>Insert Into</strong>.</li>\n<li>The <b>DetailsFooter</b> is added to the <b>frmDetails</b> form.</li>\n<li>If the <strong>Resolve Conflicts</strong> window appears, click <strong>Close</strong> button.</li>\n</ol>"
    },
    "navigationBar": {
      "left": {
        "text": "Previous"
      },
      "right": {
        "text": "Next"
      }
    }
  },
  "Card.VoltMX.CreateDetailsNative_v9.header": {
    "content": {
      "title": "Configure the Header of Details Screen",
      "body": "<ol>\n<li>From the <strong>Project </strong>explorer, expand <strong>Mobile</strong> &gt;&nbsp;<strong>Forms</strong>, and select <strong>frmDetails</strong>.</li>\n<li>From the bottom-left of your canvas, navigate to <strong>Default Library</strong>.</li>\n<li>Next to the <strong>Default Library</strong>, you will see the <strong>My Libraries </strong>tab and a search icon. <br />Click the search icon.</li>\n<li>In the search bar that appears, enter <strong>Header</strong>.</li>\n</ol>"
    },
    "navigationBar": {
      "left": {
        "text": "Previous"
      },
      "right": {
        "text": "Next"
      }
    }
  },
  "Card.VoltMX.CreateDetailsNative_v9.header1": {
    "content": {
      "title": "Configure the Header of Details Screen",
      "body": "<ol>\n<li>From the results, under the <strong>RecipientsMobile</strong> collection, right-click <strong>DetailsHeader </strong>and select <strong>Insert Into</strong>.</li>\n<li>The <b>DetailsHeader</b> is added to the <b>frmDetails</b> form.</li>\n<li>If the <strong>Resolve Conflicts</strong> window appears, click <strong>Close</strong> button.</li>\n</ol>"
    },
    "navigationBar": {
      "left": {
        "text": "Previous"
      },
      "right": {
        "text": "Next"
      }
    }
  },
  "Card.VoltMX.CreateDetailsNative_v9.mapping": {
    "content": {
      "title": "Updating the Mapping Editor",
      "body": "<ol>\n<li>From the <b>Project</b> Explorer, select <strong>frmDetails</strong>.</li>\n<li>From the <strong>Properties </strong>panel, navigate to the <strong>Action</strong> tab.</li>\n<li>For the <strong>onMapping</strong> event, click <strong>Edit</strong>.<br /> The <b>Action Editor</b> window appears.</li>\n</ol>"
    },
    "navigationBar": {
      "left": {
        "text": "Previous"
      },
      "right": {
        "text": "Next"
      }
    }
  },
  "Card.VoltMX.CreateDetailsNative_v9.mapping1": {
    "content": {
      "title": "Updating the Mapping Editor",
      "body": "<ol>\n<li>From the top-right corner of the <strong>Action Editor</strong> window, select <strong>Design View</strong>.</li>\n<li>Select <strong>(Invoke Service)( name: RecipientStorage1$Recipients$get)</strong>.</li>\n<li>From the right pane, select <strong>Update Filter Query.&nbsp;<br /></strong>The <strong>Mapping Editor </strong>window appears.</li>\n<li>From the right pane of the <strong>Mapping Editor</strong>, expand <strong>Services</strong> &gt; <strong>Service &ndash; RecipientStorage1$Recipients$get</strong>.</li>\n<li>Right-click and select <strong>Unbind</strong> for the following fields:\n<ul>\n<li><strong>RecipientID {number}</strong></li>\n<li><strong>FirstName {string}</strong></li>\n<li><strong>LastName {string}</strong></li>\n<li><strong>Phone {string}</strong></li>\n</ul></li>\n<li>Click <strong>Save</strong>.</li>\n</ol>"
    },
    "navigationBar": {
      "left": {
        "text": "Previous"
      },
      "right": {
        "text": "Next"
      }
    }
  },
  "Card.VoltMX.CreateDetailsNative_v9.nav": {
    "content": {
      "title": "Add Navigation to Recipients Screen",
      "body": "<ol>\n<li>From the <strong>Project </strong> explorer, expand <strong>Mobile</strong> &gt; <strong>Forms</strong> &gt; <strong>frmDetails</strong> &gt; <strong>flexFooter</strong> and select <strong>flxRecipientSelected</strong>.</li>\n<li>From the <strong>Properties</strong> panel, navigate to the <strong>Action </strong>tab.</li>\n<li>For the <strong>onClick</strong> event, click <strong>Edit</strong>. <br />The <strong>Action Editor</strong> window appears.</li>\n</ol>"
    },
    "navigationBar": {
      "left": {
        "text": "Previous"
      },
      "right": {
        "text": "Next"
      }
    }
  },
  "Card.VoltMX.CreateDetailsNative_v9.nav1": {
    "content": {
      "title": "Add Navigation to Recipients Screen",
      "body": "<ol>\n<li>From the <strong>Action Editor</strong> left menu, under the <strong>General</strong> section, select <strong>Navigate to Form</strong>.</li>\n<li>In the right pane of the <strong>Action Editor</strong>, select <strong>frmRecipients</strong>.</li>\n<li>Click <strong>Save</strong>.</li>\n</ol>"
    },
    "navigationBar": {
      "left": {
        "text": "Previous"
      },
      "right": {
        "text": "Next"
      }
    }
  },
  "Card.VoltMX.CreateDetailsNative_v9.nav2": {
    "content": {
      "title": "Navigation to Accounts Screen",
      "body": "<ol>\n<li>From the <strong>Project explorer</strong>, expand <strong>Mobile</strong> &gt; <strong>Forms</strong> &gt; <strong>frmDetails</strong> &gt; <strong>flexFooter</strong> and select <strong>flxAccounts</strong>.</li>\n<li>From the <strong>Properties</strong> panel, navigate to the <strong>Action </strong>tab.</li>\n<li>For the <strong>onClick</strong> event, click <strong>Edit</strong>. <br />The <strong>Action Editor</strong> window appears.</li>\n</ol>"
    },
    "navigationBar": {
      "left": {
        "text": "Previous"
      },
      "right": {
        "text": "Next"
      }
    }
  },
  "Card.VoltMX.CreateDetailsNative_v9.nav3": {
    "content": {
      "title": "Add Navigation to Accounts Screen",
      "body": "<ol>\n<li>From the <strong>Action Editor</strong> left menu, under the <strong>General</strong> section, select <strong>Navigate to Form</strong>.</li>\n<li>In the right pane of the <strong>Action Editor</strong>, select <strong>frmAccount</strong>.</li>\n<li>Click <strong>Save</strong>.</li>\n</ol>"
    },
    "navigationBar": {
      "left": {
        "text": "Previous"
      },
      "right": {
        "text": "Next"
      }
    }
  },
  "Card.VoltMX.CreateDetailsNative_v9.nav4": {
    "content": {
      "title": "Add Navigation for Back Button",
      "body": "<ol>\n<li>From the <strong>Project explorer</strong>, expand <strong>frmDetails</strong> &gt; <strong>flexHeader,</strong> select <strong>headerButtonLeft</strong>.</li>\n<li>From the <strong>Properties</strong> panel, expand the <strong>Action </strong>tab.</li>\n<li>For the <strong>onClick</strong> event, click <strong>Edit</strong>. <br />The <strong>Action Editor</strong> window appears.</li>\n</ol>"
    },
    "navigationBar": {
      "left": {
        "text": "Previous"
      },
      "right": {
        "text": "Next"
      }
    }
  },
  "Card.VoltMX.CreateDetailsNative_v9.nav5": {
    "content": {
      "title": "Add Navigation for Back Button",
      "body": "<ol>\n<li>From the <strong>Action Editor</strong> left menu, under the <strong>General</strong> section, select <strong>Navigate to Form</strong>.</li>\n<li>From the right pane of the <strong>Action Editor</strong>, select <strong>frmRecipients</strong>.</li>\n<li>Click <strong>Save</strong>.</li>\n</ol>"
    },
    "navigationBar": {
      "left": {
        "text": "Previous"
      },
      "right": {
        "text": "Next"
      }
    }
  },
  "Card.VoltMX.CreateDetailsNative_v9.successheader": {
    "content": {
      "title": "Add Success Header",
      "body": "<ol>\n<li>From the <strong>Project </strong>explorer, expand <strong>Mobile</strong> &gt;&nbsp;<strong>Forms</strong>, and select <strong>frmDetails</strong>.</li>\n<li>From the bottom-left of your canvas, navigate to <strong>Default Library</strong>.</li>\n<li>Next to the <strong>Default Library</strong>, you will see the <strong>My Libraries </strong>tab and a search icon. <br />Click the search icon.</li>\n<li>In the search bar that appears, enter <strong>Header</strong>.</li>\n</ol>"
    },
    "navigationBar": {
      "left": {
        "text": "Previous"
      },
      "right": {
        "text": "Next"
      }
    }
  },
  "Card.VoltMX.CreateDetailsNative_v9.successheader1": {
    "content": {
      "title": "Add Success Header",
      "body": "<ol>\n<li>From the results, under the <strong>RecipientsMobile</strong> collection, right-click <strong>DeleteSuccessHeader </strong>and select <strong>Insert Into</strong>.</li>\n<li>The <b>DeleteSuccessHeader</b> is added to the <b>frmDetails</b> form.</li>\n<li>If the <strong>Resolve Conflicts</strong> window appears, click <strong>Close</strong> button.</li>\n</ol>"
    },
    "navigationBar": {
      "left": {
        "text": "Previous"
      },
      "right": {
        "text": "Next"
      }
    }
  },
  "Card.VoltMX.CreateDetailsScreen_v9.appViewer": {
    "content": {
      "title": "Volt MX App",
      "body": "<ol>\n<li>Connect your mobile device to your computer using a USB cable.<br /> For an Android mobile device, ensure that the USB is set as <strong>Transfer files</strong>.<br /> For an iOS mobile device, ensure that <strong>trust </strong>has been established between device and computer.</li>\n<li>Launch your <strong>Volt MX App</strong> on your mobile device.</li>\n<li>Select the <strong>USB</strong> tab.<br/>On a successful connection, <strong>Iris</strong> on your computer shows a success prompt.</li>\n</ol>"
    },
    "navigationBar": {
      "left": {
        "text": "Previous"
      },
      "right": {
        "text": "Next"
      }
    }
  },
  "Card.VoltMX.CreateDetailsScreen_v9.run": {
    "content": {
      "title": "Run the App",
      "body": "<ol>\n<li>From the left navigation bar, click <strong>Run</strong>.<br /> It will take some time for Iris to display the <strong>Live Preview is ready</strong> window.</li>\n<li>After Iris runs the app, on your <strong>Volt MX App</strong>, click <strong>Launch</strong>.</li>\n<li>You may see an <strong>Application Name </strong>text box. If there is a text box, enter <strong>RecipientsMobApp</strong>, and then click <strong>Launch</strong>.</li>\n</ol>"
    },
    "navigationBar": {
      "left": {
        "text": "Previous"
      },
      "right": {
        "text": "Next"
      }
    }
  },
  "Card.VoltMX.CreateDetailsScreen_v9.view": {
    "content": {
      "title": "View the App",
      "body": "<ol>\n<li>Enter the following login credentials in your app.\n<ul>\n<li>Username: <strong>john.doe@woodburn.com</strong></li>\n<li>Password: <strong>VoltMX@123</strong></li>\n</ul>\n</li>\n<li>Click <strong>Login</strong>.<br /> The <strong>Accounts List</strong> appears.</li>\n<li>Click <strong>Recipients</strong>.<br /> The <strong>Recipient list</strong> appears.</li>\n<li>Select a recipient from the list to view their details.<br />From the details page, you can delete the recipient.<br/>You will learn how to create and edit recipients in next hikes.</li>\n<li>To exit the app on your <strong>mobile</strong> device, swipe two fingers from left to right or shake your mobile device and click <strong>Exit App</strong>.</li>\n</ol>"
    },
    "navigationBar": {
      "left": {
        "text": "Previous"
      },
      "right": {
        "text": "Next"
      }
    }
  }
}