{
  "Tour.CreateDetailsNative_v9": {
    "description": "旅遊描述"
  },
  "Hike.VoltMX.CreateDetailsNative_v9": {
    "description": "徒步說明"
  },
  "Card.VoltMX.CreateDetailsNative_v9.deleteFeature": {
    "content": {
      "title": "添加刪除功能",
      "body": "<ol>\n<li>來自<strong>項目</strong>資源管理器，展開<strong>手機</strong>&gt;<strong>表格</strong>並選擇<strong>frmDetails</strong>.</li>\n<li>來自<strong>數據&amp;服務</strong>面板，展開<strong>項目服務</strong>&gt;<strong>收件人存儲</strong>&gt;<strong>收件人</strong>並選擇<b>刪除</b>操作。</li>\n<li>刪除<strong>刪除</strong>在畫布上操作。<br />這將創建<strong>刪除</strong>按鈕。</li>\n</ol>"
    },
    "navigationBar": {
      "left": {
        "text": "上一個"
      },
      "right": {
        "text": "下一個"
      }
    }
  },
  "Card.VoltMX.CreateDetailsNative_v9.deleteFeature1": {
    "content": {
      "title": "添加刪除功能",
      "body": "<ol>\n<li>來自<strong>項目資源管理器</strong>，展開<strong>手機</strong>&gt;<strong>表格</strong>&gt;<strong>frmDetails</strong>&gt;<strong>flexFieldsContainer</strong>並選擇<strong>btnSquared</strong>.</li>\n<li>來自<strong>屬性</strong>面板，導航到<strong>行動</strong>選項卡。</li>\n<li>對於<strong>點擊</strong>事件，點擊<strong>編輯</strong>.<br /><strong>動作編輯器</strong>窗口出現。</li>\n</ol>"
    },
    "navigationBar": {
      "left": {
        "text": "上一個"
      },
      "right": {
        "text": "下一個"
      }
    }
  },
  "Card.VoltMX.CreateDetailsNative_v9.deleteFeature11": {
    "content": {
      "title": "添加刪除功能",
      "body": "<ol>\n<li>從右上角<strong>動作編輯器</strong>窗口，選擇<strong>設計視圖</strong>.</li>\n<li>來自<strong>動作編輯器</strong>畫布，選擇<strong>調用服務</strong> (姓名：<strong>RecipientStorage$Recipients$delete</strong>)。</li>\n<li>從動作編輯器的右窗格中，選擇<strong>打開映射編輯器</strong>. <br />出現映射編輯器窗口。</li>\n</ol>"
    },
    "navigationBar": {
      "left": {
        "text": "上一個"
      },
      "right": {
        "text": "下一個"
      }
    }
  },
  "Card.VoltMX.CreateDetailsNative_v9.deleteFeature2": {
    "content": {
      "title": "添加刪除功能",
      "body": "<ol>\n<li>從映射編輯器的左窗格中，展開<strong>表格</strong>&gt;<strong>frmDetails</strong>&gt;<strong>標籤 - lblRecipientIDValue</strong> ，然後選擇<strong>文本{字符串}</strong>.</li>\n<li>從映射編輯器的右窗格中，展開<strong>服務</strong>&gt;<strong>RecipientStorage$Recipients$delete</strong> ，然後選擇<strong> RecipientID {number}</strong>.</li>\n<li>來自<strong>動作編輯器</strong>畫布，選擇<strong>如果</strong>條件。</li>\n</ol>"
    },
    "navigationBar": {
      "left": {
        "text": "上一個"
      },
      "right": {
        "text": "下一個"
      }
    }
  },
  "Card.VoltMX.CreateDetailsNative_v9.deleteFeature21": {
    "content": {
      "title": "添加刪除功能",
      "body": "<ol>\n<li>從左側菜單<strong>動作編輯器</strong> , 在<strong>小工具</strong>部分，選擇<strong>設置小部件屬性</strong>.</li>\n<li>從右窗格中，在<strong>手機</strong> <strong>表格</strong>&gt;<strong>frmDetails</strong>&gt;<strong>flexFieldsContainer</strong>，選擇<strong>flexDeleteSuccessHeader</strong>.</li>\n<li>在映射編輯器的右窗格中，提供以下值。<ul>\n<li>屬性：<strong>可見</strong></li>\n<li>值：<strong>真</strong></li>\n</ul>\n</li>\n</ol>"
    },
    "navigationBar": {
      "left": {
        "text": "上一個"
      },
      "right": {
        "text": "下一個"
      }
    }
  },
  "Card.VoltMX.CreateDetailsNative_v9.deleteFeature3": {
    "content": {
      "title": "添加刪除功能",
      "body": "<ol>\n<li>從左側菜單<strong>動作編輯器</strong> , 在<strong>小工具</strong>部分，選擇<strong>設置小部件屬性</strong>.</li>\n<li>從右窗格中，在<strong>移動表單</strong>&gt;<strong>frmDetails</strong>&gt;<strong>flexFieldsContainer</strong> ，然後選擇<strong>btnSquared</strong>.</li>\n<li>在映射編輯器的右窗格中，提供以下值。<ul>\n<li>屬性：<strong>不透明度</strong></li>\n<li>值：<strong>60%</strong></li>\n</ul>\n</li>\n</ol>"
    },
    "navigationBar": {
      "left": {
        "text": "上一個"
      },
      "right": {
        "text": "下一個"
      }
    }
  },
  "Card.VoltMX.CreateDetailsNative_v9.deleteFeature4": {
    "content": {
      "title": "添加刪除功能",
      "body": "<ol>\n<li>從動作編輯器的左側菜單中，在<strong>功能</strong>，選擇<strong>添加代碼段</strong>.</li>\n<li>在動作編輯器的右側窗格中，提供以下代碼：<br /><span style=\"background-color: #999999;\"><strong>self.view.forceLayout()；</strong></span></li>\n<li>從動作編輯器的左側菜單中，在<strong>一般，</strong>選擇<strong>設置超時</strong>.</li>\n<li>在映射編輯器的右窗格中，提供以下值：<ul>\n<li>延遲：<strong>2</strong></li>\n</ul>\n</li>\n</ol>"
    },
    "navigationBar": {
      "left": {
        "text": "上一個"
      },
      "right": {
        "text": "下一個"
      }
    }
  },
  "Card.VoltMX.CreateDetailsNative_v9.deleteFeature5": {
    "content": {
      "title": "添加刪除功能",
      "body": "<ol>\n<li>從左側菜單<strong>動作編輯器</strong> , 在<strong>小工具</strong>部分，選擇<strong>設置小部件屬性</strong>.</li>\n<li>從右窗格中，在<strong>手機</strong> <strong>表格</strong>&gt;<strong>frmDetails</strong>&gt;<strong>flexFieldsContainer</strong>，選擇<strong>flexDeleteSuccessHeader</strong>.</li>\n<li>在映射編輯器的右窗格中，提供以下值。<ul>\n<li>屬性：<strong>可見</strong></li>\n<li>值：<strong>假</strong></li>\n</ul>\n</li>\n</ol>"
    },
    "navigationBar": {
      "left": {
        "text": "上一個"
      },
      "right": {
        "text": "下一個"
      }
    }
  },
  "Card.VoltMX.CreateDetailsNative_v9.deleteFeature6": {
    "content": {
      "title": "添加刪除功能",
      "body": "<ol>\n<li>從左側菜單<strong>動作編輯器</strong> , 在<strong>小工具</strong>部分，選擇<strong>設置小部件屬性</strong>.</li>\n<li>從右窗格中，在<strong>移動表單</strong>&gt;<strong>frmDetails</strong>&gt;<strong>frmFieldsContainer</strong> ，然後選擇<strong>btnSquared</strong>.</li>\n<li>在映射編輯器的右窗格中，提供以下值。<ul>\n<li>屬性：<strong>不透明度</strong></li>\n<li>值：<strong>100%</strong></li>\n</ul>\n</li>\n</ol>"
    },
    "navigationBar": {
      "left": {
        "text": "上一個"
      },
      "right": {
        "text": "下一個"
      }
    }
  },
  "Card.VoltMX.CreateDetailsNative_v9.deletFeature7": {
    "content": {
      "title": "添加刪除功能",
      "body": "<ol>\n<li>從左側菜單<strong>動作編輯器</strong>，下<strong>功能</strong>，選擇&nbsp;<strong>添加代碼段</strong>.</li>\n<li>在動作編輯器的右窗格中，提供以下代碼：<br /><span style=\"background-color: #999999;\"><strong>self.view.forceLayout()；</strong></span></li>\n<li>從動作編輯器的左側菜單中，在<strong>一般</strong>，選擇<strong>導航到表單</strong>.</li>\n<li>從動作編輯器的右窗格中，選擇<strong>frmDetails</strong>.</li>\n<li>點擊<strong>保存</strong>.</li>\n</ol>"
    },
    "navigationBar": {
      "left": {
        "text": "上一個"
      },
      "right": {
        "text": "下一個"
      }
    }
  },
  "Card.VoltMX.CreateDetailsNative_v9.done": {
    "content": {
      "title": " 恭喜",
      "body": "<p>你已經成功：</p>\n<ul>\n<li><strong>創建收件人詳細信息屏幕</strong></li>\n<li><strong>將收件人詳細信息 UI 映射到服務<br /></strong></li>\n<li><strong>實現了應用程序中所有其他表單的導航</strong></li>\n<li><strong>在收件人詳細信息表單中實現註銷<br /></strong></li>\n</ul>\n<p>有關創建收件人的更多信息，請查看下一次加息：<a class=\"tour-link\" tour=\"da2bbctf-3ba6-49rf-b2u9-b842dand\"><strong> 7. 添加收件人</strong></a>.</p>"
    },
    "navigationBar": {
      "left": {
        "text": "上一個"
      },
      "right": {
        "text": "完成"
      }
    }
  },
  "Card.VoltMX.CreateDetailsNative_v9.finalChanges": {
    "content": {
      "title": "刪除額外的FlexContainers",
      "body": "<ol>\n<li>來自<strong>項目</strong> <strong>資源管理器</strong>，展開<strong>手機</strong>&gt;<strong>表格</strong>&gt;<b>frmDetails</b> > <strong>flexFieldsContainer</strong> ，然後選擇<strong>flexFieldsContainer1</strong>.</li>\n<li>右鍵刪除<strong>flexFieldsContainer1</strong>.</li>\n</ol>"
    },
    "navigationBar": {
      "left": {
        "text": "上一個"
      },
      "right": {
        "text": "下一個"
      }
    }
  },
  "Card.VoltMX.CreateDetailsNative_v9.finalChanges1": {
    "content": {
      "title": "自定義用戶界面",
      "body": "<ol>\n<li>來自<strong>項目</strong> <strong>資源管理器</strong>，展開<strong>手機</strong>&gt;<strong>表格</strong>&gt;<b>frmDetails</b> >\n <strong>flexFieldsContainer</strong>&gt;<strong>flexFooter1</strong>&gt;<strong>flexSquaredBorderedButton</strong> ，然後選擇<strong>btnSquared。</strong></li>\n<li>右鍵單擊並剪切<strong>btnSquared</strong>.</li>\n<li>來自<strong>項目</strong> <strong>資源管理器</strong>，展開<strong>手機</strong>&gt;<strong>表格</strong>&gt;<b>frmDetails</b> > <strong>flexFieldsContainer</strong>並選擇<b>粘貼</b>.</li>\n</ol>"
    },
    "navigationBar": {
      "left": {
        "text": "上一個"
      },
      "right": {
        "text": "下一個"
      }
    }
  },
  "Card.VoltMX.CreateDetailsNative_v9.finalChanges2": {
    "content": {
      "title": "自定義用戶界面",
      "body": "<ol>\n<li>來自<strong>項目</strong> <strong>資源管理器</strong>，展開<strong>手機</strong>&gt;<strong>表格</strong>&gt;<b>frmDetails</b> > <strong>flexFieldsContainer</strong> ，然後選擇<strong>flexFooter1</strong>.</li>\n<li>右鍵刪除<strong>flexFooter1</strong>.</li>\n<li>從項目資源管理器中，展開<strong>手機</strong>&gt;<strong>表格</strong>&gt;<b>frmDetails</b> > <strong>flexFieldsContainer</strong>並選擇<strong>btnSquared</strong>.</li>\n<li>來自<strong>屬性</strong>面板，導航到<strong>看</strong>選項卡。</li>\n<li> 在<strong>彈性</strong> 部分，提供以下值：<ul>\n<li>頂部：<strong>30%</strong></li>\n<li>寬度：<strong>89%</strong></li>\n<li>身高：<strong>7%</strong></li>\n<li>中心X：<strong>50%</strong></li>\n<li>中心Y：<strong>默認</strong></li>\n</ul>\n</li>\n</ol>"
    },
    "navigationBar": {
      "left": {
        "text": "上一個"
      },
      "right": {
        "text": "下一個"
      }
    }
  },
  "Card.VoltMX.CreateDetailsNative_v9.footer": {
    "content": {
      "title": "配置詳細信息屏幕的頁腳",
      "body": "<ol>\n<li>來自<strong>項目</strong>資源管理器，展開<strong>手機</strong>&gt;&nbsp;<strong>表格</strong> ，然後選擇<strong>frmDetails</strong>.</li>\n<li>從畫布的左下角，導航到<strong>默認庫</strong>.</li>\n<li> 旁邊<strong>默認庫</strong> ，你會看到<strong>我的圖書館</strong>選項卡和搜索圖標。<br />點擊搜索圖標。</li>\n<li>在出現的搜索欄中，輸入<strong>頁腳</strong>.</li>\n</ol>"
    },
    "navigationBar": {
      "left": {
        "text": "上一個"
      },
      "right": {
        "text": "下一個"
      }
    }
  },
  "Card.VoltMX.CreateDetailsNative_v9.footer1": {
    "content": {
      "title": "配置詳細信息屏幕的頁腳",
      "body": "<ol>\n<li>從結果來看，在<strong> RecipientsMobile</strong>，右擊<strong> 詳情頁腳</strong>然後選擇<strong>插入</strong>.</li>\n<li><b> 詳情頁腳</b>添加到<b>frmDetails</b>表格。</li>\n<li>點擊<strong>關閉</strong>在<strong>解決衝突</strong>窗口。</li>\n</ol>"
    },
    "navigationBar": {
      "left": {
        "text": "上一個"
      },
      "right": {
        "text": "下一個"
      }
    }
  },
  "Card.VoltMX.CreateDetailsNative_v9.header": {
    "content": {
      "title": "配置詳細信息屏幕的標題",
      "body": "<ol>\n<li>來自<strong>項目</strong>資源管理器，展開<strong>手機</strong>&gt;&nbsp;<strong>表格</strong> ，然後選擇<strong>frmDetails</strong>.</li>\n<li>從畫布的左下角，導航到<strong>默認庫</strong>.</li>\n<li> 旁邊<strong>默認庫</strong> ，你會看到<strong>我的圖書館</strong>選項卡和搜索圖標。<br />點擊搜索圖標。</li>\n<li>在出現的搜索欄中，輸入<strong>標題</strong>.</li>\n</ol>"
    },
    "navigationBar": {
      "left": {
        "text": "上一個"
      },
      "right": {
        "text": "下一個"
      }
    }
  },
  "Card.VoltMX.CreateDetailsNative_v9.header1": {
    "content": {
      "title": "配置詳細信息屏幕的標題",
      "body": "<ol>\n<li>從結果來看，在<strong> RecipientsMobile</strong>收藏，右鍵單擊<strong>DetailsHeader</strong>然後選擇<strong>插入</strong>.</li>\n<li><b>DetailsHeader</b>添加到<b>frmDetails</b>表格。</li>\n<li>點擊<strong>關閉</strong>在<strong>解決衝突</strong>窗口。</li>\n</ol>"
    },
    "navigationBar": {
      "left": {
        "text": "上一個"
      },
      "right": {
        "text": "下一個"
      }
    }
  },
  "Card.VoltMX.CreateDetailsNative_v9.Intro": {
    "content": {
      "title": "創建收件人詳細信息屏幕",
      "body": "<p><strong>讓我們開始吧！</strong></p>\n<p>在這次徒步旅行中，您將學習如何：</p>\n<ul>\n<li>創建收件人詳細信息表單</li>\n<li>使用服務為創建收件人詳細信息表單創建 UI</li>\n<li> 添加刪除收件人功能</li>\n</ul>\n<p>在開始之前，請完成以下遠足：</p>\n<ol><b>\n<li><a class=\"tour-link\" tour=\"7408efte-e2aa-4cr8-a9ub-d7ba36n8\">啟動您的第一個移動應用</a></li><li><a class=\"tour-link\" tour=\"a617eft5-7ca8-4ard-8eu8-94cdean5\">從集合創建用戶界面</a></li><li><a class=\"tour-link\" tour=\"15d8c7t4-cda7-40rb-afu7-345cfcnc\">向應用程序添加身份驗證</a></li>\n<li><a class=\"tour-link\" tour=\"a7a762t5-3eac-44r5-8bu2-89b781n1\">為原生應用創建服務</a> </li>\n<li><a class=\"tour-link\" tour=\"fab6d8ta-91ac-4frc-8fud-14a9f7na\">將應用程序 UI 連接到本機應用程序中的數據</a></li></b>\n</ol><br/>\n<p>確保您打開在之前的徒步旅行中創建的相同項目。</p>\n<p>要打開一個關閉的項目，從主菜單導航到<strong>項目</strong>&gt;<strong>打開</strong>&gt;<strong>HCL 參考架構</strong>&gt;<strong>RecipientsMobApp</strong>.</p><br/>\n<p><strong>準備好後，單擊開始！</strong></p>"
    },
    "navigationBar": {
      "left": {
        "text": "上一個"
      },
      "right": {
        "text": "開始"
      }
    }
  },
  "Card.VoltMX.CreateDetailsNative_v9.mapping": {
    "content": {
      "title": "更新映射編輯器",
      "body": "<ol>\n<li>來自<b>項目</b>資源管理器，選擇<strong>frmDetails</strong>.</li>\n<li>來自<strong>屬性</strong>面板，導航到<strong>行動</strong>選項卡。</li>\n<li>對於<strong>onMapping</strong>事件，點擊<strong>編輯</strong>.<br /><b>動作編輯器</b>窗口出現。</li>\n</ol>"
    },
    "navigationBar": {
      "left": {
        "text": "上一個"
      },
      "right": {
        "text": "下一個"
      }
    }
  },
  "Card.VoltMX.CreateDetailsNative_v9.mapping1": {
    "content": {
      "title": "更新映射編輯器",
      "body": "<ol>\n<li>從右上角<strong>動作編輯器</strong>窗口，選擇<strong>設計視圖</strong>.</li>\n<li>選擇<strong>調用服務名稱：RecipientStorage$Recipients$get</strong>.</li>\n<li>從右側窗格中，選擇<strong>更新過濾器查詢。&nbsp;<br /></strong><strong>映射編輯器</strong>窗口出現。</li>\n<li>從右側窗格<strong>映射編輯器</strong>，展開<strong>服務</strong>&gt;<strong>服務RecipientStorage$Recipients$get</strong>.</li>\n<li>右鍵單擊並選擇<strong>解除綁定</strong>對於以下字段：<ul>\n<li><strong>名字{字符串}</strong></li>\n<li><strong>姓氏{字符串}</strong></li>\n<li><strong>暱稱{字符串}</strong></li>\n<li><strong>電話{字符串}</strong></li>\n</ul></li>\n<li>點擊<strong>保存</strong>.</li>\n</ol>"
    },
    "navigationBar": {
      "left": {
        "text": "上一個"
      },
      "right": {
        "text": "下一個"
      }
    }
  },
  "Card.VoltMX.CreateDetailsNative_v9.nav": {
    "content": {
      "title": "向收件人屏幕添加導航",
      "body": "<ol>\n<li>來自<strong>項目</strong>資源管理器，導航到<strong>手機</strong>&gt;<strong>表格</strong>&gt;<strong>frmDetails</strong>&gt;<strong>flexFooter</strong>並選擇<strong> flxRecipientSelected</strong>.</li>\n<li>來自<strong>屬性</strong>面板，導航到<strong>行動</strong>標籤。</li>\n<li>對於<strong>點擊</strong>事件，點擊<strong>編輯</strong>. <br /><strong>動作編輯器</strong>窗口出現。</li>\n</ol>"
    },
    "navigationBar": {
      "left": {
        "text": "上一個"
      },
      "right": {
        "text": "下一個"
      }
    }
  },
  "Card.VoltMX.CreateDetailsNative_v9.nav1": {
    "content": {
      "title": "向收件人屏幕添加導航",
      "body": "<ol>\n<li>來自<strong>動作編輯器</strong>左側菜單，在<strong>一般</strong>部分，選擇<strong>導航到表單</strong>.</li>\n<li>在右側窗格中<strong>動作編輯器</strong>，選擇<strong>frmRecipients</strong>.</li>\n<li>點擊<strong>保存</strong>.</li>\n</ol>"
    },
    "navigationBar": {
      "left": {
        "text": "上一個"
      },
      "right": {
        "text": "下一個"
      }
    }
  },
  "Card.VoltMX.CreateDetailsNative_v9.nav2": {
    "content": {
      "title": "導航到帳戶屏幕",
      "body": "<ol>\n<li>來自<strong>項目瀏覽器</strong> , 導航到<strong>手機</strong>&gt;<strong>表格</strong>&gt;<strong>frmDetails</strong>&gt;<strong>flexFooter</strong>並選擇<strong>flxAccounts</strong>.</li>\n<li>來自<strong>屬性</strong>面板，導航到<strong>行動</strong>標籤。</li>\n<li>對於<strong>點擊</strong>事件，點擊<strong>編輯</strong>. <br /><strong>動作編輯器</strong>窗口出現。</li>\n</ol>"
    },
    "navigationBar": {
      "left": {
        "text": "上一個"
      },
      "right": {
        "text": "下一個"
      }
    }
  },
  "Card.VoltMX.CreateDetailsNative_v9.nav3": {
    "content": {
      "title": "將導航添加到帳戶屏幕",
      "body": "<ol>\n<li>來自<strong>動作編輯器</strong>左側菜單，在<strong>一般</strong>部分，選擇<strong>導航到表單</strong>.</li>\n<li>在右側窗格中<strong>動作編輯器</strong>，選擇<strong>frmAccount</strong>.</li>\n<li>點擊<strong>保存</strong>.</li>\n</ol>"
    },
    "navigationBar": {
      "left": {
        "text": "上一個"
      },
      "right": {
        "text": "下一個"
      }
    }
  },
  "Card.VoltMX.CreateDetailsNative_v9.nav4": {
    "content": {
      "title": "為後退按鈕添加導航",
      "body": "<ol>\n<li>來自<strong>項目瀏覽器</strong> , 導航到<strong>frmDetails</strong>&gt;<strong>flexHeader，</strong>選擇<strong>headerButtonLeft</strong>.</li>\n<li>來自<strong>屬性</strong>面板，導航到<strong>行動</strong>標籤。</li>\n<li>對於<strong>點擊</strong>事件，點擊<strong>編輯</strong>. <br /><strong>動作編輯器</strong>窗口出現。</li>\n</ol>"
    },
    "navigationBar": {
      "left": {
        "text": "上一個"
      },
      "right": {
        "text": "下一個"
      }
    }
  },
  "Card.VoltMX.CreateDetailsNative_v9.nav5": {
    "content": {
      "title": "為後退按鈕添加導航",
      "body": "<ol>\n<li>來自<strong>動作編輯器</strong>左側菜單，在<strong>一般</strong>部分，選擇<strong>導航到表單</strong>.</li>\n<li>從右側窗格<strong>動作編輯器</strong>，選擇<strong>frmRecipients</strong>.</li>\n<li>點擊<strong>保存</strong>.</li>\n</ol>"
    },
    "navigationBar": {
      "left": {
        "text": "上一個"
      },
      "right": {
        "text": "下一個"
      }
    }
  },
  "Card.VoltMX.CreateDetailsNative_v9.successheader": {
    "content": {
      "title": "添加成功標題",
      "body": "<ol>\n<li>來自<strong>項目</strong>資源管理器，展開<strong>手機</strong>&gt;&nbsp;<strong>表格</strong> ，然後選擇<strong>frmDetails</strong>.</li>\n<li>從畫布的左下角，導航到<strong>默認庫</strong>.</li>\n<li> 旁邊<strong>默認庫</strong> ，你會看到<strong>我的圖書館</strong>選項卡和搜索圖標。<br />點擊搜索圖標。</li>\n<li>在出現的搜索欄中，輸入<strong>標題</strong>.</li>\n</ol>"
    },
    "navigationBar": {
      "left": {
        "text": "上一個"
      },
      "right": {
        "text": "下一個"
      }
    }
  },
  "Card.VoltMX.CreateDetailsNative_v9.successheader1": {
    "content": {
      "title": "添加成功標題",
      "body": "<ol>\n<li>從結果來看，在<strong> RecipientsMobile</strong>收藏，右鍵單擊<strong>DeleteSuccessHeader</strong>然後選擇<strong>插入</strong>.</li>\n<li><b>DeleteSuccessHeader</b>添加到<b>frmDetails</b>表格。</li>\n<li>點擊<strong>關閉</strong>在<strong>解決衝突</strong>窗口。</li>\n</ol>"
    },
    "navigationBar": {
      "left": {
        "text": "上一個"
      },
      "right": {
        "text": "下一個"
      }
    }
  },
  "Card.VoltMX.CreateDetailsNative_v9.UIchange1": {
    "content": {
      "title": "收件人詳細信息屏幕 UI",
      "body": "<ol>\n<li>來自<strong>數據&amp;服務</strong>面板，展開<strong>項目服務</strong>&gt;<strong>收件人存儲</strong>&gt;<strong>收件人</strong>.</li>\n<li>選擇<strong>得到</strong>操作並將其放在畫布上。<br /><strong>你想生成什麼？</strong>窗口出現。</li>\n</ol>"
    },
    "navigationBar": {
      "left": {
        "text": "上一個"
      },
      "right": {
        "text": "下一個"
      }
    }
  },
  "Card.VoltMX.CreateDetailsNative_v9.UIchange2": {
    "content": {
      "title": "收件人詳細信息屏幕 UI",
      "body": "<ol>\n<li>來自<strong>你想生成什麼？</strong>窗口，選擇<strong>使用響應的詳細信息</strong>.</li>\n<li>點擊<strong>好的</strong>.<br />出現一個新窗口，詢問您是否要從<strong>frmRecipients</strong>.</li>\n<li>點擊<strong>是</strong>.<br /> Iris 可能需要一些時間來加載參數和生成 UI。<br />UI<strong>frmDetails</strong>屏幕已創建。</li>\n</ol>"
    },
    "navigationBar": {
      "left": {
        "text": "上一個"
      },
      "right": {
        "text": "下一個"
      }
    }
  },
  "Card.VoltMX.CreateDetailsNative_v9.UIchange3": {
    "content": {
      "title": "刪除默認標題",
      "body": "<ol>\n<li>來自<strong>項目</strong>資源管理器，導航到<strong>手機</strong>&gt;&nbsp;<strong>表格</strong>&gt;&nbsp;<strong>frmDetails</strong>.</li>\n<li>右鍵刪除<strong>flexHeader</strong>.</li>\n</ol>"
    },
    "navigationBar": {
      "left": {
        "text": "上一個"
      },
      "right": {
        "text": "下一個"
      }
    }
  },
  "Card.VoltMX.CreateDetailsNative_v9.UIchange4": {
    "content": {
      "title": "自定義用戶界面",
      "body": "<ol><li>來自<strong>項目</strong>資源管理器，導航到<strong>手機</strong>&gt;<strong>表格</strong>&gt;<strong>frmDetails</strong>並選擇<b>flexFieldsContainer</b>.</li>\n<li>來自<b>屬性</b>面板，導航到<b>看</b>選項卡。</li><li> 在<strong>動態表格</strong>部分，用於<strong>字段</strong>，點擊<strong>定制</strong>.<br /><strong>配置細節</strong>窗口出現<strong>.</strong></li>\n<li>在<strong>配置細節</strong>窗口，用於<strong>字段</strong>，提供以下<strong>顯示名稱</strong>:\n<ul>\n<li><strong>名字</strong>字段：<strong>名字</strong></li>\n<li><strong>姓氏</strong>字段：<strong>最後</strong><strong>姓名</strong></li>\n<li><strong>暱稱</strong>字段：<strong>暱稱</strong></li>\n<li><strong>電話</strong>字段：<strong>電話號碼</strong></li>\n</ul>\n</li>\n<li>點擊<strong>再生</strong>.</li>\n</ol>"
    },
    "navigationBar": {
      "left": {
        "text": "上一個"
      },
      "right": {
        "text": "下一個"
      }
    }
  },
  "Card.VoltMX.CreateDetailsNative_v9.UIchange5": {
    "content": {
      "title": "收件人詳細信息屏幕 UI",
      "body": "<ol>\n<li>來自<strong>項目</strong>資源管理器，展開<strong>手機</strong>&gt;&nbsp;<strong>表格</strong>&gt;<strong>frmDetails</strong>&gt;<strong>flexFieldsContainer</strong> ，然後選擇<strong>flexRecipientID</strong>.</li>\n<li>來自<strong>屬性</strong>面板，導航到<strong>看</strong>選項卡。</li>\n<li> 在<strong>一般</strong>部分，用於<strong>可見</strong>字段，選擇<strong>關閉</strong>.</li>\n</ol>"
    },
    "navigationBar": {
      "left": {
        "text": "上一個"
      },
      "right": {
        "text": "下一個"
      }
    }
  },
  "Card.VoltMX.CreateDetailsNat_v9.createDetailsSc": {
    "content": {
      "title": "創建收件人詳細信息屏幕",
      "body": "<ol>\n<li>來自<strong>項目</strong>資源管理器，展開<strong>手機</strong>.</li>\n<li>右擊<strong>表格</strong> ，然後選擇<strong>新表格</strong>.</li>\n<li>重命名新表格<strong>frmDetails</strong>.</li>\n</ol>"
    },
    "navigationBar": {
      "left": {
        "text": "上一個"
      },
      "right": {
        "text": "下一個"
      }
    }
  },
  "Card.VoltMX.CreateDetailsScreen_v9.appViewer": {
    "content": {
      "title": "Volt MX 應用程序",
      "body": "<ol>\n<li>使用 USB 電纜將您的移動設備連接到您的計算機。<br /> 對於Android移動設備，確保USB設置為<strong>傳輸文件</strong>.<br />對於 iOS 移動設備，請確保<strong>信任</strong> 已在設備和計算機之間建立。</li>\n<li>啟動你的<strong>Volt MX 應用程序</strong>在您的移動設備上。</li>\n<li>選擇<strong>USB</strong>選項卡。<br/>連接成功後，<strong>虹膜</strong>在您的計算機上顯示成功提示。</li>\n</ol>"
    },
    "navigationBar": {
      "left": {
        "text": "上一個"
      },
      "right": {
        "text": "下一個"
      }
    }
  },
  "Card.VoltMX.CreateDetailsScreen_v9.run": {
    "content": {
      "title": "運行應用程序",
      "body": "<ol>\n<li>從左側導航欄中，單擊<strong>運行</strong>.<br /> Iris 顯示需要一些時間<strong>實時預覽已準備就緒</strong>窗口。</li>\n<li>在 Iris 運行應用程序後，在您的<strong>Volt MX 應用程序</strong>，點擊<strong>啟動</strong>.</li>\n<li>您可能會看到<strong>應用程序名稱</strong>文本框。如果有文本框，輸入<strong>RecipientsMobApp</strong> ，然後單擊<strong>啟動</strong>.</li>\n</ol>"
    },
    "navigationBar": {
      "left": {
        "text": "上一個"
      },
      "right": {
        "text": "下一個"
      }
    }
  },
  "Card.VoltMX.CreateDetailsScreen_v9.view": {
    "content": {
      "title": "查看應用",
      "body": "<ol>\n<li>在您的應用中輸入以下登錄憑據。<ul>\n<li>用戶名：<strong>john.doe@woodburn.com</strong></li>\n<li>密碼：<strong>VoltMX@123</strong></li>\n</ul>\n</li>\n<li>點擊<strong>登錄</strong>.<br /><strong>賬戶列表</strong>出現。</li>\n<li>點擊<strong>收件人</strong>.<br /><strong>收件人列表</strong>出現。</li>\n<li>從列表中選擇收件人以查看其詳細信息。<br /> 從詳情頁面，您可以刪除收件人。<br/>您將學習如何在下一次遠足中創建和編輯收件人。</li>\n<li>退出應用程序<strong>手機</strong>設備，從左向右滑動兩根手指或搖動您的移動設備並單擊<strong>退出應用</strong>.</li>\n</ol>"
    },
    "navigationBar": {
      "left": {
        "text": "上一個"
      },
      "right": {
        "text": "下一個"
      }
    }
  }
}