{
  "kuid": "b005c4t8-d9a1-4dre-95u4-6c4935n0",
  "id": "VoltMX.IntroductionToInternationalV9.default",
  "content": {
    "title": "Set Default Locale",
    "body": "<ol>\n<li>In the <strong>Project Settings </strong>window, navigate to the <br/><strong>Internationalization (i18n)</strong> section. <br/>For <strong>Default Locale</strong>, from the drop-down list, select <strong>English (United States).</strong></li>\n<li>Click <strong>Done</strong>.</li>\n</ol>"
  },
  "pointer": {
    "direction": "left",
    "element": "",
    "type": "none"
  },
  "navigationType": "manual",
  "navigationBar": {
    "left": {
      "text": "Previous",
      "enable": true,
      "hide": false
    },
    "right": {
      "text": "Next",
      "enable": true,
      "hide": false
    }
  },
  "navigationCondition": "",
  "position": "BOTTOM_LEFT",
  "meta": {
    "Creator": "Rashmi Menon",
    "CreatedOn": "Thu, 05 Dec 2019 05:57:11 GMT"
  },
  "context": [],
  "localization": {
    "en-us": {
      "content": {
        "title": "Set Default Locale",
        "body": "<ol>\n<li>In the <strong>Project Settings </strong>window, navigate to the <br/><strong>Internationalization (i18n)</strong> section. <br/>For <strong>Default Locale</strong>, from the drop-down list, select <strong>English (United States).</strong></li>\n<li>Click <strong>Done</strong>.</li>\n</ol>"
      },
      "navigationBar": {
        "left": {
          "text": "Previous"
        },
        "right": {
          "text": "Next"
        }
      }
    },
    "zh-cn": {
      "content": {
        "title": "设置默认场所",
        "body": "***<ol> \n <li>在<strong> project设置</strong>窗口中，导航到<br/> <strong>国际化（I18n）</strong>部分。 <br/>对于<strong>默认环境</strong>，从下拉列表中，选择<strong>英语（美国）。</strong> </li> {12} \n <li>单击<strong>完成</strong>。</li> \n </ol>"
      },
      "navigationBar": {
        "left": {
          "text": "以前的"
        },
        "right": {
          "text": "下一个"
        }
      }
    },
    "zh-tw": {
      "content": {
        "title": "設置默認場所",
        "body": "***<ol> \n <li>在<strong> project設置</strong>窗口中，導航到<br/> <strong>國際化（I18n）</strong>部分。 <br/>對於<strong>默認環境</strong>，從下拉列表中，選擇<strong>英語（美國）。</strong> </li> {12} \n <li>單擊<strong>完成</strong>。</li> \n </ol>"
      },
      "navigationBar": {
        "left": {
          "text": "以前的"
        },
        "right": {
          "text": "下一個"
        }
      }
    }
  }
}