{
  "kuid": "d84e80t1-a5ae-45r5-84u6-aaa59dn8",
  "id": "VoltMX.IntrotoSegmentTempV9.uiTemp2",
  "content": {
    "title": "Assign Skin to the Template",
    "body": "<ol>\n<li>From the <strong>Properties</strong> panel, navigate to the <strong>Skin</strong> tab.</li>\n<li>Under <strong>BackGround</strong> section, assign the following values:\n<ul>\n<li>Type: <strong>Single Color</strong></li>\n<li>For <strong>Color</strong>, click the square next to it.</li>\n<li>For #, enter the following value: <strong>bdbbbb</strong></li>\n<li>Opacity: <strong>100</strong></li>\n</ul>\n</li>\n</ol>"
  },
  "pointer": {
    "direction": "top",
    "element": {
      "module": "propertieswindow",
      "itemType": "pw-tab",
      "info": {
        "tabName": "Skin"
      }
    },
    "type": "default"
  },
  "navigationType": "manual",
  "navigationBar": {
    "left": {
      "text": "Previous",
      "enable": true,
      "hide": false
    },
    "right": {
      "text": "Next",
      "enable": true,
      "hide": false
    }
  },
  "navigationCondition": "",
  "position": "BOTTOM_RIGHT",
  "meta": {
    "Creator": "Rashmi Menon",
    "CreatedOn": "Mon, 25 Nov 2019 11:41:03 GMT"
  },
  "context": [],
  "localization": {
    "en-us": {
      "content": {
        "title": "Assign Skin to the Template",
        "body": "<ol>\n<li>From the <strong>Properties</strong> panel, navigate to the <strong>Skin</strong> tab.</li>\n<li>Under <strong>BackGround</strong> section, assign the following values:\n<ul>\n<li>Type: <strong>Single Color</strong></li>\n<li>For <strong>Color</strong>, click the square next to it.</li>\n<li>For #, enter the following value: <strong>bdbbbb</strong></li>\n<li>Opacity: <strong>100</strong></li>\n</ul>\n</li>\n</ol>"
      },
      "navigationBar": {
        "left": {
          "text": "Previous"
        },
        "right": {
          "text": "Next"
        }
      }
    },
    "zh-cn": {
      "content": {
        "title": "将皮肤分配给模板",
        "body": "<ol> \n <li>从<strong>属性</strong>面板，导航到<strong> skin </strong> tab。</li> \n <li>在<strong>背景</strong>部分下，分配以下值： \n <ul> \n <li>类型：<strong>单色</strong> </li> \n <li>对于<strong>颜色</strong>，单击其旁边的正方形。</li> \n <li>对于＃，输入以下值：<strong> bdbbbb </strong> </li> \n <li>不透明度：<strong> 100 </strong> </li> \n </ul> \n </li> \n </ol>"
      },
      "navigationBar": {
        "left": {
          "text": "以前的"
        },
        "right": {
          "text": "下一个"
        }
      }
    },
    "zh-tw": {
      "content": {
        "title": "將皮膚分配給模板",
        "body": "<ol> \n <li>從<strong>屬性</strong>面板，導航到<strong> skin </strong> tab。</li> \n <li>在<strong>背景</strong>部分下，分配以下值： \n <ul> \n <li>類型：<strong>單色</strong> </li> \n <li>對於<strong>顏色</strong>，單擊其旁邊的正方形。</li> \n <li>對於＃，輸入以下值：<strong> bdbbbb </strong> </li> \n <li>不透明度：<strong> 100 </strong> </li> \n </ul> \n </li> \n </ol>"
      },
      "navigationBar": {
        "left": {
          "text": "以前的"
        },
        "right": {
          "text": "下一個"
        }
      }
    }
  }
}