{
    "kuid": "ad4c6atb-23a1-43r5-b9u4-bd20ecnf",
    "id": "VoltMX.NFIBarcodeV9.eventCode1",
    "content": {
        "title": "Link Code to the UI",
        "body": "<ol>\n<li>From the left menu of the <strong>Action Editor</strong>, under the <strong>Function</strong> section, select <strong>Invoke Function</strong>.</li>\n<li>From the right pane of the <strong>Action Editor</strong>, for the drop-down <strong>Function Name</strong>, select <strong>formPostShow</strong>.</li><li>Click <b>Save</b>.</li>\n</ol>"
    },
    "pointer": {
        "direction": "left",
        "element": {
            "module": "actioneditor",
            "itemType": "ae-action-type",
            "info": {
                "actionType": "Invoke Function"
            }
        },
        "type": "default"
    },
    "navigationType": "manual",
    "navigationBar": {
        "left": {
            "text": "Previous",
            "enable": true,
            "hide": false
        },
        "right": {
            "text": "Next",
            "enable": true,
            "hide": false
        }
    },
    "navigationCondition": "",
    "position": "BOTTOM_LEFT",
    "meta": {
        "Creator": "Rashmi Menon",
        "CreatedOn": "Thu, 28 Nov 2019 04:41:09 GMT"
    },
    "context": []
}