{
  "Tour.LaunchyourRWApp92": {
    "description": " यात्रा का विवरण"
  },
  "Hike.VoltMX.NewLaunchWebApp": {
    "description": " वृद्धि का विवरण"
  },
  "Card.VoltMX.NewLaunchWebApp.adduser": {
    "content": {
      "title": " नमूना उपयोगकर्ता जोड़ें",
      "body": "<ol>\n<li> से<strong> डेटा &amp; सेवाएं</strong><strong> &nbsp;</strong> आपके कैनवास के शीर्ष दाईं ओर पैनल, विस्तृत करें&nbsp;<strong> परियोजना सेवाएं</strong>.</li>\n<li> पर राइट-क्लिक करें<strong> उपयोगकर्ता प्रमाणीकरण</strong> और चुनें<strong> संपादित करें</strong>।<strong> पहचान सेवा संपादित करें</strong> विंडो प्रकट होती है।</li>\n<li> क्लिक करें<strong> उपयोगकर्ता आयात करें</strong>।<strong> उपयोगकर्ता आयात करें</strong> विंडो प्रकट होती है।</li>\n<li> क्लिक करें<strong> फ़ाइल चुनें</strong>। विंडो एक्सप्लोरर प्रकट होता है।</li>\n<li> के स्थान पर नेविगेट करें<strong> ExportUsers.csv</strong> फ़ाइल, फ़ाइल का चयन करें और क्लिक करें<strong> खुला</strong>.</li>\n<li> क्लिक करें<strong> आयात:</strong>.</li>\n<li> बंद करें<strong> पहचान सेवा संपादित करें</strong> window.</li>\n</ol>"
    },
    "navigationBar": {
      "left": {
        "text": " पिछला"
      },
      "right": {
        "text": " अगला"
      }
    }
  },
  "Card.VoltMX.NewLaunchWebApp.done": {
    "content": {
      "title": " ऐप का अन्वेषण करें",
      "body": "<p> आपने सफलतापूर्वक:</p>\n<ul>\n<li><strong> एक वेब ऐप आयात किया गया</strong></li>\n<li><strong> लाइव पूर्वावलोकन का उपयोग करके कंप्यूटर पर ऐप लॉन्च किया</strong></li>\n</ul><br/>\n<p> इस ऐप को अपने दम पर बनाने का तरीका जानने के लिए, अगली हाइक देखें:<a class=\"tour-link\" tour=\"220f01t3-bda6-40r0-92uf-56631bnb\"><b> 2. संग्रह से UI बनाएं</b></a>.</p>"
    },
    "navigationBar": {
      "left": {
        "text": " पिछला"
      },
      "right": {
        "text": " हो गया"
      }
    }
  },
  "Card.VoltMX.NewLaunchWebApp.explore": {
    "content": {
      "title": " ऐप का अन्वेषण करें",
      "body": "<p> एक बार आवेदन आयात होने के बाद, आप आवेदन में विभिन्न रूपों का पता लगा सकते हैं।</p><br/>\n<p> आप प्रपत्रों को दो अलग-अलग दृश्यों में देख सकते हैं:<strong> स्टोरीबोर्ड</strong> देखें और<strong> डिज़ाइन</strong> देखें।</p><br/>\n<p> आवेदन में खुलता है<strong> स्टोरीबोर्ड</strong> देखें। आप स्टोरीबोर्ड दृश्य में ऐप के अंदर विभिन्न रूपों और रूपों के बीच कनेक्शन देख सकते हैं।</p><br/>\n<p> देखने के लिए<strong> गुण</strong> फॉर्म में प्रत्येक विजेट के फॉर्म को खोलने के लिए किसी भी फॉर्म पर डबल क्लिक करें।<strong> डिज़ाइन दृश्य</strong>। आप select का भी चयन कर सकते हैं<strong> डिज़ाइन&nbsp;</strong> टैब पर नेविगेट करने के लिए<strong> डिज़ाइन</strong> देखें।</p>"
    },
    "navigationBar": {
      "left": {
        "text": " पिछला"
      },
      "right": {
        "text": " अगला"
      }
    }
  },
  "Card.VoltMX.NewLaunchWebApp.explore1": {
    "content": {
      "title": " ऐप का अन्वेषण करें",
      "body": "<p> में<strong> डिज़ाइन दृश्य</strong> ऐप के अंदर विभिन्न रूपों को देखने के लिए, नेविगेट करें<strong> परियोजना</strong> एक्सप्लोरर, और विस्तृत करें<strong> उत्तरदायी वेब / डेस्कटॉप</strong> &gt;<strong> प्रपत्र</strong>.</p>\n<p> &nbsp;</p>\n<p> आप ऐप के अंदर छह फॉर्म देख सकते हैं। प्रत्येक प्रपत्र पर क्लिक करें और देखें कि कैनवास क्या प्रदर्शित करता है।</p>\n<p> &nbsp;</p>\n<p> सभी UI तत्वों को देखने के लिए कैनवास के आकार को 100% से उचित प्रतिशत में बदलें।</p>"
    },
    "navigationBar": {
      "left": {
        "text": " पिछला"
      },
      "right": {
        "text": " अगला"
      }
    }
  },
  "Card.VoltMX.NewLaunchWebApp.Import": {
    "content": {
      "title": " वेब ऐप आयात करें",
      "body": "<ol>\n<li> आइरिस के मुख्य मेनू से नेविगेट करें<strong> फोर्ज</strong> &gt;<strong> ब्राउज़ करें</strong>.<br /> The<strong> वोल्ट एमएक्स फोर्ज</strong> विंडो प्रकट होती है</li>\n<li> सर्च बार पर एंटर करें<strong> प्राप्तकर्ता वेब</strong>.</li>\n<li> दिखाई देने वाली सूची में, चुनें<strong> प्राप्तकर्ता वेब</strong>.<br /> का विवरण<strong> प्राप्तकर्तावेब&nbsp;</strong> ऐप दिखाई देता है।</li>\n<li> क्लिक करें<strong> कार्यक्षेत्र में आयात करें</strong>.<br /> आइरिस को ऐप आयात करने में कुछ समय लग सकता है।</li>\n</ol>"
    },
    "navigationBar": {
      "left": {
        "text": " पिछला"
      },
      "right": {
        "text": " अगला"
      }
    }
  },
  "Card.VoltMX.NewLaunchWebApp.Import1": {
    "content": {
      "title": " वेब ऐप आयात करें",
      "body": "<ol>\n<li> ऐप आयात होने के बाद, एक<strong> आइरिस</strong> संवाद प्रकट होता है।<br /> क्लिक करें<strong> ठीक है</strong>.</li>\n<li> आइरिस के मुख्य मेनू से नेविगेट करें<strong> परियोजना</strong> &gt;<strong> खुला</strong> &gt;<strong> एचसीएल संदर्भ वास्तुकला</strong> , और चुनें<strong> प्राप्तकर्तावेब</strong>.<br /> आवेदन में खुलता है<strong> स्टोरीबोर्ड</strong> देखें।</li>\n<li> आइरिस कैनवास के शीर्ष से, ड्रॉप-डाउन सूची से, चयन करें<strong> वेब:1380</strong>.</li>\n</ol>"
    },
    "navigationBar": {
      "left": {
        "text": " पिछला"
      },
      "right": {
        "text": " अगला"
      }
    }
  },
  "Card.VoltMX.NewLaunchWebApp.Intro": {
    "content": {
      "title": " वोल्ट एमएक्स आईरिस में आपका स्वागत है!",
      "body": "<p><strong> चलिए शुरू करते हैं!</strong></p><br/>\n<p> इस वृद्धि में, हम करेंगे:</p>\n<ul>\n<li> एक नमूना वेब ऐप आयात करें जो खातों और प्राप्तकर्ताओं की सूची दिखाता है</li>\n<li> अपने कंप्यूटर पर नमूना ऐप का पूर्वावलोकन करें</li>\n</ul><br/> आरंभ करने से पहले, नमूना csv फ़ाइल को यहां से डाउनलोड करें और निकालें<a href='#'onClick='javascript:openURL(\"https://github.com/HCL-TECH-SOFTWARE/volt-mx-tutorials/raw/master/public/samples/SampleCSV.zip\")'> यहाँ</a>। निकाली गई फ़ाइल के स्थान पर ध्यान दें।<br/>\n<p><strong> जब आप तैयार हों, तो स्टार्ट पर क्लिक करें!</strong></p>"
    },
    "navigationBar": {
      "left": {
        "text": " पिछला"
      },
      "right": {
        "text": " प्रारंभ"
      }
    }
  },
  "Card.VoltMX.NewLaunchWebApp.publish1": {
    "content": {
      "title": " ऐप चलाएँ",
      "body": "<ol>\n<li> से<strong> लाइव पूर्वावलोकन सेटिंग्स</strong> विंडो, अंडर<strong> प्लेटफॉर्म और चैनल</strong> , के आगे वाले चेकबॉक्स को चुनें<strong> उत्तरदायी वेब</strong>.<br /> सुनिश्चित करें कि आपने अन्य सभी प्लेटफार्मों और चैनलों के लिए चेकबॉक्स को अचयनित किया है।</li>\n<li> क्लिक करें<strong> सहेजें और amp; Daud</strong>.<br /> आइरिस को ऐप चलाने में कुछ समय लग सकता है।</li>\n</ol>"
    },
    "navigationBar": {
      "left": {
        "text": " पिछला"
      },
      "right": {
        "text": " अगला"
      }
    }
  },
  "Card.VoltMX.NewLaunchWebApp.Settings1": {
    "content": {
      "title": " लाइव पूर्वावलोकन के लिए सेटिंग्स",
      "body": "<ol>\n<li> मुख्य मेनू से, चुनें<strong> बिल्ड</strong>.</li>\n<li> क्लिक करें<strong> लाइव पूर्वावलोकन सेटिंग्स</strong>.</li>\n</ol>"
    },
    "navigationBar": {
      "left": {
        "text": " पिछला"
      },
      "right": {
        "text": " अगला"
      }
    }
  },
  "Card.VoltMX.NewLaunchWebApp.Viewing": {
    "content": {
      "title": " ऐप का अन्वेषण करें",
      "body": "<ol>\n<li> अपने ऐप में निम्नलिखित लॉगिन क्रेडेंशियल दर्ज करें:<ul>\n<li> उपयोगकर्ता नाम:<strong> john.doe@woodburn.com</strong></li>\n<li> पासवर्ड:<strong> वोल्टएमएक्स@123</strong></li>\n</ul>\n</li>\n<li> क्लिक करें<strong> लॉगिन</strong>. <br /> The<strong> खातों की सूची</strong> प्रकट होता है।</li>\n<li> क्लिक करें<strong> प्राप्तकर्ता</strong>. <br /> The<strong> प्राप्तकर्ता&nbsp;सूची</strong> प्रकट होता है।</li>\n</ol>\n<p> प्राप्तकर्ता पृष्ठ में, आप निम्न कार्य कर सकते हैं:</p>\n<ul style=\"list-style-type: circle;\">\n<li> ऐड पर क्लिक करें (<strong>+</strong> ) आइकन, अपने खाते में एक &nbsp;प्राप्तकर्ता&nbsp;जोड़ने के लिए।</li>\n<li> प्राप्तकर्ता का विवरण देखने के लिए सूची से उसका चयन करें।<br /> विवरण पृष्ठ से, आप प्राप्तकर्ता को संपादित या हटा सकते हैं।</li>\n</ul>"
    },
    "navigationBar": {
      "left": {
        "text": " पिछला"
      },
      "right": {
        "text": " अगला"
      }
    }
  }
}