{
  "kuid": "f696e7te-f7a8-41r9-92u0-a39912n9",
  "id": "VoltMX.AssignDatatotheSegmentV9.addServices",
  "content": {
    "title": "Add Services to the Employee List",
    "body": "<ol>\n<li>Expand <strong>Sample Services </strong>&gt; <strong>EmployeeServices </strong>&gt; <strong>employees.</strong></li>\n<li>Select <strong>get</strong>.</li>\n<li>Drag <strong>get </strong>from the <strong>Data & Services </strong>panel onto the <strong>Iris</strong> canvas.</li>\n<li>Expand <strong>Project Services </strong>&gt; <strong>EmployeeServices </strong>&gt; <strong>employees</strong>.</li>\n<li>Next to <strong>get</strong>, click <strong>View Mapping</strong>.</li>\n</ol>"
  },
  "pointer": {
    "direction": "right",
    "element": {
      "module": "datapanel",
      "itemType": "dp_tree_entry",
      "context": {},
      "path": "PROJECT SERVICES\\Objects\\EmployeeServices\\employees"
    },
    "type": "default"
  },
  "navigationType": "manual",
  "navigationBar": {
    "left": {
      "text": "Previous",
      "enable": true,
      "hide": false
    },
    "right": {
      "text": "Next",
      "enable": true,
      "hide": false
    }
  },
  "navigationCondition": "",
  "position": "BOTTOM_RIGHT",
  "meta": {
    "Creator": "Rashmi Menon",
    "CreatedOn": "Mon, 25 Nov 2019 11:06:41 GMT"
  },
  "context": [],
  "localization": {
    "en-us": {
      "content": {
        "title": "Add Services to the Employee List",
        "body": "<ol>\n<li>Expand <strong>Sample Services </strong>&gt; <strong>EmployeeServices </strong>&gt; <strong>employees.</strong></li>\n<li>Select <strong>get</strong>.</li>\n<li>Drag <strong>get </strong>from the <strong>Data & Services </strong>panel onto the <strong>Iris</strong> canvas.</li>\n<li>Expand <strong>Project Services </strong>&gt; <strong>EmployeeServices </strong>&gt; <strong>employees</strong>.</li>\n<li>Next to <strong>get</strong>, click <strong>View Mapping</strong>.</li>\n</ol>"
      },
      "navigationBar": {
        "left": {
          "text": "Previous"
        },
        "right": {
          "text": "Next"
        }
      }
    },
    "zh-cn": {
      "content": {
        "title": "将服务添加到员工列表中",
        "body": "<ol> \n <li>展开<strong>示例服务</strong>＆gt; <strong>员工服务</strong>＆gt; <strong>员工。</strong> </li> \n <li>选择<strong>获取</strong>。</li> \n <li> drag <strong>从<strong>数据＆Services </strong>面板上获取</strong>到<strong> iris </strong> canvas。</li> \n <li>展开<strong>项目服务</strong>＆gt; <strong>员工服务</strong>＆gt; <strong>员工</strong>。</li> \n <li> <strong>获取</strong>旁边，单击<strong>查看映射</strong>。</li> \n </ol>"
      },
      "navigationBar": {
        "left": {
          "text": "以前的"
        },
        "right": {
          "text": "下一个"
        }
      }
    },
    "zh-tw": {
      "content": {
        "title": "將服務添加到員工列表中",
        "body": "<ol> \n <li>展開<strong>示例服務</strong>＆gt; <strong>員工服務</strong>＆gt; <strong>員工。</strong> </li> \n <li>選擇<strong>獲取</strong>。</li> \n <li> drag <strong>從<strong>數據＆Services </strong>面板上獲取</strong>到<strong> iris </strong> canvas。</li> \n <li>展開<strong>項目服務</strong>＆gt; <strong>員工服務</strong>＆gt; <strong>員工</strong>。</li> \n <li> <strong>獲取</strong>旁邊，單擊<strong>查看映射</strong>。</li> \n </ol>"
      },
      "navigationBar": {
        "left": {
          "text": "以前的"
        },
        "right": {
          "text": "下一個"
        }
      }
    }
  }
}