{
    "kuid": "247afatf-60ae-4ara-b0u0-065f1cn1",
    "id": "VoltMX.ConnectAppServWebV9.mapping2",
    "content": {
        "title": "Map the Service with UI Elements",
        "body": "<p>Map the following elements in the Mapping Editor from the left pane to the right pane.</p>\n<ul>\n<li>From the left pane of the <strong>Mapping Editor</strong>, select <strong>AccountNumber{string}</strong>. <br /> From the right pane of the <strong>Mapping Editor</strong>, expand <strong>Label-lblAccountNumber </strong>and select <strong>text{string}</strong>.</li>\n<li>From the left pane of the <strong>Mapping Editor</strong>, select <strong>Balance{string}</strong>.<br />From the right pane of the <strong>Mapping Editor</strong>, expand <strong>Label-lblBalance </strong>and select <strong>text{string}</strong>.</li>\n<li>From the left pane of the <strong>Mapping Editor</strong>, select <strong>AccountName{string}</strong>. <br /> From the right pane of the <strong>Mapping Editor</strong>, expand <strong>Label-lblAccountName </strong>and select <strong>text{string}</strong>.</li>\n<li>Kindly check ,all mapping is successfully performed before moving to next card.</li></ul>"
    },
    "pointer": {
        "direction": "left",
        "element": "",
        "type": "none"
    },
    "navigationType": "manual",
    "navigationBar": {
        "left": {
            "text": "Previous",
            "enable": true,
            "hide": false
        },
        "right": {
            "text": "Next",
            "enable": true,
            "hide": false
        }
    },
    "navigationCondition": "",
    "position": "CENTER",
    "meta": {
        "Creator": "Prem Garudadri",
        "CreatedOn": "Thu, 19 Dec 2019 05:54:15 GMT"
    },
    "context": []
}