{
  "kuid": "449855td-b8ad-42r1-85u8-ae3e2en3",
  "id": "VoltMX.CreateEmailIdCompV9.componentUI4",
  "content": {
    "title": "Add a Label Widget",
    "body": "<ol>\n<li>From the <strong>Templates</strong> explorer, navigate to <strong>Components</strong> &gt; <strong>userEntry.emailField [1.0.0]</strong> and select <strong>emailField</strong>.</li>\n<li>From the lower-left corner of Iris, go to the <strong>Default Library</strong> and click on the search icon <img src=\"https://i.ibb.co/gmMPVjC/search-Icon.png\" alt=\"search icon\" width=\"13\" height=\"13\" />.</li>\n<li>In the search bar, clear any previous text and enter <strong>Label</strong>.</li>\n<li>From the results, under <b>Default, </b>select <strong>Label</strong>.</li><li>Drag and drop the widget onto the <strong>emailField</strong> flex container in the canvas.</li>\n<li>From the <b>Templates</b> explorer, navigate to <b>Components</b> &gt; <b>userEntry.emailField [1.0.0]</b> &gt; <b>emailField</b> right-click on the new label widget.</li><li>Rename the label from <b>LabelXXXX</b> to <strong>BottomLabel</strong>.</li>\n</ol>"
  },
  "pointer": {
    "direction": "left",
    "element": {
      "module": "projectexplorer",
      "css_selector": ".ktable ul li div[id ='frmKonyLib_pxtemptab_A']"
    },
    "type": "default"
  },
  "navigationType": "manual",
  "navigationBar": {
    "left": {
      "text": "Previous",
      "enable": true,
      "hide": false
    },
    "right": {
      "text": "Next",
      "enable": true,
      "hide": false
    }
  },
  "navigationCondition": "",
  "position": "BOTTOM_RIGHT",
  "meta": {
    "Creator": "Rashmi Menon",
    "CreatedOn": "Tue, 26 Nov 2019 06:13:40 GMT"
  },
  "context": [],
  "localization": {
    "en-us": {
      "content": {
        "title": "Add a Label Widget",
        "body": "<ol>\n<li>From the <strong>Templates</strong> explorer, navigate to <strong>Components</strong> &gt; <strong>userEntry.emailField [1.0.0]</strong> and select <strong>emailField</strong>.</li>\n<li>From the lower-left corner of Iris, go to the <strong>Default Library</strong> and click on the search icon <img src=\"https://i.ibb.co/gmMPVjC/search-Icon.png\" alt=\"search icon\" width=\"13\" height=\"13\" />.</li>\n<li>In the search bar, clear any previous text and enter <strong>Label</strong>.</li>\n<li>From the results, under <b>Default, </b>select <strong>Label</strong>.</li><li>Drag and drop the widget onto the <strong>emailField</strong> flex container in the canvas.</li>\n<li>From the <b>Templates</b> explorer, navigate to <b>Components</b> &gt; <b>userEntry.emailField [1.0.0]</b> &gt; <b>emailField</b> right-click on the new label widget.</li><li>Rename the label from <b>LabelXXXX</b> to <strong>BottomLabel</strong>.</li>\n</ol>"
      },
      "navigationBar": {
        "left": {
          "text": "Previous"
        },
        "right": {
          "text": "Next"
        }
      }
    },
    "zh-cn": {
      "content": {
        "title": "添加标签小部件",
        "body": "***<ol> \n <li>从<strong>模板</strong>探索器，导航到<strong>组件</strong>＆gt; <strong> userentry.emailfield [1.0.0] </strong>，然后选择<strong> emailfield </strong>。</li> \n <li>从虹膜的下左角，转到<strong>默认库</strong>，然后单击搜索图标<img src=\"https://i.ibb.co/gmMPVjC/search-Icon.png\" alt=\"search icon\" width=\"13\" height=\"13\" />。</li> \n <li>在搜索栏中，清除任何以前的文本，然后输入<strong>标签</strong>。</li> \n <li>从结果中，在<b>默认下，</b>选择<strong> label </strong>。 。</li> \n <li>从<b>模板</b>探索器，导航到<b>组件</b>＆gt; <b> userentry.emailfield [1.0.0] </b>＆gt; <b> emailfield </b>右键单击新标签窗口小部件。</li> <li>将标签从<b> labelxxxx </b>重命名为<strong> bottomLabel </strong>。 \n </ol>"
      },
      "navigationBar": {
        "left": {
          "text": "以前的"
        },
        "right": {
          "text": "下一个"
        }
      }
    },
    "zh-tw": {
      "content": {
        "title": "添加標籤小部件",
        "body": "***<ol> \n <li>從<strong>模板</strong>探索器，導航到<strong>組件</strong>＆gt; <strong> userentry.emailfield [1.0.0] </strong>，然後選擇<strong> emailfield </strong>。</li> \n <li>從虹膜的下左角，轉到<strong>默認庫</strong>，然後單擊搜索圖標<img src=\"https://i.ibb.co/gmMPVjC/search-Icon.png\" alt=\"search icon\" width=\"13\" height=\"13\" />。</li> \n <li>在搜索欄中，清除任何以前的文本，然後輸入<strong>標籤</strong>。</li> \n <li>從結果中，在<b>默認下，</b>選擇<strong> label </strong>。 。</li> \n <li>從<b>模板</b>探索器，導航到<b>組件</b>＆gt; <b> userentry.emailfield [1.0.0] </b>＆gt; <b> emailfield </b>右鍵單擊新標籤窗口小部件。</li> <li>將標籤從<b> labelxxxx </b>重命名為<strong> bottomLabel </strong>。 \n </ol>"
      },
      "navigationBar": {
        "left": {
          "text": "以前的"
        },
        "right": {
          "text": "下一個"
        }
      }
    }
  }
}