{
  "kuid": "8e1470t7-58a2-45r5-90ud-1df37enc",
  "id": "VoltMX.CreateEmailIdCompV9.ComponentUI2",
  "content": {
    "title": "Add a TextBox Widget",
    "body": "<ol>\n<li>From the lower-left corner of Iris, go to the <b>Default Library</b> and click the search icon <img src=\"https://i.ibb.co/gmMPVjC/search-Icon.png\" alt=\"search icon\" width=\"14\"\nheight=\"14\"></li><li>In the search bar, clear any previous text and enter <b>TextBox</b>. </li>\n<li> From the results, under <b>Default, </b>select <b>TextBox</b>.</li><li>Drag and drop the widget onto the <b>emailField</b> flex container in the canvas.</li>\n<li>From the <b>Templates</b> explorer, navigate to <b>Components</b> &gt; <b>userEntry.emailField [1.0.0]</b> &gt; <b>emailField</b>.</li><li>Right-click on the new text box widget.</li><li>Rename the text box from <b>TextFieldXXXX</b> to <b>txtEmailID</b>.</li>\n</ol>"
  },
  "pointer": {
    "direction": "left",
    "element": {
      "module": "konylibrary",
      "path": "default-head"
    },
    "type": "default"
  },
  "navigationType": "manual",
  "navigationBar": {
    "left": {
      "text": "Previous",
      "enable": true,
      "hide": false
    },
    "right": {
      "text": "Next",
      "enable": true,
      "hide": false
    }
  },
  "navigationCondition": "",
  "position": "BOTTOM_RIGHT",
  "meta": {
    "Creator": "Rashmi Menon",
    "CreatedOn": "Tue, 26 Nov 2019 06:06:33 GMT"
  },
  "context": [],
  "localization": {
    "en-us": {
      "content": {
        "title": "Add a TextBox Widget",
        "body": "<ol>\n<li>From the lower-left corner of Iris, go to the <b>Default Library</b> and click the search icon <img src=\"https://i.ibb.co/gmMPVjC/search-Icon.png\" alt=\"search icon\" width=\"14\"\nheight=\"14\"></li><li>In the search bar, clear any previous text and enter <b>TextBox</b>. </li>\n<li> From the results, under <b>Default, </b>select <b>TextBox</b>.</li><li>Drag and drop the widget onto the <b>emailField</b> flex container in the canvas.</li>\n<li>From the <b>Templates</b> explorer, navigate to <b>Components</b> &gt; <b>userEntry.emailField [1.0.0]</b> &gt; <b>emailField</b>.</li><li>Right-click on the new text box widget.</li><li>Rename the text box from <b>TextFieldXXXX</b> to <b>txtEmailID</b>.</li>\n</ol>"
      },
      "navigationBar": {
        "left": {
          "text": "Previous"
        },
        "right": {
          "text": "Next"
        }
      }
    },
    "zh-cn": {
      "content": {
        "title": "添加文本框窗口小部件",
        "body": "***<ol> \n <li>从虹膜的下左角，转到<b>默认库</b>，然后在搜索栏中单击搜索图标<img src=\"https://i.ibb.co/gmMPVjC/search-Icon.png\" alt=\"search icon\" width=\"14\"\nheight=\"14\"> </li> <li> {6} } TextBox </b>。 </li> \n <li>从结果中，在<b>默认下，</b>选择<b> textbox </b>。 。</li> \n <li>从<b>模板</b>探索器，导航到<b>组件</b>＆gt; <b> userentry.emailfield [1.0.0] </b>＆gt; <b> emailfield </b>。</li> <li>在新的文本框窗口上右键单击。</li> <li>从<b> textfieldfieldxxxxxxxxxxxxxxxxxxxxxxxxxxxxxxxxxxxxxxxxxxxxxxxxxxxxxxxxxxxxxxxxxxxxxxxxxxxxxxxxxxxxxxxxxxxxxxxxxxxxxxxxxxxxxxxxxxxxxxxxxxxxxxxxxxxxxxxxxxxxxxxxxxxxxxxxxxxxxxxxxxxxxxxxx <b> txtemailid}的文本框的 。</li> \n </ol>"
      },
      "navigationBar": {
        "left": {
          "text": "以前的"
        },
        "right": {
          "text": "下一个"
        }
      }
    },
    "zh-tw": {
      "content": {
        "title": "添加文本框窗口小部件",
        "body": "***<ol> \n <li>從虹膜的下左角，轉到<b>默認庫</b>，然後在搜索欄中單擊搜索圖標<img src=\"https://i.ibb.co/gmMPVjC/search-Icon.png\" alt=\"search icon\" width=\"14\"\nheight=\"14\"> </li> <li> {6} } TextBox </b>。 </li> \n <li>從結果中，在<b>默認下，</b>選擇<b> textbox </b>。 。</li> \n <li>從<b>模板</b>探索器，導航到<b>組件</b>＆gt; <b> userentry.emailfield [1.0.0] </b>＆gt; <b> emailfield </b>。</li> <li>在新的文本框窗口上右鍵單擊。</li> <li>從<b> textfieldfieldxxxxxxxxxxxxxxxxxxxxxxxxxxxxxxxxxxxxxxxxxxxxxxxxxxxxxxxxxxxxxxxxxxxxxxxxxxxxxxxxxxxxxxxxxxxxxxxxxxxxxxxxxxxxxxxxxxxxxxxxxxxxxxxxxxxxxxxxxxxxxxxxxxxxxxxxxxxxxxxxxxxxxxxxx <b> txtemailid}的文本框的 。</li> \n </ol>"
      },
      "navigationBar": {
        "left": {
          "text": "以前的"
        },
        "right": {
          "text": "下一個"
        }
      }
    }
  }
}