{
    "kuid": "9b638et9-40a1-47rd-a7u3-8d0739n6",
    "id": "kony.IntrotoActionEditorV9.NewProject2",
    "content": {
        "title": "Create a New Project",
        "body": "<ol>\n<li>Under <strong>Project Name</strong>, enter <strong>QuantumACME</strong>.</li>\n<li>Click <strong>Create</strong>.<br />A new application is created with one flex form. <br />The application opens in the <strong>Storyboard </strong>view.</li>\n</ol>"
    },
    "pointer": {
        "direction": "left",
        "element": "",
        "type": "none"
    },
    "navigationType": "manual",
    "navigationBar": {
        "left": {
            "text": "Previous",
            "enable": true,
            "hide": false
        },
        "right": {
            "text": "Next",
            "enable": true,
            "hide": false
        }
    },
    "navigationCondition": "",
    "position": "BOTTOM_RIGHT",
    "meta": {
        "Creator": "Rashmi Menon",
        "CreatedOn": "Tue, 26 Nov 2019 04:23:57 GMT"
    },
    "context": []
}