{
  "kuid": "b36a94tc-0fa2-42rf-a0ub-10f109n3",
  "id": "VoltMX.CreateEmailIdCompV9.createCont5",
  "content": {
    "title": "Add a Button Widget",
    "body": "<ol>\n<li>From the lower-left corner of Iris, go to the <b>Default library</b>, and clear the previous from the search bar. </li>\n<li>Drag and drop the <b>Button</b> widget onto the <b>Contact</b> form in the canvas.</li>\n<li>From the <b>Project</b> explorer, navigate to <b>Mobile</b> &gt; <b>Forms</b> &gt; <b>Contact</b> right-click on the new button widget.</li><li>Rename the button from <b>ButtonXXXX</b> to <b>Submit</b>.</li>\n</ol>"
  },
  "pointer": {
    "direction": "left",
    "element": {
      "module": "konylibrary",
      "path": "default-head"
    },
    "type": "default"
  },
  "navigationType": "manual",
  "navigationBar": {
    "left": {
      "text": "Previous",
      "enable": true,
      "hide": false
    },
    "right": {
      "text": "Next",
      "enable": true,
      "hide": false
    }
  },
  "navigationCondition": "",
  "position": "BOTTOM_RIGHT",
  "meta": {
    "Creator": "Rashmi Menon",
    "CreatedOn": "Tue, 26 Nov 2019 05:56:36 GMT"
  },
  "context": [],
  "localization": {
    "en-us": {
      "content": {
        "title": "Add a Button Widget",
        "body": "<ol>\n<li>From the lower-left corner of Iris, go to the <b>Default library</b>, and clear the previous from the search bar. </li>\n<li>Drag and drop the <b>Button</b> widget onto the <b>Contact</b> form in the canvas.</li>\n<li>From the <b>Project</b> explorer, navigate to <b>Mobile</b> &gt; <b>Forms</b> &gt; <b>Contact</b> right-click on the new button widget.</li><li>Rename the button from <b>ButtonXXXX</b> to <b>Submit</b>.</li>\n</ol>"
      },
      "navigationBar": {
        "left": {
          "text": "Previous"
        },
        "right": {
          "text": "Next"
        }
      }
    },
    "zh-cn": {
      "content": {
        "title": "添加一个按钮小部件",
        "body": "***<ol> \n <li>从虹膜的下左角，转到<b>默认库</b>，然后从搜索栏中清除先前。 </li> \n <li>将<b>按钮</b>窗口拖放到<b> contact </b>形式中的canvas中。</li> \n <li>从<b> project </b>探索器，导航到<b>移动</b>＆gt; <b>表格</b>＆gt; <b>访问</b>在新按钮窗口上右键单击。</li> <li>将按钮从<b> buttonxxxx </b>重命名为<b>提交</b>。</li>。{26}。 \n </ol>"
      },
      "navigationBar": {
        "left": {
          "text": "以前的"
        },
        "right": {
          "text": "下一个"
        }
      }
    },
    "zh-tw": {
      "content": {
        "title": "添加一個按鈕小部件",
        "body": "***<ol> \n <li>從虹膜的下左角，轉到<b>默認庫</b>，然後從搜索欄中清除先前。 </li> \n <li>將<b>按鈕</b>窗口拖放到<b> contact </b>形式中的canvas中。</li> \n <li>從<b> project </b>探索器，導航到<b>移動</b>＆gt; <b>表格</b>＆gt; <b>訪問</b>在新按鈕窗口上右鍵單擊。</li> <li>將按鈕從<b> buttonxxxx </b>重命名為<b>提交</b>。</li>。{26}。 \n </ol>"
      },
      "navigationBar": {
        "left": {
          "text": "以前的"
        },
        "right": {
          "text": "下一個"
        }
      }
    }
  }
}