{
  "kuid": "2b0d73tf-1ead-40r5-b9u6-574caen8",
  "id": "VoltMX.createUIMobV9.addNav3",
  "content": {
    "title": "Add Navigation from Accounts Form",
    "body": "<ol>\n<li>From the <strong>Project </strong>explorer, expand to <strong>Mobile</strong> &gt; <strong>Forms</strong> &gt; <strong>frmAccount</strong> &gt; <strong>flexAccountList</strong> &gt; <strong>flexFooter</strong> and select&nbsp;<strong>flxRecipient</strong></li>\n<li>From the <strong>Properties</strong> panel, navigate to the <strong>Action</strong> tab.</li>\n<li>For the <strong>onClick </strong>event, click <strong>Edit</strong>.<br />The <strong>Action Editor </strong>window appears.</li>\n</ol>"
  },
  "pointer": {
    "direction": "left",
    "element": {
      "module": "projectexplorer",
      "path": "project-body\\project\\Mobile\\Forms\\frmAccount"
    },
    "type": "default"
  },
  "navigationType": "manual",
  "navigationBar": {
    "left": {
      "text": "Previous",
      "enable": true,
      "hide": false
    },
    "right": {
      "text": "Next",
      "enable": true,
      "hide": false
    }
  },
  "navigationCondition": "",
  "position": "BOTTOM_RIGHT",
  "meta": {
    "Creator": "Rashmi Menon",
    "CreatedOn": "Wed, 18 Dec 2019 08:21:16 GMT"
  },
  "context": [],
  "localization": {
    "en-us": {
      "content": {
        "title": "Add Navigation from Accounts Form",
        "body": "<ol>\n<li>From the <strong>Project </strong>explorer, expand to <strong>Mobile</strong> &gt; <strong>Forms</strong> &gt; <strong>frmAccount</strong> &gt; <strong>flexAccountList</strong> &gt; <strong>flexFooter</strong> and select&nbsp;<strong>flxRecipient</strong></li>\n<li>From the <strong>Properties</strong> panel, navigate to the <strong>Action</strong> tab.</li>\n<li>For the <strong>onClick </strong>event, click <strong>Edit</strong>.<br />The <strong>Action Editor </strong>window appears.</li>\n</ol>"
      },
      "navigationBar": {
        "left": {
          "text": "Previous"
        },
        "right": {
          "text": "Next"
        }
      }
    },
    "zh-cn": {
      "content": {
        "title": "从帐户表中添加导航",
        "body": "***<ol> \n <li>从<strong> project </strong>探索器，扩展到<strong>移动</strong>＆gt; <strong>表格</strong>＆gt; <strong> frmaccount </strong>＆gt; <strong> flexaccountlist </strong>＆gt; <strong> flexfooter </strong>并选择＆nbsp; <strong> flxrecipient </strong> </li> \n <li>从<strong>属性</strong>面板，导航到<strong> action </strong> tab。</li> \n <li>对于<strong> onClick </strong>事件，单击<strong> edit </strong>。 \n </ol>"
      },
      "navigationBar": {
        "left": {
          "text": "以前的"
        },
        "right": {
          "text": "下一个"
        }
      }
    },
    "zh-tw": {
      "content": {
        "title": "從帳戶表中添加導航",
        "body": "***<ol> \n <li>從<strong> project </strong>探索器，擴展到<strong>移動</strong>＆gt; <strong>表格</strong>＆gt; <strong> frmaccount </strong>＆gt; <strong> flexaccountlist </strong>＆gt; <strong> flexfooter </strong>並選擇＆nbsp; <strong> flxrecipient </strong> </li> \n <li>從<strong>屬性</strong>面板，導航到<strong> action </strong> tab。</li> \n <li>對於<strong> onClick </strong>事件，單擊<strong> edit </strong>。 \n </ol>"
      },
      "navigationBar": {
        "left": {
          "text": "以前的"
        },
        "right": {
          "text": "下一個"
        }
      }
    }
  }
}