{
  "kuid": "27c0eat9-54ac-48r0-aeuf-cf8aaane",
  "id": "VoltMX.IntroductiontoSegmentV9.masterData1",
  "content": {
    "title": "Add Data to the Segment",
    "body": "<ol><li>Under the <b>General</b> section, navigate to the property <b>Master Data</b>.</li><li>Click <b>Edit</b>.</li></ol>"
  },
  "pointer": {
    "direction": "right",
    "element": {
      "module": "propertieswindow",
      "itemType": "pw-property",
      "info": {
        "propertyName": "Master Data",
        "sectionDOMId": "frmKonyLib_pwpspvbx-General-segment",
        "tabName": "Segment"
      }
    },
    "type": "default"
  },
  "navigationType": "manual",
  "navigationBar": {
    "left": {
      "text": "Previous",
      "enable": true,
      "hide": false
    },
    "right": {
      "text": "Next",
      "enable": true,
      "hide": false
    }
  },
  "navigationCondition": "",
  "position": "BOTTOM_RIGHT",
  "meta": {
    "Creator": "Rashmi Menon",
    "CreatedOn": "Mon, 25 Nov 2019 10:18:35 GMT"
  },
  "context": [],
  "localization": {
    "en-us": {
      "content": {
        "title": "Add Data to the Segment",
        "body": "<ol><li>Under the <b>General</b> section, navigate to the property <b>Master Data</b>.</li><li>Click <b>Edit</b>.</li></ol>"
      },
      "navigationBar": {
        "left": {
          "text": "Previous"
        },
        "right": {
          "text": "Next"
        }
      }
    },
    "zh-cn": {
      "content": {
        "title": "将数据添加到细分市场",
        "body": "***<ol> <li>在<b>常规</b>部分下，导航到属性<b> master data </b>。 }"
      },
      "navigationBar": {
        "left": {
          "text": "以前的"
        },
        "right": {
          "text": "下一个"
        }
      }
    },
    "zh-tw": {
      "content": {
        "title": "將數據添加到細分市場",
        "body": "***<ol> <li>在<b>常規</b>部分下，導航到屬性<b> master data </b>。 }"
      },
      "navigationBar": {
        "left": {
          "text": "以前的"
        },
        "right": {
          "text": "下一個"
        }
      }
    }
  }
}