{
    "kuid": "e79976t2-48a4-41r3-80u6-582711n1",
    "id": "VoltMX.AddaSalesforceServiceV9.NewProject2",
    "content": {
        "title": "Create a New Project",
        "body": "<ol>\n<li>Under <strong>Project Name</strong>, enter <strong>SalesforceSample</strong>.</li>\n<li>Click <strong>Create</strong>.<br />A new application is created with one flex form. <br />The application opens in the <strong>Storyboard </strong>view.</li>\n</ol>"
    },
    "pointer": {
        "direction": "left",
        "element": "",
        "type": "none"
    },
    "navigationType": "manual",
    "navigationBar": {
        "left": {
            "text": "Previous",
            "enable": true,
            "hide": false
        },
        "right": {
            "text": "Next",
            "enable": true,
            "hide": false
        }
    },
    "navigationCondition": "",
    "position": "BOTTOM_RIGHT",
    "meta": {
        "Creator": "Rashmi Menon",
        "CreatedOn": "Wed, 27 Nov 2019 08:29:16 GMT"
    },
    "context": []
}