{
    "kuid": "7c7710e4-a7c1-45dc-820b-5121d188",
    "id": "Kony.FirstApp.AppPreview",
    "content": {
        "title": "Settings for Live Preview",
        "body": "<ol><li>From the main menu, navigate to <b>Build</b>.\n</li><li>Click <b>Live Preview Settings</b>.</li></ol>"
    },
    "position": "BOTTOM_RIGHT",
    "navigationType": "manual",
    "navigationCondition": "",
    "pointer": {
        "direction": "left",
        "element": "",
        "type": "none"
    },
    "navigationBar": {
        "left": {
            "text": "Previous",
            "hide": false,
            "enable": true
        },
        "right": {
            "text": "Next",
            "enable": true,
            "hide": false
        }
    }
}