{
  "kuid": "3e166bt6-97ab-4arc-a2u0-2ff1d8n0",
  "id": "VoltMX.IntrotoSegmentTempV9.last",
  "content": {
    "title": "Congratulations",
    "body": "<b>You have successfully created a form with segment and created a row template for the segment.</b><br/>\n\n<p>To learn more on what you can do with Volt MX Iris, visit <a href='#'onClick='javascript:openURL(\"https://support.hcltechsw.com/\")'>Base Camp</a>.</p>"
  },
  "pointer": {
    "direction": "left",
    "element": "",
    "type": "none"
  },
  "navigationType": "manual",
  "navigationBar": {
    "left": {
      "text": "Previous",
      "enable": true,
      "hide": false
    },
    "right": {
      "text": "Done",
      "enable": true,
      "hide": false
    }
  },
  "navigationCondition": "",
  "position": "CENTER",
  "meta": {
    "Creator": "Rashmi Menon",
    "CreatedOn": "Mon, 25 Nov 2019 11:54:23 GMT"
  },
  "context": [],
  "localization": {
    "en-us": {
      "content": {
        "title": "Congratulations",
        "body": "<b>You have successfully created a form with segment and created a row template for the segment.</b><br/>\n\n<p>To learn more on what you can do with Volt MX Iris, visit <a href='#'onClick='javascript:openURL(\"https://support.hcltechsw.com/\")'>Base Camp</a>.</p>"
      },
      "navigationBar": {
        "left": {
          "text": "Previous"
        },
        "right": {
          "text": "Done"
        }
      }
    },
    "zh-cn": {
      "content": {
        "title": "恭喜",
        "body": "***<b>您已成功创建了一个带有段的表单，并为该段创建了一个行模板。</b> <br/> \n\n <p>要了解有关您可以使用Volt MX Iris做什么的更多信息，请访问<a href='#'onClick='javascript:openURL(\"https://support.hcltechsw.com/\")'>基本营</a>。"
      },
      "navigationBar": {
        "left": {
          "text": "以前的"
        },
        "right": {
          "text": "完毕"
        }
      }
    },
    "zh-tw": {
      "content": {
        "title": "恭喜",
        "body": "***<b>您已成功創建了一個帶有段的表單，並為該段創建了一個行模板。</b> <br/> \n\n <p>要了解有關您可以使用Volt MX Iris做什麼的更多信息，請訪問<a href='#'onClick='javascript:openURL(\"https://support.hcltechsw.com/\")'>基本營</a>。"
      },
      "navigationBar": {
        "left": {
          "text": "以前的"
        },
        "right": {
          "text": "完畢"
        }
      }
    }
  }
}