{
    "kuid": "76dc51tf-37a6-4fr5-8bu5-85b936n4",
    "id": "VoltMX.AuthApp.Congrats",
    "content": {
        "title": "Run the App",
        "body": "<ol>\n<li>From the left navigation bar of the Iris, click <b>Run</b>.</li><li>It may take some time for Iris ro run the app. Once the app build is complete, the sample opens in the <strong>Volt MX Iris Preview</strong> window.</li><li>\nIn the previous hikes, you could access the Account form without any credentials. Now the app will ask for login credentials. <br /> Enter the following login credentials in your app:\n<ul>\n<li>Username: <strong>john.doe@woodburn.com</strong></li>\n<li>Password: <strong>VoltMX@123</strong></li>\n</ul></li>\n<li>Click <strong>Login</strong>.<br /> The <b>Account list</b> appears.</li>\n<li>Click <b>Logout</b> <img src=\"https://i.ibb.co/WcS0Fd5/logout.jpg\" alt=\"logout\" width=\"13\" height=\"13\">. <br /> The <b>Login form</b> appears.</li>\n</ol>"
    },
    "pointer": {
        "direction": "left",
        "element": {
            "module": "shortcutbar",
            "itemId": "frmKonyLib_preview"
        },
        "type": "default"
    },
    "navigationType": "manual",
    "navigationBar": {
        "left": {
            "text": "Previous",
            "enable": true,
            "hide": false
        },
        "right": {
            "text": "Next",
            "enable": true,
            "hide": false
        }
    },
    "navigationCondition": "",
    "position": "BOTTOM_RIGHT",
    "meta": {
        "Creator": "Deepti Ravula",
        "CreatedOn": "Thu, 19 Dec 2019 06:58:05 GMT"
    },
    "context": []
}