{
  "kuid": "76dc51tf-37a6-4fr5-8bu5-85b936n4",
  "id": "VoltMX.AuthApp.Congrats",
  "content": {
    "title": "Run the App",
    "body": "<ol>\n<li>From the left navigation bar of the Iris, click <b>Run</b>.</li><li>It may take some time for Iris ro run the app. Once the app build is complete, the sample opens in the <strong>Volt MX Iris Preview</strong> window.</li><li>\nIn the previous hikes, you could access the Account form without any credentials. Now the app will ask for login credentials. <br /> Enter the following login credentials in your app:\n<ul>\n<li>Username: <strong>john.doe@woodburn.com</strong></li>\n<li>Password: <strong>VoltMX@123</strong></li>\n</ul></li>\n<li>Click <strong>Login</strong>.<br /> The <b>Account list</b> appears.</li>\n<li>Click <b>Logout</b> <img src=\"https://i.ibb.co/WcS0Fd5/logout.jpg\" alt=\"logout\" width=\"13\" height=\"13\">. <br /> The <b>Login form</b> appears.</li>\n</ol>"
  },
  "pointer": {
    "direction": "left",
    "element": {
      "module": "shortcutbar",
      "itemId": "frmKonyLib_preview"
    },
    "type": "default"
  },
  "navigationType": "manual",
  "navigationBar": {
    "left": {
      "text": "Previous",
      "enable": true,
      "hide": false
    },
    "right": {
      "text": "Next",
      "enable": true,
      "hide": false
    }
  },
  "navigationCondition": "",
  "position": "BOTTOM_RIGHT",
  "meta": {
    "Creator": "Deepti Ravula",
    "CreatedOn": "Thu, 19 Dec 2019 06:58:05 GMT"
  },
  "context": [],
  "localization": {
    "en-us": {
      "content": {
        "title": "Run the App",
        "body": "<ol>\n<li>From the left navigation bar of the Iris, click <b>Run</b>.</li><li>It may take some time for Iris ro run the app. Once the app build is complete, the sample opens in the <strong>Volt MX Iris Preview</strong> window.</li><li>\nIn the previous hikes, you could access the Account form without any credentials. Now the app will ask for login credentials. <br /> Enter the following login credentials in your app:\n<ul>\n<li>Username: <strong>john.doe@woodburn.com</strong></li>\n<li>Password: <strong>VoltMX@123</strong></li>\n</ul></li>\n<li>Click <strong>Login</strong>.<br /> The <b>Account list</b> appears.</li>\n<li>Click <b>Logout</b> <img src=\"https://i.ibb.co/WcS0Fd5/logout.jpg\" alt=\"logout\" width=\"13\" height=\"13\">. <br /> The <b>Login form</b> appears.</li>\n</ol>"
      },
      "navigationBar": {
        "left": {
          "text": "Previous"
        },
        "right": {
          "text": "Next"
        }
      }
    },
    "zh-cn": {
      "content": {
        "title": "运行应用程序",
        "body": "***<ol> \n <li>从虹膜的左导航栏中，单击<b>运行</b>。</li> <li> {5}可能需要一些时间才能让Iris RO运行该应用程序。 应用程序构建完成后，示例将在<strong> volt mx Iris Preview </strong>窗口中打开。</li> <li> \n 在先前的徒步旅行中，您可以无需任何凭据即可访问帐户表格。 现在，该应用将要求登录凭据。 <br />在您的应用中输入以下登录凭据： \n <ul> \n <li>用户名：<strong> john.doe@woodburn.com </strong> </li> \n <li>密码：<strong> voltmx@123 </strong> </li> \n </ul> </li> \n <li>单击<strong>登录</strong>。<br /> <b>帐户列表</b>出现。</li> \n <li>单击<b>注销</b> <img src=\"https://i.ibb.co/WcS0Fd5/logout.jpg\" alt=\"logout\" width=\"13\" height=\"13\">。 <br /> <b>登录表格</b>出现。</li> \n </ol>"
      },
      "navigationBar": {
        "left": {
          "text": "以前的"
        },
        "right": {
          "text": "下一个"
        }
      }
    },
    "zh-tw": {
      "content": {
        "title": "運行應用程序",
        "body": "***<ol> \n <li>從虹膜的左導航欄中，單擊<b>運行</b>。</li> <li> {5}可能需要一些時間才能讓Iris RO運行該應用程序。 應用程序構建完成後，示例將在<strong> volt mx Iris Preview </strong>窗口中打開。</li> <li> \n 在先前的徒步旅行中，您可以無需任何憑據即可訪問帳戶表格。 現在，該應用將要求登錄憑據。 <br />在您的應用中輸入以下登錄憑據： \n <ul> \n <li>用戶名：<strong> john.doe@woodburn.com </strong> </li> \n <li>密碼：<strong> voltmx@123 </strong> </li> \n </ul> </li> \n <li>單擊<strong>登錄</strong>。<br /> <b>帳戶列表</b>出現。</li> \n <li>單擊<b>註銷</b> <img src=\"https://i.ibb.co/WcS0Fd5/logout.jpg\" alt=\"logout\" width=\"13\" height=\"13\">。 <br /> <b>登錄表格</b>出現。</li> \n </ol>"
      },
      "navigationBar": {
        "left": {
          "text": "以前的"
        },
        "right": {
          "text": "下一個"
        }
      }
    }
  }
}