{
    "kuid": "67e799t7-7fa0-42r1-b2u0-756feana",
    "id": "kony.IntroductiontoNFIV9.openApp",
    "content": {
        "title": "Connect your Mobile Device",
        "body": "<ol>\n<li>Connect your Android mobile device to your computer using a USB cable.<br />Ensure that the use of USB is set as <strong>Transfer</strong> <strong>files</strong>.</li>\n</ol>"
    },
    "pointer": {
        "direction": "left",
        "element": "",
        "type": "none"
    },
    "navigationType": "manual",
    "navigationBar": {
        "left": {
            "text": "Previous",
            "enable": true,
            "hide": false
        },
        "right": {
            "text": "Next",
            "enable": true,
            "hide": false
        }
    },
    "navigationCondition": "",
    "position": "CENTER",
    "meta": {
        "Creator": "Rashmi Menon",
        "CreatedOn": "Wed, 27 Nov 2019 11:59:51 GMT"
    },
    "context": []
}