{
  "kuid": "ab6328t3-bfa7-4cre-b3ub-e23455n0",
  "id": "VoltMX.CreateEmailIdCompV9.Intro",
  "content": {
    "title": "Introduction to Components",
    "body": "<b>\nLet’s get started!\n</b><br/><br/>\nIn this guided tour, you will\n <br/>\n<ul><li>\nCreate an <b>email ID</b> component </li><li>Add the component to the <b>Contact Us</b> form\n</li>\n<li> Modify the component properties and see how the changes appear in the <b>Contact Us</b> form\n</li></ul><br/>\n<b>When you are ready, click Start!</b>"
  },
  "pointer": {
    "direction": "left",
    "element": "",
    "type": "none"
  },
  "navigationType": "manual",
  "navigationBar": {
    "left": {
      "text": "Previous",
      "enable": false,
      "hide": true
    },
    "right": {
      "text": "Start",
      "enable": true,
      "hide": false
    }
  },
  "navigationCondition": "",
  "position": "CENTER",
  "meta": {
    "Creator": "Rashmi Menon",
    "CreatedOn": "Tue, 26 Nov 2019 05:43:20 GMT"
  },
  "context": [],
  "localization": {
    "en-us": {
      "content": {
        "title": "Introduction to Components",
        "body": "<b>\nLet’s get started!\n</b><br/><br/>\nIn this guided tour, you will\n <br/>\n<ul><li>\nCreate an <b>email ID</b> component </li><li>Add the component to the <b>Contact Us</b> form\n</li>\n<li> Modify the component properties and see how the changes appear in the <b>Contact Us</b> form\n</li></ul><br/>\n<b>When you are ready, click Start!</b>"
      },
      "navigationBar": {
        "left": {
          "text": "Previous"
        },
        "right": {
          "text": "Start"
        }
      }
    },
    "zh-cn": {
      "content": {
        "title": "组件简介",
        "body": "***<b> \n 让我们开始吧！ \n </b> <br/> <br/> \n 在这次引导之旅中，您将 \n  <br/> \n <ul> <li> \n 创建一个<b>电子邮件ID </b>组件</li> <li>将组件添加到<b> \n </li> \n <li>修改组件属性，看看<b>中的更改如何与我们联系</b>表单 \n </li> </ul> <br/> \n <b>准备就绪时，单击“开始”！</b>"
      },
      "navigationBar": {
        "left": {
          "text": "以前的"
        },
        "right": {
          "text": "开始"
        }
      }
    },
    "zh-tw": {
      "content": {
        "title": "組件簡介",
        "body": "***<b> \n 讓我們開始吧！ \n </b> <br/> <br/> \n 在這次引導之旅中，您將 \n  <br/> \n <ul> <li> \n 創建一個<b>電子郵件ID </b>組件</li> <li>將組件添加到<b> \n </li> \n <li>修改組件屬性，看看<b>中的更改如何與我們聯繫</b>表單 \n </li> </ul> <br/> \n <b>準備就緒時，單擊“開始”！</b>"
      },
      "navigationBar": {
        "left": {
          "text": "以前的"
        },
        "right": {
          "text": "開始"
        }
      }
    }
  }
}