{
    "kuid": "ab6328t3-bfa7-4cre-b3ub-e23455n0",
    "id": "VoltMX.CreateEmailIdCompV9.Intro",
    "content": {
        "title": "Introduction to Components",
        "body": "<b>\nLet’s get started!\n</b><br/><br/>\nIn this guided tour, you will\n <br/>\n<ul><li>\nCreate an <b>email ID</b> component </li><li>Add the component to the <b>Contact Us</b> form\n</li>\n<li> Modify the component properties and see how the changes appear in the <b>Contact Us</b> form\n</li></ul><br/>\n<b>When you are ready, click Start!</b>"
    },
    "pointer": {
        "direction": "left",
        "element": "",
        "type": "none"
    },
    "navigationType": "manual",
    "navigationBar": {
        "left": {
            "text": "Previous",
            "enable": false,
            "hide": true
        },
        "right": {
            "text": "Start",
            "enable": true,
            "hide": false
        }
    },
    "navigationCondition": "",
    "position": "CENTER",
    "meta": {
        "Creator": "Rashmi Menon",
        "CreatedOn": "Tue, 26 Nov 2019 05:43:20 GMT"
    },
    "context": []
}