{
  "kuid": "fd618ctc-54ae-41rd-8bu3-c0b13bn1",
  "id": "VoltMX.CreateEmailIdCompV9.passThroughEvent",
  "content": {
    "title": "Add Pass Through Events to the Components",
    "body": "<ol>\n<li>From the upper-left corner of Iris, in the <strong>Templates</strong> explorer, expand <strong>Components</strong> &gt; <strong>userEntry.emailField [1.0.0]</strong> &gt; <b>emailField</b> and select the <strong>txtEmailID</strong> textbox.</li>\n<li>From the upper-right corner of Iris, in the <strong>Properties</strong> panel, click <strong>Action</strong>.</li>\n<li>Right-click on the <strong>onTouchEnd</strong> event, and select <strong>Add Event to Component</strong>.</li>\n</ol>"
  },
  "pointer": {
    "direction": "left",
    "element": {
      "module": "projectexplorer",
      "css_selector": ".KMenu li:nth-child(5) ul li div[kwidgettype='Label']"
    },
    "type": "default"
  },
  "navigationType": "manual",
  "navigationBar": {
    "left": {
      "text": "Previous",
      "enable": true,
      "hide": false
    },
    "right": {
      "text": "Next",
      "enable": true,
      "hide": false
    }
  },
  "navigationCondition": "",
  "position": "BOTTOM_RIGHT",
  "meta": {
    "Creator": "Rashmi Menon",
    "CreatedOn": "Tue, 26 Nov 2019 06:24:16 GMT"
  },
  "context": [],
  "localization": {
    "en-us": {
      "content": {
        "title": "Add Pass Through Events to the Components",
        "body": "<ol>\n<li>From the upper-left corner of Iris, in the <strong>Templates</strong> explorer, expand <strong>Components</strong> &gt; <strong>userEntry.emailField [1.0.0]</strong> &gt; <b>emailField</b> and select the <strong>txtEmailID</strong> textbox.</li>\n<li>From the upper-right corner of Iris, in the <strong>Properties</strong> panel, click <strong>Action</strong>.</li>\n<li>Right-click on the <strong>onTouchEnd</strong> event, and select <strong>Add Event to Component</strong>.</li>\n</ol>"
      },
      "navigationBar": {
        "left": {
          "text": "Previous"
        },
        "right": {
          "text": "Next"
        }
      }
    },
    "zh-cn": {
      "content": {
        "title": "将通过事件添加到组件",
        "body": "<ol> \n <li>从虹膜的上左角，在<strong>模板</strong>探索器中，展开<strong>组件</strong>＆gt; <strong> userentry.emailfield [1.0.0] </strong>＆gt; <b> emailfield </b>，然后选择<strong> txtemailid </strong> textbox。</li> \n <li>从iris的右上角，在<strong> properties </strong>面板中，单击<strong> action </strong>。</li> \n <li>右键单击<strong> onTouchend </strong>事件，然后选择<strong>将事件添加到组件</strong>。</li> \n </ol>"
      },
      "navigationBar": {
        "left": {
          "text": "以前的"
        },
        "right": {
          "text": "下一个"
        }
      }
    },
    "zh-tw": {
      "content": {
        "title": "將通過事件添加到組件",
        "body": "<ol> \n <li>從虹膜的上左角，在<strong>模板</strong>探索器中，展開<strong>組件</strong>＆gt; <strong> userentry.emailfield [1.0.0] </strong>＆gt; <b> emailfield </b>，然後選擇<strong> txtemailid </strong> textbox。</li> \n <li>從iris的右上角，在<strong> properties </strong>面板中，單擊<strong> action </strong>。</li> \n <li>右鍵單擊<strong> onTouchend </strong>事件，然後選擇<strong>將事件添加到組件</strong>。</li> \n </ol>"
      },
      "navigationBar": {
        "left": {
          "text": "以前的"
        },
        "right": {
          "text": "下一個"
        }
      }
    }
  }
}