{
  "kuid": "8546fdt4-7dac-45rb-8bu3-d372adnc",
  "id": "VoltMX.VoltMXOrientationV9.DataPanel",
  "content": {
    "title": "Data & Services Panel",
    "body": "<p>The <strong>Data &amp; Services</strong> panel enables you to link the back-end data services to your app's user interface elements. The sample services in the <strong>Data &amp; Services</strong> panel helps you to add a service to your app.</p>"
  },
  "pointer": {
    "direction": "top",
    "element": {
      "module": "datapanel",
      "itemType": "dp_tab"
    },
    "type": "default"
  },
  "navigationType": "manual",
  "navigationBar": {
    "left": {
      "text": "Previous",
      "enable": true,
      "hide": false
    },
    "right": {
      "text": "Next",
      "enable": true,
      "hide": false
    }
  },
  "navigationCondition": "",
  "position": "BOTTOM_RIGHT",
  "meta": {
    "Creator": "Rashmi Menon",
    "CreatedOn": "Mon, 25 Nov 2019 07:00:21 GMT"
  },
  "context": [],
  "localization": {
    "en-us": {
      "content": {
        "title": "Data & Services Panel",
        "body": "<p>The <strong>Data &amp; Services</strong> panel enables you to link the back-end data services to your app's user interface elements. The sample services in the <strong>Data &amp; Services</strong> panel helps you to add a service to your app.</p>"
      },
      "navigationBar": {
        "left": {
          "text": "Previous"
        },
        "right": {
          "text": "Next"
        }
      }
    },
    "zh-cn": {
      "content": {
        "title": "数据和服务面板",
        "body": "<p> <strong> data＆amp; 服务</strong>面板使您可以将后端数据服务链接到应用程序的用户界面元素。 <strong>数据＆amp; 服务</strong>面板可帮助您在应用中添加服务。</p>"
      },
      "navigationBar": {
        "left": {
          "text": "以前的"
        },
        "right": {
          "text": "下一个"
        }
      }
    },
    "zh-tw": {
      "content": {
        "title": "數據和服務面板",
        "body": "<p> <strong> data＆amp; 服務</strong>面板使您可以將後端數據服務鏈接到應用程序的用戶界面元素。 <strong>數據＆amp; 服務</strong>面板可幫助您在應用中添加服務。</p>"
      },
      "navigationBar": {
        "left": {
          "text": "以前的"
        },
        "right": {
          "text": "下一個"
        }
      }
    }
  }
}