<?xml version="1.0"?>
<Hike kuid="9837bat6-6daf-4cr7-a3u9-8aea36n0" id="VoltMX.CreateDetailsNative_v9" title="VoltMX.CreateDetailsNative_v9">
    <Description> Description of hike</Description>
    <Meta>
        <Creator>Rashmi Menon</Creator>
        <Createdon>Mon, 24 Feb 2020 05:45:33 GMT</Createdon>
    </Meta>
    <Hikecard id="VoltMX.CreateDetailsNative_v9.Intro"/>
    <Hikecard id="VoltMX.CreateDetailsNat_v9.createDetailsSc"/>
    <Hikecard id="VoltMX.CreateDetailsNative_v9.UIchange1"/>
    <Hikecard id="VoltMX.CreateDetailsNative_v9.UIchange2"/>
    <Hikecard id="VoltMX.CreateDetailsNative_v9.UIchange3"/>
    <Hikecard id="VoltMX.CreateDetailsNative_v9.UIchange4"/>
    <Hikecard id="VoltMX.CreateDetailsNative_v9.UIchange5"/>
    <Hikecard id="VoltMX.CreateDetailsNative_v9.header"/>
    <Hikecard id="VoltMX.CreateDetailsNative_v9.header1"/>
    <Hikecard id="VoltMX.CreateDetailsNative_v9.successheader"/>
	<Hikecard id="VoltMX.CreateDetailsNative_v9.successheader1"/>
    <Hikecard id="VoltMX.CreateDetailsNative_v9.footer"/>
    <Hikecard id="VoltMX.CreateDetailsNative_v9.footer1"/>
    <Hikecard id="VoltMX.CreateDetailsNative_v9.mapping"/>
    <Hikecard id="VoltMX.CreateDetailsNative_v9.mapping1"/>
    <Hikecard id="VoltMX.CreateDetailsNative_v9.deleteFeature"/>
    <Hikecard id="VoltMX.CreateDetailsNative_v9.finalChanges"/>
    <Hikecard id="VoltMX.CreateDetailsNative_v9.finalChanges1"/>
    <Hikecard id="VoltMX.CreateDetailsNative_v9.finalChanges2"/>
    <Hikecard id="VoltMX.CreateDetailsNative_v9.deleteFeature1"/>
    <Hikecard id="VoltMX.CreateDetailsNative_v9.deleteFeature11"/>
    <Hikecard id="VoltMX.CreateDetailsNative_v9.deleteFeature2"/>
    <Hikecard id="VoltMX.CreateDetailsNative_v9.deleteFeature21"/>
    <Hikecard id="VoltMX.CreateDetailsNative_v9.deleteFeature3"/>
    <Hikecard id="VoltMX.CreateDetailsNative_v9.deleteFeature4"/>
    <Hikecard id="VoltMX.CreateDetailsNative_v9.deleteFeature5"/>
    <Hikecard id="VoltMX.CreateDetailsNative_v9.deleteFeature6"/>
    <Hikecard id="VoltMX.CreateDetailsNative_v9.deletFeature7"/>
    <Hikecard id="VoltMX.CreateDetailsNative_v9.nav"/>
    <Hikecard id="VoltMX.CreateDetailsNative_v9.nav1"/>
    <Hikecard id="VoltMX.CreateDetailsNative_v9.nav2"/>
    <Hikecard id="VoltMX.CreateDetailsNative_v9.nav3"/>
    <Hikecard id="VoltMX.CreateDetailsNative_v9.nav4"/>
    <Hikecard id="VoltMX.CreateDetailsNative_v9.nav5"/>
    <Hikecard id="VoltMX.CreateDetailsScreen_v9.appViewer"/>
    <Hikecard id="VoltMX.CreateDetailsScreen_v9.run"/>
    <Hikecard id="VoltMX.CreateDetailsScreen_v9.view"/>
    <Hikecard id="VoltMX.CreateDetailsNative_v9.done"/>
    
</Hike>