{
  "kuid": "71b886t5-3daa-42r9-a6ud-c3315dnd",
  "id": "VoltMX.CreateEmailIdCompV9.explore",
  "content": {
    "title": "Explore the App",
    "body": "<p>You will now be able to view the app on your <strong>mobile</strong> device.</p>\n<ol>\n<li>Enter your username and a valid email address in the textbox.</li>\n<li>Click <strong>Submit</strong>.</li>\n<li>Now enter an invalid email address in the textbox.<br/>\nThe message <strong>Invalid email ID</strong> appears.</li>\n</ol>"
  },
  "pointer": {
    "direction": "left",
    "element": "",
    "type": "none"
  },
  "navigationType": "manual",
  "navigationBar": {
    "left": {
      "text": "Previous",
      "enable": true,
      "hide": false
    },
    "right": {
      "text": "Next",
      "enable": true,
      "hide": false
    }
  },
  "navigationCondition": "",
  "position": "CENTER",
  "meta": {
    "Creator": "Rashmi Menon",
    "CreatedOn": "Tue, 26 Nov 2019 06:47:29 GMT"
  },
  "context": [],
  "localization": {
    "en-us": {
      "content": {
        "title": "Explore the App",
        "body": "<p>You will now be able to view the app on your <strong>mobile</strong> device.</p>\n<ol>\n<li>Enter your username and a valid email address in the textbox.</li>\n<li>Click <strong>Submit</strong>.</li>\n<li>Now enter an invalid email address in the textbox.<br/>\nThe message <strong>Invalid email ID</strong> appears.</li>\n</ol>"
      },
      "navigationBar": {
        "left": {
          "text": "Previous"
        },
        "right": {
          "text": "Next"
        }
      }
    },
    "zh-cn": {
      "content": {
        "title": "探索应用程序",
        "body": "<p>您现在可以在<strong>移动</strong>设备上查看应用程序。</p> \n <ol> \n <li>在文本框中输入您的用户名和有效的电子邮件地址。</li> \n <li>单击<strong>提交</strong>。</li> \n <li>现在在文本框中输入无效的电子邮件地址。<br/> \n 消息<strong>出现无效的电子邮件ID </strong>。</li> \n </ol>"
      },
      "navigationBar": {
        "left": {
          "text": "以前的"
        },
        "right": {
          "text": "下一个"
        }
      }
    },
    "zh-tw": {
      "content": {
        "title": "探索應用程序",
        "body": "<p>您現在可以在<strong>移動</strong>設備上查看應用程序。</p> \n <ol> \n <li>在文本框中輸入您的用戶名和有效的電子郵件地址。</li> \n <li>單擊<strong>提交</strong>。</li> \n <li>現在在文本框中輸入無效的電子郵件地址。<br/> \n 消息<strong>出現無效的電子郵件ID </strong>。</li> \n </ol>"
      },
      "navigationBar": {
        "left": {
          "text": "以前的"
        },
        "right": {
          "text": "下一個"
        }
      }
    }
  }
}