{
  "kuid": "3a6009t0-3ea8-4cr4-bbu9-15ffacnd",
  "id": "VoltMX.AddaSalesforceServiceV9.Intro",
  "content": {
    "title": "Adding a Salesforce Service to your App",
    "body": "<p>In this hike, we will learn how to add a Salesforce service to your app using <b>Volt MX Foundry</b> in the Iris.<br/ >\n </p>\n<p>Before we get started, create an app in Salesforce and get <b>Client ID</b>, <b>Client Secret</b>, and <b>Security Token</b>.</p>"
  },
  "pointer": {
    "direction": "left",
    "element": "",
    "type": "none"
  },
  "navigationType": "manual",
  "navigationBar": {
    "left": {
      "text": "Previous",
      "enable": false,
      "hide": true
    },
    "right": {
      "text": "Start",
      "enable": true,
      "hide": false
    }
  },
  "navigationCondition": "",
  "position": "CENTER",
  "meta": {
    "Creator": "Rashmi Menon",
    "CreatedOn": "Wed, 27 Nov 2019 08:26:07 GMT"
  },
  "context": [],
  "localization": {
    "en-us": {
      "content": {
        "title": "Adding a Salesforce Service to your App",
        "body": "<p>In this hike, we will learn how to add a Salesforce service to your app using <b>Volt MX Foundry</b> in the Iris.<br/ >\n </p>\n<p>Before we get started, create an app in Salesforce and get <b>Client ID</b>, <b>Client Secret</b>, and <b>Security Token</b>.</p>"
      },
      "navigationBar": {
        "left": {
          "text": "Previous"
        },
        "right": {
          "text": "Start"
        }
      }
    },
    "zh-cn": {
      "content": {
        "title": "向您的应用添加Salesforce服务",
        "body": "***<p>在这次远足中，我们将学习如何使用<b> volt mx Foundry </b>在Iris中添加Salesforce服务。<br/ > \n  </p> \n <p>我们开始启动之前，在Salesforce中创建一个应用程序，然后获取<b>客户端ID </b>，<b>客户端秘密</b>和<b>安全令牌</b>。</p>。{12}"
      },
      "navigationBar": {
        "left": {
          "text": "以前的"
        },
        "right": {
          "text": "开始"
        }
      }
    },
    "zh-tw": {
      "content": {
        "title": "向您的應用添加Salesforce服務",
        "body": "***<p>在這次遠足中，我們將學習如何使用<b> volt mx Foundry </b>在Iris中添加Salesforce服務。<br/ > \n  </p> \n <p>我們開始啟動之前，在Salesforce中創建一個應用程序，然後獲取<b>客戶端ID </b>，<b>客戶端秘密</b>和<b>安全令牌</b>。</p>。{12}"
      },
      "navigationBar": {
        "left": {
          "text": "以前的"
        },
        "right": {
          "text": "開始"
        }
      }
    }
  }
}