{
    "kuid": "3a6009t0-3ea8-4cr4-bbu9-15ffacnd",
    "id": "VoltMX.AddaSalesforceServiceV9.Intro",
    "content": {
        "title": "Adding a Salesforce Service to your App",
        "body": "<p>In this hike, we will learn how to add a Salesforce service to your app using <b>Volt MX Foundry</b> in the Iris.<br/ >\n </p>\n<p>Before we get started, create an app in Salesforce and get <b>Client ID</b>, <b>Client Secret</b>, and <b>Security Token</b>.</p>"
    },
    "pointer": {
        "direction": "left",
        "element": "",
        "type": "none"
    },
    "navigationType": "manual",
    "navigationBar": {
        "left": {
            "text": "Previous",
            "enable": false,
            "hide": true
        },
        "right": {
            "text": "Start",
            "enable": true,
            "hide": false
        }
    },
    "navigationCondition": "",
    "position": "CENTER",
    "meta": {
        "Creator": "Rashmi Menon",
        "CreatedOn": "Wed, 27 Nov 2019 08:26:07 GMT"
    },
    "context": []
}