{
    "kuid": "dfcbddt0-7fa4-42r9-b5u9-f961f5n4",
    "id": "kony.CreateDetailsScreen_v9.successAlert1",
    "content": {
        "title": "Success Alert",
        "body": "<ol>\n<li>From the <strong>Action Editor </strong>left menu, under the <strong>Widget</strong> section, select <strong>Set Widget Property</strong>.<br />The Mapping editor appears.</li>\n<li>From the mapping editor, navigate to <strong>Desktop Forms</strong> &gt; <strong>frmDetails</strong>, and select <strong>flexSuccess</strong>.</li>\n<li>From the right pane of the <strong>Action Editor</strong>, modify the following fields:\n<ul>\n<li>Property: <strong>Visible</strong></li>\n<li>Value: <strong>False</strong></li>\n</ul>\n</li>\n</ol>"
    },
    "pointer": {
        "direction": "left",
        "element": {
            "module": "actioneditor",
            "itemType": "ae-action-type",
            "info": {
                "actionType": "Set Widget Property"
            }
        },
        "type": "default"
    },
    "navigationType": "manual",
    "navigationBar": {
        "left": {
            "text": "Previous",
            "enable": true,
            "hide": false
        },
        "right": {
            "text": "Next",
            "enable": true,
            "hide": false
        }
    },
    "navigationCondition": "",
    "position": "BOTTOM_RIGHT",
    "meta": {
        "Creator": "Rashmi Menon",
        "CreatedOn": "Fri, 21 Feb 2020 10:30:49 GMT"
    },
    "context": []
}