{
  "kuid": "1bf668t2-aaab-47r1-87u9-07cf74n5",
  "id": "CreateUIRWV9.Intro",
  "content": {
    "title": "Introduction to Responsive Web App",
    "body": "<p><strong>Let&rsquo;s get started!</strong></p>\n<p>In this hike, we will:</p>\n<ul>\n<li>Create Desktop Web forms with UI elements for user interaction</li>\n<li>Add navigation to access the different forms of the app</li>\n</ul><br/>\n<p>Before you get started, complete the hike:</p>\n<ol><b>\n<li><a class=\"tour-link\" tour=\"705a94tb-faa0-47r7-a1ud-31b3dbnf\">Launch your Responsive Web App</a></li></b>\n</ol><br/>\n<p><strong>When you are ready, click Start!</strong></p>"
  },
  "pointer": {
    "direction": "left",
    "element": "",
    "type": "none"
  },
  "navigationType": "manual",
  "navigationBar": {
    "left": {
      "text": "Previous",
      "enable": false,
      "hide": true
    },
    "right": {
      "text": "Start",
      "enable": true,
      "hide": false
    }
  },
  "navigationCondition": "",
  "position": "CENTER",
  "meta": {
    "Creator": "Prem Garudadri",
    "CreatedOn": "Wed, 18 Dec 2019 16:15:09 GMT"
  },
  "context": [],
  "localization": {
    "en-us": {
      "content": {
        "title": "Introduction to Responsive Web App",
        "body": "<p><strong>Let&rsquo;s get started!</strong></p>\n<p>In this hike, we will:</p>\n<ul>\n<li>Create Desktop Web forms with UI elements for user interaction</li>\n<li>Add navigation to access the different forms of the app</li>\n</ul><br/>\n<p>Before you get started, complete the hike:</p>\n<ol><b>\n<li><a class=\"tour-link\" tour=\"705a94tb-faa0-47r7-a1ud-31b3dbnf\">Launch your Responsive Web App</a></li></b>\n</ol><br/>\n<p><strong>When you are ready, click Start!</strong></p>"
      },
      "navigationBar": {
        "left": {
          "text": "Previous"
        },
        "right": {
          "text": "Start"
        }
      }
    },
    "zh-cn": {
      "content": {
        "title": "响应式Web应用程序简介",
        "body": "<p> <strong>让我开始！</strong> </p> \n <p>在这次远足中，我们将：</p> \n <ul> \n <li>使用用户交互的UI元素创建桌面Web表单</li> \n <li>添加导航以访问应用程序的不同形式</li> \n </ul> <br/> \n <p>在开始之前，完成远足：</p> \n <ol> <b> \n <li> <a class=\"tour-link\" tour=\"705a94tb-faa0-47r7-a1ud-31b3dbnf\">启动响应式Web应用</a> </li> </b> \n </ol> <br/> \n <p> <strong>您准备就绪时，单击“开始”！</strong> </p>"
      },
      "navigationBar": {
        "left": {
          "text": "以前的"
        },
        "right": {
          "text": "开始"
        }
      }
    },
    "zh-tw": {
      "content": {
        "title": "響應式Web應用程序簡介",
        "body": "<p> <strong>讓我開始！</strong> </p> \n <p>在這次遠足中，我們將：</p> \n <ul> \n <li>使用用戶交互的UI元素創建桌面Web表單</li> \n <li>添加導航以訪問應用程序的不同形式</li> \n </ul> <br/> \n <p>在開始之前，完成遠足：</p> \n <ol> <b> \n <li> <a class=\"tour-link\" tour=\"705a94tb-faa0-47r7-a1ud-31b3dbnf\">啟動響應式Web應用</a> </li> </b> \n </ol> <br/> \n <p> <strong>您準備就緒時，單擊“開始”！</strong> </p>"
      },
      "navigationBar": {
        "left": {
          "text": "以前的"
        },
        "right": {
          "text": "開始"
        }
      }
    }
  }
}