{
  "kuid": "d864afta-96a6-4dra-b9ue-a4d4d9n7",
  "id": "VoltMX.UserRepositoryAuthV9.view",
  "content": {
    "title": "View the App",
    "body": "<ol>\n<li>On the <strong>Login</strong> page of your app, enter the user credentials that you have created in the Volt MX User Repository.<br /> Enter the following login credentials in your app: <br /> <ul><li>Username: <b>John.doe@woodburn.com</b></li><li>Password: <b>VoltMX@123</b></li></ul></li>\n<li>Click <strong>Login</strong>.<br />You will be directed to the Home page.</li>\n<li>Click <strong>Logout</strong>. <br /> You will be redirected to the Login page.</li>\n</ol>"
  },
  "pointer": {
    "direction": "left",
    "element": "",
    "type": "none"
  },
  "navigationType": "manual",
  "navigationBar": {
    "left": {
      "text": "Previous",
      "enable": true,
      "hide": false
    },
    "right": {
      "text": "Next",
      "enable": true,
      "hide": false
    }
  },
  "navigationCondition": "",
  "position": "CENTER",
  "meta": {
    "Creator": "Rashmi Menon",
    "CreatedOn": "Wed, 27 Nov 2019 08:11:45 GMT"
  },
  "context": [],
  "localization": {
    "en-us": {
      "content": {
        "title": "View the App",
        "body": "<ol>\n<li>On the <strong>Login</strong> page of your app, enter the user credentials that you have created in the Volt MX User Repository.<br /> Enter the following login credentials in your app: <br /> <ul><li>Username: <b>John.doe@woodburn.com</b></li><li>Password: <b>VoltMX@123</b></li></ul></li>\n<li>Click <strong>Login</strong>.<br />You will be directed to the Home page.</li>\n<li>Click <strong>Logout</strong>. <br /> You will be redirected to the Login page.</li>\n</ol>"
      },
      "navigationBar": {
        "left": {
          "text": "Previous"
        },
        "right": {
          "text": "Next"
        }
      }
    },
    "zh-cn": {
      "content": {
        "title": "查看应用程序",
        "body": "***<ol> \n <li>在应用程序的<strong>登录</strong>页面上，输入您在Volt MX用户存储库中创建的用户凭据。<br />在应用程序中输入以下登录凭证：<br /> <ul> {6} <li>用户名：<b> john.doe@woodburn.com </b> <li> {11} password：<b> voltmx@123 </b> </li> {14} </ul> </li> {16} {16} \n <li>单击<strong>登录</strong>。<br />您将被定向到主页。</li> \n <li>单击<strong>注销</strong>。 <br />您将被重定向到登录页面。</li> \n </ol>"
      },
      "navigationBar": {
        "left": {
          "text": "以前的"
        },
        "right": {
          "text": "下一个"
        }
      }
    },
    "zh-tw": {
      "content": {
        "title": "查看應用程序",
        "body": "***<ol> \n <li>在應用程序的<strong>登錄</strong>頁面上，輸入您在Volt MX用戶存儲庫中創建的用戶憑據。<br />在應用程序中輸入以下登錄憑證：<br /> <ul> {6} <li>用戶名：<b> john.doe@woodburn.com </b> <li> {11} password：<b> voltmx@123 </b> </li> {14} </ul> </li> {16} {16} \n <li>單擊<strong>登錄</strong>。<br />您將被定向到主頁。</li> \n <li>單擊<strong>註銷</strong>。 <br />您將被重定向到登錄頁面。</li> \n </ol>"
      },
      "navigationBar": {
        "left": {
          "text": "以前的"
        },
        "right": {
          "text": "下一個"
        }
      }
    }
  }
}