{
  "kuid": "e0a61dtd-89ad-40re-9fuc-e14793n1",
  "id": "VoltMX.AuthApp.ConfigureLogout_1",
  "content": {
    "title": "Configure Logout Parameters",
    "body": "<ol>\n<li>From the Action Editor canvas, under <strong>(INVOKE SERVICE) (name: UserAuthentication2$logout)</strong>,&nbsp;click <strong>Success</strong>.</li>\n<li>From the left menu of the&nbsp;<strong>Action Editor</strong>, under the <strong>General</strong> section, select <strong>Navigate to Form</strong>.</li>\n<li>From the right pane of the <strong>Action Editor</strong>, select <strong>frmLogin</strong>.</li>\n<li>Click <strong>Save</strong>.</li>\n</ol>"
  },
  "pointer": {
    "direction": "left",
    "element": "",
    "type": "none"
  },
  "navigationType": "manual",
  "navigationBar": {
    "left": {
      "text": "Previous",
      "enable": true,
      "hide": false
    },
    "right": {
      "text": "Next",
      "enable": true,
      "hide": false
    }
  },
  "navigationCondition": "",
  "position": "BOTTOM_LEFT",
  "meta": {
    "Creator": "Deepti Ravula",
    "CreatedOn": "Thu, 19 Dec 2019 06:42:37 GMT"
  },
  "context": [],
  "localization": {
    "en-us": {
      "content": {
        "title": "Configure Logout Parameters",
        "body": "<ol>\n<li>From the Action Editor canvas, under <strong>(INVOKE SERVICE) (name: UserAuthentication2$logout)</strong>,&nbsp;click <strong>Success</strong>.</li>\n<li>From the left menu of the&nbsp;<strong>Action Editor</strong>, under the <strong>General</strong> section, select <strong>Navigate to Form</strong>.</li>\n<li>From the right pane of the <strong>Action Editor</strong>, select <strong>frmLogin</strong>.</li>\n<li>Click <strong>Save</strong>.</li>\n</ol>"
      },
      "navigationBar": {
        "left": {
          "text": "Previous"
        },
        "right": {
          "text": "Next"
        }
      }
    },
    "zh-cn": {
      "content": {
        "title": "配置注销参数",
        "body": "***<ol> \n <li>来自Action Editor canvas，在<strong>（Invoke Service）下（名称：userauthentication2 $ lokout）</strong>，＆nbsp; click <strong>成功</strong>。</li>。{6} \n <li>从＆nbsp; <strong>操作编辑器的左菜单中，在<strong>常规</strong> e节下，选择<strong>导航至form </strong>。</li>。{14} \n <li>从<strong>动作编辑器的右窗格</strong>，选择<strong> frmlogin </strong>。</li> \n <li>单击<strong>保存</strong>。</li> \n </ol>"
      },
      "navigationBar": {
        "left": {
          "text": "以前的"
        },
        "right": {
          "text": "下一个"
        }
      }
    },
    "zh-tw": {
      "content": {
        "title": "配置註銷參數",
        "body": "***<ol> \n <li>來自Action Editor canvas，在<strong>（Invoke Service）下（名稱：userauthentication2 $ lokout）</strong>，＆nbsp; click <strong>成功</strong>。</li>。{6} \n <li>從＆nbsp; <strong>操作編輯器的左菜單中，在<strong>常規</strong> e節下，選擇<strong>導航至form </strong>。</li>。{14} \n <li>從<strong>動作編輯器的右窗格</strong>，選擇<strong> frmlogin </strong>。</li> \n <li>單擊<strong>保存</strong>。</li> \n </ol>"
      },
      "navigationBar": {
        "left": {
          "text": "以前的"
        },
        "right": {
          "text": "下一個"
        }
      }
    }
  }
}