{
  "kuid": "f1971fte-77a0-4brc-95ud-a27a77n2",
  "id": "VoltMX.IntrotoActionEditorV9.AddLogin",
  "content": {
    "title": "Add a Login Screen",
    "body": "<ol>\n<li>From the lower-left corner of Iris, navigate to the <strong>Default Library</strong>.</li>\n<li>Next to the <strong>Default Library</strong>, you will see the <strong>My Libraries</strong> tab and a search icon. Click the search icon&nbsp;<img src=\"https://opensource.hcltechsw.com/volt-mx-tutorials/static/dist/images/searchLib.png\" alt=\"\" width=\"20\" height=\"20\" />.</li>\n<li>In the search bar that appears, enter <strong>ACMELogin</strong>.</li>\n<li>Drag the <strong>ACMELogin</strong> component onto the <strong>frmLogin</strong> on the canvas.</li>\n<li>Click <strong>No</strong> in Import window.</li>\n</ol>"
  },
  "pointer": {
    "direction": "left",
    "element": {
      "module": "konylibrary"
    },
    "type": "default"
  },
  "navigationType": "manual",
  "navigationBar": {
    "left": {
      "text": "Previous",
      "enable": true,
      "hide": false
    },
    "right": {
      "text": "Next",
      "enable": true,
      "hide": false
    }
  },
  "navigationCondition": "",
  "position": "BOTTOM_RIGHT",
  "meta": {
    "Creator": "Rashmi Menon",
    "CreatedOn": "Tue, 26 Nov 2019 04:26:43 GMT"
  },
  "context": [],
  "localization": {
    "en-us": {
      "content": {
        "title": "Add a Login Screen",
        "body": "<ol>\n<li>From the lower-left corner of Iris, navigate to the <strong>Default Library</strong>.</li>\n<li>Next to the <strong>Default Library</strong>, you will see the <strong>My Libraries</strong> tab and a search icon. Click the search icon&nbsp;<img src=\"https://opensource.hcltechsw.com/volt-mx-tutorials/static/dist/images/searchLib.png\" alt=\"\" width=\"20\" height=\"20\" />.</li>\n<li>In the search bar that appears, enter <strong>ACMELogin</strong>.</li>\n<li>Drag the <strong>ACMELogin</strong> component onto the <strong>frmLogin</strong> on the canvas.</li>\n<li>Click <strong>No</strong> in Import window.</li>\n</ol>"
      },
      "navigationBar": {
        "left": {
          "text": "Previous"
        },
        "right": {
          "text": "Next"
        }
      }
    },
    "zh-cn": {
      "content": {
        "title": "添加登录屏幕",
        "body": "<ol> \n <li>从虹膜的下左角，导航到<strong>默认库</strong>。</li> \n <li> <strong>默认库</strong>旁边，您将看到<strong>我的库</strong> tab和搜索图标。 单击搜索图标＆nbsp; <img src=\"https://opensource.hcltechsw.com/volt-mx-tutorials/static/dist/images/searchLib.png\" alt=\"\" width=\"20\" height=\"20\" />。</li> \n <li>在出现的搜索栏中，输入<strong> acmelogin </strong>。</li> \n <li>将<strong> acmelogin </strong>组件拖到<strong> frmlogin </strong>上。</li> \n <li>单击<strong>在导入窗口中no </strong>。</li> \n </ol>"
      },
      "navigationBar": {
        "left": {
          "text": "以前的"
        },
        "right": {
          "text": "下一个"
        }
      }
    },
    "zh-tw": {
      "content": {
        "title": "添加登錄屏幕",
        "body": "<ol> \n <li>從虹膜的下左角，導航到<strong>默認庫</strong>。</li> \n <li>在<strong>默認庫</strong>旁邊，您將看到<strong>我的庫</strong>選項卡和搜索圖標。 單擊搜索圖標＆nbsp; <img src=\"https://opensource.hcltechsw.com/volt-mx-tutorials/static/dist/images/searchLib.png\" alt=\"\" width=\"20\" height=\"20\" />。</li> \n <li>在出現的搜索欄中，輸入<strong> acmelogin </strong>。</li> \n <li>將<strong> acmelogin </strong>組件拖到<strong> frmlogin </strong>上。</li> \n <li>單擊<strong>在導入窗口中no </strong>。</li> \n </ol>"
      },
      "navigationBar": {
        "left": {
          "text": "以前的"
        },
        "right": {
          "text": "下一個"
        }
      }
    }
  }
}