{
    "kuid": "ef942eta-1fa9-41r9-84u0-56ee94n4",
    "id": "VoltMX.EditPayeeMobile_v9.update4",
    "content": {
        "title": "Checking the Status of Service",
        "body": "<ol>\n<li>From the <strong>Action Editor</strong> canvas, under the <strong>Invoke Service</strong>, select <strong>Callback</strong>.</li>\n<li>From the left menu of the <strong>Action Editor</strong>, under the <strong>Network </strong>section, select <strong>Loading Indicator</strong>.</li>\n<li>From the right pane of the <strong>Action Editor</strong>, set the <strong>Loading Indicator</strong> to <strong>Dismiss</strong>.</li>\n<li>From the left menu of the <strong>Action Editor, </strong>under the <strong>Condition</strong> section, select <strong>If</strong>.</li>\n</ol>"
    },
    "pointer": {
        "direction": "left",
        "element": "",
        "type": "none"
    },
    "navigationType": "manual",
    "navigationBar": {
        "left": {
            "text": "Previous",
            "enable": true,
            "hide": false
        },
        "right": {
            "text": "Next",
            "enable": true,
            "hide": false
        }
    },
    "navigationCondition": "",
    "position": "BOTTOM_RIGHT",
    "meta": {
        "Creator": "Rashmi Menon",
        "CreatedOn": "Fri, 28 Feb 2020 12:07:20 GMT"
    },
    "context": []
}