{
    "kuid": "48d57639-973e-440d-af57-d0bd8784",
    "id": "Kony.ModifyEmployeeDirectory.EmployeeSegment",
    "content": {
        "title": "Add Navigation from the List Form",
        "body": "<ol>\n<li>From the <b>Project</b> explorer, expand <b>Mobile</b> > <b>Forms</b> > <b>frmList</b> > <b>masterContainer</b> > <b>listContainer</b> and select <b>employeeSegment</b>. </li> \n<li> From the <b>Properties</b> panel, select the <b>Action</b> tab. </li>\n<li> For the <b>onRowClick</b> Event, click <b>Edit</b>. </li>\n</ol>"
    },
    "position": "BOTTOM_LEFT",
    "navigationType": "manual",
    "navigationCondition": "",
    "pointer": {
        "direction": "top",
        "element": {
            "module": "propertieswindow",
            "itemType": "pw-tab",
            "info": {
                "tabName": "Action"
            }
        },
        "type": "default",
        "isfixed": true
    },
    "navigationBar": {
        "left": {
            "text": "Previous",
            "hide": false,
            "enable": true
        },
        "right": {
            "text": "Next",
            "enable": true,
            "hide": false
        }
    }
}