{
    "kuid": "24b9b3tb-86ad-46rd-80u0-31dacdn4",
    "id": "VoltMX.EditPayeeWeb_v9.btnedit",
    "content": {
        "title": "Navigating to the Edit Recipients Screen",
        "body": "<ol>\n<li>From the <strong>Project</strong> explorer, expand <strong>Responsive Web / Desktop </strong>&gt;<strong> Forms</strong> &gt; <strong>frmDetails </strong>&gt; <strong> flexFieldsContainer</strong> &gt;&nbsp;<strong>flxButtons</strong>, and select <strong>btnEdit</strong>.</li>\n<li>From the <strong>Properties</strong> panel, navigate to the <strong>Action</strong> tab.</li>\n<li>For the <strong>onClick</strong> event, click <strong>Edit</strong>.<br /> The <strong>Action Editor</strong> window appears.</li>\n</ol>"
    },
    "pointer": {
        "direction": "left",
        "element": {
            "module": "projectexplorer",
            "path": "project-body\\project\\Responsive Web / Desktop"
        },
        "type": "default"
    },
    "navigationType": "manual",
    "navigationBar": {
        "left": {
            "text": "Previous",
            "enable": true,
            "hide": false
        },
        "right": {
            "text": "Next",
            "enable": true,
            "hide": false
        }
    },
    "navigationCondition": "",
    "position": "BOTTOM_LEFT",
    "meta": {
        "Creator": "Rashmi Menon",
        "CreatedOn": "Fri, 28 Feb 2020 05:30:07 GMT"
    },
    "context": []
}