{
    "kuid": "a152cbt8-78ac-47r4-92ud-191638nb",
    "id": "kony.DynamicForm.regenerate",
    "content": {
        "title": "Regenerate the Fields",
        "body": "<p>The <b>Customize List</b> window contains the fields that are available in the form. <br/>You can add a new field, customize an existing field, remove a field, and rearrange the order of the fields.</p>\n<p>Once you make the required changes, click <strong>Regenerate</strong>.</p><br/>\n<p>You can view that the changes to the fields are saved, and updated in the canvas.</p><br/><p>For more information on Customizing the Data Model Objects, click  <a href='#'onClick='javascript:openURL(\"https://docs.kony.com/konylibrary/visualizer/V9M2/visualizer_user_guide/Default.htm#DataPanel.htm#CustomizetheGenerationofDataModelObjects\")'>here</a>.</p>"
    },
    "pointer": {
        "direction": "left",
        "element": "",
        "type": "none"
    },
    "navigationType": "manual",
    "navigationBar": {
        "left": {
            "text": "Previous",
            "enable": true,
            "hide": false
        },
        "right": {
            "text": "Done",
            "enable": true,
            "hide": false
        }
    },
    "navigationCondition": "",
    "position": "BOTTOM_RIGHT",
    "meta": {
        "Creator": "Rashmi Menon",
        "CreatedOn": "Tue, 22 Oct 2019 10:20:38 GMT"
    },
    "context": []
}