{
    "kuid": "5ad912t2-23ad-40ra-9eud-4a8242nb",
    "id": "VoltMX.EditPayeeWeb_v9.navDet2",
    "content": {
        "title": "Invoking Services",
        "body": "<ol>\n<li>From the left menu of the <strong>Action Editor</strong>, under the <strong>Network </strong>section, select <strong>Invoke Service</strong>.</li>\n<li>From the right pane of the Action Editor, select the following values from the drop-down list:\n<ul>\n<li>Select Service: <strong>RecipientStorage$Recipients</strong></li>\n<li>Select Method: <strong>get</strong></li>\n</ul>\n</li>\n<li>Click <strong>Construct Filter Query</strong>.<br />The <b>Mapping Editor</b> window appears.</li>\n</ol>"
    },
    "pointer": {
        "direction": "left",
        "element": {
            "module": "actioneditor",
            "itemType": "ae-action-type",
            "info": {
                "actionType": "Invoke Service"
            }
        },
        "type": "default"
    },
    "navigationType": "manual",
    "navigationBar": {
        "left": {
            "text": "Previous",
            "enable": true,
            "hide": false
        },
        "right": {
            "text": "Next",
            "enable": true,
            "hide": false
        }
    },
    "navigationCondition": "",
    "position": "BOTTOM_LEFT",
    "meta": {
        "Creator": "Rashmi Menon",
        "CreatedOn": "Fri, 28 Feb 2020 06:21:45 GMT"
    },
    "context": []
}