{
  "kuid": "fbb7d3t3-daaa-42r1-9cu8-0e24d2n1",
  "id": "VoltMX.addLoginServiceV9.createService",
  "content": {
    "title": "Create Identity Service",
    "body": "<ol>\n<li>From the <strong>Data &amp; Services</strong><strong>&nbsp;</strong>panel on the top-right of your canvas, expand&nbsp;<strong>Project Services</strong>.</li>\n<li>Click&nbsp;<strong>Configure New </strong>to get a list of prepacked services.</li>\n<li>Under the&nbsp;<strong>Authenticate </strong>category, select&nbsp;<strong>User Repository</strong>.<br /> The<strong> Configure Identity Service</strong>&nbsp;window appears.</li>\n<li>Enter the name of the service <strong>UserAuthentication1</strong>.</li>\n<li>Click&nbsp;<strong>Save</strong>.</li>\n</ol>"
  },
  "pointer": {
    "direction": "top",
    "element": {
      "module": "datapanel",
      "itemType": "dp_tab"
    },
    "type": "default"
  },
  "navigationType": "manual",
  "navigationBar": {
    "left": {
      "text": "Previous",
      "enable": true,
      "hide": false
    },
    "right": {
      "text": "Next",
      "enable": true,
      "hide": false
    }
  },
  "navigationCondition": "",
  "position": "BOTTOM_RIGHT",
  "meta": {
    "Creator": "Rashmi Menon",
    "CreatedOn": "Wed, 18 Dec 2019 08:59:05 GMT"
  },
  "context": [],
  "localization": {
    "en-us": {
      "content": {
        "title": "Create Identity Service",
        "body": "<ol>\n<li>From the <strong>Data &amp; Services</strong><strong>&nbsp;</strong>panel on the top-right of your canvas, expand&nbsp;<strong>Project Services</strong>.</li>\n<li>Click&nbsp;<strong>Configure New </strong>to get a list of prepacked services.</li>\n<li>Under the&nbsp;<strong>Authenticate </strong>category, select&nbsp;<strong>User Repository</strong>.<br /> The<strong> Configure Identity Service</strong>&nbsp;window appears.</li>\n<li>Enter the name of the service <strong>UserAuthentication1</strong>.</li>\n<li>Click&nbsp;<strong>Save</strong>.</li>\n</ol>"
      },
      "navigationBar": {
        "left": {
          "text": "Previous"
        },
        "right": {
          "text": "Next"
        }
      }
    },
    "zh-cn": {
      "content": {
        "title": "创建身份服务",
        "body": "***<ol> \n <li>来自<strong> data＆amp; 服务</strong> <strong>＆nbsp; </strong>面板在画布的顶端，展开＆nbsp; <strong> project Services </strong>。</li> \n <li>单击＆nbsp; <strong>配置新</strong>以获取预装服务的列表。</li> \n <li>在＆nbsp; <strong>认证</strong>类别中，select＆nbsp; <strong>用户存储库</strong>。<br /> <strong> {19}配置身份服务</strong>＆nbsp; window出现。</li>}}}}}}} \n <li>输入服务的名称<strong> userauthentication1 </strong>。</li> \n <li>单击＆nbsp; <strong>保存</strong>。</li> \n </ol>"
      },
      "navigationBar": {
        "left": {
          "text": "以前的"
        },
        "right": {
          "text": "下一个"
        }
      }
    },
    "zh-tw": {
      "content": {
        "title": "創建身份服務",
        "body": "***<ol> \n <li>來自<strong> data＆amp; 服務</strong> <strong>＆nbsp; </strong>面板在畫布的頂端，展開＆nbsp; <strong> project Services </strong>。</li> \n <li>單擊＆nbsp; <strong>配置新</strong>以獲取預裝服務的列表。</li> \n <li>在＆nbsp; <strong>認證</strong>類別中，select＆nbsp; <strong>用戶存儲庫</strong>。<br /> <strong> {19}配置身份服務</strong>＆nbsp; window出現。</li>}}}}}}} \n <li>輸入服務的名稱<strong> userauthentication1 </strong>。</li> \n <li>單擊＆nbsp; <strong>保存</strong>。</li> \n </ol>"
      },
      "navigationBar": {
        "left": {
          "text": "以前的"
        },
        "right": {
          "text": "下一個"
        }
      }
    }
  }
}