{
    "kuid": "0f01ect6-aeac-44r1-a2uc-87cc2dn7",
    "id": "HCL.IrisVisualChanges",
    "content": {
        "title": "Visual Changes",
        "body": "New Visual Changes"
    },
    "pointer": {
        "direction": "left",
        "element": {
            "module": "projectexplorer"
        },
        "type": "default"
    },
    "navigationType": "manual",
    "navigationBar": {
        "left": {
            "text": "Previous",
            "enable": true,
            "hide": false
        },
        "right": {
            "text": "Next",
            "enable": true,
            "hide": false
        }
    },
    "navigationCondition": "",
    "position": "BOTTOM_RIGHT",
    "meta": {
        "Creator": "michael angelo silva",
        "CreatedOn": "Wed, 28 Apr 2021 12:43:46 GMT"
    },
    "context": []
}