{
  "kuid": "36baf3t8-cca1-41r1-84u6-0f79afnf",
  "id": "VoltMX.IntroFlexLayoutV9.AddHeader1",
  "content": {
    "title": "Add Search Widget to the FlexContainer",
    "body": "<ol><li>From the <b>Project</b> explorer, expand <b>Mobile</b> > <b>Forms</b> > <b>frmFlexlayout</b>, and select <b>flxHeader</b>.</li>\n<li>From the bottom-left of the Iris, navigate to the <b>Default Library</b>.</li><li>Next to the <b>Default Library</b>, you will see the <b>My Libraries</b> tab and a search icon. Click the search icon 🔍.</li><li>In the search bar that appears, enter <b>Search1</b>.</li><li>From the results, under <b>SubHeaders</b>, find <b>Search1</b>.</li>\n<li>Drag and drop the <strong>Search1</strong> widget into the <strong>flxHeader</strong> form on your canvas.</li>\n<li>From the <strong>Properties</strong>  panel, expand <strong>Look</strong> &gt; <strong>Flex</strong> from the top right of your canvas. Change the <strong>Width</strong> property to <strong>50%</strong>.</li>\n</ol>"
  },
  "pointer": {
    "direction": "left",
    "element": {
      "module": "konylibrary"
    },
    "type": "default"
  },
  "navigationType": "manual",
  "navigationBar": {
    "left": {
      "text": "Previous",
      "enable": true,
      "hide": false
    },
    "right": {
      "text": "Next",
      "enable": true,
      "hide": false
    }
  },
  "navigationCondition": "",
  "position": "BOTTOM_RIGHT",
  "meta": {
    "Creator": "Rashmi Menon",
    "CreatedOn": "Mon, 25 Nov 2019 08:08:03 GMT"
  },
  "context": [],
  "localization": {
    "en-us": {
      "content": {
        "title": "Add Search Widget to the FlexContainer",
        "body": "<ol><li>From the <b>Project</b> explorer, expand <b>Mobile</b> > <b>Forms</b> > <b>frmFlexlayout</b>, and select <b>flxHeader</b>.</li>\n<li>From the bottom-left of the Iris, navigate to the <b>Default Library</b>.</li><li>Next to the <b>Default Library</b>, you will see the <b>My Libraries</b> tab and a search icon. Click the search icon 🔍.</li><li>In the search bar that appears, enter <b>Search1</b>.</li><li>From the results, under <b>SubHeaders</b>, find <b>Search1</b>.</li>\n<li>Drag and drop the <strong>Search1</strong> widget into the <strong>flxHeader</strong> form on your canvas.</li>\n<li>From the <strong>Properties</strong>  panel, expand <strong>Look</strong> &gt; <strong>Flex</strong> from the top right of your canvas. Change the <strong>Width</strong> property to <strong>50%</strong>.</li>\n</ol>"
      },
      "navigationBar": {
        "left": {
          "text": "Previous"
        },
        "right": {
          "text": "Next"
        }
      }
    },
    "zh-cn": {
      "content": {
        "title": "将搜索小部件添加到FlexContainer",
        "body": "***<ol> <li>来自<b> project </b>资源管理器，展开<b>移动</b>> <b> form </b>> <b> frmflexlayout </b>，然后选择<b> flxheader </b> flxheader {11 }。</li> \n <li>从虹膜的左下左下，导航到<b>默认库</b>。</li> <li> <b>默认库</b>，您将看到<b> my my 库</b>选项卡和搜索图标。 单击出现的搜索栏中的搜索图标。 } search1 </b>。</li> \n <li>拖放<strong> search1 </strong>窗口小部件进入<strong> flxheader </strong>形式。</li> \n <li>从<strong> properties </strong>面板，展开<strong> look </strong>＆gt; <strong> flex </strong>从画布的右上角。 将<strong>宽度</strong>属性更改为<strong> 50％</strong>。</li> \n </ol>"
      },
      "navigationBar": {
        "left": {
          "text": "以前的"
        },
        "right": {
          "text": "下一个"
        }
      }
    },
    "zh-tw": {
      "content": {
        "title": "將搜索小部件添加到FlexContainer",
        "body": "***<ol> <li>來自<b> project </b>資源管理器，展開<b>移動</b>> <b> form </b>> <b> frmflexlayout </b>，然後選擇<b> flxheader </b> flxheader {11 }。</li> \n <li>從虹膜的左下左下，導航到<b>默認庫</b>。</li> <li> <b>默認庫</b>，您將看到<b> my my 庫</b>選項卡和搜索圖標。 單擊出現的搜索欄中的搜索圖標。 } search1 </b>。</li> \n <li>拖放<strong> search1 </strong>窗口小部件進入<strong> flxheader </strong>形式。</li> \n <li>從<strong> properties </strong>面板，展開<strong> look </strong>＆gt; <strong> flex </strong>從畫布的右上角。 將<strong>寬度</strong>屬性更改為<strong> 50％</strong>。</li> \n </ol>"
      },
      "navigationBar": {
        "left": {
          "text": "以前的"
        },
        "right": {
          "text": "下一個"
        }
      }
    }
  }
}