{
    "kuid": "36baf3t8-cca1-41r1-84u6-0f79afnf",
    "id": "VoltMX.IntroFlexLayoutV9.AddHeader1",
    "content": {
        "title": "Add Search Widget to the FlexContainer",
        "body": "<ol><li>From the <b>Project</b> explorer, expand <b>Mobile</b> > <b>Forms</b> > <b>frmFlexlayout</b>, and select <b>flxHeader</b>.</li>\n<li>From the bottom-left of the Iris, navigate to the <b>Default Library</b>.</li><li>Next to the <b>Default Library</b>, you will see the <b>My Libraries</b> tab and a search icon. Click the search icon 🔍.</li><li>In the search bar that appears, enter <b>Search1</b>.</li><li>From the results, under <b>SubHeaders</b>, find <b>Search1</b>.</li>\n<li>Drag and drop the <strong>Search1</strong> widget into the <strong>flxHeader</strong> form on your canvas.</li>\n<li>From the <strong>Properties</strong>  panel, expand <strong>Look</strong> &gt; <strong>Flex</strong> from the top right of your canvas. Change the <strong>Width</strong> property to <strong>50%</strong>.</li>\n</ol>"
    },
    "pointer": {
        "direction": "left",
        "element": {
            "module": "konylibrary"
        },
        "type": "default"
    },
    "navigationType": "manual",
    "navigationBar": {
        "left": {
            "text": "Previous",
            "enable": true,
            "hide": false
        },
        "right": {
            "text": "Next",
            "enable": true,
            "hide": false
        }
    },
    "navigationCondition": "",
    "position": "BOTTOM_RIGHT",
    "meta": {
        "Creator": "Rashmi Menon",
        "CreatedOn": "Mon, 25 Nov 2019 08:08:03 GMT"
    },
    "context": []
}