{
  "kuid": "2d20dct5-acad-42r9-a0u8-7db394nf",
  "id": "VoltMX.ConnectAppUItoDataMob_v9.intro",
  "content": {
    "title": "Connect App UI to Services",
    "body": "<p>In this hike, we will:</p>\n<ul>\n<li>Connect the UI elements of Accounts and Recipients form with the services</li>\n</ul>\n<p>Before you get started, complete the hike:</p>\n<ol><b>\n<li><a class=\"tour-link\" tour=\"7408efte-e2aa-4cr8-a9ub-d7ba36n8\">Launch your First Mobile App</a></li><li><a class=\"tour-link\" tour=\"a617eft5-7ca8-4ard-8eu8-94cdean5\">Create UI from Collections</a></li><li><a class=\"tour-link\" tour=\"15d8c7t4-cda7-40rb-afu7-345cfcnc\">Add Authentication to the App</a></li>\n<li><a class=\"tour-link\" tour=\"a7a762t5-3eac-44r5-8bu2-89b781n1\">Creating Services for a Native App</a> </li></b>\n</ol>\n<p>Ensure that you open the same project that you have created in the previous hikes.</p>\n<p>To open a closed project, from the main menu navigate to&nbsp;<strong>Project</strong>&nbsp;&gt;&nbsp;<strong>Open</strong>&nbsp;&gt;&nbsp;<strong>HCL Reference Architecture</strong>&nbsp;&gt;&nbsp;<strong>RecipientsMobApp</strong>. </p><br/>\n<p><strong>When you are ready, click Start!</strong></p>"
  },
  "pointer": {
    "direction": "left",
    "element": "",
    "type": "none"
  },
  "navigationType": "manual",
  "navigationBar": {
    "left": {
      "text": "Previous",
      "enable": false,
      "hide": true
    },
    "right": {
      "text": "Start",
      "enable": true,
      "hide": false
    }
  },
  "navigationCondition": "",
  "position": "CENTER",
  "meta": {
    "Creator": "Rashmi Menon",
    "CreatedOn": "Mon, 23 Mar 2020 07:38:25 GMT"
  },
  "context": []
}
