{
  "kuid": "8299cctb-14a0-4er6-a9u9-f9ef4en5",
  "id": "VoltMX.InternationalWithLayoutV9.configureE",
  "content": {
    "title": "Configure English Locale",
    "body": "<ol>\n<li>In the <strong>Search </strong>field, enter: <strong>en_US</strong>.<br>The<strong> English  </strong> \nlocale for<strong> United States </strong>appears<strong>. </strong></li>\n<li>Select the locale <strong>en_US</strong>.</li>\n<li>Under <b>Mirror Default Layout</b> select <strong>Flex Position Properties </strong>and <strong>Flow Horizontal Alignment.</strong></li>\n</ol>"
  },
  "pointer": {
    "direction": "left",
    "element": "",
    "type": "none"
  },
  "navigationType": "manual",
  "navigationBar": {
    "left": {
      "text": "Previous",
      "enable": true,
      "hide": false
    },
    "right": {
      "text": "Next",
      "enable": true,
      "hide": false
    }
  },
  "navigationCondition": "",
  "position": "BOTTOM_RIGHT",
  "meta": {
    "Creator": "Rashmi Menon",
    "CreatedOn": "Thu, 05 Dec 2019 06:25:39 GMT"
  },
  "context": [],
  "localization": {
    "en-us": {
      "content": {
        "title": "Configure English Locale",
        "body": "<ol>\n<li>In the <strong>Search </strong>field, enter: <strong>en_US</strong>.<br>The<strong> English  </strong> \nlocale for<strong> United States </strong>appears<strong>. </strong></li>\n<li>Select the locale <strong>en_US</strong>.</li>\n<li>Under <b>Mirror Default Layout</b> select <strong>Flex Position Properties </strong>and <strong>Flow Horizontal Alignment.</strong></li>\n</ol>"
      },
      "navigationBar": {
        "left": {
          "text": "Previous"
        },
        "right": {
          "text": "Next"
        }
      }
    },
    "zh-cn": {
      "content": {
        "title": "配置英语语言环境",
        "body": "<ol> \n <li>在<strong>搜索</strong>字段中，输入：<strong> en_us </strong>。<br> <strong>英语</strong> \n <strong>美国</strong>出现<strong>的语言环境。 </strong> </li> \n <li>选择LOCALE <strong> en_us </strong>。</li> \n <li>下<b>镜像默认布局</b>选择<strong> flex位置属性</strong>和<strong> flow Horizontal Alignment。</strong> </li> \n </ol>"
      },
      "navigationBar": {
        "left": {
          "text": "以前的"
        },
        "right": {
          "text": "下一个"
        }
      }
    },
    "zh-tw": {
      "content": {
        "title": "配置英語語言環境",
        "body": "<ol> \n <li>在<strong>搜索</strong>字段中，輸入：<strong> en_us </strong>。<br> <strong>英語</strong> \n <strong>美國</strong>出現<strong>的語言環境。 </strong> </li> \n <li>選擇LOCALE <strong> en_us </strong>。</li> \n <li>下<b>鏡像默認佈局</b>選擇<strong> flex位置屬性</strong>和<strong> flow Horizontal Alignment。</strong> </li> \n </ol>"
      },
      "navigationBar": {
        "left": {
          "text": "以前的"
        },
        "right": {
          "text": "下一個"
        }
      }
    }
  }
}