{
  "kuid": "4fd798t6-cea4-49r7-90u8-d0f41bn3",
  "id": "VoltMX.CreateServicesWebV9.Intro",
  "content": {
    "title": "Create Services for Back-end Data",
    "body": "<p>In this hike, we will:</p>\n<ul>\n<li>Create and configure Storage Object Services for <b>Accounts</b> and <b>Recipients</b>.\n</li>\n<li>Publish the Project Services to a run-time server</li>\n</ul><br />\n<p>Before you get started, complete the following hikes:</p><b>\n<ol>\n<li><a class=\"tour-link\" tour=\"705a94tb-faa0-47r7-a1ud-31b3dbnf\">Launch your Responsive Web App</a></li>\n<li><a class=\"tour-link\" tour=\"220f01t3-bda6-40r0-92uf-56631bnb\">Create UI from Collections</a></li>\n<li><a class=\"tour-link\" tour=\"5e1da5td-37a0-44r6-beu6-374c3cn1\">Add Authentication to the App</a></li>\n</ol></b>\n\n<p>Ensure that you open the same project that you have created in the hikes 2 above.<br /> To open a closed project, from the main menu, navigate to <strong>Project</strong> &gt; <strong>Open</strong> &gt; <strong>HCL Reference Architecture</strong> &gt; <strong>RecipientsWebApp2</strong>.</p>\n<br/>\n<p>Ensure that you download and extract the <a href='#'onClick='javascript:openURL(\"https://raw.githubusercontent.com/HCL-TECH-SOFTWARE/volt-mx-tutorials/master/public/samples/RecipientsData.zip\")'>RecipientsData.zip</a> file. Note the location of the extracted files.</p><br/>\n\n<p><strong>When you are ready, click Start!</strong></p>"
  },
  "pointer": {
    "direction": "left",
    "element": "",
    "type": "none"
  },
  "navigationType": "manual",
  "navigationBar": {
    "left": {
      "text": "Previous",
      "enable": false,
      "hide": true
    },
    "right": {
      "text": "Start",
      "enable": true,
      "hide": false
    }
  },
  "navigationCondition": "",
  "position": "CENTER",
  "meta": {
    "Creator": "Rashmi Menon",
    "CreatedOn": "Thu, 19 Dec 2019 06:04:09 GMT"
  },
  "context": [],
  "localization": {
    "en-us": {
      "content": {
        "title": "Create Services for Back-end Data",
        "body": "<p>In this hike, we will:</p>\n<ul>\n<li>Create and configure Storage Object Services for <b>Accounts</b> and <b>Recipients</b>.\n</li>\n<li>Publish the Project Services to a run-time server</li>\n</ul><br />\n<p>Before you get started, complete the following hikes:</p><b>\n<ol>\n<li><a class=\"tour-link\" tour=\"705a94tb-faa0-47r7-a1ud-31b3dbnf\">Launch your Responsive Web App</a></li>\n<li><a class=\"tour-link\" tour=\"220f01t3-bda6-40r0-92uf-56631bnb\">Create UI from Collections</a></li>\n<li><a class=\"tour-link\" tour=\"5e1da5td-37a0-44r6-beu6-374c3cn1\">Add Authentication to the App</a></li>\n</ol></b>\n\n<p>Ensure that you open the same project that you have created in the hikes 2 above.<br /> To open a closed project, from the main menu, navigate to <strong>Project</strong> &gt; <strong>Open</strong> &gt; <strong>HCL Reference Architecture</strong> &gt; <strong>RecipientsWebApp2</strong>.</p>\n<br/>\n<p>Ensure that you download and extract the <a href='#'onClick='javascript:openURL(\"https://raw.githubusercontent.com/HCL-TECH-SOFTWARE/volt-mx-tutorials/master/public/samples/RecipientsData.zip\")'>RecipientsData.zip</a> file. Note the location of the extracted files.</p><br/>\n\n<p><strong>When you are ready, click Start!</strong></p>"
      },
      "navigationBar": {
        "left": {
          "text": "Previous"
        },
        "right": {
          "text": "Start"
        }
      }
    },
    "zh-cn": {
      "content": {
        "title": "为后端数据创建服务",
        "body": "<p>在这次远足中，我们将：</p> \n <ul> \n <li>为<b>帐户</b>和<b>收件人</b>创建并配置存储对象服务。 \n </li> \n <li>将项目服务发布到运行时服务器</li> \n </ul> <br /> \n <p>在开始之前，完成以下徒步旅行：</p> <b> \n <ol> \n <li> <a class=\"tour-link\" tour=\"705a94tb-faa0-47r7-a1ud-31b3dbnf\">启动响应式Web应用</a> </li> \n <li> <a class=\"tour-link\" tour=\"220f01t3-bda6-40r0-92uf-56631bnb\">从集合</a> </li>创建UI \n <li> <a class=\"tour-link\" tour=\"5e1da5td-37a0-44r6-beu6-374c3cn1\">将身份验证添加到app </a> </li> \n </ol> </b> \n\n <p>确保您打开与上面徒步旅行2中创建的相同项目。<br />要打开一个封闭的项目，从主菜单中，导航至<strong> project </strong>＆gt; <strong>打开</strong>＆gt; <strong> HCl参考架构</strong>＆gt; <strong> conterientswebapp2 </strong>。</p> \n <br/> \n <p>确保您下载并提取<a href='#'onClick='javascript:openURL(\"https://raw.githubusercontent.com/HCL-TECH-SOFTWARE/volt-mx-tutorials/master/public/samples/RecipientsData.zip\")'> colectientsData.zip </a>文件。 注意提取的文件的位置。</p> <br/> \n\n <p> <strong>您准备就绪时，单击“开始”！</strong> </p>"
      },
      "navigationBar": {
        "left": {
          "text": "以前的"
        },
        "right": {
          "text": "开始"
        }
      }
    },
    "zh-tw": {
      "content": {
        "title": "為後端數據創建服務",
        "body": "<p>在這次遠足中，我們將：</p> \n <ul> \n <li>為<b>帳戶</b>和<b>收件人</b>創建並配置存儲對象服務。 \n </li> \n <li>將項目服務發佈到運行時服務器</li> \n </ul> <br /> \n <p>在開始之前，完成以下徒步旅行：</p> <b> \n <ol> \n <li> <a class=\"tour-link\" tour=\"705a94tb-faa0-47r7-a1ud-31b3dbnf\">啟動響應式Web應用</a> </li> \n <li> <a class=\"tour-link\" tour=\"220f01t3-bda6-40r0-92uf-56631bnb\">從集合</a> </li>創建UI \n <li> <a class=\"tour-link\" tour=\"5e1da5td-37a0-44r6-beu6-374c3cn1\">將身份驗證添加到app </a> </li> \n </ol> </b> \n\n <p>確保您打開與上面徒步旅行2中創建的相同項目。<br />要打開一個封閉的項目，從主菜單中，導航至<strong> project </strong>＆gt; <strong>打開</strong>＆gt; <strong> HCl參考架構</strong>＆gt; <strong> conterientswebapp2 </strong>。</p> \n <br/> \n <p>確保您下載並提取<a href='#'onClick='javascript:openURL(\"https://raw.githubusercontent.com/HCL-TECH-SOFTWARE/volt-mx-tutorials/master/public/samples/RecipientsData.zip\")'> colectientsData.zip </a>文件。 注意提取的文件的位置。</p> <br/> \n\n <p> <strong>您準備就緒時，單擊“開始”！</strong> </p>"
      },
      "navigationBar": {
        "left": {
          "text": "以前的"
        },
        "right": {
          "text": "開始"
        }
      }
    }
  }
}