{
    "kuid": "4fd798t6-cea4-49r7-90u8-d0f41bn3",
    "id": "VoltMX.CreateServicesWebV9.Intro",
    "content": {
        "title": "Create Services for Back-end Data",
        "body": "<p>In this hike, we will:</p>\n<ul>\n<li>Create and configure Storage Object Services for <b>Accounts</b> and <b>Recipients</b>.\n</li>\n<li>Publish the Project Services to a run-time server</li>\n</ul><br />\n<p>Before you get started, complete the following hikes:</p><b>\n<ol>\n<li><a class=\"tour-link\" tour=\"705a94tb-faa0-47r7-a1ud-31b3dbnf\">Launch your Responsive Web App</a></li>\n<li><a class=\"tour-link\" tour=\"220f01t3-bda6-40r0-92uf-56631bnb\">Create UI from Collections</a></li>\n<li><a class=\"tour-link\" tour=\"5e1da5td-37a0-44r6-beu6-374c3cn1\">Add Authentication to the App</a></li>\n</ol></b>\n\n<p>Ensure that you open the same project that you have created in the hikes 2 above.<br /> To open a closed project, from the main menu, navigate to <strong>Project</strong> &gt; <strong>Open</strong> &gt; <strong>HCL Reference Architecture</strong> &gt; <strong>RecipientsWebApp2</strong>.</p>\n<br/>\n<p>Ensure that you download and extract the <a href='#'onClick='javascript:openURL(\"https://raw.githubusercontent.com/HCL-TECH-SOFTWARE/volt-mx-tutorials/master/public/samples/RecipientsData.zip\")'>RecipientsData.zip</a> file. Note the location of the extracted files.</p><br/>\n\n<p><strong>When you are ready, click Start!</strong></p>"
    },
    "pointer": {
        "direction": "left",
        "element": "",
        "type": "none"
    },
    "navigationType": "manual",
    "navigationBar": {
        "left": {
            "text": "Previous",
            "enable": false,
            "hide": true
        },
        "right": {
            "text": "Start",
            "enable": true,
            "hide": false
        }
    },
    "navigationCondition": "",
    "position": "CENTER",
    "meta": {
        "Creator": "Rashmi Menon",
        "CreatedOn": "Thu, 19 Dec 2019 06:04:09 GMT"
    },
    "context": []
}