{
  "kuid": "a27e8ct1-8fae-4dr9-82ua-0254e8n2",
  "id": "VoltMX.IntroductiontoNFIV9.rename",
  "content": {
    "title": "Rename the Form",
    "body": "<ol>\n<li>In the <strong>Storyboard</strong> view, above the new Form, click <strong>Form1</strong>.</li>\n<li>Rename the form from <strong>Form1</strong> to <strong>deviceSettings</strong>.</li>\n<li>To add widgets to the form, double-click on the blank area of the form to open the form in <strong>Design </strong>view.</li>\n</ol>"
  },
  "pointer": {
    "direction": "left",
    "element": {
      "module": "appcanvas",
      "paneId": "ac-area-one"
    },
    "type": "default"
  },
  "navigationType": "manual",
  "navigationBar": {
    "left": {
      "text": "Previous",
      "enable": true,
      "hide": false
    },
    "right": {
      "text": "Next",
      "enable": true,
      "hide": false
    }
  },
  "navigationCondition": "",
  "position": "BOTTOM_RIGHT",
  "meta": {
    "Creator": "Rashmi Menon",
    "CreatedOn": "Wed, 27 Nov 2019 11:47:41 GMT"
  },
  "context": [],
  "localization": {
    "en-us": {
      "content": {
        "title": "Rename the Form",
        "body": "<ol>\n<li>In the <strong>Storyboard</strong> view, above the new Form, click <strong>Form1</strong>.</li>\n<li>Rename the form from <strong>Form1</strong> to <strong>deviceSettings</strong>.</li>\n<li>To add widgets to the form, double-click on the blank area of the form to open the form in <strong>Design </strong>view.</li>\n</ol>"
      },
      "navigationBar": {
        "left": {
          "text": "Previous"
        },
        "right": {
          "text": "Next"
        }
      }
    },
    "zh-cn": {
      "content": {
        "title": "重命名表格",
        "body": "<ol> \n <li>在<strong>故事板</strong>视图中，在新表单上方，单击<strong> form1 </strong>。</li> \n <li>将表单从<strong> form1 </strong>重命名为<strong> deviceettings </strong>。</li> \n <li>将小部件添加到表单上，双击表单的空白区域，以<strong> design </strong> view。</li>打开表单 \n </ol>"
      },
      "navigationBar": {
        "left": {
          "text": "以前的"
        },
        "right": {
          "text": "下一个"
        }
      }
    },
    "zh-tw": {
      "content": {
        "title": "重命名表格",
        "body": "<ol> \n <li>在<strong>故事板</strong>視圖中，在新表單上方，單擊<strong> form1 </strong>。</li> \n <li>將表單從<strong> form1 </strong>重命名為<strong> deviceettings </strong>。</li> \n <li>將小部件添加到表單上，雙擊表單的空白區域，以<strong> design </strong> view。</li>打開表單 \n </ol>"
      },
      "navigationBar": {
        "left": {
          "text": "以前的"
        },
        "right": {
          "text": "下一個"
        }
      }
    }
  }
}