{
    "kuid": "90ae4dt1-5ba3-47rf-83ua-b9a9a3n0",
    "id": "VoltMX.IdentityServicesV9.dataPanel",
    "content": {
        "title": "Data & Services Panel",
        "body": "<p>Select the <strong>Data &amp; Services</strong> tab on the top-right of your canvas. It opens the <strong>Data &amp; Services</strong> panel.</p>\n<p>The <strong>Data &amp; Services</strong> panel has <strong>Sample Services</strong> and <strong>Project Services</strong>.</p>\n<ul>\n<li><strong>Sample Services</strong>: These are the pre-bundled services with the sample data to help you get started.</li>\n<li><strong>Project Services</strong>: These are the services which are used by this project. <br />You can create and configure new Volt MX Foundry services under <strong>Project Services</strong>.</li>\n</ul>"
    },
    "pointer": {
        "direction": "right",
        "element": {
            "module": "datapanel",
            "itemType": "dp_tab"
        },
        "type": "default"
    },
    "navigationType": "manual",
    "navigationBar": {
        "left": {
            "text": "Previous",
            "enable": true,
            "hide": false
        },
        "right": {
            "text": "Next",
            "enable": true,
            "hide": false
        }
    },
    "navigationCondition": "",
    "position": "BOTTOM_RIGHT",
    "meta": {
        "Creator": "Rashmi Menon",
        "CreatedOn": "Tue, 26 Nov 2019 10:28:13 GMT"
    },
    "context": []
}