{
    "kuid": "6e5b40t0-47ae-4dr6-b1u2-18ee7bnb",
    "id": "VoltMX.UserRepositoryAuthV9.addUI",
    "content": {
        "title": "Add UI to Home",
        "body": "<ol>\n<li>Navigate to the <strong>Default Library</strong> tab on the bottom left of your canvas and search for the <strong>Label</strong> widget.</li>\n<li>Drag and drop the <strong>Label</strong> widget under the <b>Default</b> selection onto the <strong>frmHome</strong> form on your canvas.</li>\n<li>Navigate to the <strong>Properties</strong> panel and select the <strong>Look</strong> tab.</li>\n<li>Under <strong>Appearance</strong>, modify the value of <strong>Text</strong>: <strong>Welcome to Home Screen</strong></li>\n<li>Under <strong>Flex</strong>, modify the values of the following properties:\n<ul>\n<li>Left: <strong>35%</strong></li>\n<li>Top: <strong>10%</strong></li>\n</ul>\n</li>\n</ol>"
    },
    "pointer": {
        "direction": "left",
        "element": {
            "module": "konylibrary",
            "css_selector": "div[class *='viztabActivelia']"
        },
        "type": "default"
    },
    "navigationType": "manual",
    "navigationBar": {
        "left": {
            "text": "Previous",
            "enable": true,
            "hide": false
        },
        "right": {
            "text": "Next",
            "enable": true,
            "hide": false
        }
    },
    "navigationCondition": "",
    "position": "CENTER",
    "meta": {
        "Creator": "Rashmi Menon",
        "CreatedOn": "Wed, 27 Nov 2019 07:06:57 GMT"
    },
    "context": []
}