{
    "kuid": "f7b04c1b-d8d5-42f3-a1ca-a51ee2a9",
    "id": "Kony.AuthApp.MappingEditor",
    "content": {
        "title": "Map Login Parameters to UI",
        "body": "<ol>\n<li>In the Action Editor canvas, select <strong>Call Identity Service: MicrosoftActiveDirectory$login</strong>.</li>\n<li>In the pane below the <strong>Action Editor</strong> canvas, click <strong>Open Mapping Editor</strong>.</li>\n<li>In the <strong>Mapping Editor</strong>, from the left pane, expand <strong>Forms</strong> &gt; <strong>frmLogin</strong>.</li>\n<li>In the <strong>Mapping Editor</strong>, from the right pane, expand <strong>Services</strong> &gt; <strong>Service &ndash; MicrosoftActiveDirectory$login</strong>.</li>\n<li>Map the following elements from the left pane to the right pane:\n<ul>\n<li>From the left pane, expand <strong>TextField &ndash; usernameTextbox</strong> and select <strong>text {string}</strong>. From the right pane, select <strong>userid {string}</strong></li>\n<li>From the left pane, expand <strong>TextField &ndash; passwordTextbox</strong> and select <strong>text {string}</strong>. From the right pane, select <strong>password {string}</strong></li>\n</ul>\n</li>\n</ol>"
    },
    "position": "BOTTOM_RIGHT",
    "navigationType": "manual",
    "navigationCondition": "",
    "pointer": {
        "direction": "left",
        "element": "",
        "type": "none"
    },
    "navigationBar": {
        "left": {
            "text": "Previous",
            "hide": false,
            "enable": true
        },
        "right": {
            "text": "Next",
            "enable": true,
            "hide": false
        }
    }
}