{
  "kuid": "d176ectb-fba7-49rb-beu7-61ec00n4",
  "id": "VoltMX.InternationalWithLayoutV9.enable1",
  "content": {
    "title": "Enable Internationalization",
    "body": "<ol>\n<li>From the <strong>Project Settings</strong> window, navigate to the <strong>Application </strong>tab.</li>\n<li>Under <strong>Internationalization(i18n): </strong>section<strong>, </strong>select <strong>Enable</strong>.<br /> Two new fields appear.</li>\n<li>Select <strong>Enable i18n Layout Config</strong>.</li>\n<li>Click <strong>Configure</strong>.<br /> The <strong>Configure Internationalization </strong>window appears.</li>\n</ol>"
  },
  "pointer": {
    "direction": "left",
    "element": "",
    "type": "none"
  },
  "navigationType": "manual",
  "navigationBar": {
    "left": {
      "text": "Previous",
      "enable": true,
      "hide": false
    },
    "right": {
      "text": "Next",
      "enable": true,
      "hide": false
    }
  },
  "navigationCondition": "",
  "position": "BOTTOM_RIGHT",
  "meta": {
    "Creator": "Rashmi Menon",
    "CreatedOn": "Thu, 05 Dec 2019 06:24:19 GMT"
  },
  "context": [],
  "localization": {
    "en-us": {
      "content": {
        "title": "Enable Internationalization",
        "body": "<ol>\n<li>From the <strong>Project Settings</strong> window, navigate to the <strong>Application </strong>tab.</li>\n<li>Under <strong>Internationalization(i18n): </strong>section<strong>, </strong>select <strong>Enable</strong>.<br /> Two new fields appear.</li>\n<li>Select <strong>Enable i18n Layout Config</strong>.</li>\n<li>Click <strong>Configure</strong>.<br /> The <strong>Configure Internationalization </strong>window appears.</li>\n</ol>"
      },
      "navigationBar": {
        "left": {
          "text": "Previous"
        },
        "right": {
          "text": "Next"
        }
      }
    },
    "zh-cn": {
      "content": {
        "title": "启用国际化",
        "body": "<ol> \n <li>从<strong>项目设置</strong>窗口，导航到<strong>应用程序</strong> tab。</li> \n <li>在<strong>国际化（I18n）下：</strong>节<strong>，</strong>选择<strong>启用</strong>。<br />出现两个新字段。</li> \n <li>选择<strong>启用i18n布局config </strong>。</li> \n <li>单击<strong>配置</strong>。<br /> <strong>配置国际化</strong>窗口出现。</li> \n </ol>"
      },
      "navigationBar": {
        "left": {
          "text": "以前的"
        },
        "right": {
          "text": "下一个"
        }
      }
    },
    "zh-tw": {
      "content": {
        "title": "啟用國際化",
        "body": "<ol> \n <li>從<strong>項目設置</strong>窗口，導航到<strong>應用程序</strong> tab。</li> \n <li>在<strong>國際化（I18n）下：</strong>節<strong>，</strong>選擇<strong>啟用</strong>。<br />出現兩個新字段。</li> \n <li>選擇<strong>啟用i18n佈局config </strong>。</li> \n <li>單擊<strong>配置</strong>。<br /> <strong>配置國際化</strong>窗口出現。</li> \n </ol>"
      },
      "navigationBar": {
        "left": {
          "text": "以前的"
        },
        "right": {
          "text": "下一個"
        }
      }
    }
  }
}