{
  "kuid": "def0e0tf-92a1-48r2-97u5-0a549fn9",
  "id": "VoltMX.FlexPropertiesV9.Intro",
  "content": {
    "title": "Understanding Flex Layout Properties",
    "body": "<p>Flex layout provides multiple properties for managing the layout of your app. <br ><br ></p>\n<p>This hike focuses on layout properties and the rules associated with them. Follow the steps in this hike to understand the layout properties.</p>"
  },
  "pointer": {
    "direction": "left",
    "element": "",
    "type": "none"
  },
  "navigationType": "manual",
  "navigationBar": {
    "left": {
      "text": "Previous",
      "enable": false,
      "hide": true
    },
    "right": {
      "text": "Start",
      "enable": true,
      "hide": false
    }
  },
  "navigationCondition": "",
  "position": "CENTER",
  "meta": {
    "Creator": "Rashmi Menon",
    "CreatedOn": "Mon, 25 Nov 2019 08:31:12 GMT"
  },
  "context": [],
  "localization": {
    "en-us": {
      "content": {
        "title": "Understanding Flex Layout Properties",
        "body": "<p>Flex layout provides multiple properties for managing the layout of your app. <br ><br ></p>\n<p>This hike focuses on layout properties and the rules associated with them. Follow the steps in this hike to understand the layout properties.</p>"
      },
      "navigationBar": {
        "left": {
          "text": "Previous"
        },
        "right": {
          "text": "Start"
        }
      }
    },
    "zh-cn": {
      "content": {
        "title": "了解Flex布局属性",
        "body": "<p> Flex布局提供了多个用于管理应用程序布局的属性。 <br > <br > </p> \n <p>此远足重点关注布局属性及其关联的规则。 按照此远足的步骤了解布局属性。</p>"
      },
      "navigationBar": {
        "left": {
          "text": "以前的"
        },
        "right": {
          "text": "开始"
        }
      }
    },
    "zh-tw": {
      "content": {
        "title": "了解Flex佈局屬性",
        "body": "<p> Flex佈局提供了多個用於管理應用程序佈局的屬性。 <br > <br > </p> \n <p>此遠足重點關注佈局屬性及其關聯的規則。 按照此遠足的步驟了解佈局屬性。</p>"
      },
      "navigationBar": {
        "left": {
          "text": "以前的"
        },
        "right": {
          "text": "開始"
        }
      }
    }
  }
}