{
    "kuid": "38e571t6-07a2-43r5-8eu3-0499e8n0",
    "id": "VoltMX.CreateEmailIdCompV9.createCont4",
    "content": {
        "title": "Design the TextBox Widget",
        "body": "<ol>\n<li>From the upper-right corner of Iris, in the <b>Properties</b> panel, click <b>Look</b>.</li> \n <li>Under the <b>Flex</b> section, modify the values of the following properties:<br/>\n<ul><li>Top: <b>20%</b></li>\n<li>Width: <b>300 Dp</b></li>\n<li>Center X: <b>50 %</b></li></ul></li>\n</ol>"
    },
    "pointer": {
        "direction": "top",
        "element": {
            "module": "propertieswindow",
            "itemType": "pw-tab",
            "info": {
                "tabName": "Look"
            }
        },
        "type": "default"
    },
    "navigationType": "manual",
    "navigationBar": {
        "left": {
            "text": "Previous",
            "enable": true,
            "hide": false
        },
        "right": {
            "text": "Next",
            "enable": true,
            "hide": false
        }
    },
    "navigationCondition": "",
    "position": "BOTTOM_RIGHT",
    "meta": {
        "Creator": "Rashmi Menon",
        "CreatedOn": "Tue, 26 Nov 2019 05:55:08 GMT"
    },
    "context": []
}