{
  "kuid": "38e571t6-07a2-43r5-8eu3-0499e8n0",
  "id": "VoltMX.CreateEmailIdCompV9.createCont4",
  "content": {
    "title": "Design the TextBox Widget",
    "body": "<ol>\n<li>From the upper-right corner of Iris, in the <b>Properties</b> panel, click <b>Look</b>.</li> \n <li>Under the <b>Flex</b> section, modify the values of the following properties:<br/>\n<ul><li>Top: <b>20%</b></li>\n<li>Width: <b>300 Dp</b></li>\n<li>Center X: <b>50%</b></li></ul></li>\n<li>From the upper-right corner of Iris, in the <strong>Properties</strong> panel, click <strong>Text Box</strong>. </li>\n<li>Modify the placeholder value to <strong>User Name</strong>.</li>\n</ol>"
  },
  "pointer": {
    "direction": "top",
    "element": {
      "module": "propertieswindow",
      "itemType": "pw-tab",
      "info": {
        "tabName": "Look"
      }
    },
    "type": "default"
  },
  "navigationType": "manual",
  "navigationBar": {
    "left": {
      "text": "Previous",
      "enable": true,
      "hide": false
    },
    "right": {
      "text": "Next",
      "enable": true,
      "hide": false
    }
  },
  "navigationCondition": "",
  "position": "BOTTOM_RIGHT",
  "meta": {
    "Creator": "Rashmi Menon",
    "CreatedOn": "Tue, 26 Nov 2019 05:55:08 GMT"
  },
  "context": [],
  "localization": {
    "en-us": {
      "content": {
        "title": "Design the TextBox Widget",
        "body": "<ol>\n<li>From the upper-right corner of Iris, in the <b>Properties</b> panel, click <b>Look</b>.</li> \n <li>Under the <b>Flex</b> section, modify the values of the following properties:<br/>\n<ul><li>Top: <b>20%</b></li>\n<li>Width: <b>300 Dp</b></li>\n<li>Center X: <b>50%</b></li></ul></li>\n<li>From the upper-right corner of Iris, in the <strong>Properties</strong> panel, click <strong>Text Box</strong>. </li>\n<li>Modify the placeholder value to <strong>User Name</strong>.</li>\n</ol>"
      },
      "navigationBar": {
        "left": {
          "text": "Previous"
        },
        "right": {
          "text": "Next"
        }
      }
    },
    "zh-cn": {
      "content": {
        "title": "设计文本框窗口小部件",
        "body": "<ol> \n <li>从iris的右上角，在<b> properties </b>面板中，单击<b> look </b>。</li> \n  <li>在<b> flex </b>部分下，修改以下属性的值：<br/> \n <ul> <li>顶部：<b> 20％</b> </li> \n <li>宽度：<b> 300 dp </b> </li> \n <li>中心x：<b> 50％</b> </li> </ul> </li> \n <li>从Iris的上右角，在<strong>属性</strong>面板中，单击<strong>文本框</strong>。 </li> \n <li>将占位符值修改为<strong>用户名</strong>。</li> \n </ol>"
      },
      "navigationBar": {
        "left": {
          "text": "以前的"
        },
        "right": {
          "text": "下一个"
        }
      }
    },
    "zh-tw": {
      "content": {
        "title": "設計文本框窗口小部件",
        "body": "<ol> \n <li>從iris的右上角，在<b> properties </b>面板中，單擊<b> look </b>。</li> \n  <li>在<b> flex </b>部分下，修改以下屬性的值：<br/> \n <ul> <li>頂部：<b> 20％</b> </li> \n <li>寬度：<b> 300 dp </b> </li> \n <li>中心x：<b> 50％</b> </li> </ul> </li> \n <li>從Iris的上右角，在<strong>屬性</strong>面板中，單擊<strong>文本框</strong>。 </li> \n <li>將佔位符值修改為<strong>用戶名</strong>。</li> \n </ol>"
      },
      "navigationBar": {
        "left": {
          "text": "以前的"
        },
        "right": {
          "text": "下一個"
        }
      }
    }
  }
}