{
  "kuid": "8ac666tb-edaa-40re-98ub-381cffne",
  "id": "VoltMX.IntroductiontoSegmentV9.livePreview",
  "content": {
    "title": "Live Preview Settings",
    "body": "<ol><li>From the main menu, select <b>Build</b>.\n</li><li>Click <b>Live Preview Settings</b>.</li></ol>"
  },
  "pointer": {
    "direction": "left",
    "element": "",
    "type": "none"
  },
  "navigationType": "manual",
  "navigationBar": {
    "left": {
      "text": "Previous",
      "enable": true,
      "hide": false
    },
    "right": {
      "text": "Next",
      "enable": true,
      "hide": false
    }
  },
  "navigationCondition": "",
  "position": "BOTTOM_RIGHT",
  "meta": {
    "Creator": "Rashmi Menon",
    "CreatedOn": "Mon, 25 Nov 2019 10:22:38 GMT"
  },
  "context": [],
  "localization": {
    "en-us": {
      "content": {
        "title": "Live Preview Settings",
        "body": "<ol><li>From the main menu, select <b>Build</b>.\n</li><li>Click <b>Live Preview Settings</b>.</li></ol>"
      },
      "navigationBar": {
        "left": {
          "text": "Previous"
        },
        "right": {
          "text": "Next"
        }
      }
    },
    "zh-cn": {
      "content": {
        "title": "实时预览设置",
        "body": "<ol> <li>从主菜单中，选择<b>构建</b>。 \n </li> <li>单击<b> live预览设置</b>。</li> </ol>"
      },
      "navigationBar": {
        "left": {
          "text": "以前的"
        },
        "right": {
          "text": "下一个"
        }
      }
    },
    "zh-tw": {
      "content": {
        "title": "實時預覽設置",
        "body": "<ol> <li>從主菜單中，選擇<b>構建</b>。 \n </li> <li>單擊<b> live預覽設置</b>。</li> </ol>"
      },
      "navigationBar": {
        "left": {
          "text": "以前的"
        },
        "right": {
          "text": "下一個"
        }
      }
    }
  }
}