{
  "kuid": "62e4c4ta-c9a3-4ar9-82u2-4ceb92n7",
  "id": "VoltMX.VoltMXOrientationV9.Console",
  "content": {
    "title": "Console",
    "body": "<p>The <strong>Console</strong> displays the running record of Volt MX Iris's every activity. It also informs you of any failed action by showing an error while you initialize services, build your app or launch it.</p>"
  },
  "pointer": {
    "direction": "left",
    "element": {
      "module": "console",
      "tabName": "console-head"
    },
    "type": "default"
  },
  "navigationType": "manual",
  "navigationBar": {
    "left": {
      "text": "Previous",
      "enable": true,
      "hide": false
    },
    "right": {
      "text": "Next",
      "enable": true,
      "hide": false
    }
  },
  "navigationCondition": "",
  "position": "BOTTOM_RIGHT",
  "meta": {
    "Creator": "Rashmi Menon",
    "CreatedOn": "Mon, 25 Nov 2019 07:02:10 GMT"
  },
  "context": [],
  "localization": {
    "en-us": {
      "content": {
        "title": "Console",
        "body": "<p>The <strong>Console</strong> displays the running record of Volt MX Iris's every activity. It also informs you of any failed action by showing an error while you initialize services, build your app or launch it.</p>"
      },
      "navigationBar": {
        "left": {
          "text": "Previous"
        },
        "right": {
          "text": "Next"
        }
      }
    },
    "zh-cn": {
      "content": {
        "title": "安慰",
        "body": "<p> <strong>控制台</strong>显示Volt MX Iris的每项活动的运行记录。 它还通过在初始化服务，构建应用或启动应用程序时显示错误，告知您任何失败的操作。</p>"
      },
      "navigationBar": {
        "left": {
          "text": "以前的"
        },
        "right": {
          "text": "下一个"
        }
      }
    },
    "zh-tw": {
      "content": {
        "title": "安慰",
        "body": "<p> <strong>控制台</strong>顯示Volt MX Iris的每項活動的運行記錄。 它還通過在初始化服務，構建應用程序或啟動應用程序時顯示錯誤來告知您任何失敗的操作。</p>"
      },
      "navigationBar": {
        "left": {
          "text": "以前的"
        },
        "right": {
          "text": "下一個"
        }
      }
    }
  }
}