{
    "kuid": "bd7c1dtc-39a6-48r5-a4u6-ca1db8na",
    "id": "kony.IntroFlexLayoutV9.ChFreeFormAttr",
    "content": {
        "title": "Change Free Form Attributes",
        "body": "<ol>\n<li>From the <strong>Project</strong> explorer on the top left of your canvas, navigate to <strong>flxHeader</strong> &gt; <strong>mainContainer</strong>.</li>\n<li>From the <strong>Properties</strong> panel, expand <strong>Look</strong> &gt; <strong> Flex</strong> on the top right of your canvas.</li>\n<li>Change the <strong>Left</strong> property to <strong>60 Dp</strong>.<br />The <strong>Search1</strong> widget moves right relative to the parent FlexContainer widget.</li>\n<li>Change the <strong>Top</strong> value to <strong>59 Dp</strong>.<br />The <strong>Search1</strong> widget moves down relative to the parent FlexContainer widget.</li>\n<li>Set the <strong>Top</strong> and <strong>Left</strong> properties to <strong>0 Dp</strong>.<br />The <strong>Search1</strong> widget moves to its original position.</li>\n</ol>"
    },
    "pointer": {
        "direction": "right",
        "element": {
            "module": "propertieswindow"
        },
        "type": "default"
    },
    "navigationType": "manual",
    "navigationBar": {
        "left": {
            "text": "Previous",
            "enable": true,
            "hide": false
        },
        "right": {
            "text": "Next",
            "enable": true,
            "hide": false
        }
    },
    "navigationCondition": "",
    "position": "BOTTOM_RIGHT",
    "meta": {
        "Creator": "Rashmi Menon",
        "CreatedOn": "Mon, 25 Nov 2019 08:10:00 GMT"
    },
    "context": []
}