{
  "kuid": "f4edf1t8-dfad-4bre-8fu9-4146c4n5",
  "id": "VoltMX.addLoginServiceV9.ConfigureLogout",
  "content": {
    "title": "Configure Logout Parameters",
    "body": "<ol>\n<li>From the top-right corner of your&nbsp;<strong>Action Editor </strong>window, select&nbsp;<strong>Design View</strong>.</li>\n<li>From the left menu of the&nbsp;<strong>Action Editor</strong>, under&nbsp;<strong>Network</strong>, select&nbsp;<strong>Invoke Service</strong>.</li>\n<li>In&nbsp;the right pane of the&nbsp;<strong>Action Editor</strong>, from the <strong>Select Service</strong> drop down, select <strong>UserAuthentication1$logout</strong>.</li>\n</ol>"
  },
  "pointer": {
    "direction": "top",
    "element": {
      "module": "actioneditor",
      "css_selector": "input[class *='aeViewTypeSequenceElement']"
    },
    "type": "default"
  },
  "navigationType": "manual",
  "navigationBar": {
    "left": {
      "text": "Previous",
      "enable": true,
      "hide": false
    },
    "right": {
      "text": "Next",
      "enable": true,
      "hide": false
    }
  },
  "navigationCondition": "",
  "position": "BOTTOM_RIGHT",
  "meta": {
    "Creator": "Deepti Ravula",
    "CreatedOn": "Thu, 19 Dec 2019 06:42:37 GMT"
  },
  "context": [],
  "localization": {
    "en-us": {
      "content": {
        "title": "Configure Logout Parameters",
        "body": "<ol>\n<li>From the top-right corner of your&nbsp;<strong>Action Editor </strong>window, select&nbsp;<strong>Design View</strong>.</li>\n<li>From the left menu of the&nbsp;<strong>Action Editor</strong>, under&nbsp;<strong>Network</strong>, select&nbsp;<strong>Invoke Service</strong>.</li>\n<li>In&nbsp;the right pane of the&nbsp;<strong>Action Editor</strong>, from the <strong>Select Service</strong> drop down, select <strong>UserAuthentication1$logout</strong>.</li>\n</ol>"
      },
      "navigationBar": {
        "left": {
          "text": "Previous"
        },
        "right": {
          "text": "Next"
        }
      }
    },
    "zh-cn": {
      "content": {
        "title": "配置注销参数",
        "body": "***<ol> \n <li>从您＆nbsp; <strong>操作编辑器</strong>窗口的右上角，选择＆nbsp; <strong>设计视图</strong>。</li> \n <li>从＆nbsp; <strong>操作编辑器的左菜单</strong>，在＆nbsp; <strong>网络</strong>下，选择＆nbsp; <strong> Invoke Service </strong>。</li>。{14} \n <li> in＆nbsp; <strong>操作编辑器的右窗格，从<strong>选择{18}选择service </strong>下拉，选择<strong> userauthentication1 $ lokout </strong>。</li>。{22}。{22} \n </ol>"
      },
      "navigationBar": {
        "left": {
          "text": "以前的"
        },
        "right": {
          "text": "下一个"
        }
      }
    },
    "zh-tw": {
      "content": {
        "title": "配置註銷參數",
        "body": "***<ol> \n <li>從您＆nbsp; <strong>操作編輯器</strong>窗口的右上角，選擇＆nbsp; <strong>設計視圖</strong>。</li> \n <li>從＆nbsp; <strong>操作編輯器的左菜單</strong>，在＆nbsp; <strong>網絡</strong>下，選擇＆nbsp; <strong> Invoke Service </strong>。</li>。{14} \n <li> in＆nbsp; <strong>操作編輯器的右窗格，從<strong>選擇{18}選擇service </strong>下拉，選擇<strong> userauthentication1 $ lokout </strong>。</li>。{22}。{22} \n </ol>"
      },
      "navigationBar": {
        "left": {
          "text": "以前的"
        },
        "right": {
          "text": "下一個"
        }
      }
    }
  }
}