EmployeeID,EmployeeName,EmployeeDepartment,CreatedBy,LastUpdatedBy,CreatedDateTime,LastUpdatedDateTime,SoftDeleteFlag
100,Ronnie Anderson,INFORMATION CENTER,John,Eva,04/21/2021  11:42:00 AM,10/25/2022  10:42:00 AM,Y
101,John  Brown,MANUFACTURING SYSTEMS,John,Eva,05/21/2021  11:42:00 AM,05/21/2022  04:32:00 AM,N
102,Ann  Brook,SUPPORT SERVICES,John,Eileen,12/20/2021  11:42:00 AM,12/20/2022  11:22:00 PM,N
103,Frank  Hill,OPERATIONS,John,Eva,05/30/2021  11:42:00 AM,05/22/2022  02:02:00 PM,Y
104,Robert Furlan,SOFTWARE SUPPORT,John,Bruce,04/18/2021  11:42:00 AM,04/18/2022  05:12:00 AM,N
105,Gill Jones,BRANCH OFFICE,John,Bruce,08/29/2021  11:42:00 AM,08/29/2022  11:42:00 AM,Y