{
  "kuid": "7a1949t5-cfa5-4er1-99u6-e9a29enc",
  "id": "VoltMX.AssignDatatotheSegmentV9.Intro",
  "content": {
    "title": "Assign Data to the Segment",
    "body": "<p><strong>Let&rsquo;s get started!</strong></p>\n<p>In this hike, we will:</p>\n<ul>\n<li>Modify the segment template from the template</li>\n<li>Assign data to the widgets in the template</li>\n</ul>\n<p>&nbsp;</p>\n<p>Before you begin, ensure that you have completed the following hike:</p>\n<ol>\n<li><a class=\"tour-link\" tour=\"9b0f07t4-e9a8-49rb-83u2-876264n4\"><strong>Introduction to Segment</strong></a></li>\n</ol>\n<p>&nbsp;</p>\n<p>Ensure that you open the same project that you have created in the previous hikes.</p>\n<p>To open a closed project, from the main menu, navigate to <strong>Project</strong> &gt; <strong>Open</strong> &gt; <strong>HCL Volt MX Reference Architecture</strong> &gt; <strong>EmployeeList</strong>.</p>\n<p>&nbsp;</p>\n<p><strong>When you are ready, click Start!</strong></p>"
  },
  "pointer": {
    "direction": "left",
    "element": "",
    "type": "none"
  },
  "navigationType": "manual",
  "navigationBar": {
    "left": {
      "text": "Previous",
      "enable": false,
      "hide": true
    },
    "right": {
      "text": "Start",
      "enable": true,
      "hide": false
    }
  },
  "navigationCondition": "",
  "position": "CENTER",
  "meta": {
    "Creator": "Rashmi Menon",
    "CreatedOn": "Mon, 25 Nov 2019 10:58:19 GMT"
  },
  "context": []
}
