{
  "kuid": "94bf75t0-63a1-47r1-91u7-80990bn7",
  "id": "VoltMX.addLoginServiceV9.launch1",
  "content": {
    "title": "Run the App",
    "body": "<p>In the previous hike, you could access the Account form without any credentials. Now the app will ask for login credentials.</p>\n<ol>\n<li>Enter the following login credentials in your app:\n<ul style=\"list-style-type: disc\">\n<li>Username: <strong>john.doe@woodburn.com</strong></li>\n<li>Password: <strong>VoltMX@123</strong></li>\n</ul></li>\n<li>Click <strong>Login</strong>.<br /> The <strong>Accounts list</strong>  appears.</li>\n<li>Click&nbsp;<strong>Logout</strong>.&nbsp;<br /> The&nbsp;<strong>Login form</strong> appears.</li>\n<li>To <strong>Exit</strong> the app on your <strong>mobile</strong> device, swipe two fingers from left to right or shake your <strong>mobile</strong> device and click <strong>Exit App</strong>.</li>\n</ol"
  },
  "pointer": {
    "direction": "left",
    "element": {
      "module": "shortcutbar",
      "itemId": "frmKonyLib_preview"
    },
    "type": "default"
  },
  "navigationType": "manual",
  "navigationBar": {
    "left": {
      "text": "Previous",
      "enable": true,
      "hide": false
    },
    "right": {
      "text": "Next",
      "enable": true,
      "hide": false
    }
  },
  "navigationCondition": "",
  "position": "BOTTOM_RIGHT",
  "meta": {
    "Creator": "Rashmi Menon",
    "CreatedOn": "Wed, 18 Dec 2019 09:33:44 GMT"
  },
  "context": [],
  "localization": {
    "en-us": {
      "content": {
        "title": "Run the App",
        "body": "<p>In the previous hike, you could access the Account form without any credentials. Now the app will ask for login credentials.</p>\n<ol>\n<li>Enter the following login credentials in your app:\n<ul style=\"list-style-type: disc\">\n<li>Username: <strong>john.doe@woodburn.com</strong></li>\n<li>Password: <strong>VoltMX@123</strong></li>\n</ul></li>\n<li>Click <strong>Login</strong>.<br /> The <strong>Accounts list</strong>  appears.</li>\n<li>Click&nbsp;<strong>Logout</strong>.&nbsp;<br /> The&nbsp;<strong>Login form</strong> appears.</li>\n<li>To <strong>Exit</strong> the app on your <strong>mobile</strong> device, swipe two fingers from left to right or shake your <strong>mobile</strong> device and click <strong>Exit App</strong>.</li>\n</ol"
      },
      "navigationBar": {
        "left": {
          "text": "Previous"
        },
        "right": {
          "text": "Next"
        }
      }
    },
    "zh-cn": {
      "content": {
        "title": "运行应用程序",
        "body": "***<p>在上一个徒步旅行中，您可以无需任何凭据即可访问帐户表格。 现在，该应用将要求登录凭据。</p> \n <ol> \n <li>在您的应用中输入以下登录凭据： \n <ul style=\"list-style-type: disc\"> \n <li>用户名：<strong> john.doe@woodburn.com </strong> </li> \n <li>密码：<strong> voltmx@123 </strong> </li> \n </ul> </li> \n <li>单击<strong>登录</strong>。<br /> <strong>帐户列表</strong>出现。</li> \n <li> click＆nbsp; <strong>注销</strong>。 \n <li>到<strong>退出</strong>您<strong>移动</strong>设备上的应用程序，从左到右刷两个手指，或摇动<strong>移动</strong>设备，然后单击<strong> exit App { 37}。</li> \n </ol"
      },
      "navigationBar": {
        "left": {
          "text": "以前的"
        },
        "right": {
          "text": "下一个"
        }
      }
    },
    "zh-tw": {
      "content": {
        "title": "運行應用程序",
        "body": "***<p>在上一個徒步旅行中，您可以無需任何憑據即可訪問帳戶表格。 現在，該應用將要求登錄憑據。</p> \n <ol> \n <li>在您的應用中輸入以下登錄憑據： \n <ul style=\"list-style-type: disc\"> \n <li>用戶名：<strong> john.doe@woodburn.com </strong> </li> \n <li>密碼：<strong> voltmx@123 </strong> </li> \n </ul> </li> \n <li>單擊<strong>登錄</strong>。<br /> <strong>帳戶列表</strong>出現。</li> \n <li> click＆nbsp; <strong>註銷</strong>。 \n <li>到<strong>退出</strong>您<strong>移動</strong>設備上的應用程序，從左到右刷兩個手指，或搖動<strong>移動</strong>設備，然後單擊<strong> exit App { 37}。</li> \n </ol"
      },
      "navigationBar": {
        "left": {
          "text": "以前的"
        },
        "right": {
          "text": "下一個"
        }
      }
    }
  }
}