<?xml version="1.0"?>
<Hike kuid="a9e774t0-65a0-47r2-9cud-7135a7n1" id="Kony.AuthApp" title="Kony.AuthApp">
    <Description>Add Authentication to the App</Description>
    <Meta>
        <Creator>Deepti Ravula</Creator>
        <Createdon>Thu, 19 Dec 2019 06:32:46 GMT</Createdon>
    </Meta>
    <Hikecard id="Kony.AuthApp.Intro"/>
    <Hikecard id="Kony.AuthApp.CreateRepository"/>
    <Hikecard id="Kony.AuthApp.AddUser"/>
    <Hikecard id="Kony.AuthApp.TestCreds"/>
    <Hikecard id="Kony.AuthApp.SelectLogin"/>
    <Hikecard id="Kony.AuthApp.MappingEditor"/>
    <Hikecard id="Kony.AuthApp.mappingV9"/>
    <Hikecard id="Kony.AuthApp.DeleteUnwanted"/>
    <Hikecard id="Kony.AuthApp.ConfigureActions"/>
    <Hikecard id="Kony.AuthApp.MappingLogout"/>
    <Hikecard id="Kony.AuthApp.ConfigureLogout"/>
    <Hikecard id="Kony.AuthApp.ConfigureLogout_1"/>
    <Hikecard id="Kony.AuthApp.MappingLogout_1"/>
    <Hikecard id="Kony.AuthApp.ConfigureLogout"/>
    <Hikecard id="Kony.AuthApp.ConfigureLogout_1"/>
    <Hikecard id="Kony.AuthApp.Congrats"/>
    <Hikecard id="Kony.AuthApp.done"/>
</Hike>