{
  "kuid": "fcd572t3-dca3-44rb-88u8-75bec8ne",
  "id": "VoltMX.AssignDatatotheSegmentV9.services",
  "content": {
    "title": "Add Services to EmployeeList",
    "body": "<ol>\n<li>From the Project explorer, expand <strong>Mobile</strong> &gt; <strong>Forms</strong> &gt; <strong>frmList</strong>.</li>\n<li>Select <strong>employeeSegment</strong>.</li>\n<li>Click the <strong>Data &amp; Services</strong> panel on the top-right corner of Iris.</li>\n</ol>"
  },
  "pointer": {
    "direction": "top",
    "element": {
      "module": "datapanel",
      "itemType": "dp_tab"
    },
    "type": "default"
  },
  "navigationType": "manual",
  "navigationBar": {
    "left": {
      "text": "Previous",
      "enable": true,
      "hide": false
    },
    "right": {
      "text": "Next",
      "enable": true,
      "hide": false
    }
  },
  "navigationCondition": "",
  "position": "BOTTOM_RIGHT",
  "meta": {
    "Creator": "Rashmi Menon",
    "CreatedOn": "Mon, 25 Nov 2019 11:05:41 GMT"
  },
  "context": [],
  "localization": {
    "en-us": {
      "content": {
        "title": "Add Services to EmployeeList",
        "body": "<ol>\n<li>From the Project explorer, expand <strong>Mobile</strong> &gt; <strong>Forms</strong> &gt; <strong>frmList</strong>.</li>\n<li>Select <strong>employeeSegment</strong>.</li>\n<li>Click the <strong>Data &amp; Services</strong> panel on the top-right corner of Iris.</li>\n</ol>"
      },
      "navigationBar": {
        "left": {
          "text": "Previous"
        },
        "right": {
          "text": "Next"
        }
      }
    },
    "zh-cn": {
      "content": {
        "title": "向雇主添加服务",
        "body": "***<ol> \n <li>从项目Explorer中，展开<strong>移动</strong>＆gt; <strong>表格</strong>＆gt; <strong> frmlist </strong>。</li> \n <li>选择<strong> \n <li>单击<strong>数据＆amp; 服务</strong>面板在虹膜的右上角。</li> \n </ol>"
      },
      "navigationBar": {
        "left": {
          "text": "以前的"
        },
        "right": {
          "text": "下一个"
        }
      }
    },
    "zh-tw": {
      "content": {
        "title": "向雇主添加服務",
        "body": "***<ol> \n <li>從項目Explorer中，展開<strong>移動</strong>＆gt; <strong>表格</strong>＆gt; <strong> frmlist </strong>。</li> \n <li>選擇<strong> \n <li>單擊<strong>數據＆amp; 服務</strong>面板在虹膜的右上角。</li> \n </ol>"
      },
      "navigationBar": {
        "left": {
          "text": "以前的"
        },
        "right": {
          "text": "下一個"
        }
      }
    }
  }
}