{
  "kuid": "1e4e18t9-33a5-41r4-b4u7-659da5n1",
  "id": "VoltMX.InternationalWithLayoutV9.keyPWD",
  "content": {
    "title": "Key-Value Pair for Password",
    "body": "<ol>\n<li>Click <strong>+</strong>.</li>\n<li>Under the column <strong>Key</strong>, enter: <strong>Password </strong></li>\n<li>Under the column <strong>en_US</strong>, enter: <strong>Password</strong></li>\n<li>Under the column <strong>ar_AE</strong>, enter: <b>كلمه السر</b> <span hk-tooltip='Arabic Translation for Password'><img src=\"https://i.ibb.co/Dfkmg6k/Button-Info-icon.png\" alt=\"Button-Info-icon\" width=\"10\" height=\"10\" /></span></li>\n</ol>"
  },
  "pointer": {
    "direction": "left",
    "element": "",
    "type": "none"
  },
  "navigationType": "manual",
  "navigationBar": {
    "left": {
      "text": "Previous",
      "enable": true,
      "hide": false
    },
    "right": {
      "text": "Next",
      "enable": true,
      "hide": false
    }
  },
  "navigationCondition": "",
  "position": "BOTTOM_RIGHT",
  "meta": {
    "Creator": "Rashmi Menon",
    "CreatedOn": "Thu, 05 Dec 2019 06:27:29 GMT"
  },
  "context": [],
  "localization": {
    "en-us": {
      "content": {
        "title": "Key-Value Pair for Password",
        "body": "<ol>\n<li>Click <strong>+</strong>.</li>\n<li>Under the column <strong>Key</strong>, enter: <strong>Password </strong></li>\n<li>Under the column <strong>en_US</strong>, enter: <strong>Password</strong></li>\n<li>Under the column <strong>ar_AE</strong>, enter: <b>كلمه السر</b> <span hk-tooltip='Arabic Translation for Password'><img src=\"https://i.ibb.co/Dfkmg6k/Button-Info-icon.png\" alt=\"Button-Info-icon\" width=\"10\" height=\"10\" /></span></li>\n</ol>"
      },
      "navigationBar": {
        "left": {
          "text": "Previous"
        },
        "right": {
          "text": "Next"
        }
      }
    },
    "zh-cn": {
      "content": {
        "title": "密码对密码配对",
        "body": "***<ol> \n <li>单击<strong>+</strong>。</li> \n <li>列<strong>键</strong>，Enter：<strong>密码</strong> </li> {10} \n <li>在列<strong> en_us </strong>下，输入：<strong>密码</strong> </li> \n <li>在列<strong> ar_ae </strong>下方，输入：<b>ك。 \n </ol>"
      },
      "navigationBar": {
        "left": {
          "text": "以前的"
        },
        "right": {
          "text": "下一个"
        }
      }
    },
    "zh-tw": {
      "content": {
        "title": "密碼對密碼配對",
        "body": "***<ol> \n <li>單擊<strong>+</strong>。</li> \n <li>列<strong>鍵</strong>，Enter：<strong>密碼</strong> </li> {10} \n <li>在列<strong> en_us </strong>下，輸入：<strong>密碼</strong> </li> \n <li>在列<strong> ar_ae </strong>下方，輸入：<b>ك。 \n </ol>"
      },
      "navigationBar": {
        "left": {
          "text": "以前的"
        },
        "right": {
          "text": "下一個"
        }
      }
    }
  }
}