{
    "kuid": "86eb6etc-63ab-49rb-abua-2320dfnd",
    "id": "VoltMX.CreateDetailsScreenWeb_v9.run",
    "content": {
        "title": "Run the App",
        "body": "<ol>\n<li>From the left navigation bar, click <strong>Run</strong>.<br /> It will take some time for Iris to display the <strong>Volt MX Iris Preview</strong> window.<br /> The Volt MX Iris Preview window launches your application.</li>\n<li>Enter the following login credentials in your app.\n<ul>\n<li>Username: <strong>john.doe@woodburn.com</strong></li>\n<li>Password: <strong>VoltMX@123</strong></li>\n</ul>\n</li>\n<li>Click <strong>Login</strong>.<br /> The account list appears.</li>\n<li>Click the <strong>Recipients</strong> tab.<br /> The recipient list appears.</li>\n<li>Select a recipient from the list to view the recipient's details.<br />From the details page, you can delete the recipient.<br />You will learn how to create and edit recipients in next hikes.</li>\n<li>Click the logout button on top of the screen to navigate to the login screen.</li>\n</ol>"
    },
    "pointer": {
        "direction": "left",
        "element": {
            "module": "shortcutbar",
            "itemId": "frmKonyLib_preview"
        },
        "type": "none"
    },
    "navigationType": "manual",
    "navigationBar": {
        "left": {
            "text": "Previous",
            "enable": true,
            "hide": false
        },
        "right": {
            "text": "Next",
            "enable": true,
            "hide": false
        }
    },
    "navigationCondition": "",
    "position": "BOTTOM_RIGHT",
    "meta": {
        "Creator": "Rashmi Menon",
        "CreatedOn": "Mon, 24 Feb 2020 05:48:19 GMT"
    },
    "context": []
}