{
    "kuid": "982a15te-81a2-49rb-b8ub-8be653n4",
    "id": "kony.EditPayeeMobile_v9.update1",
    "content": {
        "title": "Configuring Update Operation",
        "body": "<ol>\n<li>From the left menu of the <strong>Action Editor</strong>, under the <strong>Network </strong>section, select <strong>Loading Indicator</strong>.</li>\n<li>From the left menu of the <strong>Action Editor</strong>, under the <strong>Network </strong>section, select <strong>Invoke Service</strong>.</li>\n<li>From the right pane of the <strong>Action Editor</strong>, select the following values from the drop-down list\n<ul>\n<li>Select Service: <strong>RecipientStorage$Recipients</strong></li>\n<li>Select Method: <strong>update</strong></li>\n</ul>\n</li>\n<li>Select <strong>Open Mapping Editor</strong>. <br />The mapping editor window appears.</li>\n</ol>"
    },
    "pointer": {
        "direction": "left",
        "element": {
            "module": "actioneditor",
            "itemType": "ae-action-type",
            "info": {
                "actionType": "Invoke Service"
            }
        },
        "type": "default"
    },
    "navigationType": "manual",
    "navigationBar": {
        "left": {
            "text": "Previous",
            "enable": true,
            "hide": false
        },
        "right": {
            "text": "Next",
            "enable": true,
            "hide": false
        }
    },
    "navigationCondition": "",
    "position": "BOTTOM_RIGHT",
    "meta": {
        "Creator": "Rashmi Menon",
        "CreatedOn": "Fri, 28 Feb 2020 12:00:21 GMT"
    },
    "context": []
}