{
    "kuid": "02fb94t5-80a1-4dr0-89ud-42e88en5",
    "id": "VoltMX.EditPayeeMobile_v9.update",
    "content": {
        "title": "Configuring Update Operation",
        "body": "<ol>\n<li>From the <strong>Project</strong> explorer, navigate to <strong>Mobile</strong> &gt; <strong>Forms </strong>&gt;<strong> frmEditRecipient </strong>&gt; <b>flexEditRecipient</b> > <strong> flexFieldsContainer </strong>&gt;<strong> flexSave </strong>&gt;<strong> flexSquaredBorderedButton</strong>, and select <strong>btnSquared</strong>.</li>\n<li>Navigate to <strong>Properties </strong>panel and select the <strong>Action </strong>tab.</li>\n<li>Under the <strong>General </strong>section, for the <strong>onClick </strong>event click <strong>Edit</strong>. <br />The <strong>Action Editor </strong>window appears.</li>\n<li>From the top-right corner of the <strong>Action Editor</strong>, select <strong>Design View</strong>.</li>\n</ol>"
    },
    "pointer": {
        "direction": "left",
        "element": {
            "module": "projectexplorer",
            "path": "project-body\\project\\Mobile\\Forms\\frmEditRecipient"
        },
        "type": "default"
    },
    "navigationType": "manual",
    "navigationBar": {
        "left": {
            "text": "Previous",
            "enable": true,
            "hide": false
        },
        "right": {
            "text": "Next",
            "enable": true,
            "hide": false
        }
    },
    "navigationCondition": "",
    "position": "BOTTOM_LEFT",
    "meta": {
        "Creator": "Rashmi Menon",
        "CreatedOn": "Fri, 28 Feb 2020 11:58:34 GMT"
    },
    "context": []
}