{
    "kuid": "32b364t6-e1aa-41r9-b5u2-5bce2en0",
    "id": "kony.CreateServicesWebV9.configureDataModel",
    "content": {
        "title": "Configure a Data Model",
        "body": "<ol>\n<li>From the left pane select the <strong>Data Model</strong> tab.</li><li>Under the <b>Data Model</b> tab, expand  <b>Data Model</b> > <strong>Accounts</strong> > <strong>Fields</strong>, and select <strong>AccountNumber</strong>.</li>\n<li>In the right pane, modify the following values.\n<ul>\n<li>Primary Key: <strong>True</strong></li>\n</ul>\n</li>\n<li>Click&nbsp;<strong>Save</strong>.</li>\n<li>Expand  <b>Data Model</b> > <strong>Accounts</strong> > <strong>Fields</strong>, and select <strong>AccountName</strong>.</li>\n<li>In the right pane, modify the following value.\n<ul>\n<li>Max Length: <strong>30</strong></li>\n</ul>\n</li>\n<li>Click <strong>Save</strong>.</li>\n</ol>"
    },
    "pointer": {
        "direction": "left",
        "element": "",
        "type": "none"
    },
    "navigationType": "manual",
    "navigationBar": {
        "left": {
            "text": "Previous",
            "enable": true,
            "hide": false
        },
        "right": {
            "text": "Next",
            "enable": true,
            "hide": false
        }
    },
    "navigationCondition": "",
    "position": "BOTTOM_RIGHT",
    "meta": {
        "Creator": "Rashmi Menon",
        "CreatedOn": "Thu, 19 Dec 2019 06:09:02 GMT"
    },
    "context": []
}