{
  "kuid": "7497c1tc-c1ab-41rd-b0ub-f74c3dn0",
  "id": "VoltMX.addLoginServiceV9.Intro",
  "content": {
    "title": "Add Authentication to the App",
    "body": "<p><strong>Let&rsquo;s get started!</strong><br /> In this hike, we will:</p>\n<ul>\n<li>Learn to configure an Identity Service</li>\n<li>Map the Identity Service to the UI elements of an app</li>\n</ul>\n<p>Before getting started, complete these hikes:</p>\n<ol><b>\n<li><a class=\"tour-link\" tour=\"7408efte-e2aa-4cr8-a9ub-d7ba36n8\">Launch your First Mobile App</a></li><li><a class=\"tour-link\" tour=\"a617eft5-7ca8-4ard-8eu8-94cdean5\">Create UI from Collections</a></li></b>\n</ol>\n<p>Ensure that you open the same project that you have created in the previous hikes.<br /> To open a closed project, from the main menu, navigate to <strong>Project</strong> &gt; <strong>Open</strong> &gt; <strong>HCL Reference Architecture</strong> &gt; <strong>RecipientsMobApp</strong>.<br /> <br /> <strong>When you are ready, click Start!</strong></p>"
  },
  "pointer": {
    "direction": "left",
    "element": "",
    "type": "none"
  },
  "navigationType": "manual",
  "navigationBar": {
    "left": {
      "text": "Previous",
      "enable": false,
      "hide": true
    },
    "right": {
      "text": "Start",
      "enable": true,
      "hide": false
    }
  },
  "navigationCondition": "",
  "position": "CENTER",
  "meta": {
    "Creator": "Rashmi Menon",
    "CreatedOn": "Wed, 18 Dec 2019 08:57:11 GMT"
  },
  "context": []
}
