{
  "kuid": "7497c1tc-c1ab-41rd-b0ub-f74c3dn0",
  "id": "VoltMX.addLoginServiceV9.Intro",
  "content": {
    "title": "Add Authentication to the App",
    "body": "<p><strong>Let&rsquo;s get started!</strong><br /> In this hike, we will:</p>\n<ul>\n<li>Learn to configure an Identity Service.</li>\n<li>Map the Identity Service to the UI elements of an app.</li>\n</ul>\n<p>Before getting started, complete these hikes:</p>\n<ol><b>\n<li><a class=\"tour-link\" tour=\"7408efte-e2aa-4cr8-a9ub-d7ba36n8\">Launch your First Mobile App</a></li><li><a class=\"tour-link\" tour=\"a617eft5-7ca8-4ard-8eu8-94cdean5\">Create UI from Collections</a></li></b>\n</ol>\n<p>Ensure that you open the same project that you have created in the Hike 2.<br /> To open a closed project, from the main menu, navigate to <strong>Project</strong> &gt; <strong>Open</strong> &gt; <strong>HCL Reference Architecture</strong> &gt; <strong>RecipientsMobApp</strong>.<br /> <br /> <strong>When you are ready, click Start!</strong></p>"
  },
  "pointer": {
    "direction": "left",
    "element": "",
    "type": "none"
  },
  "navigationType": "manual",
  "navigationBar": {
    "left": {
      "text": "Previous",
      "enable": false,
      "hide": true
    },
    "right": {
      "text": "Start",
      "enable": true,
      "hide": false
    }
  },
  "navigationCondition": "",
  "position": "CENTER",
  "meta": {
    "Creator": "Rashmi Menon",
    "CreatedOn": "Wed, 18 Dec 2019 08:57:11 GMT"
  },
  "context": [],
  "localization": {
    "en-us": {
      "content": {
        "title": "Add Authentication to the App",
        "body": "<p><strong>Let&rsquo;s get started!</strong><br /> In this hike, we will:</p>\n<ul>\n<li>Learn to configure an Identity Service.</li>\n<li>Map the Identity Service to the UI elements of an app.</li>\n</ul>\n<p>Before getting started, complete these hikes:</p>\n<ol><b>\n<li><a class=\"tour-link\" tour=\"7408efte-e2aa-4cr8-a9ub-d7ba36n8\">Launch your First Mobile App</a></li><li><a class=\"tour-link\" tour=\"a617eft5-7ca8-4ard-8eu8-94cdean5\">Create UI from Collections</a></li></b>\n</ol>\n<p>Ensure that you open the same project that you have created in the Hike 2.<br /> To open a closed project, from the main menu, navigate to <strong>Project</strong> &gt; <strong>Open</strong> &gt; <strong>HCL Reference Architecture</strong> &gt; <strong>RecipientsMobApp</strong>.<br /> <br /> <strong>When you are ready, click Start!</strong></p>"
      },
      "navigationBar": {
        "left": {
          "text": "Previous"
        },
        "right": {
          "text": "Start"
        }
      }
    },
    "zh-cn": {
      "content": {
        "title": "将身份验证添加到应用程序",
        "body": "***<p> <strong>让我们开始！</strong> <br />在这次远足中，我们将：</p> \n <ul> \n <li>学习配置身份服务。</li> \n <li>将身份服务映射到应用程序的UI元素。</li> \n </ul> \n <p>在开始之前，完成以下徒步旅行：</p> \n <ol> <b> \n <li> <a class=\"tour-link\" tour=\"7408efte-e2aa-4cr8-a9ub-d7ba36n8\">启动您的第一个移动应用</a> </li> <li> <a class=\"tour-link\" tour=\"a617eft5-7ca8-4ard-8eu8-94cdean5\"> {20}从Collections </a> </li> {22} </b>创建UI \n </ol> \n <p>确保您打开与徒步2中创建的相同项目。<br />从主菜单中打开一个封闭的项目，导航到<strong> project </strong>＆gt; <strong>打开</strong>＆gt; <strong> HCl参考架构</strong>＆gt; <strong>收件人mobapp </strong>。"
      },
      "navigationBar": {
        "left": {
          "text": "以前的"
        },
        "right": {
          "text": "开始"
        }
      }
    },
    "zh-tw": {
      "content": {
        "title": "將身份驗證添加到應用程序",
        "body": "***<p> <strong>讓我們開始！</strong> <br />在這次遠足中，我們將：</p> \n <ul> \n <li>學習配置身份服務。</li> \n <li>將身份服務映射到應用程序的UI元素。</li> \n </ul> \n <p>在開始之前，完成以下徒步旅行：</p> \n <ol> <b> \n <li> <a class=\"tour-link\" tour=\"7408efte-e2aa-4cr8-a9ub-d7ba36n8\">啟動您的第一個移動應用</a> </li> <li> <a class=\"tour-link\" tour=\"a617eft5-7ca8-4ard-8eu8-94cdean5\"> {20}從Collections </a> </li> {22} </b>創建UI \n </ol> \n <p>確保您打開與徒步2中創建的相同項目。<br />從主菜單中打開一個封閉的項目，導航到<strong> project </strong>＆gt; <strong>打開</strong>＆gt; <strong> HCl參考架構</strong>＆gt; <strong>收件人mobapp </strong>。"
      },
      "navigationBar": {
        "left": {
          "text": "以前的"
        },
        "right": {
          "text": "開始"
        }
      }
    }
  }
}