{
    "kuid": "b54239t7-1faf-4ara-a4u3-e91260n2",
    "id": "VoltMX.IntroductiontoSegmentV9.addLabel",
    "content": {
        "title": "Add Label Widget to Segment",
        "body": "<ol>\n<li>From the bottom left of your Iris, navigate to the <strong>Default Library</strong> tab.</li>\n<li>Next to the <strong>Default Library</strong>, you will see the <strong>My Libraries</strong> tab and a search icon <img src=\"https://i.ibb.co/gmMPVjC/search-Icon.png\" alt=\"search icon\" width=\"14\" height=\"14\" />. Click the search icon.</li>\n<li>In the search bar that appears, enter <strong>Label</strong>.</li>\n<li>From the results, under <strong>Default</strong>, select <strong>Label</strong>.</li>\n<li>Drag the <strong>Label</strong> widget onto <strong>employeeSegment</strong> on the canvas.</li>\n<li>From the <strong>Project</strong> explorer, expand <b>Mobile</b> &gt; <b>Forms</b> &gt; <b>frmList</b> &gt; <b>employeeSegment</b>.</li>\n<li>Right-click on the image named as <b>LabelXXXX</b>, under <b>employeeSegment</b>, select <b>Rename</b> and rename the Image from <b>LabelXXXX</b> to <strong>employeeName</strong>.</li>\n</ol>"
    },
    "pointer": {
        "direction": "left",
        "element": {
            "module": "konylibrary",
            "path": "default-head"
        },
        "type": "default"
    },
    "navigationType": "manual",
    "navigationBar": {
        "left": {
            "text": "Previous",
            "enable": true,
            "hide": false
        },
        "right": {
            "text": "Next",
            "enable": true,
            "hide": false
        }
    },
    "navigationCondition": "",
    "position": "BOTTOM_RIGHT",
    "meta": {
        "Creator": "Rashmi Menon",
        "CreatedOn": "Mon, 25 Nov 2019 10:15:26 GMT"
    },
    "context": []
}