{
  "kuid": "b54239t7-1faf-4ara-a4u3-e91260n2",
  "id": "VoltMX.IntroductiontoSegmentV9.addLabel",
  "content": {
    "title": "Add Label Widget to Segment",
    "body": "<ol>\n<li>From the bottom left of your Iris, navigate to the <strong>Default Library</strong> tab.</li>\n<li>Next to the <strong>Default Library</strong>, you will see the <strong>My Libraries</strong> tab and a search icon <img src=\"https://i.ibb.co/gmMPVjC/search-Icon.png\" alt=\"search icon\" width=\"14\" height=\"14\" />. Click the search icon.</li>\n<li>In the search bar that appears, enter <strong>Label</strong>.</li>\n<li>From the results, under <strong>Default</strong>, select <strong>Label</strong>.</li>\n<li>Drag the <strong>Label</strong> widget onto <strong>employeeSegment</strong> on the canvas.</li>\n<li>From the <strong>Project</strong> explorer, expand <b>Mobile</b> &gt; <b>Forms</b> &gt; <b>frmList</b> &gt; <b>employeeSegment</b>.</li>\n<li>Right-click on the image named as <b>LabelXXXX</b>, under <b>employeeSegment</b>, select <b>Rename</b> and rename the Image from <b>LabelXXXX</b> to <strong>employeeName</strong>.</li>\n</ol>"
  },
  "pointer": {
    "direction": "left",
    "element": {
      "module": "konylibrary",
      "path": "default-head"
    },
    "type": "default"
  },
  "navigationType": "manual",
  "navigationBar": {
    "left": {
      "text": "Previous",
      "enable": true,
      "hide": false
    },
    "right": {
      "text": "Next",
      "enable": true,
      "hide": false
    }
  },
  "navigationCondition": "",
  "position": "BOTTOM_RIGHT",
  "meta": {
    "Creator": "Rashmi Menon",
    "CreatedOn": "Mon, 25 Nov 2019 10:15:26 GMT"
  },
  "context": [],
  "localization": {
    "en-us": {
      "content": {
        "title": "Add Label Widget to Segment",
        "body": "<ol>\n<li>From the bottom left of your Iris, navigate to the <strong>Default Library</strong> tab.</li>\n<li>Next to the <strong>Default Library</strong>, you will see the <strong>My Libraries</strong> tab and a search icon <img src=\"https://i.ibb.co/gmMPVjC/search-Icon.png\" alt=\"search icon\" width=\"14\" height=\"14\" />. Click the search icon.</li>\n<li>In the search bar that appears, enter <strong>Label</strong>.</li>\n<li>From the results, under <strong>Default</strong>, select <strong>Label</strong>.</li>\n<li>Drag the <strong>Label</strong> widget onto <strong>employeeSegment</strong> on the canvas.</li>\n<li>From the <strong>Project</strong> explorer, expand <b>Mobile</b> &gt; <b>Forms</b> &gt; <b>frmList</b> &gt; <b>employeeSegment</b>.</li>\n<li>Right-click on the image named as <b>LabelXXXX</b>, under <b>employeeSegment</b>, select <b>Rename</b> and rename the Image from <b>LabelXXXX</b> to <strong>employeeName</strong>.</li>\n</ol>"
      },
      "navigationBar": {
        "left": {
          "text": "Previous"
        },
        "right": {
          "text": "Next"
        }
      }
    },
    "zh-cn": {
      "content": {
        "title": "将标签小部件添加到细分",
        "body": "***<ol> \n <li>从虹膜的左下角，导航到<strong>默认库</strong> tab。</li> \n <li> <strong>默认库</strong>旁边，您将看到<strong>我的库</strong> tab和搜索图标<img src=\"https://i.ibb.co/gmMPVjC/search-Icon.png\" alt=\"search icon\" width=\"14\" height=\"14\" />。 单击搜索图标。</li> \n <li>在出现的搜索栏中，输入<strong> label </strong>。</li> \n <li>从结果中，在<strong>默认</strong>下，选择<strong> label </strong>。</li> \n <li>将<strong> label </strong> widtget拖到<strong> amploeEsegry </strong>上的画布上。</li> \n <li>从<strong> project </strong>探索器，展开<b>移动</b>＆gt; <b>表格</b>＆gt; <b> frmlist </b>＆gt; <b> imployeesegresgresgent </b>。</li> \n <li>右键单击的图像右键单击为<b> labelxxxx </b>，在<b> applyeEsegry </b>下，选择<b>重命名</b>，然后从<b> labelxxx </b>中重命名图像 49} simplyEname </strong>。 \n </ol>"
      },
      "navigationBar": {
        "left": {
          "text": "以前的"
        },
        "right": {
          "text": "下一个"
        }
      }
    },
    "zh-tw": {
      "content": {
        "title": "將標籤小部件添加到細分",
        "body": "***<ol> \n <li>從虹膜的左下角，導航到<strong>默認庫</strong> tab。</li> \n <li> <strong>默認庫</strong>旁邊，您將看到<strong>我的庫</strong> tab和搜索圖標<img src=\"https://i.ibb.co/gmMPVjC/search-Icon.png\" alt=\"search icon\" width=\"14\" height=\"14\" />。 單擊搜索圖標。</li> \n <li>在出現的搜索欄中，輸入<strong> label </strong>。</li> \n <li>從結果中，在<strong>默認</strong>下，選擇<strong> label </strong>。</li> \n <li>將<strong> label </strong> widtget拖到<strong> amploeEsegry </strong>上的畫布上。</li> \n <li>從<strong> project </strong>探索器，展開<b>移動</b>＆gt; <b>表格</b>＆gt; <b> frmlist </b>＆gt; <b> imployeesegresgresgent </b>。</li> \n <li>右鍵單擊的圖像右鍵單擊為<b> labelxxxx </b>，在<b> applyeEsegry </b>下，選擇<b>重命名</b>，然後從<b> labelxxx </b>中重命名圖像 49} simplyEname </strong>。 \n </ol>"
      },
      "navigationBar": {
        "left": {
          "text": "以前的"
        },
        "right": {
          "text": "下一個"
        }
      }
    }
  }
}