{
    "kuid": "697c3ft7-09a8-41rf-94u1-d6fd35n5",
    "id": "kony.CreateDetailsNative_v9.deletFeature7",
    "content": {
        "title": "Adding Delete Feature",
        "body": "<ol>\n<li>From the left menu of the <strong>Action Editor</strong>, under <strong>Function</strong>, select&nbsp;<strong>Add Snippet</strong>.</li>\n<li>In the right pane of the Action Editor, provide the following code:<br /><span style=\"background-color: #999999;\"><strong>self.view.forceLayout();</strong></span></li>\n<li>From the left menu of the Action Editor, under <strong>General</strong>, select <strong>Navigate to Form</strong>.</li>\n<li>From the right pane of the Action Editor, select <strong>frmDetails</strong>.</li>\n<li>Click <strong>Save</strong>.</li>\n</ol>"
    },
    "pointer": {
        "direction": "left",
        "element": "",
        "type": "none"
    },
    "navigationType": "manual",
    "navigationBar": {
        "left": {
            "text": "Previous",
            "enable": true,
            "hide": false
        },
        "right": {
            "text": "Next",
            "enable": true,
            "hide": false
        }
    },
    "navigationCondition": "",
    "position": "BOTTOM_RIGHT",
    "meta": {
        "Creator": "Rashmi Menon",
        "CreatedOn": "Mon, 24 Feb 2020 11:25:19 GMT"
    },
    "context": []
}