{
  "kuid": "e3f0fet4-22a4-44r1-a3ub-06f7c7n3",
  "id": "VoltMX.AddCreatePayeeWeb_v9.done",
  "content": {
    "title": "Congratulations",
    "body": "<p>You&rsquo;ve successfully:</p>\n<ul>\n<li><strong>Generated the Create Recipients screen</strong></li>\n<li><strong>Created and customized the UI for the create recipients screen</strong></li>\n<li><strong>Added navigation to and from the Create Recipients screen<br /></strong></li>\n<li><strong>Added logout to the create recipients screen</strong></li>\n</ul>\n<p>For more information on editing the recipients in your app, check out the next hike: <a class=\"tour-link\" tour=\"c108beta-87ac-46re-87u3-92e61cnf\">8. Add Edit Recipients Feature</a>.</p>"
  },
  "pointer": {
    "direction": "left",
    "element": "",
    "type": "none"
  },
  "navigationType": "manual",
  "navigationBar": {
    "left": {
      "text": "Previous",
      "enable": true,
      "hide": false
    },
    "right": {
      "text": "Done",
      "enable": true,
      "hide": false
    }
  },
  "navigationCondition": "",
  "position": "CENTER",
  "meta": {
    "Creator": "Rashmi Menon",
    "CreatedOn": "Tue, 25 Feb 2020 05:51:47 GMT"
  },
  "context": [],
  "localization": {
    "en-us": {
      "content": {
        "title": "Congratulations",
        "body": "<p>You&rsquo;ve successfully:</p>\n<ul>\n<li><strong>Generated the Create Recipients screen</strong></li>\n<li><strong>Created and customized the UI for the create recipients screen</strong></li>\n<li><strong>Added navigation to and from the Create Recipients screen<br /></strong></li>\n<li><strong>Added logout to the create recipients screen</strong></li>\n</ul>\n<p>For more information on editing the recipients in your app, check out the next hike: <a class=\"tour-link\" tour=\"c108beta-87ac-46re-87u3-92e61cnf\">8. Add Edit Recipients Feature</a>.</p>"
      },
      "navigationBar": {
        "left": {
          "text": "Previous"
        },
        "right": {
          "text": "Done"
        }
      }
    },
    "zh-cn": {
      "content": {
        "title": "恭喜",
        "body": "<p>您成功地：</p> \n <ul> \n <li> <strong>生成创建收件人屏幕</strong> </li> \n <li> <strong>创建并自定义了创建收件人屏幕</strong> </li>的UI \n <li> <strong>在创建收件人屏幕<br /> </strong> </li>中添加导航 \n <li> <strong>将注销添加到创建收件人屏幕</strong> </li> \n </ul> \n <p>有关编辑应用程序中收件人的更多信息，请查看下一个徒步旅行：<a class=\"tour-link\" tour=\"c108beta-87ac-46re-87u3-92e61cnf\"> 8。 添加编辑收件人功能</a>。</p>"
      },
      "navigationBar": {
        "left": {
          "text": "以前的"
        },
        "right": {
          "text": "完毕"
        }
      }
    },
    "zh-tw": {
      "content": {
        "title": "恭喜",
        "body": "<p>您成功地：</p> \n <ul> \n <li> <strong>生成創建收件人屏幕</strong> </li> \n <li> <strong>創建並自定義了創建收件人屏幕</strong> </li>的UI \n <li> <strong>在創建收件人屏幕<br /> </strong> </li>中添加導航 \n <li> <strong>將註銷添加到創建收件人屏幕</strong> </li> \n </ul> \n <p>有關編輯應用程序中收件人的更多信息，請查看下一個徒步旅行：<a class=\"tour-link\" tour=\"c108beta-87ac-46re-87u3-92e61cnf\"> 8。 添加編輯收件人功能</a>。</p>"
      },
      "navigationBar": {
        "left": {
          "text": "以前的"
        },
        "right": {
          "text": "完畢"
        }
      }
    }
  }
}