{
    "kuid": "faf4d8t6-b1a8-49rd-b9ub-90f65end",
    "id": "VoltMX.IntrotoSegmentTempV9.Intro",
    "content": {
        "title": "Introduction to Segment Templates",
        "body": "<p><strong>Let&rsquo;s get started!</strong><br /><br /> In this guided tour, we will:</p>\n<ul>\n<li>Create a Segment Row template</li>\n<li>Add widgets to the template</li>\n<li>Assign the template to the Segment widget</li>\n<li>Use Inline editing to modify the template</li>\n<li>Assign an action when the row of the segment is clicked</li>\n</ul>\n<p> Before you begin, ensure that you have completed the hike: <ol><li><a class=\"tour-link\" tour=\"9b0f07t4-e9a8-49rb-83u2-876264n4\"><strong>Introduction to Segment Templates</strong></a></li></ol>. Ensure that you open the same project that you have created in the previous hike.<br /> To open a closed project, from the main menu, navigate to <strong>Project</strong> &gt; <strong>Open</strong> &gt; <strong>HCL Reference Architecture</strong> &gt; <strong>EmployeeList</strong>.</p>\n<p><br /> <strong>When you&rsquo;re ready, click Start!</strong></p>"
    },
    "pointer": {
        "direction": "left",
        "element": "",
        "type": "none"
    },
    "navigationType": "manual",
    "navigationBar": {
        "left": {
            "text": "Previous",
            "enable": false,
            "hide": true
        },
        "right": {
            "text": "Start",
            "enable": true,
            "hide": false
        }
    },
    "navigationCondition": "",
    "position": "CENTER",
    "meta": {
        "Creator": "Rashmi Menon",
        "CreatedOn": "Mon, 25 Nov 2019 11:31:59 GMT"
    },
    "context": []
}