{
    "kuid": "0f90b3t2-ddab-45re-9aud-c40511ne",
    "id": "VoltMX.AddCreateMob_v9.serviceCall5",
    "content": {
        "title": "Invoking Create Operation",
        "body": "<ol>\n<li>From the <strong>Action Editor</strong> canvas, under the <strong>Invoke Service</strong> node, select <strong>Callback</strong>.</li>\n<li>From the left menu of the <strong>Action Editor</strong>, under the <strong>Network</strong> section, select <strong>Loading Indicator</strong>.</li>\n<li>In the right pane of the <strong>Action Editor</strong>, set the Loading Indicator to <strong>Dismiss</strong>.</li>\n</ol>"
    },
    "pointer": {
        "direction": "left",
        "element": {
            "module": "actioneditor",
            "itemType": "ae-action-type",
            "info": {
                "actionType": "Loading Indicator"
            }
        },
        "type": "default"
    },
    "navigationType": "manual",
    "navigationBar": {
        "left": {
            "text": "Previous",
            "enable": true,
            "hide": false
        },
        "right": {
            "text": "Next",
            "enable": true,
            "hide": false
        }
    },
    "navigationCondition": "",
    "position": "BOTTOM_LEFT",
    "meta": {
        "Creator": "Rashmi Menon",
        "CreatedOn": "Wed, 26 Feb 2020 05:19:03 GMT"
    },
    "context": []
}