{
  "kuid": "5d0557t6-8ca6-43r3-b8u9-8a12aenc",
  "id": "VoltMX.AssignDatatotheSegmentV9.mapping1",
  "content": {
    "title": "Map Services to UI Elements",
    "body": "<ol>\n<li>You can see that the following mappings have already been done on the mapping editor from the left pane to the right pane.\n<ul>\n<li> <strong>records {collection}</strong> to <strong>rowData {collection}</strong>.</li>\n<li><strong>Emp_id {string}</strong> to <strong>Label - employeeName</strong> &gt; <strong>text {string}</strong></li>\n<li><strong>Name {string}</strong> to <strong>Label - empDepartment</strong> &gt; <strong>text {string}</strong></li>\n<li><strong>Email {string}</strong> to <strong>Label - empDesignation</strong> &gt; <strong>text {string}</strong></li>\n</ul>\n</li>\n</ol>"
  },
  "pointer": {
    "direction": "left",
    "element": "",
    "type": "none"
  },
  "navigationType": "manual",
  "navigationBar": {
    "left": {
      "text": "Previous",
      "enable": true,
      "hide": false
    },
    "right": {
      "text": "Next",
      "enable": true,
      "hide": false
    }
  },
  "navigationCondition": "",
  "position": "BOTTOM_RIGHT",
  "meta": {
    "Creator": "Rashmi Menon",
    "CreatedOn": "Mon, 25 Nov 2019 11:19:46 GMT"
  },
  "context": [],
  "localization": {
    "en-us": {
      "content": {
        "title": "Map Services to UI Elements",
        "body": "<ol>\n<li>You can see that the following mappings have already been done on the mapping editor from the left pane to the right pane.\n<ul>\n<li> <strong>records {collection}</strong> to <strong>rowData {collection}</strong>.</li>\n<li><strong>Emp_id {string}</strong> to <strong>Label - employeeName</strong> &gt; <strong>text {string}</strong></li>\n<li><strong>Name {string}</strong> to <strong>Label - empDepartment</strong> &gt; <strong>text {string}</strong></li>\n<li><strong>Email {string}</strong> to <strong>Label - empDesignation</strong> &gt; <strong>text {string}</strong></li>\n</ul>\n</li>\n</ol>"
      },
      "navigationBar": {
        "left": {
          "text": "Previous"
        },
        "right": {
          "text": "Next"
        }
      }
    },
    "zh-cn": {
      "content": {
        "title": "映射服务到UI元素",
        "body": "***<ol> \n <li>您可以看到从左窗格到右窗格的映射编辑器已经完成了以下映射。 \n <ul> \n <li> <strong>记录{Collection} </strong> to <strong> rowdata {Collection} </strong> {7}。</li> \n <li> <strong> emp_id {string} </strong> to <strong> label -applyEname </strong>＆gt; <strong>文本{string} </strong> </li> \n <li> <strong>名称{string} </strong> to <strong> label -empdepartment </strong>＆gt; <strong>文本{string} </strong> </li> \n <li> <strong>电子邮件{string} </strong> <strong> label -empdesignation </strong>＆gt; <strong>文本{string} </strong> </li> \n </ul> \n </li> \n </ol>"
      },
      "navigationBar": {
        "left": {
          "text": "以前的"
        },
        "right": {
          "text": "下一个"
        }
      }
    },
    "zh-tw": {
      "content": {
        "title": "映射服務到UI元素",
        "body": "***<ol> \n <li>您可以看到從左窗格到右窗格的映射編輯器已經完成了以下映射。 \n <ul> \n <li> <strong>記錄{Collection} </strong> to <strong> rowdata {Collection} </strong> {7}。</li> \n <li> <strong> emp_id {string} </strong> to <strong> label -applyEname </strong>＆gt; <strong>文本{string} </strong> </li> \n <li> <strong>名稱{string} </strong> to <strong> label -empdepartment </strong>＆gt; <strong>文本{string} </strong> </li> \n <li> <strong>電子郵件{string} </strong> <strong> label -empdesignation </strong>＆gt; <strong>文本{string} </strong> </li> \n </ul> \n </li> \n </ol>"
      },
      "navigationBar": {
        "left": {
          "text": "以前的"
        },
        "right": {
          "text": "下一個"
        }
      }
    }
  }
}