{
    "kuid": "b37f57ta-8ba4-47r4-beuc-0600fene",
    "id": "kony.CreateDetailsScreen_v9.deleteFeature2",
    "content": {
        "title": "Adding Delete Feature",
        "body": "<ol>\n<li>From the <strong>Action Editor</strong> canvas, select <strong>IF Recipients.opstatus is equal to 0</strong>.</li>\n<li>From the <strong>Action Editor </strong>left menu, under <strong>Widget</strong>, select <strong>Set Widget Property</strong>.</li>\n<li>From the mapping editor, expand <strong>Desktop Forms</strong> &gt; <strong>frmDetails</strong>, and select <strong>flexSuccess</strong>.</li>\n<li>From the right pane of the <strong>Action Editor</strong>, modify the following fields:\n<ul>\n<li>Property: <strong>Visible</strong></li>\n<li>Value: <strong>True</strong></li>\n</ul>\n</li></ol>"
    },
    "pointer": {
        "direction": "left",
        "element": {
            "module": "actioneditor",
            "itemType": "ae-action-type",
            "info": {
                "actionType": "Set Widget Property"
            }
        },
        "type": "default"
    },
    "navigationType": "manual",
    "navigationBar": {
        "left": {
            "text": "Previous",
            "enable": true,
            "hide": false
        },
        "right": {
            "text": "Next",
            "enable": true,
            "hide": false
        }
    },
    "navigationCondition": "",
    "position": "BOTTOM_RIGHT",
    "meta": {
        "Creator": "Rashmi Menon",
        "CreatedOn": "Fri, 21 Feb 2020 09:53:55 GMT"
    },
    "context": []
}