{
  "kuid": "dd13b5td-9ca1-46r4-95u2-d7d143nb",
  "id": "VoltMX.createUIMobV9.createAccForm",
  "content": {
    "title": "Create an Account Form",
    "body": "<ol>\n<li>From the <b>Storyboard</b> view, select&nbsp;<strong>frmLogin</strong>, and then click the&nbsp;<strong>+ </strong>icon.<br /> Iris creates a new form.</li>\n<li>Above the new form, click&nbsp;<strong>Form1</strong>.</li>\n<li>Rename form from <b>Form1</b> to <strong>frmAccount</strong>.</li>\n<li>Press on Enter key.</li>\n</ol>"
  },
  "pointer": {
    "direction": "left",
    "element": {
      "module": "projectexplorer",
      "path": "project-body\\project\\Mobile\\Forms"
    },
    "type": "default"
  },
  "navigationType": "manual",
  "navigationBar": {
    "left": {
      "text": "Previous",
      "enable": true,
      "hide": false
    },
    "right": {
      "text": "Next",
      "enable": true,
      "hide": false
    }
  },
  "navigationCondition": "",
  "position": "BOTTOM_RIGHT",
  "meta": {
    "Creator": "Rashmi Menon",
    "CreatedOn": "Wed, 18 Dec 2019 06:55:17 GMT"
  },
  "context": [],
  "localization": {
    "en-us": {
      "content": {
        "title": "Create an Account Form",
        "body": "<ol>\n<li>From the <b>Storyboard</b> view, select&nbsp;<strong>frmLogin</strong>, and then click the&nbsp;<strong>+ </strong>icon.<br /> Iris creates a new form.</li>\n<li>Above the new form, click&nbsp;<strong>Form1</strong>.</li>\n<li>Rename form from <b>Form1</b> to <strong>frmAccount</strong>.</li>\n<li>Press on Enter key.</li>\n</ol>"
      },
      "navigationBar": {
        "left": {
          "text": "Previous"
        },
        "right": {
          "text": "Next"
        }
      }
    },
    "zh-cn": {
      "content": {
        "title": "创建帐户表格",
        "body": "***<ol> \n <li>从<b>故事板</b>视图，选择＆nbsp; <strong> frmlogin </strong>，然后单击＆nbsp; <strong>+ </strong> iCON。 \n <li>在新表单上方，单击＆nbsp; <strong> form1 </strong>。</li> \n <li>从<b> form1 </b>到<strong> frmaccount </strong>的命名表单。</li> \n <li>按Enter键。</li> \n </ol>"
      },
      "navigationBar": {
        "left": {
          "text": "以前的"
        },
        "right": {
          "text": "下一个"
        }
      }
    },
    "zh-tw": {
      "content": {
        "title": "創建帳戶表格",
        "body": "***<ol> \n <li>從<b>故事板</b>視圖，選擇＆nbsp; <strong> frmlogin </strong>，然後單擊＆nbsp; <strong>+ </strong> iCON。 \n <li>在新表單上方，單擊＆nbsp; <strong> form1 </strong>。</li> \n <li>從<b> form1 </b>到<strong> frmaccount </strong>的命名表單。</li> \n <li>按Enter鍵。</li> \n </ol>"
      },
      "navigationBar": {
        "left": {
          "text": "以前的"
        },
        "right": {
          "text": "下一個"
        }
      }
    }
  }
}