{
    "kuid": "ce4eeb41-835d-4a98-baec-79364500",
    "id": "Kony.EmpDirPreview.AppPreview",
    "content": {
        "title": "Publish the App",
        "body": "<ol><li>From the main menu, select <b>Build</b>.\n</li><li>Click <b>Publish Live Preview</b>.</li></ol>"
    },
    "position": "TOP_RIGHT",
    "navigationType": "manual",
    "navigationCondition": "",
    "pointer": {
        "direction": "left",
        "element": "",
        "type": "none"
    },
    "navigationBar": {
        "left": {
            "text": "Previous",
            "hide": false,
            "enable": true
        },
        "right": {
            "text": "Next",
            "enable": true,
            "hide": false
        }
    }
}