{
    "kuid": "b7cec8t3-d5a5-4erb-82ub-69c185n9",
    "id": "kony.UseStorageServiceV9.configureObj",
    "content": {
        "title": "Configure Object Service",
        "body": "<p>Once you are done adding the fields, from the top-left corner of the window, click the storage service name <strong>sampleStorage</strong>.</p>"
    },
    "pointer": {
        "direction": "left",
        "element": "",
        "type": "none"
    },
    "navigationType": "manual",
    "navigationBar": {
        "left": {
            "text": "Previous",
            "enable": true,
            "hide": false
        },
        "right": {
            "text": "Next",
            "enable": true,
            "hide": false
        }
    },
    "navigationCondition": "",
    "position": "BOTTOM_RIGHT",
    "meta": {
        "Creator": "Rashmi Menon",
        "CreatedOn": "Wed, 27 Nov 2019 10:12:49 GMT"
    },
    "context": []
}