{
    "kuid": "474eb536-9ccf-4132-9fb6-93d45fd6",
    "id": "Kony.ModifyEmployeeDirectory.EmployeeSegment2",
    "content": {
        "title": "Add Navigation from the List Form",
        "body": "<ol><li>From the <b>Action Editor</b> left menu, under <b>Functions</b>, select <b>Add Snippet</b>. </li><li> In the lower pane of the <b>Action Editor</b>, enter the following code: <br/><b>\n<span style= \"background-color: #f1f1f1; border-left-style: solid; border-left-width: 1px; border-left-color: #ddd; border-right-style: solid; border-right-width: 1px; border-right-color: #ddd; border-top-style: solid; border-top-width: 1px; border-top-color: #ddd; border-bottom-style: solid; border-bottom-width: 1px; border-bottom-color: #ddd; \"> selectedEmployeeId = this.view.employeeSegment.selectedRowItems[0].employeeId.text;</span></b>\n</li>\n<li> From the <b>Action Editor</b> left menu, under <b>Navigation</b>, select <b>Navigate to Form</b>. </li>\n<li> From the lower pane of the <b>Action Editor</b>, select <b>frmDetails</b>. </li>\n</ol>"
    },
    "position": "BOTTOM_LEFT",
    "navigationType": "manual",
    "navigationCondition": "",
    "pointer": {
        "direction": "left",
        "element": {
            "module": "actioneditor"
        },
        "type": "default"
    },
    "navigationBar": {
        "left": {
            "text": "Previous",
            "hide": false,
            "enable": true
        },
        "right": {
            "text": "Next",
            "enable": true,
            "hide": false
        }
    }
}