{
  "kuid": "324f4bt0-2ba6-4fr7-8du9-2a8c5end",
  "id": "VoltMX.ConnectAppServWebV9.invokeService1",
  "content": {
    "title": "Invoke Service",
    "body": "<ol>\n<li>From the top-right corner of the <strong>Action Editor</strong>, select the <strong>Design View</strong>.</li>\n<li>Enter <b>Invoke Service</b> in the sear bar and select <strong>Invoke Service</strong> under the Network section.</li>\n<li>In the right pane of the Action Editor, from the Select Service drop-down, select <strong>RecipientStorage2$Recipients</strong>.</li>\n<li>From the <strong>Select Method</strong> drop-down, select <strong>get</strong>.</li>\n</ol>"
  },
  "pointer": {
    "direction": "left",
    "element": {
      "module": "actioneditor",
      "css_selector": "input[class *='aeViewTypeSequenceElement']"
    },
    "type": "default"
  },
  "navigationType": "manual",
  "navigationBar": {
    "left": {
      "text": "Previous",
      "enable": true,
      "hide": false
    },
    "right": {
      "text": "Next",
      "enable": true,
      "hide": false
    }
  },
  "navigationCondition": "",
  "position": "BOTTOM_RIGHT",
  "meta": {
    "Creator": "Prem Garudadri",
    "CreatedOn": "Thu, 19 Dec 2019 05:59:24 GMT"
  },
  "context": [],
  "localization": {
    "en-us": {
      "content": {
        "title": "Invoke Service",
        "body": "<ol>\n<li>From the top-right corner of the <strong>Action Editor</strong>, select the <strong>Design View</strong>.</li>\n<li>Enter <b>Invoke Service</b> in the sear bar and select <strong>Invoke Service</strong> under the Network section.</li>\n<li>In the right pane of the Action Editor, from the Select Service drop-down, select <strong>RecipientStorage2$Recipients</strong>.</li>\n<li>From the <strong>Select Method</strong> drop-down, select <strong>get</strong>.</li>\n</ol>"
      },
      "navigationBar": {
        "left": {
          "text": "Previous"
        },
        "right": {
          "text": "Next"
        }
      }
    },
    "zh-cn": {
      "content": {
        "title": "调用服务",
        "body": "<ol> \n <li>从<strong>动作编辑器的顶端角</strong>，选择<strong>设计视图</strong>。</li> \n <li>在Sear bar中输入<b> Indoke Service </b>，然后在网络部分下选择<strong> Indoke Service </strong>。</li> \n <li>在操作编辑器的右窗格中，从“选择服务”下拉下，选择<strong> coctientStorage2 $ cocceers </strong>。</li> \n <li>从<strong>选择方法</strong>下拉，选择<strong> get </strong>。</li> \n </ol>"
      },
      "navigationBar": {
        "left": {
          "text": "以前的"
        },
        "right": {
          "text": "下一个"
        }
      }
    },
    "zh-tw": {
      "content": {
        "title": "調用服務",
        "body": "<ol> \n <li>從<strong>動作編輯器的頂端角</strong>，選擇<strong>設計視圖</strong>。</li> \n <li>在Sear bar中輸入<b> Indoke Service </b>，然後在網絡部分下選擇<strong> Indoke Service </strong>。</li> \n <li>在操作編輯器的右窗格中，從“選擇服務”下拉下，選擇<strong> coctientStorage2 $ cocceers </strong>。</li> \n <li>從<strong>選擇方法</strong>下拉，選擇<strong> get </strong>。</li> \n </ol>"
      },
      "navigationBar": {
        "left": {
          "text": "以前的"
        },
        "right": {
          "text": "下一個"
        }
      }
    }
  }
}