{
  "kuid": "cbfbbft1-7ba3-48r4-82u3-aa0a00n4",
  "id": "VoltMX.IntroductiontoNFIV9.Intro",
  "content": {
    "title": "Introduction to NFI",
    "body": "<p><strong>Native Function Interfaces (NFIs)</strong> are JavaScript wrappers that help an app developer to implement Android or iOS specific features in Volt MX Iris.</p>\n<p>In this hike, using Android-specific NFIs, you will be able to access device settings on an Android device from an app.</p>"
  },
  "pointer": {
    "direction": "left",
    "element": "",
    "type": "none"
  },
  "navigationType": "manual",
  "navigationBar": {
    "left": {
      "text": "Previous",
      "enable": false,
      "hide": true
    },
    "right": {
      "text": "Start",
      "enable": true,
      "hide": false
    }
  },
  "navigationCondition": "",
  "position": "CENTER",
  "meta": {
    "Creator": "Rashmi Menon",
    "CreatedOn": "Wed, 27 Nov 2019 11:45:14 GMT"
  },
  "context": [],
  "localization": {
    "en-us": {
      "content": {
        "title": "Introduction to NFI",
        "body": "<p><strong>Native Function Interfaces (NFIs)</strong> are JavaScript wrappers that help an app developer to implement Android or iOS specific features in Volt MX Iris.</p>\n<p>In this hike, using Android-specific NFIs, you will be able to access device settings on an Android device from an app.</p>"
      },
      "navigationBar": {
        "left": {
          "text": "Previous"
        },
        "right": {
          "text": "Start"
        }
      }
    },
    "zh-cn": {
      "content": {
        "title": "NFI简介",
        "body": "<p> <strong>本机函数接口（NFIS）</strong>是JavaScript包装器，可帮助应用程序开发人员在Volt MX Iris中实现Android或iOS特定功能。</p> \n <p>在此远足中，使用Android特定的NFI，您将能够从应用程序上访问Android设备上的设备设置。</p>"
      },
      "navigationBar": {
        "left": {
          "text": "以前的"
        },
        "right": {
          "text": "开始"
        }
      }
    },
    "zh-tw": {
      "content": {
        "title": "NFI簡介",
        "body": "<p> <strong>本機函數接口（NFIS）</strong>是JavaScript包裝器，可幫助應用程序開發人員在Volt MX Iris中實現Android或iOS特定功能。</p> \n <p>在此遠足中，使用Android特定的NFI，您將能夠從應用程序上訪問Android設備上的設備設置。</p>"
      },
      "navigationBar": {
        "left": {
          "text": "以前的"
        },
        "right": {
          "text": "開始"
        }
      }
    }
  }
}