{
  "kuid": "78f7actf-44aa-4dr1-94u5-c54900n8",
  "id": "VoltMX.CreateEmailIdCompV9.linkCodetoWidgets",
  "content": {
    "title": "Add Action to TextBox Widget",
    "body": "<ol>\n<li>From the upper-left corner of Iris, in the <strong>Templates</strong> explorer, expand <strong>Components</strong> &gt; <strong>userEntry.emailField [1.0.0] </strong> &gt; <strong>emailField</strong> and select the <strong>txtEmailID</strong> textbox.</li>\n<li>From the upper-right corner of Iris, in the <strong>Properties</strong> panel, click <strong>Action</strong>, then click <strong>Edit</strong> for the <strong>onDone</strong> event.<br />The <strong>Action Editor</strong> window appears.</li>\n<li>From the <strong>Action Editor </strong>left menu, under <strong>Function</strong>, select <strong>Invoke Function</strong>.</li>\n<li>From the right pane of the <strong>Action Editor</strong>, under <strong>Function Name</strong>, select the <strong>onTextEdit</strong> function.</li>\n<li>Click <strong>Save</strong>.</li>\n</ol>"
  },
  "pointer": {
    "direction": "left",
    "element": {
      "module": "projectexplorer",
      "css_selector": ".KMenu li ul li ul li ul li div[kformname='pxtemphbxTPL']"
    },
    "type": "default"
  },
  "navigationType": "manual",
  "navigationBar": {
    "left": {
      "text": "Previous",
      "enable": true,
      "hide": false
    },
    "right": {
      "text": "Next",
      "enable": true,
      "hide": false
    }
  },
  "navigationCondition": "",
  "position": "BOTTOM_LEFT",
  "meta": {
    "Creator": "Rashmi Menon",
    "CreatedOn": "Tue, 26 Nov 2019 06:28:55 GMT"
  },
  "context": [],
  "localization": {
    "en-us": {
      "content": {
        "title": "Add Action to TextBox Widget",
        "body": "<ol>\n<li>From the upper-left corner of Iris, in the <strong>Templates</strong> explorer, expand <strong>Components</strong> &gt; <strong>userEntry.emailField [1.0.0] </strong> &gt; <strong>emailField</strong> and select the <strong>txtEmailID</strong> textbox.</li>\n<li>From the upper-right corner of Iris, in the <strong>Properties</strong> panel, click <strong>Action</strong>, then click <strong>Edit</strong> for the <strong>onDone</strong> event.<br />The <strong>Action Editor</strong> window appears.</li>\n<li>From the <strong>Action Editor </strong>left menu, under <strong>Function</strong>, select <strong>Invoke Function</strong>.</li>\n<li>From the right pane of the <strong>Action Editor</strong>, under <strong>Function Name</strong>, select the <strong>onTextEdit</strong> function.</li>\n<li>Click <strong>Save</strong>.</li>\n</ol>"
      },
      "navigationBar": {
        "left": {
          "text": "Previous"
        },
        "right": {
          "text": "Next"
        }
      }
    },
    "zh-cn": {
      "content": {
        "title": "将操作添加到文本框窗口小部件",
        "body": "***<ol> \n <li>从虹膜的上左角，在<strong>模板</strong>探索器中，展开<strong>组件</strong>＆gt; <strong> userentry.emailfield [1.0.0] </strong>＆gt; <strong> emailfield </strong>，然后选择<strong> txtemailid </strong> textbox。</li> \n <li>从iris的右上角，在<strong> properties </strong>面板中，单击<strong> action </strong>，然后单击<strong> edit </strong> indone </strong> 事件。<br /> <strong>操作编辑器</strong>窗口出现。</li> \n <li>来自<strong>操作编辑器</strong>左菜单，在<strong>函数</strong>下，选择<strong> Indoke function </strong>。</li> \n <li>从<strong>操作编辑器的右窗格</strong>，在<strong>函数名称</strong>下，选择<strong> intextedit </strong>函数。</li>} \n <li>单击<strong>保存</strong>。</li> \n </ol>"
      },
      "navigationBar": {
        "left": {
          "text": "以前的"
        },
        "right": {
          "text": "下一个"
        }
      }
    },
    "zh-tw": {
      "content": {
        "title": "將操作添加到文本框窗口小部件",
        "body": "***<ol> \n <li>從虹膜的上左角，在<strong>模板</strong>探索器中，展開<strong>組件</strong>＆gt; <strong> userentry.emailfield [1.0.0] </strong>＆gt; <strong> emailfield </strong>，然後選擇<strong> txtemailid </strong> textbox。</li> \n <li>從iris的右上角，在<strong> properties </strong>面板中，單擊<strong> action </strong>，然後單擊<strong> edit </strong> indone </strong> 事件。<br /> <strong>操作編輯器</strong>窗口出現。</li> \n <li>來自<strong>操作編輯器</strong>左菜單，在<strong>函數</strong>下，選擇<strong> Indoke function </strong>。</li> \n <li>從<strong>操作編輯器的右窗格</strong>，在<strong>函數名稱</strong>下，選擇<strong> intextedit </strong>函數。</li>} \n <li>單擊<strong>保存</strong>。</li> \n </ol>"
      },
      "navigationBar": {
        "left": {
          "text": "以前的"
        },
        "right": {
          "text": "下一個"
        }
      }
    }
  }
}