{
  "kuid": "46baa9tc-7daa-49rc-83uf-871b5cn0",
  "id": "VoltMX.addLoginServiceV9.addMapping",
  "content": {
    "title": "Map the Login Operation",
    "body": "<ol><li>From the top-right of the <b>Action Editor</b> window, select the <strong>Design View</strong>.</li>\n<li>In the Action Editor canvas,&nbsp;select&nbsp;<strong>Invoke Service: UserAuthentication1$login</strong>.</li>\n<li>From the right pane of the <strong>Action Editor</strong>, click <strong>Open Mapping Editor</strong>.<br />The <strong>Mapping Editor</strong> window appears in the right pane of the canvas.</li>\n<li>From the left pane of the&nbsp;<strong>Mapping Editor</strong>, expand&nbsp;<strong>Forms </strong>&gt;&nbsp;<strong>frmLogin</strong>.</li>\n<li>From the right pane of the&nbsp;<strong>Mapping Editor</strong>, expand&nbsp;<strong>Services</strong> &gt;&nbsp;<strong>Service &ndash; UserAuthentication1$login</strong>.</li>\n</ol>"
  },
  "pointer": {
    "direction": "left",
    "element": "",
    "type": "none"
  },
  "navigationType": "manual",
  "navigationBar": {
    "left": {
      "text": "Previous",
      "enable": true,
      "hide": false
    },
    "right": {
      "text": "Next",
      "enable": true,
      "hide": false
    }
  },
  "navigationCondition": "",
  "position": "BOTTOM_LEFT",
  "meta": {
    "Creator": "Rashmi Menon",
    "CreatedOn": "Wed, 18 Dec 2019 09:26:09 GMT"
  },
  "context": [],
  "localization": {
    "en-us": {
      "content": {
        "title": "Map the Login Operation",
        "body": "<ol><li>From the top-right of the <b>Action Editor</b> window, select the <strong>Design View</strong>.</li>\n<li>In the Action Editor canvas,&nbsp;select&nbsp;<strong>Invoke Service: UserAuthentication1$login</strong>.</li>\n<li>From the right pane of the <strong>Action Editor</strong>, click <strong>Open Mapping Editor</strong>.<br />The <strong>Mapping Editor</strong> window appears in the right pane of the canvas.</li>\n<li>From the left pane of the&nbsp;<strong>Mapping Editor</strong>, expand&nbsp;<strong>Forms </strong>&gt;&nbsp;<strong>frmLogin</strong>.</li>\n<li>From the right pane of the&nbsp;<strong>Mapping Editor</strong>, expand&nbsp;<strong>Services</strong> &gt;&nbsp;<strong>Service &ndash; UserAuthentication1$login</strong>.</li>\n</ol>"
      },
      "navigationBar": {
        "left": {
          "text": "Previous"
        },
        "right": {
          "text": "Next"
        }
      }
    },
    "zh-cn": {
      "content": {
        "title": "映射登录操作",
        "body": "***<ol> <li>从<b>操作编辑器的顶端</b>窗口，选择<strong>设计视图</strong>。</li> \n <li>在动作编辑器帆布中，＆nbsp; select＆nbsp; <strong> Invoke Service：userauthentication1 $ login </strong>。</li> \n <li>从<strong>操作编辑器的右窗格</strong>，单击<strong>打开映射编辑器</strong>。<br /> <strong> {17} mapping Editor </strong>窗口出现在Canvas的右窗格中 。</li> \n <li>从＆nbsp; <strong>映射编辑器</strong>的左窗格，展开＆nbsp; <strong> form </strong>＆gt;＆nbsp;＆nbsp; <strong> frmlogin </strong>。</li>。{27} \n <li>来自＆nbsp; <strong>映射编辑器</strong>的右窗格，展开＆nbsp; <strong>服务</strong>＆gt;＆nbsp;＆nbsp; <strong> service＆ndash; ndash; userauthentication1 $ login </strong>。</li> \n </ol>"
      },
      "navigationBar": {
        "left": {
          "text": "以前的"
        },
        "right": {
          "text": "下一个"
        }
      }
    },
    "zh-tw": {
      "content": {
        "title": "映射登錄操作",
        "body": "***<ol> <li>從<b>操作編輯器的頂端</b>窗口，選擇<strong>設計視圖</strong>。</li> \n <li>在動作編輯器帆布中，＆nbsp; select＆nbsp; <strong> Invoke Service：userauthentication1 $ login </strong>。</li> \n <li>從<strong>操作編輯器的右窗格</strong>，單擊<strong>打開映射編輯器</strong>。<br /> <strong> {17} mapping Editor </strong>窗口出現在Canvas的右窗格中 。</li> \n <li>從＆nbsp; <strong>映射編輯器</strong>的左窗格，展開＆nbsp; <strong> form </strong>＆gt;＆nbsp;＆nbsp; <strong> frmlogin </strong>。</li>。{27} \n <li>來自＆nbsp; <strong>映射編輯器</strong>的右窗格，展開＆nbsp; <strong>服務</strong>＆gt;＆nbsp;＆nbsp; <strong> service＆ndash; ndash; userauthentication1 $ login </strong>。</li> \n </ol>"
      },
      "navigationBar": {
        "left": {
          "text": "以前的"
        },
        "right": {
          "text": "下一個"
        }
      }
    }
  }
}