{
  "kuid": "70825atb-d8a1-4drc-94u0-0127bcn1",
  "id": "VoltMX.IntrotoActionEditorV9.success",
  "content": {
    "title": "Congratulations",
    "body": "<p>You have successfully completed the hike.<br />In this hike you have:</p>\n<ul>\n<li><strong>Navigated from a Login Screen to a Registration Screen</strong></li>\n<li><strong>Added Validations around the Email Id text field&nbsp;</strong></li>\n<li><strong>Shown an alert if the user input is invalid</strong></li>\n<li><strong>Changed the visibility of the widgets to display a success message</strong></li>\n</ul>"
  },
  "pointer": {
    "direction": "left",
    "element": "",
    "type": "none"
  },
  "navigationType": "manual",
  "navigationBar": {
    "left": {
      "text": "Previous",
      "enable": true,
      "hide": false
    },
    "right": {
      "text": "Done",
      "enable": true,
      "hide": false
    }
  },
  "navigationCondition": "",
  "position": "CENTER",
  "meta": {
    "Creator": "Rashmi Menon",
    "CreatedOn": "Tue, 26 Nov 2019 05:35:29 GMT"
  },
  "context": [],
  "localization": {
    "en-us": {
      "content": {
        "title": "Congratulations",
        "body": "<p>You have successfully completed the hike.<br />In this hike you have:</p>\n<ul>\n<li><strong>Navigated from a Login Screen to a Registration Screen</strong></li>\n<li><strong>Added Validations around the Email Id text field&nbsp;</strong></li>\n<li><strong>Shown an alert if the user input is invalid</strong></li>\n<li><strong>Changed the visibility of the widgets to display a success message</strong></li>\n</ul>"
      },
      "navigationBar": {
        "left": {
          "text": "Previous"
        },
        "right": {
          "text": "Done"
        }
      }
    },
    "zh-cn": {
      "content": {
        "title": "恭喜",
        "body": "<p>您已经成功完成了远足。<br />在此远足中，您有：</p> \n <ul> \n <li> <strong>从登录屏幕导航到注册屏幕</strong> </li> \n <li> <strong>围绕电子邮件ID文本字段＆nbsp; </strong> </li>添加验证 \n <li> <strong>显示了一个警报，如果用户输入无效</strong> </li> \n <li> <strong>更改了小部件的可见性，以显示成功消息</strong> </li> \n </ul>"
      },
      "navigationBar": {
        "left": {
          "text": "以前的"
        },
        "right": {
          "text": "完毕"
        }
      }
    },
    "zh-tw": {
      "content": {
        "title": "恭喜",
        "body": "<p>您已經成功完成了遠足。<br />在此遠足中，您有：</p> \n <ul> \n <li> <strong>從登錄屏幕導航到註冊屏幕</strong> </li> \n <li> <strong>圍繞電子郵件ID文本字段＆nbsp; </strong> </li>添加驗證 \n <li> <strong>顯示了一個警報，如果用戶輸入無效</strong> </li> \n <li> <strong>更改了小部件的可見性，以顯示成功消息</strong> </li> \n </ul>"
      },
      "navigationBar": {
        "left": {
          "text": "以前的"
        },
        "right": {
          "text": "完畢"
        }
      }
    }
  }
}