{
  "kuid": "c6eed5t0-56a6-47r0-8cu5-d9ae86nd",
  "id": "VoltMX.ConnectAppUItoDataMob_v9.static",
  "content": {
    "title": "Add a Static Expression",
    "body": "<ol>\n<li>From the right pane of the&nbsp;<strong>Mapping Editor</strong>, expand&nbsp;<strong>Label-lblLine&nbsp;</strong>and right-click on&nbsp;<strong>text{string}</strong>and select&nbsp;<strong>Add Expression</strong>.</li>\n<li>In the box that appears, add the following expression:<br /> <span style=\"background-color: #999999;\"><strong>\"\"</strong></span><br /> Click anywhere outside the box to close it.</li>\n<li>From the left menu of the&nbsp;<strong>Action Editor</strong>, under the <strong>Network </strong>section, select&nbsp;<strong>Loading Indicator</strong>.</li>\n<li>From the right pane of the Action Editor, for&nbsp;<strong>Loading Indicator</strong>, select&nbsp;<strong>Dismiss</strong>.</li>\n<li>Click&nbsp;<strong>Save</strong>.</li>\n</ol>"
  },
  "pointer": {
    "direction": "left",
    "element": "",
    "type": "none"
  },
  "navigationType": "manual",
  "navigationBar": {
    "left": {
      "text": "Previous",
      "enable": true,
      "hide": false
    },
    "right": {
      "text": "Next",
      "enable": true,
      "hide": false
    }
  },
  "navigationCondition": "",
  "position": "CENTER",
  "meta": {
    "Creator": "Rashmi Menon",
    "CreatedOn": "Mon, 23 Mar 2020 08:12:42 GMT"
  },
  "context": [],
  "localization": {
    "en-us": {
      "content": {
        "title": "Add a Static Expression",
        "body": "<ol>\n<li>From the right pane of the&nbsp;<strong>Mapping Editor</strong>, expand&nbsp;<strong>Label-lblLine&nbsp;</strong>and right-click on&nbsp;<strong>text{string}</strong>and select&nbsp;<strong>Add Expression</strong>.</li>\n<li>In the box that appears, add the following expression:<br /> <span style=\"background-color: #999999;\"><strong>\"\"</strong></span><br /> Click anywhere outside the box to close it.</li>\n<li>From the left menu of the&nbsp;<strong>Action Editor</strong>, under the <strong>Network </strong>section, select&nbsp;<strong>Loading Indicator</strong>.</li>\n<li>From the right pane of the Action Editor, for&nbsp;<strong>Loading Indicator</strong>, select&nbsp;<strong>Dismiss</strong>.</li>\n<li>Click&nbsp;<strong>Save</strong>.</li>\n</ol>"
      },
      "navigationBar": {
        "left": {
          "text": "Previous"
        },
        "right": {
          "text": "Next"
        }
      }
    },
    "zh-cn": {
      "content": {
        "title": "添加静态表达",
        "body": "***<ol> \n <li>从＆nbsp; <strong>映射编辑器</strong>的右窗格中，展开＆nbsp; <strong> label-lblline＆nbsp; </strong>，然后右键单击on＆nbsp; <strong> text {string} {string} </strong> {7} {7} {7}和select＆nbsp; <strong>添加表达式</strong>。</li> \n <li>在出现的框中，添加以下表达式：<br /> <span style=\"background-color: #999999;\"> <strong>“” </strong> </span> <br /> {17} {17}单击框外的任何地方以关闭它。</li> \n <li>从＆nbsp; <strong>操作编辑器的左菜单中，在<strong>网络</strong>部分下，选择＆nbsp; <strong>加载指示器</strong>。</li>。{26} \n <li>从操作编辑器的右窗格中，for＆nbsp; <strong>加载指示器</strong>，select＆nbsp; <strong> impland </strong>。</li>。{32} \n <li>单击＆nbsp; <strong>保存</strong>。</li> \n </ol>"
      },
      "navigationBar": {
        "left": {
          "text": "以前的"
        },
        "right": {
          "text": "下一个"
        }
      }
    },
    "zh-tw": {
      "content": {
        "title": "添加靜態表達",
        "body": "***<ol> \n <li>從＆nbsp; <strong>映射編輯器</strong>的右窗格中，展開＆nbsp; <strong> label-lblline＆nbsp; </strong>，然後右鍵單擊on＆nbsp; <strong> text {string} {string} </strong> {7} {7} {7}和select＆nbsp; <strong>添加表達式</strong>。</li> \n <li>在出現的框中，添加以下表達式：<br /> <span style=\"background-color: #999999;\"> <strong>“” </strong> </span> <br /> {17} {17}單擊框外的任何地方以關閉它。</li> \n <li>從＆nbsp; <strong>操作編輯器的左菜單中，在<strong>網絡</strong>部分下，選擇＆nbsp; <strong>加載指示器</strong>。</li>。{26} \n <li>從操作編輯器的右窗格中，for＆nbsp; <strong>加載指示器</strong>，select＆nbsp; <strong> impland </strong>。</li>。{32} \n <li>單擊＆nbsp; <strong>保存</strong>。</li> \n </ol>"
      },
      "navigationBar": {
        "left": {
          "text": "以前的"
        },
        "right": {
          "text": "下一個"
        }
      }
    }
  }
}