{
    "kuid": "c6eed5t0-56a6-47r0-8cu5-d9ae86nd",
    "id": "VoltMX.ConnectAppUItoDataMob_v9.static",
    "content": {
        "title": "Add a Static Expression",
        "body": "<ol>\n<li>From the right pane of the&nbsp;<strong>Mapping Editor</strong>, expand&nbsp;<strong>Label-lblLine&nbsp;</strong>and right-click on&nbsp;<strong>text{string}</strong>and select&nbsp;<strong>Add Expression</strong>.</li>\n<li>In the box that appears, add the following expression:<br /> <span style=\"background-color: #999999;\"><strong>\"\"</strong></span><br /> Click anywhere outside the box to close it.</li>\n<li>From the left menu of the&nbsp;<strong>Action Editor</strong>, under the <strong>Network </strong>section, select&nbsp;<strong>Loading Indicator</strong>.</li>\n<li>From the right pane of the Action Editor, for&nbsp;<strong>Loading Indicator</strong>, select&nbsp;<strong>Dismiss</strong>.</li>\n<li>Click&nbsp;<strong>Save</strong>.</li>\n</ol>"
    },
    "pointer": {
        "direction": "left",
        "element": "",
        "type": "none"
    },
    "navigationType": "manual",
    "navigationBar": {
        "left": {
            "text": "Previous",
            "enable": true,
            "hide": false
        },
        "right": {
            "text": "Next",
            "enable": true,
            "hide": false
        }
    },
    "navigationCondition": "",
    "position": "CENTER",
    "meta": {
        "Creator": "Rashmi Menon",
        "CreatedOn": "Mon, 23 Mar 2020 08:12:42 GMT"
    },
    "context": []
}