{
    "kuid": "d79440t5-a9a4-43r5-9eua-599454n7",
    "id": "VoltMX.EditPayeeWeb_v9.successMsg",
    "content": {
        "title": "Success Message",
        "body": "<ol>\n<li>From the <strong>Project</strong> explorer, expand <strong>Responsive Web/ Desktop </strong>&gt;<strong> Forms</strong> &gt; <strong>frmEditRecipient </strong>&gt;<strong> flexSuccess </strong>&gt;<strong> flexSuccessAlert</strong>, and select <strong>btnDone</strong>.</li>\n<li>From the <strong>Properties</strong> panel, navigate to the <strong>Action </strong>tab.</li>\n<li>For the <strong>onClick</strong> event, click <strong>Edit</strong>.<br /> The Action Editor window appears.</li>\n</ol>"
    },
    "pointer": {
        "direction": "left",
        "element": {
            "module": "projectexplorer",
            "path": "project-body\\project\\Responsive Web / Desktop\\Forms\\frmEditPayee"
        },
        "type": "default"
    },
    "navigationType": "manual",
    "navigationBar": {
        "left": {
            "text": "Previous",
            "enable": true,
            "hide": false
        },
        "right": {
            "text": "Next",
            "enable": true,
            "hide": false
        }
    },
    "navigationCondition": "",
    "position": "BOTTOM_LEFT",
    "meta": {
        "Creator": "Rashmi Menon",
        "CreatedOn": "Fri, 28 Feb 2020 06:10:21 GMT"
    },
    "context": []
}