{
    "kuid": "661b11t5-06a2-43rb-98u1-59210dn1",
    "id": "VoltMX.UseStorageServiceV9.run",
    "content": {
        "title": "Run the App",
        "body": "<ol>\n<li>From the main menu, select <strong>Build.</strong></li>\n<li>Click <Strong>Live Preview Settings.</strong></li>\n<li>From the <strong>Live Preview Settings</strong> window, under <strong>Platforms and Channels</strong>, select <strong>Responsive Web</strong>. <br />Ensure that you have unselected the checkboxes for all the other platforms and channels.</li>\n<li>Click <strong>Save &amp; Run</strong>. <br />It may take some time for Iris to show the <strong>Volt MX Iris Preview</strong> window.</li>\n</ol>\n<p>You can view the data you added on the page. <br /><br /></p>"
    },
    "pointer": {
        "direction": "left",
        "element": "",
        "type": "none"
    },
    "navigationType": "manual",
    "navigationBar": {
        "left": {
            "text": "Previous",
            "enable": true,
            "hide": false
        },
        "right": {
            "text": "Next",
            "enable": true,
            "hide": false
        }
    },
    "navigationCondition": "",
    "position": "BOTTOM_RIGHT",
    "meta": {
        "Creator": "Rashmi Menon",
        "CreatedOn": "Wed, 27 Nov 2019 10:19:45 GMT"
    },
    "context": []
}