<?xml version="1.0"?>
<Hike kuid="ba6dff13-4a5c-4f23-96f8-84925205" id="Kony.ModifyEmployeeDirectory" title="Kony.ModifyEmployeeDirectory">
    <Description>Kony.ModifyEmployeeDirectory</Description>
    <Hikecard id="Kony.ModifyEmployeeDirectory.Intro"/>
    <Hikecard id="Kony.ModifyEmployeeDirectory.CreateFormDetails"/>
    <Hikecard id="Kony.ModifyEmployeeDirectory.EmployeeSegment"/>
    <Hikecard id="Kony.ModifyEmployeeDirectory.EmployeeSegment2"/>
    <Hikecard id="Kony.ModifyEmployeeDirectory.EventMapping"/>
    <Hikecard id="Kony.ModifyEmployeeDirectory.EventMapping2"/>
    <Hikecard id="Kony.ModifyEmployeeDirectory.OSMapping"/>
    <Hikecard id="Kony.ModifyEmployeeDirectory.OSMapping2"/>
    <Hikecard id="Kony.ModifyEmployeeDirectory.Logout"/>
    <Hikecard id="Kony.ModifyEmployeeDirectory.Logout2"/>
    <Hikecard id="Kony.ModifyEmployeeDirectory.Logout3"/>
    <Hikecard id="Kony.ModifyEmployeeDirectory.Logout4"/>
    <Hikecard id="Kony.ModifyEmployeeDirectory.Back"/>
    <Hikecard id="Kony.ModifyEmployeeDirectory.openapp"/>
    <Hikecard id="Kony.ModifyEmployeeDirectory.PreviewApp"/>
    <Hikecard id="Kony.ModifyEmployeeDirectory.done"/>
</Hike>