{
  "kuid": "5f59f1t7-aca4-47r3-92u3-fc9a8fn3",
  "id": "VoltMX.addLoginServiceV9.deleteActions",
  "content": {
    "title": "Delete Unwanted Actions",
    "body": "<ol>\n<li>From the <strong>Action Editor</strong> canvas, go to <strong>(Navigate to Form)(name: frmAccount)</strong>. Right-click and select <strong>Delete</strong> for this action.</li>\n<li>From the <strong>Action Editor</strong> canvas, navigate to <strong>(INVOKE SERVICE)(name:UserAuthentication1$login)</strong> &gt; <strong>Success</strong> &gt; <strong>Show Alert</strong>.&nbsp;Right-click and select <strong>Delete</strong> for this action.</li>\n</ol>"
  },
  "pointer": {
    "direction": "left",
    "element": "",
    "type": "none"
  },
  "navigationType": "manual",
  "navigationBar": {
    "left": {
      "text": "Previous",
      "enable": true,
      "hide": false
    },
    "right": {
      "text": "Next",
      "enable": true,
      "hide": false
    }
  },
  "navigationCondition": "",
  "position": "BOTTOM_LEFT",
  "meta": {
    "Creator": "Rashmi Menon",
    "CreatedOn": "Wed, 18 Dec 2019 09:28:38 GMT"
  },
  "context": [],
  "localization": {
    "en-us": {
      "content": {
        "title": "Delete Unwanted Actions",
        "body": "<ol>\n<li>From the <strong>Action Editor</strong> canvas, go to <strong>(Navigate to Form)(name: frmAccount)</strong>. Right-click and select <strong>Delete</strong> for this action.</li>\n<li>From the <strong>Action Editor</strong> canvas, navigate to <strong>(INVOKE SERVICE)(name:UserAuthentication1$login)</strong> &gt; <strong>Success</strong> &gt; <strong>Show Alert</strong>.&nbsp;Right-click and select <strong>Delete</strong> for this action.</li>\n</ol>"
      },
      "navigationBar": {
        "left": {
          "text": "Previous"
        },
        "right": {
          "text": "Next"
        }
      }
    },
    "zh-cn": {
      "content": {
        "title": "删除不必要的动作",
        "body": "***<ol> \n <li>从<strong>操作编辑器</strong>画布，转到<strong>（导航到form）（名称：frmaccount）</strong>。 右键单击并选择<strong>为此动作删除</strong>。</li> \n <li>来自<strong>操作编辑器</strong> canvas，导航到<strong>（Invoke Service）（name：userauthentication1 $ login）</strong>＆gt; <strong>成功</strong>＆gt; <strong>显示警报</strong>。 \n </ol>"
      },
      "navigationBar": {
        "left": {
          "text": "以前的"
        },
        "right": {
          "text": "下一个"
        }
      }
    },
    "zh-tw": {
      "content": {
        "title": "刪除不必要的動作",
        "body": "***<ol> \n <li>從<strong>操作編輯器</strong>畫布，轉到<strong>（導航到form）（名稱：frmaccount）</strong>。 右鍵單擊並選擇<strong>為此動作刪除</strong>。</li> \n <li>來自<strong>操作編輯器</strong> canvas，導航到<strong>（Invoke Service）（name：userauthentication1 $ login）</strong>＆gt; <strong>成功</strong>＆gt; <strong>顯示警報</strong>。 \n </ol>"
      },
      "navigationBar": {
        "left": {
          "text": "以前的"
        },
        "right": {
          "text": "下一個"
        }
      }
    }
  }
}