{
    "kuid": "75ccddtc-5ea0-4er0-b2ud-fd9ca5n5",
    "id": "VoltMX.CreateServicesV9.configurePayeesModel1",
    "content": {
        "title": "Configure the Data Model",
        "body": "<ol>\n<li>From the left pane select the <strong>Data Model</strong> tab.</li><li>Under the Data Model tab, expand  <b>Data Model</b> > <strong>Recipients</strong> > <strong>Fields</strong>, and select<strong> RecipientID</strong>.</li>\n<li>In the right pane, modify the following values.\n<ul>\n<li>Type: <strong>number</strong></li>\n<li>Autogenerated: <strong>true</strong></li>\n</ul>\n</li>\n<li>Scroll down to the bottom and Click <strong>Save</strong>.</li>\n<li>Wait for the <strong>Object Saved Successfully</strong> advisory message before proceeding to the next step.</li>\n<li>In the left pane, navigate to <strong>Data Model</strong> &gt; <strong>Recipients</strong> &gt; <strong>Fields</strong>, and then select <strong>Phone</strong>.</li>\n<li>In the right pane, modify the following value.\n<ul>\n<li>Max Length: <strong>30</strong></li>\n</ul>\n</li>\n<li>Scroll down to bottom and click <strong>Save</strong>.</li>\n<li>Wait for the <strong>Object Saved Successfully</strong> advisory message</li>\n</ol>"
    },
    "pointer": {
        "direction": "left",
        "element": "",
        "type": "none"
    },
    "navigationType": "manual",
    "navigationBar": {
        "left": {
            "text": "Previous",
            "enable": true,
            "hide": false
        },
        "right": {
            "text": "Next",
            "enable": true,
            "hide": false
        }
    },
    "navigationCondition": "",
    "position": "BOTTOM_RIGHT",
    "meta": {
        "Creator": "Sparsh Srivastava",
        "CreatedOn": "Wed, 18 Dec 2019 09:08:50 GMT"
    },
    "context": []
}