{
    "kuid": "ba6802t4-5aa7-4brf-89u2-50d699n0",
    "id": "Kony.AuthApp.done",
    "content": {
        "title": "Congratulations",
        "body": "<p>You have successfully:</p>\n<ul>\n<li><strong>Created an Identity Service</strong></li>\n<li><strong>Integrated the identity service with the Login form</strong></li>\n</ul>\n<p><br /> To learn how to create the back-end services and link them to the app, check out the next hike: <a class=\"tour-link\" tour=\"a851b9t8-75a9-4ara-88ud-946004n9\"><strong>4.Creating Services for the Back-end data Web</strong></a>.</p>"
    },
    "pointer": {
        "direction": "left",
        "element": "",
        "type": "none"
    },
    "navigationType": "manual",
    "navigationBar": {
        "left": {
            "text": "Previous",
            "enable": true,
            "hide": false
        },
        "right": {
            "text": "Done",
            "enable": true,
            "hide": false
        }
    },
    "navigationCondition": "",
    "position": "CENTER",
    "meta": {
        "Creator": "Deepti Ravula",
        "CreatedOn": "Thu, 19 Dec 2019 07:00:58 GMT"
    },
    "context": []
}