{
  "kuid": "6776b8tc-10af-47rd-93u5-de1095nd",
  "id": "VoltMX.ShareAndPreviewAppV9.Intro",
  "content": {
    "title": "Preview in Volt MX App",
    "body": "<p><strong>Let&rsquo;s get started!</strong></p><br/>\n<p>In this hike, you will learn how to preview the Recipients app on your mobile device.</p><br/>\n<p>Before you get started, complete the following hikes:</p>\n<ol><b>\n<li><a class=\"tour-link\" tour=\"7408efte-e2aa-4cr8-a9ub-d7ba36n8\">Launch your First Mobile App</a></li>\n<li><a class=\"tour-link\" tour=\"a617eft5-7ca8-4ard-8eu8-94cdean5\">Create UI from Collections</a></li>\n<li><a class=\"tour-link\" tour=\"15d8c7t4-cda7-40rb-afu7-345cfcnc\">Add Authentication to the App</a></li>\n<li><a class=\"tour-link\" tour=\"a7a762t5-3eac-44r5-8bu2-89b781n1\">Creating Services for a Native App</a> </li>\n<li><a class=\"tour-link\" tour=\"fab6d8ta-91ac-4frc-8fud-14a9f7na\">Connect App UI to Data in a Native App</a></li>\n<li><a class=\"tour-link\" tour=\"db7f07t9-c0a5-4erb-89u0-fab1ean8\">Creating Recipient Details and Delete Feature</a></li><li><a class=\"tour-link\" tour=\"da2bbctf-3ba6-49rf-b2u9-b842dand\">Add Create Recipient</a> </li>\n<li><a class=\"tour-link\" tour=\"af52eatb-e7a4-46r0-90u8-cfd0c4n6\">Add Edit Recipient to your App</a></li></b>\n</ol><br/>\n<p>Ensure that you open the same project that you have created in the hikes 2 above.</p>\n<p>To open a closed project, from the main menu, navigate to <strong>Project</strong> &gt; <strong>Open</strong> &gt; <strong>HCL Reference Architecture</strong> &gt; <b>RecipientsMobApp</b>.</p><br/>\n<p><strong>When you are ready, click Start!</strong></p>"
  },
  "pointer": {
    "direction": "left",
    "element": "",
    "type": "none"
  },
  "navigationType": "manual",
  "navigationBar": {
    "left": {
      "text": "Previous",
      "enable": false,
      "hide": true
    },
    "right": {
      "text": "Start",
      "enable": true,
      "hide": false
    }
  },
  "navigationCondition": "",
  "position": "CENTER",
  "meta": {
    "Creator": "Prem Garudadri",
    "CreatedOn": "Wed, 18 Dec 2019 09:34:44 GMT"
  },
  "context": [],
  "localization": {
    "en-us": {
      "content": {
        "title": "Preview in Volt MX App",
        "body": "<p><strong>Let&rsquo;s get started!</strong></p><br/>\n<p>In this hike, you will learn how to preview the Recipients app on your mobile device.</p><br/>\n<p>Before you get started, complete the following hikes:</p>\n<ol><b>\n<li><a class=\"tour-link\" tour=\"7408efte-e2aa-4cr8-a9ub-d7ba36n8\">Launch your First Mobile App</a></li>\n<li><a class=\"tour-link\" tour=\"a617eft5-7ca8-4ard-8eu8-94cdean5\">Create UI from Collections</a></li>\n<li><a class=\"tour-link\" tour=\"15d8c7t4-cda7-40rb-afu7-345cfcnc\">Add Authentication to the App</a></li>\n<li><a class=\"tour-link\" tour=\"a7a762t5-3eac-44r5-8bu2-89b781n1\">Creating Services for a Native App</a> </li>\n<li><a class=\"tour-link\" tour=\"fab6d8ta-91ac-4frc-8fud-14a9f7na\">Connect App UI to Data in a Native App</a></li>\n<li><a class=\"tour-link\" tour=\"db7f07t9-c0a5-4erb-89u0-fab1ean8\">Creating Recipient Details and Delete Feature</a></li><li><a class=\"tour-link\" tour=\"da2bbctf-3ba6-49rf-b2u9-b842dand\">Add Create Recipient</a> </li>\n<li><a class=\"tour-link\" tour=\"af52eatb-e7a4-46r0-90u8-cfd0c4n6\">Add Edit Recipient to your App</a></li></b>\n</ol><br/>\n<p>Ensure that you open the same project that you have created in the hikes 2 above.</p>\n<p>To open a closed project, from the main menu, navigate to <strong>Project</strong> &gt; <strong>Open</strong> &gt; <strong>HCL Reference Architecture</strong> &gt; <b>RecipientsMobApp</b>.</p><br/>\n<p><strong>When you are ready, click Start!</strong></p>"
      },
      "navigationBar": {
        "left": {
          "text": "Previous"
        },
        "right": {
          "text": "Start"
        }
      }
    },
    "zh-cn": {
      "content": {
        "title": "Volt MX应用程序预览",
        "body": "<p> <strong>让我开始！</strong> </p> <br/> \n <p>在这次远足中，您将学习如何在移动设备上预览收件人应用。</p> <br/> \n <p>在开始之前，完成以下徒步旅行：</p> \n <ol> <b> \n <li> <a class=\"tour-link\" tour=\"7408efte-e2aa-4cr8-a9ub-d7ba36n8\">启动您的第一个移动应用</a> </li> \n <li> <a class=\"tour-link\" tour=\"a617eft5-7ca8-4ard-8eu8-94cdean5\">从集合</a> </li>创建UI \n <li> <a class=\"tour-link\" tour=\"15d8c7t4-cda7-40rb-afu7-345cfcnc\">将身份验证添加到app </a> </li> \n <li> <a class=\"tour-link\" tour=\"a7a762t5-3eac-44r5-8bu2-89b781n1\">为本机应用创建服务</a> </li> \n <li> <a class=\"tour-link\" tour=\"fab6d8ta-91ac-4frc-8fud-14a9f7na\">将应用程序UI连接到本机应用中的数据</a> </li> \n <li> <a class=\"tour-link\" tour=\"db7f07t9-c0a5-4erb-89u0-fab1ean8\">创建收件人详细信息和删除功能</a> </li> <li> <a class=\"tour-link\" tour=\"da2bbctf-3ba6-49rf-b2u9-b842dand\">添加创建create createment </a> </li> \n <li> <a class=\"tour-link\" tour=\"af52eatb-e7a4-46r0-90u8-cfd0c4n6\">将编辑收件人添加到您的应用</a> </li> </b> \n </ol> <br/> \n <p>确保您打开与上面徒步旅行2中创建的相同项目。</p> \n <p>从主菜单中打开一个封闭的项目，导航至<strong> project </strong>＆gt; <strong>打开</strong>＆gt; <strong> HCl参考架构</strong>＆gt; <b>收件人mobapp </b>。</p> <br/> \n <p> <strong>您准备就绪时，单击“开始”！</strong> </p>"
      },
      "navigationBar": {
        "left": {
          "text": "以前的"
        },
        "right": {
          "text": "开始"
        }
      }
    },
    "zh-tw": {
      "content": {
        "title": "Volt MX應用程序預覽",
        "body": "<p> <strong>讓我開始！</strong> </p> <br/> \n <p>在這次遠足中，您將學習如何在移動設備上預覽收件人應用。</p> <br/> \n <p>在開始之前，完成以下徒步旅行：</p> \n <ol> <b> \n <li> <a class=\"tour-link\" tour=\"7408efte-e2aa-4cr8-a9ub-d7ba36n8\">啟動您的第一個移動應用</a> </li> \n <li> <a class=\"tour-link\" tour=\"a617eft5-7ca8-4ard-8eu8-94cdean5\">從集合</a> </li>創建UI \n <li> <a class=\"tour-link\" tour=\"15d8c7t4-cda7-40rb-afu7-345cfcnc\">將身份驗證添加到app </a> </li> \n <li> <a class=\"tour-link\" tour=\"a7a762t5-3eac-44r5-8bu2-89b781n1\">為本機應用創建服務</a> </li> \n <li> <a class=\"tour-link\" tour=\"fab6d8ta-91ac-4frc-8fud-14a9f7na\">將應用程序UI連接到本機應用中的數據</a> </li> \n <li> <a class=\"tour-link\" tour=\"db7f07t9-c0a5-4erb-89u0-fab1ean8\">創建收件人詳細信息和刪除功能</a> </li> <li> <a class=\"tour-link\" tour=\"da2bbctf-3ba6-49rf-b2u9-b842dand\">添加創建create createment </a> </li> \n <li> <a class=\"tour-link\" tour=\"af52eatb-e7a4-46r0-90u8-cfd0c4n6\">將編輯收件人添加到您的應用</a> </li> </b> \n </ol> <br/> \n <p>確保您打開與上面徒步旅行2中創建的相同項目。</p> \n <p>從主菜單中打開一個封閉的項目，導航到<strong> project </strong>＆gt; <strong>打開</strong>＆gt; <strong> HCl參考架構</strong>＆gt; <b>收件人mobapp </b>。</p> <br/> \n <p> <strong>您準備就緒時，單擊“開始”！</strong> </p>"
      },
      "navigationBar": {
        "left": {
          "text": "以前的"
        },
        "right": {
          "text": "開始"
        }
      }
    }
  }
}