{
    "kuid": "afe261t5-eaa5-4ar3-97ud-ca7a28ne",
    "id": "VoltMX.AuthApp.MappingLogout",
    "content": {
        "title": "Map Logout Parameters to UI",
        "body": "<ol>\n<li>From the <strong>Project</strong> explorer, expand <strong>Responsive Web/Desktop </strong>&gt;<strong> Forms</strong> &gt; <strong>frmAccount</strong> &gt;<strong> flxAccountList </strong>&gt;<strong> flxHeader </strong>and select <strong>flxUserLogout</strong>.</li>\n<li>From the <strong>Properties</strong>&nbsp;panel, navigate to the <strong>Action&nbsp;</strong>tab.</li>\n<li>For the <strong>onClick </strong>event, click <strong>Edit</strong>.<br /> The <strong>Action Editor</strong> window appears.</li>\n</ol>"
    },
    "pointer": {
        "direction": "left",
        "element": {
            "module": "actioneditor",
            "itemType": "ae-action-type",
            "info": {
                "actionType": "Invoke Service"
            }
        },
        "type": "default"
    },
    "navigationType": "manual",
    "navigationBar": {
        "left": {
            "text": "Previous",
            "enable": true,
            "hide": false
        },
        "right": {
            "text": "Next",
            "enable": true,
            "hide": false
        }
    },
    "navigationCondition": "",
    "position": "BOTTOM_RIGHT",
    "meta": {
        "Creator": "Deepti Ravula",
        "CreatedOn": "Thu, 19 Dec 2019 06:42:37 GMT"
    },
    "context": []
}