{
  "kuid": "afe261t5-eaa5-4ar3-97ud-ca7a28ne",
  "id": "VoltMX.AuthApp.MappingLogout",
  "content": {
    "title": "Map Logout Parameters to UI",
    "body": "<ol>\n<li>From the <strong>Project</strong> explorer, expand <strong>Responsive Web / Desktop </strong>&gt;<strong> Forms</strong> &gt; <strong>frmAccount</strong> &gt;<strong> flxAccountList </strong>&gt;<strong> flxHeader </strong>and select <strong>flxUserLogout</strong>.</li>\n<li>From the <strong>Properties</strong>&nbsp;panel, navigate to the <strong>Action&nbsp;</strong>tab.</li>\n<li>For the <strong>onClick </strong>event, click <strong>Edit</strong>.<br /> The <strong>Action Editor</strong> window appears.</li>\n</ol>"
  },
  "pointer": {
    "direction": "left",
    "element": {
      "module": "projectexplorer",
      "path": "project-body\\project\\Responsive Web / Desktop"
    },
    "type": "default"
  },
  "navigationType": "manual",
  "navigationBar": {
    "left": {
      "text": "Previous",
      "enable": true,
      "hide": false
    },
    "right": {
      "text": "Next",
      "enable": true,
      "hide": false
    }
  },
  "navigationCondition": "",
  "position": "BOTTOM_LEFT",
  "meta": {
    "Creator": "Deepti Ravula",
    "CreatedOn": "Thu, 19 Dec 2019 06:42:37 GMT"
  },
  "context": [],
  "localization": {
    "en-us": {
      "content": {
        "title": "Map Logout Parameters to UI",
        "body": "<ol>\n<li>From the <strong>Project</strong> explorer, expand <strong>Responsive Web / Desktop </strong>&gt;<strong> Forms</strong> &gt; <strong>frmAccount</strong> &gt;<strong> flxAccountList </strong>&gt;<strong> flxHeader </strong>and select <strong>flxUserLogout</strong>.</li>\n<li>From the <strong>Properties</strong>&nbsp;panel, navigate to the <strong>Action&nbsp;</strong>tab.</li>\n<li>For the <strong>onClick </strong>event, click <strong>Edit</strong>.<br /> The <strong>Action Editor</strong> window appears.</li>\n</ol>"
      },
      "navigationBar": {
        "left": {
          "text": "Previous"
        },
        "right": {
          "text": "Next"
        }
      }
    },
    "zh-cn": {
      "content": {
        "title": "映射注销参数到UI",
        "body": "***<ol> \n <li>从<strong> project </strong>探索器，展开<strong>响应web / desktop </strong>＆gt; <strong> forms </strong>＆gt; <strong> frmaccount </strong>＆gt; <strong> flxAccountlist </strong>＆gt; <strong> flxheader </strong>并选择<strong> flxuserlogout </strong>。</li>。{16} \n <li>来自<strong>属性</strong>＆nbsp; panel，导航到<strong> action＆nbsp; </strong> tab。</li> \n <li>对于<strong> onClick </strong>事件，单击<strong> edit </strong>。 \n </ol>"
      },
      "navigationBar": {
        "left": {
          "text": "以前的"
        },
        "right": {
          "text": "下一个"
        }
      }
    },
    "zh-tw": {
      "content": {
        "title": "映射註銷參數到UI",
        "body": "***<ol> \n <li>從<strong> project </strong>探索器，展開<strong>響應web / desktop </strong>＆gt; <strong> forms </strong>＆gt; <strong> frmaccount </strong>＆gt; <strong> flxAccountlist </strong>＆gt; <strong> flxheader </strong>並選擇<strong> flxuserlogout </strong>。</li>。{16} \n <li>來自<strong>屬性</strong>＆nbsp; panel，導航到<strong> action＆nbsp; </strong> tab。</li> \n <li>對於<strong> onClick </strong>事件，單擊<strong> edit </strong>。 \n </ol>"
      },
      "navigationBar": {
        "left": {
          "text": "以前的"
        },
        "right": {
          "text": "下一個"
        }
      }
    }
  }
}