{
    "kuid": "e3f0fet4-22a4-44r1-a3ub-06f7c7n3",
    "id": "kony.AddCreatePayeeWeb_v9.done",
    "content": {
        "title": "Congratulations",
        "body": "<p>You&rsquo;ve successfully:</p>\n<ul>\n<li><strong>Generated the Create Recipients screen</strong></li>\n<li><strong>Created and customized the UI for the create recipients screen</strong></li>\n<li><strong>Added navigation to and from the Create Recipients screen<br /></strong></li>\n<li><strong>Added logout to the create recipients screen</strong></li>\n</ul>\n<p>For more information on editing the recipients in your app, check out the next hike: <a class=\"tour-link\" tour=\"c108beta-87ac-46re-87u3-92e61cnf\">8. Add Edit Recipients Feature</a>.</p>"
    },
    "pointer": {
        "direction": "left",
        "element": "",
        "type": "none"
    },
    "navigationType": "manual",
    "navigationBar": {
        "left": {
            "text": "Previous",
            "enable": true,
            "hide": false
        },
        "right": {
            "text": "Done",
            "enable": true,
            "hide": false
        }
    },
    "navigationCondition": "",
    "position": "CENTER",
    "meta": {
        "Creator": "Rashmi Menon",
        "CreatedOn": "Tue, 25 Feb 2020 05:51:47 GMT"
    },
    "context": []
}