{
  "kuid": "ee6e10t0-22a6-49r2-9bue-b5584cn8",
  "id": "VoltMX.AddCreatePayeeWeb_v9.Intro",
  "content": {
    "title": "Adding Recipient to a Web App",
    "body": "<p><strong>Let&rsquo;s get started!</strong></p>\n<p>In this hike, you will learn how to:</p>\n<ul>\n<li>Generate a form Create Recipient</li>\n<li>Design the UI for the Create Recipient form using services</li>\n</ul>\n<p>Before you get started, complete the following hikes:</p>\n<ol><b>\n<li><a class=\"tour-link\" tour=\"705a94tb-faa0-47r7-a1ud-31b3dbnf\">Launch your Responsive Web App</a></li>\n<li><a class=\"tour-link\" tour=\"220f01t3-bda6-40r0-92uf-56631bnb\">Create UI from Collections</a></li>\n<li><a class=\"tour-link\" tour=\"5e1da5td-37a0-44r6-beu6-374c3cn1\">Add Authentication to the App</a></li>\n<li><a class=\"tour-link\" tour=\"a851b9t8-75a9-4ara-88ud-946004n9\">Creating Services for a Web App</a></li>\n<li><a class=\"tour-link\" tour=\"ca148ftd-07a9-4ard-98ud-6163d4nc\">Connect App UI to Data in a Web App</a></li>\n<li><a class=\"tour-link\" tour=\"082af3t0-74a2-4ere-a6u3-749d59n5\">Creating Recipient Details and Delete Feature</a></li></b>\n</ol>\n<p>&nbsp;</p>\n<p>Ensure that you open the same project that you have created in the hikes 2 above.</p>\n<p>To open a closed project, from the main menu, navigate to <strong>Project</strong> &gt; <strong>Open</strong> &gt; <strong>HCL Reference Architecture</strong> &gt; <strong>RecipientsWebApp2</strong>.</p>\n<p><strong>When you are ready, click Start!</strong></p>"
  },
  "pointer": {
    "direction": "left",
    "element": "",
    "type": "none"
  },
  "navigationType": "manual",
  "navigationBar": {
    "left": {
      "text": "Previous",
      "enable": false,
      "hide": true
    },
    "right": {
      "text": "Start",
      "enable": true,
      "hide": false
    }
  },
  "navigationCondition": "",
  "position": "CENTER",
  "meta": {
    "Creator": "Rashmi Menon",
    "CreatedOn": "Tue, 25 Feb 2020 04:50:30 GMT"
  },
  "context": [],
  "localization": {
    "en-us": {
      "content": {
        "title": "Adding Recipient to a Web App",
        "body": "<p><strong>Let&rsquo;s get started!</strong></p>\n<p>In this hike, you will learn how to:</p>\n<ul>\n<li>Generate a form Create Recipient</li>\n<li>Design the UI for the Create Recipient form using services</li>\n</ul>\n<p>Before you get started, complete the following hikes:</p>\n<ol><b>\n<li><a class=\"tour-link\" tour=\"705a94tb-faa0-47r7-a1ud-31b3dbnf\">Launch your Responsive Web App</a></li>\n<li><a class=\"tour-link\" tour=\"220f01t3-bda6-40r0-92uf-56631bnb\">Create UI from Collections</a></li>\n<li><a class=\"tour-link\" tour=\"5e1da5td-37a0-44r6-beu6-374c3cn1\">Add Authentication to the App</a></li>\n<li><a class=\"tour-link\" tour=\"a851b9t8-75a9-4ara-88ud-946004n9\">Creating Services for a Web App</a></li>\n<li><a class=\"tour-link\" tour=\"ca148ftd-07a9-4ard-98ud-6163d4nc\">Connect App UI to Data in a Web App</a></li>\n<li><a class=\"tour-link\" tour=\"082af3t0-74a2-4ere-a6u3-749d59n5\">Creating Recipient Details and Delete Feature</a></li></b>\n</ol>\n<p>&nbsp;</p>\n<p>Ensure that you open the same project that you have created in the hikes 2 above.</p>\n<p>To open a closed project, from the main menu, navigate to <strong>Project</strong> &gt; <strong>Open</strong> &gt; <strong>HCL Reference Architecture</strong> &gt; <strong>RecipientsWebApp2</strong>.</p>\n<p><strong>When you are ready, click Start!</strong></p>"
      },
      "navigationBar": {
        "left": {
          "text": "Previous"
        },
        "right": {
          "text": "Start"
        }
      }
    },
    "zh-cn": {
      "content": {
        "title": "将收件人添加到网络应用",
        "body": "<p> <strong>让我开始！</strong> </p> \n <p>在这次远足中，您将学习如何：</p> \n <ul> \n <li>生成一个表单创建收件人</li> \n <li>使用服务</li>设计创建收件人表单的UI \n </ul> \n <p>在开始之前，完成以下徒步旅行：</p> \n <ol> <b> \n <li> <a class=\"tour-link\" tour=\"705a94tb-faa0-47r7-a1ud-31b3dbnf\">启动响应式Web应用</a> </li> \n <li> <a class=\"tour-link\" tour=\"220f01t3-bda6-40r0-92uf-56631bnb\">从集合</a> </li>创建UI \n <li> <a class=\"tour-link\" tour=\"5e1da5td-37a0-44r6-beu6-374c3cn1\">将身份验证添加到app </a> </li> \n <li> <a class=\"tour-link\" tour=\"a851b9t8-75a9-4ara-88ud-946004n9\">为Web应用创建服务</a> </li> \n <li> <a class=\"tour-link\" tour=\"ca148ftd-07a9-4ard-98ud-6163d4nc\">将应用程序UI连接到Web应用中的数据</a> </li> \n <li> <a class=\"tour-link\" tour=\"082af3t0-74a2-4ere-a6u3-749d59n5\">创建收件人详细信息和删除功能</a> </li> </b> \n </ol> \n <p>＆nbsp; </p> \n <p>确保您打开与上面徒步旅行2中创建的相同项目。</p> \n <p>要从主菜单中打开一个封闭的项目，请导航至<strong> project </strong>＆gt; <strong>打开</strong>＆gt; <strong> HCl参考架构</strong>＆gt; <strong> coverientswebapp2 </strong>。</p> \n <p> <strong>您准备就绪时，单击“开始”！</strong> </p>"
      },
      "navigationBar": {
        "left": {
          "text": "以前的"
        },
        "right": {
          "text": "开始"
        }
      }
    },
    "zh-tw": {
      "content": {
        "title": "將收件人添加到網絡應用",
        "body": "<p> <strong>讓我開始！</strong> </p> \n <p>在這次遠足中，您將學習如何：</p> \n <ul> \n <li>生成一個表單創建收件人</li> \n <li>使用服務</li>設計創建收件人表單的UI \n </ul> \n <p>在開始之前，完成以下徒步旅行：</p> \n <ol> <b> \n <li> <a class=\"tour-link\" tour=\"705a94tb-faa0-47r7-a1ud-31b3dbnf\">啟動響應式Web應用</a> </li> \n <li> <a class=\"tour-link\" tour=\"220f01t3-bda6-40r0-92uf-56631bnb\">從集合</a> </li>創建UI \n <li> <a class=\"tour-link\" tour=\"5e1da5td-37a0-44r6-beu6-374c3cn1\">將身份驗證添加到app </a> </li> \n <li> <a class=\"tour-link\" tour=\"a851b9t8-75a9-4ara-88ud-946004n9\">為Web應用創建服務</a> </li> \n <li> <a class=\"tour-link\" tour=\"ca148ftd-07a9-4ard-98ud-6163d4nc\">將應用程序UI連接到Web應用中的數據</a> </li> \n <li> <a class=\"tour-link\" tour=\"082af3t0-74a2-4ere-a6u3-749d59n5\">創建收件人詳細信息和刪除功能</a> </li> </b> \n </ol> \n <p>＆nbsp; </p> \n <p>確保您打開與上面徒步旅行2中創建的相同項目。</p> \n <p>要從主菜單中打開一個封閉的項目，請導航至<strong> project </strong>＆gt; <strong>打開</strong>＆gt; <strong> HCl參考架構</strong>＆gt; <strong> coverientswebapp2 </strong>。</p> \n <p> <strong>您準備就緒時，單擊“開始”！</strong> </p>"
      },
      "navigationBar": {
        "left": {
          "text": "以前的"
        },
        "right": {
          "text": "開始"
        }
      }
    }
  }
}