{
    "kuid": "7b59ef95-ccdb-4a9f-a66f-288e6d76",
    "id": "Kony.ModifyEmployeeDirectory.EventMapping2",
    "content": {
        "title": "Get Employee Details",
        "body": "<ol>\n<li>From the <strong>Action Editor</strong> left menu, under <strong>Network APIs</strong>, select <strong>Invoke Object Service</strong>.</li>\n<li>From the lower pane of the <strong>Action Editor</strong>, from the <strong>Select Service</strong> drop-down list, select <strong>EmployeeServices$employees</strong>.</li>\n<li>From the lower pane of the <strong>Action Editor</strong>, from the <strong>Select Method</strong> drop-down list, select <strong>get</strong>.</li>\n<li>Click <strong>Advanced</strong>.</li>\n<li>Under <strong>Request Parameters</strong>, for the <strong>$filter</strong> field, enter the value: <br /><strong> <span style=\"background-color: #f1f1f1; border: 1px solid #ddd;\"> 'Emp_id eq ' + selectedEmployeeId</span></strong></li>\n<li>From the <strong>Action Editor</strong> canvas, under <strong>Call Object Service : EmployeeServices$employees$get</strong>, select <strong>Callback</strong>.</li>\n</ol>"
    },
    "position": "TOP_RIGHT",
    "navigationType": "manual",
    "navigationCondition": "",
    "pointer": {
        "direction": "left",
        "element": {
            "module": "actioneditor",
            "itemType": "ae-action-type",
            "info": {
                "actionType": "Invoke Object Service"
            }
        },
        "type": "default"
    },
    "navigationBar": {
        "left": {
            "text": "Previous",
            "hide": false,
            "enable": true
        },
        "right": {
            "text": "Next",
            "enable": true,
            "hide": false
        }
    }
}