{
  "kuid": "c3df11t7-bea9-4dr4-a0u3-0ab3abn2",
  "id": "VoltMX.VoltMXOrientationV9.ProjectExplorer",
  "content": {
    "title": "Project Explorer",
    "body": "<p>The <strong>Project </strong>explorer contains options to create apps for Responsive web, Mobile web, and Native (Android and iOS). Using the form in each channel, you can create the user interface of an app.</p>"
  },
  "pointer": {
    "direction": "left",
    "element": {
      "module": "projectexplorer"
    },
    "type": "default"
  },
  "navigationType": "manual",
  "navigationBar": {
    "left": {
      "text": "Previous",
      "enable": true,
      "hide": false
    },
    "right": {
      "text": "Next",
      "enable": true,
      "hide": false
    }
  },
  "navigationCondition": "",
  "position": "BOTTOM_RIGHT",
  "meta": {
    "Creator": "Rashmi Menon",
    "CreatedOn": "Mon, 25 Nov 2019 06:57:18 GMT"
  },
  "context": [],
  "localization": {
    "en-us": {
      "content": {
        "title": "Project Explorer",
        "body": "<p>The <strong>Project </strong>explorer contains options to create apps for Responsive web, Mobile web, and Native (Android and iOS). Using the form in each channel, you can create the user interface of an app.</p>"
      },
      "navigationBar": {
        "left": {
          "text": "Previous"
        },
        "right": {
          "text": "Next"
        }
      }
    },
    "zh-cn": {
      "content": {
        "title": "项目资源管理器",
        "body": "<p> <strong> project </strong> Explorer包含为响应式Web，移动Web和本机（Android和iOS）创建应用程序的选项。 使用每个频道中的表单，您可以创建应用程序的用户界面。</p>"
      },
      "navigationBar": {
        "left": {
          "text": "以前的"
        },
        "right": {
          "text": "下一个"
        }
      }
    },
    "zh-tw": {
      "content": {
        "title": "項目資源管理器",
        "body": "<p> <strong> project </strong> Explorer包含為響應式Web，移動Web和本機（Android和iOS）創建應用程序的選項。 使用每個頻道中的表單，您可以創建應用程序的用戶界面。</p>"
      },
      "navigationBar": {
        "left": {
          "text": "以前的"
        },
        "right": {
          "text": "下一個"
        }
      }
    }
  }
}