{
  "kuid": "da1570te-a2a9-4drf-b1u4-ccb7d0nf",
  "id": "VoltMX.IntroductiontoSegmentV9.sknLabel",
  "content": {
    "title": "UI of Label",
    "body": "<ol><li>From the <b>Properties</b> panel, navigate to the <b>Skin</b> tab.</li>\n<li>Under the <b>Fonts</b> section, assign the following values:<br/>\nSize: <b>100%</b></li></ol>"
  },
  "pointer": {
    "direction": "top",
    "element": {
      "module": "propertieswindow",
      "itemType": "pw-tab",
      "info": {
        "tabName": "Skin"
      }
    },
    "type": "default"
  },
  "navigationType": "manual",
  "navigationBar": {
    "left": {
      "text": "Previous",
      "enable": true,
      "hide": false
    },
    "right": {
      "text": "Next",
      "enable": true,
      "hide": false
    }
  },
  "navigationCondition": "",
  "position": "BOTTOM_RIGHT",
  "meta": {
    "Creator": "Rashmi Menon",
    "CreatedOn": "Mon, 25 Nov 2019 10:16:54 GMT"
  },
  "context": [],
  "localization": {
    "en-us": {
      "content": {
        "title": "UI of Label",
        "body": "<ol><li>From the <b>Properties</b> panel, navigate to the <b>Skin</b> tab.</li>\n<li>Under the <b>Fonts</b> section, assign the following values:<br/>\nSize: <b>100%</b></li></ol>"
      },
      "navigationBar": {
        "left": {
          "text": "Previous"
        },
        "right": {
          "text": "Next"
        }
      }
    },
    "zh-cn": {
      "content": {
        "title": "标签的UI",
        "body": "<ol> <li>从<b> properties </b>面板，导航到<b> skin </b> tab。</li> \n <li>在<b> fonts </b>部分下，分配以下值：<br/> \n 尺寸：<b> 100％</b> </li> </ol>"
      },
      "navigationBar": {
        "left": {
          "text": "以前的"
        },
        "right": {
          "text": "下一个"
        }
      }
    },
    "zh-tw": {
      "content": {
        "title": "標籤的UI",
        "body": "<ol> <li>從<b> properties </b>面板，導航到<b> skin </b> tab。</li> \n <li>在<b> fonts </b>部分下，分配以下值：<br/> \n 尺寸：<b> 100％</b> </li> </ol>"
      },
      "navigationBar": {
        "left": {
          "text": "以前的"
        },
        "right": {
          "text": "下一個"
        }
      }
    }
  }
}