{
  "kuid": "05b9dft3-a3a5-4fr5-adu9-ee950cn6",
  "id": "VoltMX.AddCreatePayeeWeb_v9.configureAdd3",
  "content": {
    "title": "Configure the Success Alert",
    "body": "<ol>\n<li>From the left menu of the <strong>Action Editor</strong>, under the <strong>Function</strong> section, select <strong>Add Snippet</strong>.</li>\n<li>In the right pane, type the following code:<br /><span style=\"background-color: #999999;\"> self.view.forceLayout();</span></li>\n<li>Click <strong>Save</strong>.</li>\n</ol>"
  },
  "pointer": {
    "direction": "left",
    "element": {
      "module": "actioneditor",
      "itemType": "ae-action-type",
      "info": {
        "actionType": "Add Snippet"
      }
    },
    "type": "none"
  },
  "navigationType": "manual",
  "navigationBar": {
    "left": {
      "text": "Previous",
      "enable": true,
      "hide": false
    },
    "right": {
      "text": "Next",
      "enable": true,
      "hide": false
    }
  },
  "navigationCondition": "",
  "position": "BOTTOM_LEFT",
  "meta": {
    "Creator": "Rashmi Menon",
    "CreatedOn": "Tue, 25 Feb 2020 05:19:14 GMT"
  },
  "context": [],
  "localization": {
    "en-us": {
      "content": {
        "title": "Configure the Success Alert",
        "body": "<ol>\n<li>From the left menu of the <strong>Action Editor</strong>, under the <strong>Function</strong> section, select <strong>Add Snippet</strong>.</li>\n<li>In the right pane, type the following code:<br /><span style=\"background-color: #999999;\"> self.view.forceLayout();</span></li>\n<li>Click <strong>Save</strong>.</li>\n</ol>"
      },
      "navigationBar": {
        "left": {
          "text": "Previous"
        },
        "right": {
          "text": "Next"
        }
      }
    },
    "zh-cn": {
      "content": {
        "title": "配置成功警报",
        "body": "***<ol> \n <li>从<strong>操作编辑器的左菜单</strong>，在<strong>函数</strong>部分下，选择<strong>添加smippet </strong>。</li>。{8} \n <li>在右窗格中，键入以下代码：<br /> <span style=\"background-color: #999999;\"> self.view.forcelayout（）; </span> </li> {13} \n <li>单击<strong>保存</strong>。</li> \n </ol>"
      },
      "navigationBar": {
        "left": {
          "text": "以前的"
        },
        "right": {
          "text": "下一个"
        }
      }
    },
    "zh-tw": {
      "content": {
        "title": "配置成功警報",
        "body": "***<ol> \n <li>從<strong>操作編輯器的左菜單</strong>，在<strong>函數</strong>部分下，選擇<strong>添加smippet </strong>。</li>。{8} \n <li>在右窗格中，鍵入以下代碼：<br /> <span style=\"background-color: #999999;\"> self.view.forcelayout（）; </span> </li> {13} \n <li>單擊<strong>保存</strong>。</li> \n </ol>"
      },
      "navigationBar": {
        "left": {
          "text": "以前的"
        },
        "right": {
          "text": "下一個"
        }
      }
    }
  }
}