{
  "kuid": "7338a7t1-b4a6-47r8-acu8-e660d7n1",
  "id": "VoltMX.IntroductionToInternationalV9.connect",
  "content": {
    "title": "Connect your Mobile Device",
    "body": "<ol>\n<li>Connect your <strong>mobile</strong> device to your computer using a USB cable.<br />For an Android mobile device, ensure that the use of USB is set as <strong>Transfer</strong> <strong>files</strong>.</li>\n<li>Ensure that the device language is set as <strong>English (United States)</strong>.</li>\n</ol>"
  },
  "pointer": {
    "direction": "left",
    "element": "",
    "type": "none"
  },
  "navigationType": "manual",
  "navigationBar": {
    "left": {
      "text": "Previous",
      "enable": true,
      "hide": false
    },
    "right": {
      "text": "Next",
      "enable": true,
      "hide": false
    }
  },
  "navigationCondition": "",
  "position": "CENTER",
  "meta": {
    "Creator": "Rashmi Menon",
    "CreatedOn": "Thu, 05 Dec 2019 06:03:20 GMT"
  },
  "context": [],
  "localization": {
    "en-us": {
      "content": {
        "title": "Connect your Mobile Device",
        "body": "<ol>\n<li>Connect your <strong>mobile</strong> device to your computer using a USB cable.<br />For an Android mobile device, ensure that the use of USB is set as <strong>Transfer</strong> <strong>files</strong>.</li>\n<li>Ensure that the device language is set as <strong>English (United States)</strong>.</li>\n</ol>"
      },
      "navigationBar": {
        "left": {
          "text": "Previous"
        },
        "right": {
          "text": "Next"
        }
      }
    },
    "zh-cn": {
      "content": {
        "title": "连接移动设备",
        "body": "***<ol> \n <li>使用USB电缆将您的<strong>移动</strong>设备连接到计算机。<br />对于Android移动设备，请确保将USB的使用设置为<strong> Transfer </strong> <strong> {7}文件 </strong>。</li> \n <li>确保设备语言设置为<strong>英语（美国）</strong>。</li> \n </ol>"
      },
      "navigationBar": {
        "left": {
          "text": "以前的"
        },
        "right": {
          "text": "下一个"
        }
      }
    },
    "zh-tw": {
      "content": {
        "title": "連接移動設備",
        "body": "***<ol> \n <li>使用USB電纜將您的<strong>移動</strong>設備連接到計算機。<br />對於Android移動設備，請確保將USB的使用設置為<strong> Transfer </strong> <strong> {7}文件 </strong>。</li> \n <li>確保設備語言設置為<strong>英語（美國）</strong>。</li> \n </ol>"
      },
      "navigationBar": {
        "left": {
          "text": "以前的"
        },
        "right": {
          "text": "下一個"
        }
      }
    }
  }
}