{
    "kuid": "619cc4t2-eea7-43r9-b7ua-139f15n0",
    "id": "VoltMX.CreateDetailsScreen_v9.deleteActions1",
    "content": {
        "title": "Unbinding Data",
        "body": "<ol>\n<li>From the <strong>Action Editor </strong>canvas, select <strong>Invoke Service:RecipientStorage$Recipients$get</strong>.</li>\n<li>From the right pane of the <strong>Action Editor</strong>, select <strong>Update Filter Query</strong>.<br />The <strong>Mapping Editor</strong> window appears.</li>\n<li>From the right pane of the <strong>Mapping Editor</strong>, expand <strong>Services</strong> &gt; <strong>Service-RecipientStorage$Recipients$get</strong>.</li>\n<li>From the right pane of the <strong>Mapping Editor</strong>, right-click and select <strong>Unbind</strong> for the following elements:\n<ul>\n<li><strong>FirstName {string}</strong></li>\n<li><strong>LastName {string}</strong></li>\n<li><strong>Phone {string}</strong></li>\n</ul>\n</li>\n<li>Click <strong>Save</strong>.</li>\n</ol>"
    },
    "pointer": {
        "direction": "left",
        "element": "",
        "type": "none"
    },
    "navigationType": "manual",
    "navigationBar": {
        "left": {
            "text": "Previous",
            "enable": true,
            "hide": false
        },
        "right": {
            "text": "Next",
            "enable": true,
            "hide": false
        }
    },
    "navigationCondition": "",
    "position": "BOTTOM_RIGHT",
    "meta": {
        "Creator": "Rashmi Menon",
        "CreatedOn": "Thu, 20 Feb 2020 11:33:51 GMT"
    },
    "context": []
}