{
    "kuid": "fcd572t3-dca3-44rb-88u8-75bec8ne",
    "id": "kony.AssignDatatotheSegmentV9.services",
    "content": {
        "title": "Add Services to EmployeeList",
        "body": "<ol>\n<li>From the Project explorer, expand <strong>Mobile</strong> &gt; <strong>Forms</strong> &gt; <strong>frmList</strong>.</li>\n<li>Select <strong>employeeSegment</strong>.</li>\n<li>Click the <strong>Data &amp; Services</strong> panel on the top-right corner of Visualizer.</li>\n</ol>"
    },
    "pointer": {
        "direction": "top",
        "element": {
            "module": "datapanel",
            "itemType": "dp_tab"
        },
        "type": "default"
    },
    "navigationType": "manual",
    "navigationBar": {
        "left": {
            "text": "Previous",
            "enable": true,
            "hide": false
        },
        "right": {
            "text": "Next",
            "enable": true,
            "hide": false
        }
    },
    "navigationCondition": "",
    "position": "BOTTOM_RIGHT",
    "meta": {
        "Creator": "Rashmi Menon",
        "CreatedOn": "Mon, 25 Nov 2019 11:05:41 GMT"
    },
    "context": []
}