{
  "kuid": "080972t5-c4ae-4cr4-94ub-5c8a9cna",
  "id": "VoltMX.AssignDatatotheSegmentV9.dupLabel1",
  "content": {
    "title": "Duplicate the Label employeeName",
    "body": "<ol>\n<li>Right-click on <strong>employeeName </strong>and select <strong>Duplicate</strong>.</li>\n<li>Right-click on the label named as <b>CopyemployeeNameXXXX</b> under <b>employeeSegment</b>, select <strong>Rename</strong>.</li>\n<li>Rename the label from <b>CopyemployeeNameXXXX</b> to <strong>empDesignation</strong>.</li>\n</ol>"
  },
  "pointer": {
    "direction": "left",
    "element": {
      "module": "projectexplorer",
      "path": "project-body\\project\\Mobile\\Forms\\frmList\\employeeSegment\\employeeName"
    },
    "type": "default"
  },
  "navigationType": "manual",
  "navigationBar": {
    "left": {
      "text": "Previous",
      "enable": true,
      "hide": false
    },
    "right": {
      "text": "Next",
      "enable": true,
      "hide": false
    }
  },
  "navigationCondition": "",
  "position": "BOTTOM_RIGHT",
  "meta": {
    "Creator": "Rashmi Menon",
    "CreatedOn": "Mon, 25 Nov 2019 11:00:11 GMT"
  },
  "context": [],
  "localization": {
    "en-us": {
      "content": {
        "title": "Duplicate the Label employeeName",
        "body": "<ol>\n<li>Right-click on <strong>employeeName </strong>and select <strong>Duplicate</strong>.</li>\n<li>Right-click on the label named as <b>CopyemployeeNameXXXX</b> under <b>employeeSegment</b>, select <strong>Rename</strong>.</li>\n<li>Rename the label from <b>CopyemployeeNameXXXX</b> to <strong>empDesignation</strong>.</li>\n</ol>"
      },
      "navigationBar": {
        "left": {
          "text": "Previous"
        },
        "right": {
          "text": "Next"
        }
      }
    },
    "zh-cn": {
      "content": {
        "title": "复制标签",
        "body": "***<ol> \n <li>右键单击<strong> \n <li>右键单击标签上，称为<b> copyemployeenamexxxxxxxxxxxxxx </b> <b> losplyeEsegresgry </b>，select <strong> rename </strong>。</li>。{14} \n <li>从<b> copyemployeenamexxxx </b>重命名标签为<strong> empdesignation </strong>。</li> \n </ol>"
      },
      "navigationBar": {
        "left": {
          "text": "以前的"
        },
        "right": {
          "text": "下一个"
        }
      }
    },
    "zh-tw": {
      "content": {
        "title": "複製標籤",
        "body": "***<ol> \n <li>右鍵單擊<strong> \n <li>右鍵單擊標籤上，稱為<b> copyemployeenamexxxxxxxxxxxxxx </b> <b> losplyeEsegresgry </b>，select <strong> rename </strong>。</li>。{14} \n <li>從<b> copyemployeenamexxxx </b>重命名標籤為<strong> empdesignation </strong>。</li> \n </ol>"
      },
      "navigationBar": {
        "left": {
          "text": "以前的"
        },
        "right": {
          "text": "下一個"
        }
      }
    }
  }
}