{
    "kuid": "080972t5-c4ae-4cr4-94ub-5c8a9cna",
    "id": "VoltMX.AssignDatatotheSegmentV9.dupLabel1",
    "content": {
        "title": "Duplicate the Label employeeName",
        "body": "<ol>\n<li>Right-click on <strong>employeeName </strong>and select <strong>Duplicate</strong>.</li>\n<li>Right-click on the label named as <b>CopyemployeeNameXXXX</b> under <b>employeeSegment</b>, select <strong>Rename</strong>.</li>\n<li>Rename the label from <b>CopyemployeeNameXXXX</b> to <strong>empDesignation</strong>.</li>\n</ol>"
    },
    "pointer": {
        "direction": "left",
        "element": {
            "module": "projectexplorer",
            "path": "project-body\\project\\Mobile\\Forms\\frmList\\employeeSegment\\employeeName"
        },
        "type": "default"
    },
    "navigationType": "manual",
    "navigationBar": {
        "left": {
            "text": "Previous",
            "enable": true,
            "hide": false
        },
        "right": {
            "text": "Next",
            "enable": true,
            "hide": false
        }
    },
    "navigationCondition": "",
    "position": "BOTTOM_RIGHT",
    "meta": {
        "Creator": "Rashmi Menon",
        "CreatedOn": "Mon, 25 Nov 2019 11:00:11 GMT"
    },
    "context": []
}