{
    "kuid": "d8f45ft6-1ba1-46re-80ub-e4c3e0n4",
    "id": "Kony.AuthApp.mappingV9",
    "content": {
        "title": "Mapping Username and Password",
        "body": "<p>Map the following elements from the left pane to the right pane:</p><ul>\n<li>From the left pane, expand <strong>TextField &ndash; txtUserName</strong> and select <strong>text {string}</strong>.<br /> From the right pane, select <strong>userid {string}</strong>.</li>\n<li>From the left pane, expand <strong>TextField &ndash; txtPassword</strong> and select <strong>text {string}</strong>.<br /> From the right pane, select <strong>password {string}</strong>.</li>\n</ul>"
    },
    "pointer": {
        "direction": "left",
        "element": "",
        "type": "none"
    },
    "navigationType": "manual",
    "navigationBar": {
        "left": {
            "text": "Previous",
            "enable": true,
            "hide": false
        },
        "right": {
            "text": "Next",
            "enable": true,
            "hide": false
        }
    },
    "navigationCondition": "",
    "position": "BOTTOM_RIGHT",
    "meta": {
        "Creator": "Rashmi Menon",
        "CreatedOn": "Fri, 20 Dec 2019 05:44:42 GMT"
    },
    "context": []
}