{
    "kuid": "8d2828tc-cfac-49r7-b0u9-33ebdane",
    "id": "VoltMX.EditPayeeWeb_v9.accounts1",
    "content": {
        "title": "Navigating to Accounts Screen",
        "body": "<ol>\n<li>From the left menu of the&nbsp;<strong>Action Editor</strong>, under the <strong>General </strong>section, select <strong>Navigate to Form</strong>.</li>\n<li>From the right pane, select <strong>frmAccount</strong>.</li>\n<li>Click <strong>Save</strong>.</li>\n</ol>"
    },
    "pointer": {
        "direction": "left",
        "element": {
            "module": "actioneditor",
            "itemType": "ae-action-type",
            "info": {
                "actionType": "Navigate to Form"
            }
        },
        "type": "default"
    },
    "navigationType": "manual",
    "navigationBar": {
        "left": {
            "text": "Previous",
            "enable": true,
            "hide": false
        },
        "right": {
            "text": "Next",
            "enable": true,
            "hide": false
        }
    },
    "navigationCondition": "",
    "position": "BOTTOM_RIGHT",
    "meta": {
        "Creator": "Rashmi Menon",
        "CreatedOn": "Fri, 28 Feb 2020 06:41:02 GMT"
    },
    "context": []
}