{
  "kuid": "64b6d6t8-62a5-4ar4-8au3-e65da5n5",
  "id": "VoltMX.UserRepositoryAuthV9.addUser",
  "content": {
    "title": "Add a User to the Repository",
    "body": "<ol>\n<li>Click <strong>ADD USER</strong>.<br />The <strong>Add User </strong>window appears.</li>\n<li>Fill the following fields:\n<ul>\n<li>Email/Username: <strong>john.doe@woodburn.com</strong></li>\n<li>First Name: <strong>John</strong></li>\n<li>Last Name: <strong>Doe</strong></li>\n<li>Phone: <strong>9XXXXXXXX0</strong></li>\n<li>Password: <strong>VoltMX@123</strong></li>\n<li>Re-Enter Password: <strong>VoltMX@123</strong></li>\n<li>From <strong>Add / Select Group (s)</strong>, ensure the checkbox for <strong>Members</strong> is selected from the drop-down.</li>\n</ul>\n</li>\n<li>Click <strong>ADD USER</strong>.</li>\n</ol>\n<p>A user is added to the repository.<br /> Note the <strong>Username</strong> and <strong>Password</strong> credentials for testing.</p>"
  },
  "pointer": {
    "direction": "top",
    "element": {
      "module": "mfconsole",
      "css_selector": ".ng-scope button[id *='config']"
    },
    "type": "default"
  },
  "navigationType": "manual",
  "navigationBar": {
    "left": {
      "text": "Previous",
      "enable": true,
      "hide": false
    },
    "right": {
      "text": "Next",
      "enable": true,
      "hide": false
    }
  },
  "navigationCondition": "",
  "position": "BOTTOM_RIGHT",
  "meta": {
    "Creator": "Rashmi Menon",
    "CreatedOn": "Wed, 27 Nov 2019 06:49:34 GMT"
  },
  "context": [],
  "localization": {
    "en-us": {
      "content": {
        "title": "Add a User to the Repository",
        "body": "<ol>\n<li>Click <strong>ADD USER</strong>.<br />The <strong>Add User </strong>window appears.</li>\n<li>Fill the following fields:\n<ul>\n<li>Email/Username: <strong>john.doe@woodburn.com</strong></li>\n<li>First Name: <strong>John</strong></li>\n<li>Last Name: <strong>Doe</strong></li>\n<li>Phone: <strong>9XXXXXXXX0</strong></li>\n<li>Password: <strong>VoltMX@123</strong></li>\n<li>Re-Enter Password: <strong>VoltMX@123</strong></li>\n<li>From <strong>Add / Select Group (s)</strong>, ensure the checkbox for <strong>Members</strong> is selected from the drop-down.</li>\n</ul>\n</li>\n<li>Click <strong>ADD USER</strong>.</li>\n</ol>\n<p>A user is added to the repository.<br /> Note the <strong>Username</strong> and <strong>Password</strong> credentials for testing.</p>"
      },
      "navigationBar": {
        "left": {
          "text": "Previous"
        },
        "right": {
          "text": "Next"
        }
      }
    },
    "zh-cn": {
      "content": {
        "title": "将用户添加到存储库中",
        "body": "<ol> \n <li>单击<strong>添加用户</strong>。<br /> <strong>添加用户</strong>窗口出现。</li> \n <li>填写以下字段： \n <ul> \n <li>电子邮件/用户名：<strong> john.doe@woodburn.com </strong> </li> \n <li>名字：<strong> John </strong> </li> \n <li>姓氏：<strong> doe </strong> </li> \n <li>电话：<strong> 9XXXXXXXX0 </strong> </li> \n <li>密码：<strong> voltmx@123 </strong> </li> \n <li>重新输入密码：<strong> voltmx@123 </strong> </li> \n <li>来自<strong> add / select组（s）</strong>，确保从下拉菜单中选择<strong>成员的复选框</strong>。</li> \n </ul> \n </li> \n <li>单击<strong>添加用户</strong>。</li> \n </ol> \n <p>用户被添加到存储库中。<br />注意<strong>用户名</strong>和<strong> password </strong>测试凭证。</p>"
      },
      "navigationBar": {
        "left": {
          "text": "以前的"
        },
        "right": {
          "text": "下一个"
        }
      }
    },
    "zh-tw": {
      "content": {
        "title": "將用戶添加到存儲庫中",
        "body": "<ol> \n <li>單擊<strong>添加用戶</strong>。<br /> <strong>添加用戶</strong>窗口出現。</li> \n <li>填寫以下字段： \n <ul> \n <li>電子郵件/用戶名：<strong> john.doe@woodburn.com </strong> </li> \n <li>名字：<strong> John </strong> </li> \n <li>姓氏：<strong> doe </strong> </li> \n <li>電話：<strong> 9XXXXXXXX0 </strong> </li> \n <li>密碼：<strong> voltmx@123 </strong> </li> \n <li>重新輸入密碼：<strong> voltmx@123 </strong> </li> \n <li>來自<strong> add / select組（s）</strong>，確保從下拉菜單中選擇<strong>成員的複選框</strong>。</li> \n </ul> \n </li> \n <li>單擊<strong>添加用戶</strong>。</li> \n </ol> \n <p>用戶被添加到存儲庫中。<br />注意<strong>用戶名</strong>和<strong> password </strong>測試憑證。</p>"
      },
      "navigationBar": {
        "left": {
          "text": "以前的"
        },
        "right": {
          "text": "下一個"
        }
      }
    }
  }
}