{
    "kuid": "96d60278-f967-4928-8f53-798c7368",
    "id": "Kony.NewLaunchApp.explore",
    "content": {
        "title": "Explore the App",
        "body": "Once the app is imported successfully, you can explore it. To view the different forms inside the app, expand <b>Project</b> > <b>Mobile</b> > <b>Forms</b>.<br/>You can see three forms. Click on each form and see what the canvas displays."
    },
    "position": "BOTTOM_RIGHT",
    "navigationType": "manual",
    "navigationCondition": "",
    "pointer": {
        "direction": "left",
        "element": {
            "module": "projectexplorer",
            "path": "project-body\\project\\Mobile"
        },
        "type": "default"
    },
    "navigationBar": {
        "left": {
            "text": "Previous",
            "hide": false,
            "enable": true
        },
        "right": {
            "text": "Next",
            "enable": true,
            "hide": false
        }
    }
}