{
  "kuid": "aac706t1-7dae-43rb-a0u0-eb1698n5",
  "id": "VoltMX.AddCreatePayeeWeb_v9.confLogout1",
  "content": {
    "title": "Configure Logout",
    "body": "<ol>\n<li>From the left menu of the <strong>Action Editor</strong>, under the <strong>Network</strong> section, select <strong>Invoke Service</strong>.</li>\n<li>From the right pane of the Action Editor, for the <strong>Select Service</strong> drop down, select <strong>UserAuthentication2$logout</strong>.</li>\n</ol>"
  },
  "pointer": {
    "direction": "left",
    "element": {
      "module": "actioneditor",
      "itemType": "ae-action-type",
      "info": {
        "actionType": "Invoke Service"
      }
    },
    "type": "default"
  },
  "navigationType": "manual",
  "navigationBar": {
    "left": {
      "text": "Previous",
      "enable": true,
      "hide": false
    },
    "right": {
      "text": "Next",
      "enable": true,
      "hide": false
    }
  },
  "navigationCondition": "",
  "position": "BOTTOM_LEFT",
  "meta": {
    "Creator": "Rashmi Menon",
    "CreatedOn": "Tue, 25 Feb 2020 05:46:38 GMT"
  },
  "context": [],
  "localization": {
    "en-us": {
      "content": {
        "title": "Configure Logout",
        "body": "<ol>\n<li>From the left menu of the <strong>Action Editor</strong>, under the <strong>Network</strong> section, select <strong>Invoke Service</strong>.</li>\n<li>From the right pane of the Action Editor, for the <strong>Select Service</strong> drop down, select <strong>UserAuthentication2$logout</strong>.</li>\n</ol>"
      },
      "navigationBar": {
        "left": {
          "text": "Previous"
        },
        "right": {
          "text": "Next"
        }
      }
    },
    "zh-cn": {
      "content": {
        "title": "配置注销",
        "body": "<ol> \n <li>从<strong>操作编辑器的左菜单</strong>下，在<strong>网络</strong>节下，选择<strong> Invoke Service </strong>。</li> \n <li>从操作编辑器的右窗格中，对于<strong>选择Service </strong>下降，选择<strong> userauthentication2 $ logout </strong>。</li> \n </ol>"
      },
      "navigationBar": {
        "left": {
          "text": "以前的"
        },
        "right": {
          "text": "下一个"
        }
      }
    },
    "zh-tw": {
      "content": {
        "title": "配置註銷",
        "body": "<ol> \n <li>從<strong>操作編輯器的左菜單</strong>下，在<strong>網絡</strong>節下，選擇<strong> Invoke Service </strong>。</li> \n <li>從操作編輯器的右窗格中，對於<strong>選擇Service </strong>下降，選擇<strong> userauthentication2 $ logout </strong>。</li> \n </ol>"
      },
      "navigationBar": {
        "left": {
          "text": "以前的"
        },
        "right": {
          "text": "下一個"
        }
      }
    }
  }
}