{
    "kuid": "aac706t1-7dae-43rb-a0u0-eb1698n5",
    "id": "VoltMX.AddCreatePayeeWeb_v9.confLogout1",
    "content": {
        "title": "Configure Logout",
        "body": "<ol>\n<li>From the left menu of the <strong>Action Editor</strong>, under the <strong>Network</strong> section, select <strong>Invoke Service</strong>.</li>\n<li>From the right pane of the Action Editor, for the <strong>Select Service</strong> drop down, select <strong>UserAuthentication$logout</strong>.</li>\n</ol>"
    },
    "pointer": {
        "direction": "left",
        "element": {
            "module": "actioneditor",
            "itemType": "ae-action-type",
            "info": {
                "actionType": "Invoke Service"
            }
        },
        "type": "default"
    },
    "navigationType": "manual",
    "navigationBar": {
        "left": {
            "text": "Previous",
            "enable": true,
            "hide": false
        },
        "right": {
            "text": "Next",
            "enable": true,
            "hide": false
        }
    },
    "navigationCondition": "",
    "position": "BOTTOM_RIGHT",
    "meta": {
        "Creator": "Rashmi Menon",
        "CreatedOn": "Tue, 25 Feb 2020 05:46:38 GMT"
    },
    "context": []
}