<?xml version="1.0"?>
<Hike kuid="28bf16t4-91a5-4br2-8bue-9cbf87n1" id="kony.KonyQuantumOrientationV9" title="kony.KonyQuantumOrientationV9">
    <Description> Description of hike</Description>
    <Meta>
        <Creator>Rashmi Menon</Creator>
        <Createdon>Mon, 25 Nov 2019 06:50:01 GMT</Createdon>
    </Meta>
    <Hikecard id="kony.KonyQuantumOrientationV9.introduction"/>
    <Hikecard id="kony.KonyQuantumOrientationV9.view"/>
    <Hikecard id="kony.KonyQuantumOrientationV9.ProjectExplorer"/>
    <Hikecard id="kony.KonyQuantumOrientationV9.canvas"/>
    <Hikecard id="kony.KonyQuantumOrientationV9.DefaultLibrary"/>
    <Hikecard id="kony.KonyQuantumOrientationV9.PropertiesPanel"/>
    <Hikecard id="kony.KonyQuantumOrientationV9.DataPanel"/>
    <Hikecard id="kony.KonyQuantumOrientationV9.Console"/>
    <Hikecard id="kony.KonyQuantumOrientationV9.Build"/>
</Hike>