<?xml version="1.0"?>
<Hike kuid="4b279a27-25eb-4dc0-b177-72ae5112" id="Kony.NewLaunchApp" title="Kony.NewLaunchApp">
    <Description>Kony.NewLaunchApp</Description>
    <Hikecard id="Kony.NewLaunchApp.Intro"/>
    <Hikecard id="Kony.NewLaunchApp.Import"/>
    <Hikecard id="Kony.NewLaunchApp.explore"/>
    <Hikecard id="Kony.NewLaunchApp.openapp"/>
    <Hikecard id="Kony.NewLaunchApp.AppPreview1"/>
    <Hikecard id="Kony.NewLaunchApp.Publish1"/>
    <Hikecard id="Kony.NewLaunchApp.AppViewer"/>
    <Hikecard id="Kony.NewLaunchApp.Viewing"/>
    <Hikecard id="Kony.NewLaunchApp.Done"/>
</Hike>