{
  "kuid": "d36f2ctc-c7af-4drf-a1u8-df6dc8n1",
  "id": "VoltMX.IntroFlexLayoutV9.intro",
  "content": {
    "title": "Understanding Flex Layouts",
    "body": "This hike covers the basic layouts of  the <b>FlexContainer</b> widget. Volt MX AppPlatform supports three flex layouts:\n<ul><li>Free Form</li>\n<li>Flow Vertical </li>\n<li>Flow Horizontal</li><br/ > </ul>\nThese Flex layouts help you to arrange the widgets inside a container widget such as FlexContainer.<br/>\nLet’s see how to implement these layouts and how the widgets are arranged in each of these layouts."
  },
  "pointer": {
    "direction": "left",
    "element": "",
    "type": "none"
  },
  "navigationType": "manual",
  "navigationBar": {
    "left": {
      "text": "Previous",
      "enable": false,
      "hide": true
    },
    "right": {
      "text": "Start",
      "enable": true,
      "hide": false
    }
  },
  "navigationCondition": "",
  "position": "CENTER",
  "meta": {
    "Creator": "Rashmi Menon",
    "CreatedOn": "Mon, 25 Nov 2019 07:14:07 GMT"
  },
  "context": [],
  "localization": {
    "en-us": {
      "content": {
        "title": "Understanding Flex Layouts",
        "body": "This hike covers the basic layouts of  the <b>FlexContainer</b> widget. Volt MX AppPlatform supports three flex layouts:\n<ul><li>Free Form</li>\n<li>Flow Vertical </li>\n<li>Flow Horizontal</li><br/ > </ul>\nThese Flex layouts help you to arrange the widgets inside a container widget such as FlexContainer.<br/>\nLet’s see how to implement these layouts and how the widgets are arranged in each of these layouts."
      },
      "navigationBar": {
        "left": {
          "text": "Previous"
        },
        "right": {
          "text": "Start"
        }
      }
    },
    "zh-cn": {
      "content": {
        "title": "了解弹性布局",
        "body": "这次远足涵盖了<b> flexcontainer </b>窗口小部件的基本布局。 Volt MX AppPlatform支持三个Flex布局： \n <ul> <li>自由表</li> \n <li>流垂直</li> \n <li>流水平</li> <br/ > </ul> \n 这些Flex布局可帮助您在容器小部件（例如FlexContainer）中安排小部件。<br/> \n 让我们看看如何实现这些布局以及如何在每个布局中排列小部件。"
      },
      "navigationBar": {
        "left": {
          "text": "以前的"
        },
        "right": {
          "text": "开始"
        }
      }
    },
    "zh-tw": {
      "content": {
        "title": "了解彈性佈局",
        "body": "這次遠足涵蓋了<b> flexcontainer </b>窗口小部件的基本佈局。 Volt MX AppPlatform支持三個Flex佈局： \n <ul> <li>自由表</li> \n <li>流垂直</li> \n <li>流水平</li> <br/ > </ul> \n 這些Flex佈局可幫助您在容器小部件（例如FlexContainer）中安排小部件。<br/> \n 讓我們看看如何實現這些佈局以及如何在每個佈局中排列小部件。"
      },
      "navigationBar": {
        "left": {
          "text": "以前的"
        },
        "right": {
          "text": "開始"
        }
      }
    }
  }
}