{
    "kuid": "43e0dft5-6ea5-45rd-a4uc-bb7e56nd",
    "id": "VoltMX.NFIBarcodeV9.addCollection",
    "content": {
        "title": "Add a Collection",
        "body": "<ol>\n<li>From the main menu, navigate to <strong>Project </strong>&gt; <strong>Import </strong>&gt; <strong>Component into Library</strong>.<br />The file explorer opens.</li>\n<li>Navigate to the UI collection download location and select the zip file.</li>\n<li>Click <strong>Open</strong>.<br /> The<strong> Import Marketplace Item </strong>window appears.</li>\n<li>Fill in the following details.<br /> Library Name: <b>NFIcollections</b><br /> Collection Name: <b>BarcodeScanner</b></li>\n</ol>\n<p>You can view the added UI collection in the <strong>My Libraries </strong>tab.</p>"
    },
    "pointer": {
        "direction": "left",
        "element": "",
        "type": "none"
    },
    "navigationType": "manual",
    "navigationBar": {
        "left": {
            "text": "Previous",
            "enable": true,
            "hide": false
        },
        "right": {
            "text": "Next",
            "enable": true,
            "hide": false
        }
    },
    "navigationCondition": "",
    "position": "BOTTOM_RIGHT",
    "meta": {
        "Creator": "Rashmi Menon",
        "CreatedOn": "Thu, 28 Nov 2019 04:32:17 GMT"
    },
    "context": []
}