{"Tour.IntroToVoltMXIris":{"description":"新Volt MX Iris介绍"},"Hike.HCL.IntroVoltMXIris":{"description":"新Volt MX Iris介绍"},"Card.HCL.IntroIris":{"content":{"title":"Volt MX Iris 有什么新功能？","body":" 这对他来说是痛苦的，他会被认为是有帮助的，但是他会承受巨大的痛苦。因为我到了最小的时候，谁是我们的军队，除了他们中的任何一个能帮忙之外，什么都不干。就像头痛，或者头痛，或者心脏病发作，或者心脏病发作。他们若不被杀，就不被丢弃；他们错在离弃他们工作的人身上，就必丧命。"},"navigationBar":{"left":{"text":"上一个"},"right":{"text":"下一个"}}},"Card.HCL.IrisVisualChanges":{"content":{"title":"视觉变化1","body":" 这对他来说是痛苦的，他会被认为是有帮助的，但是他会承受巨大的痛苦。因为我到了最小的时候，谁是我们的军队，除了他们中的任何一个能帮忙之外，什么都不干。就像头痛，或者头痛，或者心脏病发作，或者心脏病发作。他们若不被杀，就不被丢弃；他们错在离弃他们工作的人身上，就必丧命。"},"navigationBar":{"left":{"text":"上一个"},"right":{"text":"下一个"}}},"Card.HCL.IrisVisualChanges-2":{"content":{"title":"视觉变化2","body":" 这对他来说是痛苦的，他会被认为是有帮助的，但是他会承受巨大的痛苦。因为我到了最小的时候，谁是我们的军队，除了他们中的任何一个能帮忙之外，什么都不干。就像头痛，或者头痛，或者心脏病发作，或者心脏病发作。他们若不被杀，就不被丢弃；他们错在离弃他们工作的人身上，就必丧命。"},"navigationBar":{"left":{"text":"上一个"},"right":{"text":"下一个"}}},"Card.HCL.IrisVisualChanges-3":{"content":{"title":"视觉变化3","body":" 这对他来说是痛苦的，他会被认为是有帮助的，但是他会承受巨大的痛苦。因为我到了最小的时候，谁是我们的军队，除了他们中的任何一个能帮忙之外，什么都不干。就像头痛，或者头痛，或者心脏病发作，或者心脏病发作。他们若不被杀，就不被丢弃；他们错在离弃他们工作的人身上，就必丧命。"},"navigationBar":{"left":{"text":"上一个"},"right":{"text":"下一个"}}},"Card.HCL.IrisVisualChanges-4":{"content":{"title":"视觉变化4","body":" 这对他来说是痛苦的，他会被认为是有帮助的，但是他会承受巨大的痛苦。因为我到了最小的时候，谁是我们的军队，除了他们中的任何一个能帮忙之外，什么都不干。就像头痛，或者头痛，或者心脏病发作，或者心脏病发作。他们若不被杀，就不被丢弃；他们错在离弃他们工作的人身上，就必丧命。"},"navigationBar":{"left":{"text":"上一个"},"right":{"text":"下一个"}}},"Card.HCL.IrisVisualChanges-5":{"content":{"title":"视觉变化5","body":" 这对他来说是痛苦的，他会被认为是有帮助的，但是他会承受巨大的痛苦。因为我到了最小的时候，谁是我们的军队，除了他们中的任何一个能帮忙之外，什么都不干。就像头痛，或者头痛，或者心脏病发作，或者心脏病发作。他们若不被杀，就不被丢弃；他们错在离弃他们工作的人身上，就必丧命。"},"navigationBar":{"left":{"text":"上一个"},"right":{"text":"完成"}}},"Tour.AddCreateMob_v9":{"description":"旅游描述"},"Hike.kony.AddCreateMob_v9":{"description":"徒步说明"},"Card.kony.AddCreateMob_v9.conf":{"content":{"title":"从动作编辑器配置用户界面","body":"<ol>\n<li>从左侧菜单<strong>动作编辑器</strong> , 在<strong>小工具</strong>部分，选择<strong>设置小部件属性</strong>.</li>\n<li>从右窗格中，在<strong>移动表单</strong>><strong>frmAddRecipients</strong> > <b>flexAddRecipient</b> > <strong>flexFieldsContainer</strong>><strong>flexAdd</strong>><strong>flexBorderedButton</strong> ，然后选择<strong>btnSquared</strong>.</li>\n<li>在右侧窗格中，修改以下值：<ul>\n<li>属性：<strong>不透明度</strong></li>\n<li>值：<strong>100%</strong></li>\n</ul>\n</li>\n</ol>"},"navigationBar":{"left":{"text":"上一个"},"right":{"text":"下一个"}}},"Card.kony.AddCreateMob_v9.conf2":{"content":{"title":"添加代码段","body":"<ol>\n<li>从左侧菜单<strong>动作编辑器</strong> , 在<strong>功能</strong>部分，选择<strong>添加代码段</strong>.</li>\n<li>在右侧窗格中，提供以下代码：<br /><span style=\"background-color: #999999;\"><strong> self.view.forceLayout();</strong></span></li>\n<li>来自<strong>动作编辑器</strong>画布下<strong>调用服务</strong>节点，选择<strong>回调</strong>.</li>\n</ol>"},"navigationBar":{"left":{"text":"上一个"},"right":{"text":"下一个"}}},"Card.kony.AddCreateMob_v9.conf3":{"content":{"title":"故障警报","body":"<ol>\n<li>从左侧菜单<strong>动作编辑器，</strong> 在<strong>条件</strong>部分，选择<strong>其他</strong>.</li>\n<li>从动作编辑器的左侧菜单中，在<strong>客户端</strong>部分，选择<strong>显示警报</strong>.</li>\n<li>在右侧窗格中修改以下字段<ul>\n<li>警报类型：<strong>信息</strong></li>\n<li>警报消息：“<strong> 抱歉，无法成功添加您的收款人。请稍后再试。</strong>”</li>\n</ul>\n</li><li>点击<b>保存</b>.</li>\n</ol>"},"navigationBar":{"left":{"text":"上一个"},"right":{"text":"下一个"}}},"Card.kony.AddCreateMob_v9.createForm":{"content":{"title":"创建添加收件人屏幕","body":"<ol>\n<li>来自<strong>项目</strong>资源管理器，展开<strong>手机</strong>.</li>\n<li>右击<strong>表格</strong>并选择<strong>新表格</strong>.</li>\n<li>右键单击<strong>Form1</strong> 和重命名<strong>frmAddRecipient</strong>.</li>\n</ol>"},"navigationBar":{"left":{"text":"上一个"},"right":{"text":"下一个"}}},"Card.kony.AddCreateMob_v9.done":{"content":{"title":" 恭喜","body":"<p>你已经成功：</p>\n<ul>\n<li><strong>创建创建收件人屏幕</strong></li>\n<li><strong>为创建收件人屏幕创建和自定义用户界面</strong></li>\n<li><strong>添加了往返于创建收件人屏幕的导航<br /></strong></li>\n</ul>\n<p>有关在您的应用程序中编辑收件人的更多信息，请查看下一次加息：<a class=\"tour-link\" tour=\"af52eatb-e7a4-46r0-90u8-cfd0c4n6\"><strong> 8. 添加编辑收件人功能</strong></a>.</p>"},"navigationBar":{"left":{"text":"上一个"},"right":{"text":"完成"}}},"Card.kony.AddCreateMob_v9.intro":{"content":{"title":"添加创建收件人","body":"<p><strong>让我们开始吧！</strong></p>\n<p>在这次徒步旅行中，您将学习如何：</p>\n<ul>\n<li>创建创建收款人表单</li>\n<li>使用服务为创建收款人表单创建用户界面</li>\n</ul>\n<p>在开始之前，完成远足：</p>\n<ol><b>\n<li><a class=\"tour-link\" tour=\"20cbd4t0-03a1-4er1-9dud-98bee3nb\"> 进口 & 启动本机应用程序</a></li><li><a class=\"tour-link\" tour=\"a617eft5-7ca8-4ard-8eu8-94cdean5\">从集合创建用户界面</a></li><li><a class=\"tour-link\" tour=\"15d8c7t4-cda7-40rb-afu7-345cfcnc\">向应用程序添加身份验证</a></li>\n<li><a class=\"tour-link\" tour=\"a7a762t5-3eac-44r5-8bu2-89b781n1\">为原生应用创建服务</a> </li>\n<li><a class=\"tour-link\" tour=\"fab6d8ta-91ac-4frc-8fud-14a9f7na\">将应用程序 UI 连接到本机应用程序中的数据</a></li><li><a class=\"tour-link\" tour=\"9837bat6-6daf-4cr7-a3u9-8aea36n0\">创建收件人详细信息和删除功能</a></li></b>\n</ol>\n<p>确保您打开在之前的徒步旅行中创建的相同项目。</p>\n<p>要打开一个关闭的项目，从主菜单，导航到<strong>项目</strong>><strong>打开</strong>><strong>科尼参考架构</strong>><strong>RecipientsMobApp</strong>.</p>\n<p><strong>准备好后，单击开始！</strong></p>"},"navigationBar":{"left":{"text":"上一个"},"right":{"text":"开始"}}},"Card.kony.AddCreateMob_v9.nav":{"content":{"title":"为后退按钮添加导航","body":"<ol>\n<li>来自<strong>项目浏览器</strong> , 导航到<strong>frmAddRecipient</strong>><strong>flexAddRecipient</strong>><strong>flexHeader，</strong>选择<strong>headerButtonLeft</strong>.</li>\n<li>来自<strong>属性</strong>面板，导航到<strong>行动</strong>标签。</li>\n<li>对于<strong>点击</strong>事件，点击<strong>编辑</strong>. <br /><strong>动作编辑器</strong>窗口出现。</li>\n</ol>"},"navigationBar":{"left":{"text":"上一个"},"right":{"text":"下一个"}}},"Card.kony.AddCreateMob_v9.nav1":{"content":{"title":"为后退按钮添加导航","body":"<ol>\n<li>来自<strong>动作编辑器</strong>左侧菜单，在<strong>一般</strong>部分，选择<strong>导航到表单</strong>.</li>\n<li>从右侧窗格<strong>动作编辑器</strong>，选择<strong>frmRecipients</strong>.</li>\n<li>点击<strong>保存</strong>.</li>\n</ol>"},"navigationBar":{"left":{"text":"上一个"},"right":{"text":"下一个"}}},"Card.kony.AddCreateMob_v9.nav2":{"content":{"title":"导航到添加收件人屏幕","body":"<ol>\n<li>来自<strong>动作编辑器</strong>左侧菜单，在<strong>一般</strong>部分，选择<strong>导航到表单</strong>.</li>\n<li>从右侧窗格<strong>动作编辑器</strong>，选择<strong>frmAddRecipient</strong>.</li>\n<li>点击<strong>保存</strong>.</li>\n</ol>"},"navigationBar":{"left":{"text":"上一个"},"right":{"text":"下一个"}}},"Card.kony.AddCreateMob_v9.navAcc":{"content":{"title":"导航到帐户屏幕","body":"<ol>\n<li>来自<strong>项目</strong>资源管理器，导航到<strong>手机</strong>><strong>表格</strong>><strong>frmAddRecipients</strong>><strong>flexFooter</strong>然后选择<strong>flxAccounts</strong>.</li>\n<li>来自<strong>属性</strong>面板，导航到<strong>行动</strong>标签。</li>\n<li> 在<strong>一般</strong>部分，用于<strong>点击</strong>事件，点击<strong>编辑</strong>.<br /><strong>动作编辑器</strong>窗口出现。</li>\n</ol>"},"navigationBar":{"left":{"text":"上一个"},"right":{"text":"下一个"}}},"Card.kony.AddCreateMob_v9.navAcc2":{"content":{"title":"导航到帐户屏幕","body":"<ol>\n<li>来自<strong>动作编辑器</strong>左侧菜单，在<strong>一般</strong>部分，选择<strong>导航到表单</strong>.</li>\n<li>从右侧窗格<strong>动作编辑器</strong>，选择<strong>frmAccount</strong>.</li>\n<li>点击<strong>保存</strong>.</li>\n</ol>"},"navigationBar":{"left":{"text":"上一个"},"right":{"text":"下一个"}}},"Card.kony.AddCreateMob_v9.navAdd":{"content":{"title":"导航到添加收件人屏幕","body":"<ol>\n<li>来自 <strong>项目</strong>资源管理器，导航到 <strong>手机</strong> > <strong>表格</strong> > <strong>frmRecipients</strong>><strong>  flexRecipientList</strong>><strong>flexHeader</strong> ，然后选择 <strong>headerButtonRight</strong>.</li>\n<li>来自 <strong>属性</strong>面板，导航到 <strong>行动</strong>选项卡。</li>\n<li>根据 <strong>一般</strong>部分，用于 <strong>点击</strong>事件，点击<strong>编辑</strong>.<br /><strong>动作编辑器</strong>窗口出现。</li>\n</ol>"},"navigationBar":{"left":{"text":"上一个"},"right":{"text":"下一个"}}},"Card.kony.AddCreateMob_v9.navRec":{"content":{"title":"导航到收件人屏幕","body":"<ol>\n<li>来自<strong>项目</strong>资源管理器，导航到<strong>手机</strong>><strong>表格</strong>><strong>frmAddRecipient</strong>><strong>flexFooter</strong>然后选择<strong> flexRecipientSelected</strong>.</li>\n<li>来自<strong>属性</strong>面板，导航到<strong>行动</strong>标签。</li>\n<li> 在<strong>一般</strong>部分，用于<strong>点击</strong>事件，点击<strong>编辑</strong>.<br /><strong>动作编辑器</strong>窗口出现。</li>\n</ol>"},"navigationBar":{"left":{"text":"上一个"},"right":{"text":"下一个"}}},"Card.kony.AddCreateMob_v9.navRec2":{"content":{"title":"导航到收件人屏幕","body":"<ol>\n<li>来自<strong>动作编辑器</strong>左侧菜单，在<strong>一般</strong>部分，选择<strong>导航到表单</strong>.</li>\n<li>从右侧窗格<strong>动作编辑器</strong>，选择<strong>frmRecipients</strong>.</li>\n<li>点击<strong>保存</strong>.</li>\n</ol>"},"navigationBar":{"left":{"text":"上一个"},"right":{"text":"下一个"}}},"Card.kony.AddCreateMob_v9.openApp":{"content":{"title":"量子应用","body":"<ol>\n<li>使用 USB 数据线将您的移动设备连接到您的计算机。<br /> 对于Android移动设备，确保USB设置为<strong>传输文件</strong>.<br />对于 iOS 移动设备，请确保<strong>信任</strong> 已在设备和计算机之间建立。</li>\n<li>启动你的<strong>量子应用</strong>在您的移动设备上。</li>\n<li>选择<strong>USB</strong>选项卡。<br/>连接成功后，<strong>展示台</strong>在您的计算机上显示成功提示。</li>\n</ol>"},"navigationBar":{"left":{"text":"上一个"},"right":{"text":"下一个"}}},"Card.kony.AddCreateMob_v9.run":{"content":{"title":"运行应用程序","body":"<ol>\n<li>从左侧导航栏中，单击<strong>运行</strong>.<br />Visualizer 需要一些时间来显示<strong>实时预览已准备就绪</strong>窗口。</li>\n<li>Visualizer 运行应用程序后，在您的<strong>量子应用</strong>，点击<strong>启动</strong>.</li>\n<li>您可能会看到<strong>应用程序名称</strong>文本框。如果有文本框，输入<strong>RecipientsMobApp</strong> ，然后单击<strong>启动</strong>.</li>\n</ol>"},"navigationBar":{"left":{"text":"上一个"},"right":{"text":"下一个"}}},"Card.kony.AddCreateMob_v9.Service1":{"content":{"title":"设置文本的初始值","body":"<ol>\n<li>来自<strong>项目</strong>资源管理器，导航到<strong>手机</strong>><strong>表格</strong>并选择<strong>frmAddRecipient</strong>.</li>\n<li>来自<strong>属性</strong>面板，导航到<strong>行动</strong>标签。</li>\n<li> 在<strong>一般</strong>部分，用于<strong>onNavigate</strong>事件，点击<strong>编辑</strong>.<br /><strong>动作编辑器</strong>窗口出现。</li><li>从右上角<strong>动作编辑器</strong>，选择<strong>设计视图</strong>.</li>\n</ol>"},"navigationBar":{"left":{"text":"上一个"},"right":{"text":"下一个"}}},"Card.kony.AddCreateMob_v9.service2":{"content":{"title":"设置名字的值","body":"<ol>\n<li>从左侧菜单<strong>动作编辑器</strong> , 在<strong>小工具</strong>部分，选择<strong>设置小部件属性</strong>.</li>\n<li>从右侧窗格<strong>动作编辑器</strong>，去<strong>移动表单</strong>><strong>frmAddRecipient</strong> ><strong>flexAddRecipient</strong>><strong>flexFieldsContainer</strong>><strong>flexFirstName</strong> ，然后选择<strong>tbxFirstName</strong>.</li>\n<li>在右侧窗格中，修改以下值：<ul>\n<li>属性：<strong>文本</strong></li>\n<li>离开<strong>值</strong>作为空白</li>\n</ul>\n</li>\n</ol>"},"navigationBar":{"left":{"text":"上一个"},"right":{"text":"下一个"}}},"Card.kony.AddCreateMob_v9.service3":{"content":{"title":"设置姓氏的值","body":"<ol>\n<li>从左侧菜单<strong>动作编辑器</strong> , 在<strong>小工具</strong>部分，选择<strong>设置小部件属性</strong>.</li>\n<li>从右侧窗格<strong>动作编辑器</strong>，去<strong>移动表单</strong>><strong>frmAddRecipient</strong>><strong>flexAddRecipient</strong>><strong>flexFieldsContainer</strong>><strong>flexLastName</strong> ，然后选择<strong>tbxLastName</strong>.</li>\n<li>在右侧窗格中，修改以下值：<ul>\n<li>属性：<strong>文本</strong></li>\n<li>离开<strong>值</strong>作为空白</li>\n</ul>\n</li>\n</ol>"},"navigationBar":{"left":{"text":"上一个"},"right":{"text":"下一个"}}},"Card.kony.AddCreateMob_v9.service4":{"content":{"title":"设置昵称的值","body":"<ol>\n<li>从左侧菜单<strong>动作编辑器</strong> , 在<strong>小工具</strong>部分，选择<strong>设置小部件属性</strong>.</li>\n<li>从右侧窗格<strong>动作编辑器</strong>，去<strong>移动表单</strong>><strong>frmAddRecipient</strong>><strong>flexAddRecipient</strong>><strong>flexFieldsContainer</strong>><strong>flexNickName</strong> ，然后选择<strong>tbxNickName</strong>.</li>\n<li>在右侧窗格中，修改以下值：<ul>\n<li>属性：<strong>文本</strong></li>\n<li>离开<strong>值</strong>作为空白</li>\n</ul>\n</li>\n</ol>"},"navigationBar":{"left":{"text":"上一个"},"right":{"text":"下一个"}}},"Card.kony.AddCreateMob_v9.service5":{"content":{"title":"设置电话号码的值","body":"<ol>\n<li>从左侧菜单<strong>动作编辑器</strong> , 在<strong>小工具</strong>部分，选择<strong>设置小部件属性</strong>.</li>\n<li>从右侧窗格<strong>动作编辑器</strong>，去<strong>移动表单</strong>><strong>frmAddRecipient</strong>><strong>flexAddRecipient</strong>><strong>flexFieldsContainer</strong>><strong>flexPhone</strong> ，然后选择<strong>tbxPhone</strong>.</li>\n<li>在右侧窗格中，修改以下值：<ul>\n<li>属性：<strong>文本</strong></li>\n<li>离开<strong>值</strong>作为空白</li>\n</ul>\n</li>\n</ol>"},"navigationBar":{"left":{"text":"上一个"},"right":{"text":"下一个"}}},"Card.kony.AddCreateMob_v9.service6":{"content":{"title":"成功消息","body":"<ol>\n<li>从左侧菜单<strong>动作编辑器</strong> , 在<strong>小工具</strong>部分，选择<strong>设置小部件属性</strong>.</li>\n<li>从右侧窗格<strong>动作编辑器</strong>，去<strong>移动表单</strong>><strong>frmAddRecipient</strong> > <strong>flexAddRecipient</strong>并选择<strong>flexSuccessHeader</strong>.</li>\n<li>在右侧窗格中，修改以下值：<ul>\n<li>属性：<strong>可见</strong></li>\n<li>值：<strong>假</strong></li>\n</ul>\n</li>\n<li>点击<strong>保存</strong>.</li>\n</ol>"},"navigationBar":{"left":{"text":"上一个"},"right":{"text":"下一个"}}},"Card.kony.AddCreateMob_v9.serviceCall1":{"content":{"title":"调用创建操作","body":"<ol>\n<li>来自<strong>项目</strong>资源管理器，导航到<strong>手机</strong>><strong>表格</strong>><strong>frmAddRecipient</strong>><strong>flexAddRecipient</strong> > <b>flexFieldsContainer</b> > <strong>flexAdd</strong>><strong>flexSquaredBorderedButton</strong> ，然后选择<strong>btnSquared</strong>.</li>\n<li>来自<strong>属性</strong>面板，导航到<strong>行动</strong>标签。</li>\n<li> 在<strong>一般</strong>部分，用于<strong>点击</strong>事件，点击<strong>编辑</strong>.<br /><strong>动作编辑器</strong>窗口出现。</li>\n<li>从右上角<strong>动作编辑器</strong>窗口，选择<strong>设计视图</strong>.</li>\n</ol>"},"navigationBar":{"left":{"text":"上一个"},"right":{"text":"下一个"}}},"Card.kony.AddCreateMob_v9.serviceCall2":{"content":{"title":"调用创建操作","body":"<ol>\n<li>从左侧菜单<strong>动作编辑器</strong> , 在<strong>网络</strong>部分，选择<strong>加载指示器</strong>.</li>\n<li>从左侧菜单<strong>动作编辑器</strong> , 在<strong>网络</strong>部分，选择<strong>调用服务</strong>.</li>\n<li>从右侧窗格<strong>动作编辑器</strong> , 对于<strong>选择服务</strong> ，从下拉列表中选择<strong>RecipientStorage$Recipients</strong>.</li>\n<li>对于<strong>选择方法</strong> ，从下拉列表中选择<strong>创建</strong>.</li>\n</ol>"},"navigationBar":{"left":{"text":"上一个"},"right":{"text":"下一个"}}},"Card.kony.AddCreateMob_v9.serviceCall3":{"content":{"title":"将数据映射到服务","body":"<ol>\n<li>在右侧窗格中<strong>动作编辑器</strong>窗口，点击<strong>打开映射编辑器</strong>. <br /><strong>映射编辑器</strong>窗口出现。</li>\n<li>从左侧窗格<strong>映射编辑器</strong>，展开<strong>表格</strong>><strong>frmAddRecipient</strong>.</li>\n<li>从右侧窗格<strong>映射编辑器</strong>，展开<strong>服务</strong>><strong>服务 - RecipientStorage$Recipients$create</strong>.</li>\n</ol>"},"navigationBar":{"left":{"text":"上一个"},"right":{"text":"下一个"}}},"Card.kony.AddCreateMob_v9.serviceCall4":{"content":{"title":"将数据映射到服务","body":"<p>在映射编辑器中，将以下元素从左窗格映射到右窗格：</p>\n<ul>\n<li>从左侧窗格<strong>映射编辑器</strong>，展开<strong>TextField – tbx名字</strong> ，然后选择<strong>文本{字符串}</strong>.<br />从右侧窗格<strong>映射编辑器</strong>，选择<strong>名字{字符串}</strong>.</li>\n<li>从左侧窗格<strong>映射编辑器</strong>，展开<strong>TextField – tbxLastName</strong> ，然后选择<strong>文本{字符串}</strong>.<br />从右侧窗格<strong>映射编辑器</strong>，选择<strong>姓氏{字符串}</strong>.</li>\n<li>从左侧窗格<strong>映射编辑器</strong>，展开<strong>TextField – tbx昵称</strong> ，然后选择<strong>文本{字符串}</strong>.<br />从右侧窗格<strong>映射编辑器</strong>，选择<strong>昵称{字符串}</strong>.</li>\n<li>从左侧窗格<strong>映射编辑器</strong>，展开<strong>TextField – 手机</strong> ，然后选择<strong>文本{字符串}</strong>.<br />从右侧窗格<strong>映射编辑器</strong>，选择<strong>电话{字符串}</strong>.</li>\n</ul>"},"navigationBar":{"left":{"text":"上一个"},"right":{"text":"下一个"}}},"Card.kony.AddCreateMob_v9.serviceCall5":{"content":{"title":"调用创建操作","body":"<ol>\n<li>来自<strong>动作编辑器</strong>画布下<strong>调用服务</strong>节点，选择<strong>回调</strong>.</li>\n<li>从左侧菜单<strong>动作编辑器</strong> , 在<strong>网络</strong>部分，选择<strong>加载指示器</strong>.</li>\n<li>在右侧窗格中<strong>动作编辑器</strong> ，将加载指示器设置为<strong>解雇</strong>.</li>\n</ol>"},"navigationBar":{"left":{"text":"上一个"},"right":{"text":"下一个"}}},"Card.kony.AddCreateMob_v9.settingData":{"content":{"title":"设置数据","body":"<ol>\n<li>从左侧菜单<strong>动作编辑器，</strong> 在<strong>条件</strong>部分，选择<b>如果</b>.</li>\n<li>从动作编辑器的右窗格中，在<strong>添加条件</strong>修改以下值：<br />\n<ul>\n<li>第一个字段<strong>值</strong></li>\n<li>第二场– <strong>Recipients.opstatus</strong></li>\n<li>第三场<strong>等于</strong></li>\n<li>第四场–<strong>值</strong></li>\n<li>第五场 -<strong>0</strong></li>\n</ul>\n</li>\n</ol>"},"navigationBar":{"left":{"text":"上一个"},"right":{"text":"下一个"}}},"Card.kony.AddCreateMob_v9.settingData2":{"content":{"title":"成功消息","body":"<ol>\n<li>从动作编辑器的左侧菜单中，在<strong>小工具</strong>部分，选择 <strong>设置小部件属性</strong>.</li>\n<li>从右窗格中，在 <strong>移动表单</strong> > <strong>frmAddRecipient </strong>><strong>flexFieldsContainer</strong> ，然后选择 <strong>flexAddSuccessHeader</strong>.</li>\n<li>在右侧窗格中，修改以下值：<ul>\n<li>属性： <strong>可见</strong></li>\n<li>值： <strong>真</strong></li>\n</ul>\n</li>\n</ol>"},"navigationBar":{"left":{"text":"上一个"},"right":{"text":"下一个"}}},"Card.kony.AddCreateMob_v9.settingData3":{"content":{"title":"设置按钮不透明度","body":"<ol>\n<li>从动作编辑器的左侧菜单中，在<strong>小工具</strong>部分，选择<strong>设置小部件属性</strong>.</li>\n<li>从右窗格中，在<strong>手机</strong>><strong>表格</strong>><strong>frmAddRecipient</strong>><strong>flexAddRecipient</strong> > <b>flexFieldsContainer</b>><strong>flexAdd</strong>><strong>flexBorderedButton</strong>，选择<strong>btnSquared</strong>.</li>\n<li>在右侧窗格中，修改以下值：<ul>\n<li>属性：<strong>不透明度</strong></li>\n<li>值：<strong>60%</strong></li>\n</ul>\n</li>\n</ol>"},"navigationBar":{"left":{"text":"上一个"},"right":{"text":"下一个"}}},"Card.kony.AddCreateMob_v9.settingData4":{"content":{"title":"设置延迟","body":"<ol>\n<li>从动作编辑器的左侧菜单中，在<strong>功能</strong>选择<strong>添加代码段</strong>.</li>\n<li>在右侧窗格中<strong>动作编辑器</strong> ，输入以下代码：<br /><span style=\"background-color: #999999;\"><strong> self.view.forceLayout();</strong></span></li>\n<li>从左侧菜单<strong>动作编辑器</strong> , 在<strong> 一般</strong>部分， 选择<strong>设置超时</strong>.</li>\n<li>提供以下值：<ul>\n<li>延迟：<strong>2</strong></li>\n</ul>\n</li>\n</ol>"},"navigationBar":{"left":{"text":"上一个"},"right":{"text":"下一个"}}},"Card.kony.AddCreateMob_v9.settingSuccess":{"content":{"title":"成功消息","body":"<ol>\n<li>从左侧菜单<strong>动作编辑器</strong> , 在<strong>小工具</strong>部分，选择<strong>设置小部件属性。</strong></li>\n<li>从右窗格中，在<strong>手机</strong>><strong>表格</strong>><strong>frmAddRecipient</strong> > <strong>flexAddRecipient</strong>，选择<strong>flexAddSuccessHeader</strong>.</li>\n<li>在右侧窗格中，修改以下值：<ul>\n<li>属性：<strong>可见</strong></li>\n<li>值：<strong>假</strong></li>\n</ul>\n</li>\n</ol>"},"navigationBar":{"left":{"text":"上一个"},"right":{"text":"下一个"}}},"Card.kony.AddCreateMob_v9.uiAddRecipients":{"content":{"title":"添加收件人的用户界面","body":"<ol>\n<li>从 Visualizer 的左下角，导航到<strong>默认库</strong>.</li>\n<li>在默认库旁边，您将看到<strong>我的图书馆</strong>选项卡和搜索图标。<br />点击搜索图标。</li>\n<li>在出现的搜索栏中，输入<strong>添加收件人</strong>.</li>\n<li>从结果来看，在<strong> RecipientsMobile</strong>，选择<strong>添加收件人</strong>.</li>\n<li>拖动<strong>添加收件人</strong>收集到<strong>frmAddRecipient</strong>在画布上。</li>\n</ol>"},"navigationBar":{"left":{"text":"上一个"},"right":{"text":"下一个"}}},"Card.kony.AddCreateMob_v9.view":{"content":{"title":"查看应用","body":"<ol>\n<li>在您的应用中输入以下登录凭据。<ul>\n<li>用户名：<strong>john.doe@temenos.com</strong></li>\n<li>密码：<strong>Temenos@123</strong></li>\n</ul>\n</li>\n<li>点击<strong>登录</strong>.<br /><strong>账户列表</strong>出现。</li>\n<li>点击<strong>收件人</strong>.<br /><strong>收件人列表</strong>出现。</li>\n<li>点击添加<strong> (+)</strong> 添加收件人的图标。</li>\n<li>从列表中选择收件人以查看其详细信息。<br /> 从详情页面，您可以删除收件人。<br />我们将在下一次加息中添加收件人的编辑功能。</li>\n<li>退出应用程序<strong>手机</strong>设备，从左向右滑动两根手指或摇动您的移动设备并单击<strong>退出应用</strong>.</li>\n</ol>"},"navigationBar":{"left":{"text":"上一个"},"right":{"text":"下一个"}}}}