{
  "kuid": "8ea6fet9-b5a7-4br1-adu4-80266bnd",
  "id": "VoltMX.IntrotoSegmentTempV9.addingLbl",
  "content": {
    "title": "Add Label to Template",
    "body": "<ol>\n<li>Navigate to the <strong>Default Library</strong> tab on the bottom left of your Iris.</li>\n<li>Next to the <strong>Default Library</strong>, you will see the <strong>My Libraries</strong> tab and a search icon <img src=\"https://i.ibb.co/gmMPVjC/search-Icon.png\" alt=\"search icon\" width=\"14\" height=\"14\" />. Click the search icon.</li>\n<li>In the search bar that appears, enter <strong>Label</strong>.</li>\n<li>From the results, under <strong>Default</strong>, select <strong>Label</strong>.</li>\n<li>Drag the <strong>Label</strong> widget onto <strong>flxSeg</strong> on the canvas.</li>\n<li>From the <strong>Templates</strong> explorer, right-click on the label named as <b>LabelXXXX</b> under <b>flxSeg</b>,  select <strong>Rename</strong>.</li>\n<li>Rename the label from <b>LabelXXXX</b> to <strong>employeeName</strong>.</li>\n</ol>"
  },
  "pointer": {
    "direction": "left",
    "element": {
      "module": "konylibrary",
      "path": "default-body\\widgets\\default\\Label"
    },
    "type": "default"
  },
  "navigationType": "manual",
  "navigationBar": {
    "left": {
      "text": "Previous",
      "enable": true,
      "hide": false
    },
    "right": {
      "text": "Next",
      "enable": true,
      "hide": false
    }
  },
  "navigationCondition": "",
  "position": "BOTTOM_RIGHT",
  "meta": {
    "Creator": "Rashmi Menon",
    "CreatedOn": "Mon, 25 Nov 2019 11:46:43 GMT"
  },
  "context": [],
  "localization": {
    "en-us": {
      "content": {
        "title": "Add Label to Template",
        "body": "<ol>\n<li>Navigate to the <strong>Default Library</strong> tab on the bottom left of your Iris.</li>\n<li>Next to the <strong>Default Library</strong>, you will see the <strong>My Libraries</strong> tab and a search icon <img src=\"https://i.ibb.co/gmMPVjC/search-Icon.png\" alt=\"search icon\" width=\"14\" height=\"14\" />. Click the search icon.</li>\n<li>In the search bar that appears, enter <strong>Label</strong>.</li>\n<li>From the results, under <strong>Default</strong>, select <strong>Label</strong>.</li>\n<li>Drag the <strong>Label</strong> widget onto <strong>flxSeg</strong> on the canvas.</li>\n<li>From the <strong>Templates</strong> explorer, right-click on the label named as <b>LabelXXXX</b> under <b>flxSeg</b>,  select <strong>Rename</strong>.</li>\n<li>Rename the label from <b>LabelXXXX</b> to <strong>employeeName</strong>.</li>\n</ol>"
      },
      "navigationBar": {
        "left": {
          "text": "Previous"
        },
        "right": {
          "text": "Next"
        }
      }
    },
    "zh-cn": {
      "content": {
        "title": "将标签添加到模板",
        "body": "***<ol> \n <li>导航到<strong>默认库</strong>在您的虹膜左下方。</li> \n <li> <strong>默认库</strong>旁边，您将看到<strong>我的库</strong> tab和搜索图标<img src=\"https://i.ibb.co/gmMPVjC/search-Icon.png\" alt=\"search icon\" width=\"14\" height=\"14\" />。 单击搜索图标。</li> \n <li>在出现的搜索栏中，输入<strong> label </strong>。</li> \n <li>从结果中，在<strong>默认</strong>下，选择<strong> label </strong>。</li> \n <li>将<strong> label </strong>窗口小部件拖到<strong> flxseg </strong>上。</li> \n <li>来自<strong>模板</strong>探索器，在<b> flxSeg </b>下的标签上右键单击，右键单击为<b> labelxxxx </b>，select <strong> rename </strong>。 \n <li>从<b> labelxxxx </b>重命名标签为<strong> \n </ol>"
      },
      "navigationBar": {
        "left": {
          "text": "以前的"
        },
        "right": {
          "text": "下一个"
        }
      }
    },
    "zh-tw": {
      "content": {
        "title": "將標籤添加到模板",
        "body": "***<ol> \n <li>導航到<strong>默認庫</strong>在您的虹膜左下方。</li> \n <li> <strong>默認庫</strong>旁邊，您將看到<strong>我的庫</strong> tab和搜索圖標<img src=\"https://i.ibb.co/gmMPVjC/search-Icon.png\" alt=\"search icon\" width=\"14\" height=\"14\" />。 單擊搜索圖標。</li> \n <li>在出現的搜索欄中，輸入<strong> label </strong>。</li> \n <li>從結果中，在<strong>默認</strong>下，選擇<strong> label </strong>。</li> \n <li>將<strong> label </strong>窗口小部件拖到<strong> flxseg </strong>上。</li> \n <li>來自<strong>模板</strong>探索器，在<b> flxSeg </b>下的標籤上右鍵單擊，右鍵單擊為<b> labelxxxx </b>，select <strong> rename </strong>。 \n <li>從<b> labelxxxx </b>重命名標籤為<strong> \n </ol>"
      },
      "navigationBar": {
        "left": {
          "text": "以前的"
        },
        "right": {
          "text": "下一個"
        }
      }
    }
  }
}