{
  "Tour.LaunchYourFirstMobileAppv92": "Description of Tour",
  "Hike.VoltMX.LaunchYourFirstMobileAppV9": "",
  "Card.VoltMX.LaunchYourFirstMobileAppV9.addUser": {
    "content": {
      "title": "Add Sample User",
      "body": "<ol>\n<li>From the <strong>Data &amp; Services</strong><strong>&nbsp;</strong>panel on the top right of your canvas, expand&nbsp;<strong>Project Services</strong>.</li>\n<li>Right-click on <strong>UserAuthentication </strong> and select <strong>Edit</strong>. The <strong>Edit Identity Service</strong> window appears.</li>\n<li>Click <strong>Import Users</strong>. The <strong>Import Users</strong> window appears.</li>\n<li>Click <strong>Choose File</strong>. The window explorer appears.</li>\n<li>Navigate to the location of the <strong>exportUsers.csv</strong> file, select the file and click <strong>Open</strong>.</li>\n<li>Click <strong>Import</strong>.</li>\n<li>Waiting for imported user successfully notices appears.</li>\n<li>Close the <strong>Edit Identity Service</strong> window.</li>\n</ol>"
    },
    "navigationBar": {
      "left": {
        "text": "Previous"
      },
      "right": {
        "text": "Next"
      }
    }
  },
  "Card.VoltMX.NewLaunchMobApp.Import": {
    "content": {
      "title": "Import the Native App",
      "body": "<ol>\n<li>From the main menu of the Iris, navigate to <strong>Forge</strong> &gt; <strong>Browse</strong>.<br />The <strong>Volt MX Marketplace </strong> windows appears after logging in.</li>\n<li>On the search bar, enter <strong>Recipients Mobile</strong>.</li>\n<li>Click the search icon <img src=\"https://i.ibb.co/gmMPVjC/search-Icon.png\" alt=\"search icon\" width=\"13\" height=\"13\" />.</li>\n<li>In the list that appears, select <strong>Recipients Mobile</strong>.<br />The details of the <strong>Recipients Mobile</strong> appear.</li>\n<li>Click <strong>Import to Workspace</strong>.<br /> It may take some time for Iris to import the app.</li>\n<li>If you have imported this project before, the overwrite error dialog may appear, click <b>OK</b> button to proceed.</li>\n<li>Click the <strong>Continue</strong>\n button.</li>\n</ol>"
    },
    "navigationBar": {
      "left": {
        "text": "Previous"
      },
      "right": {
        "text": "Next"
      }
    }
  },
  "Card.VoltMX.NewLaunchMobApp.Import1": {
    "content": {
      "title": "Open the App",
      "body": "<ol>\n<li>After the app is imported, a <strong> Volt MX Iris</strong> dialog appears.<br />Click <strong>OK</strong>.</li>\n<li>From the main menu of the Iris, navigate to <strong>Project</strong> &gt; <strong>Open</strong> &gt; <strong>HCL Reference Architecture</strong>, and select <strong>RecipientsMobile</strong>.<br />If the project upgrade window appears, click <strong>OK</strong>.<br />The application opens in the <strong>Storyboard</strong> view.</li>\n</ol>"
    },
    "navigationBar": {
      "left": {
        "text": "Previous"
      },
      "right": {
        "text": "Next"
      }
    }
  },
  "Card.VoltMX.NewLaunchMobApp.Intro": {
    "content": {
      "title": "Welcome to Volt MX Iris",
      "body": "<p><strong>Let&rsquo;s get started!</strong></p>\n<p>In this hike, we will:</p>\n<ul>\n<li>Import a sample native app that shows lists of Accounts and Recipients.</li>\n<li>Preview the sample app on a mobile device.</li>\n</ul><br/>\nBefore you get started,\n<ul><li>Install the <b>Volt MX App</b> on your mobile  device from the <a href='#'onClick='javascript:openURL(\"https://play.google.com/store/apps/developer?id=HCL+Software\")'>Google Play Store</a> or the <a href='#'onClick='javascript:openURL(\"https://apps.apple.com/us/developer/hcl-america-inc/id392909135\")'>App Store</a>.</li><li>\nDownload and extract the sample csv file from <a href='#'onClick='javascript:openURL(\"https://github.com/HCL-TECH-SOFTWARE/volt-mx-tutorials/raw/master/public/samples/SampleCSV.zip\")'>here</a>.<br/>Note the location of the extracted file.</li></ul><br/>\n<p><strong>When you are ready, click Start!</strong></p>"
    },
    "navigationBar": {
      "left": {
        "text": "Previous"
      },
      "right": {
        "text": "Start"
      }
    }
  },
  "Card.VoltMX.NewLaunchMobApp.Viewing": {
    "content": {
      "title": "View the App",
      "body": "<p>You will now be able to view the app on your <strong>mobile</strong> device.</p>\n<ol>\n<li>Enter the following login credentials in your app:\n<ul style=\"list-style-type: disc\">\n<li>Username: <strong>john.doe@woodburn.com</strong></li>\n<li>Password: <strong>VoltMX@123</strong></li>\n</ul>\n</li>\n<li>Click <strong>Login</strong>. <br /> The <strong>Accounts List </strong>appears.</li>\n<li>Click <strong>Recipients</strong>. <br /> The <strong>Recipient list</strong>&nbsp;appears.</li>\n</ol>\n<p>In the Recipients list page, you can do the following:</p>\n<ul style=\"list-style-type: disc\">\n<li>Click Add<strong> (+)</strong>, to add a&nbsp;recipient to your account.</li>\n<li>Select&nbsp;a recipient from the list to view their details.</li>\n<li>From the details page, you can edit or delete the recipient.</li>\n</ul>\n<p>To exit the <strong>mobile app</strong>, swipe two fingers from left to right or shake your mobile device and click <strong>Exit App</strong>.</p>"
    },
    "navigationBar": {
      "left": {
        "text": "Previous"
      },
      "right": {
        "text": "Next"
      }
    }
  },
  "Card.VoltMX.NewLaunchMobApp.appViewer": {
    "content": {
      "title": "Volt MX App",
      "body": "<ol>\n<li>Connect your <strong>mobile</strong> device to your computer using a USB cable.<br /> For Android mobile devices, ensure that the user of USB is set as <strong>Transfer files</strong>.<br /> For iOS mobile devices, ensure that <strong>trust </strong>has been established between your device and your computer.</li>\n<li>Launch the <strong>Volt MX App</strong> on your <strong>mobile</strong> device.</li>\n<li>Select the <strong>USB</strong> tab. <br />On a successful connection, <strong>Volt MX Iris</strong> on your computer shows a success prompt.</li>\n<li>From the main menu, select <strong>Build</strong>.</li>\n<li>Click <strong>Live Preview Settings</strong>.</li>\n</ol>"
    },
    "navigationBar": {
      "left": {
        "text": "Previous"
      },
      "right": {
        "text": "Next"
      }
    }
  },
  "Card.VoltMX.NewLaunchMobApp.done": {
    "content": {
      "title": "Congratulations",
      "body": "<p>You have successfully:</p>\n<ul>\n<li><strong>Imported a mobile app</strong></li>\n<li><strong>Launched the app on a mobile device using the Volt MX App</strong></li>\n</ul>\n<p>To learn how to create this app on your own, check out the next hike: <a class=\"tour-link\" tour=\"a617eft5-7ca8-4ard-8eu8-94cdean5\"><br/><strong>2. Create UI from Collections</strong></a></p>"
    },
    "navigationBar": {
      "left": {
        "text": "Previous"
      },
      "right": {
        "text": "Done"
      }
    }
  },
  "Card.VoltMX.NewLaunchMobApp.explore": {
    "content": {
      "title": "Explore the App",
      "body": "<p>Once the application is imported, you can explore the different forms in the application.</p>\n<p>You can view the forms in two different views: The <strong>Storyboard</strong> view and the <strong>Design</strong> view.</p>\n<p>&nbsp;</p>\n<p>The application opens in the <strong>Storyboard</strong> view. You can view the different forms inside the app and connections between forms in the Storyboard view.</p>\n<br/>\n<p>To view <strong>Properties</strong> of each widget in a form, double click on any form to open the form in the <strong>Design View</strong>. You can also select the <strong>Design&nbsp;</strong>tab to navigate to the Design View.</p>"
    },
    "navigationBar": {
      "left": {
        "text": "Previous"
      },
      "right": {
        "text": "Next"
      }
    }
  },
  "Card.VoltMX.NewLaunchMobApp.explore1": {
    "content": {
      "title": "Explore the App",
      "body": "<p>In the <strong>Design View</strong>, to view the different forms inside the app, navigate to the <strong>Project</strong> explorer, and expand <strong>Mobile</strong> &gt; <strong>Forms</strong>.</p>\n<p>&nbsp;</p>\n<p>You can see six forms inside the app. Click on each form and see what the canvas displays.</p>"
    },
    "navigationBar": {
      "left": {
        "text": "Previous"
      },
      "right": {
        "text": "Next"
      }
    }
  },
  "Card.VoltMX.NewLaunchMobApp.launch": {
    "content": {
      "title": "Launch the App",
      "body": "<p>On your <strong>Volt MX App</strong>, click <strong>Launch</strong>.<br /> You may see an <strong>Application Name </strong>input box. If there is an input box, enter <strong>RecipientsMobile</strong>&nbsp;and then click <strong>Launch</strong>.</p>"
    },
    "navigationBar": {
      "left": {
        "text": "Previous"
      },
      "right": {
        "text": "Next"
      }
    }
  },
  "Card.VoltMX.NewLaunchMobApp.publish": {
    "content": {
      "title": "Run the App",
      "body": "<ol>\n<li>From the <strong>Live Preview Settings</strong> window, under <strong>Native</strong>, check the boxes next to the OS of the <strong>mobile</strong> device on which you are going to view the app.<br /> For example, <strong>iOS</strong> and <strong>Android</strong>.<br /> Ensure that you have unselected the checkboxes for all the other platforms and channels.</li>\n<li>Click <strong>Save &amp; Run</strong>.<br /> It may take some time for Iris to run the app.<br /> The<strong> Live Preview is ready</strong> window appears.</li>\n</ol>"
    },
    "navigationBar": {
      "left": {
        "text": "Previous"
      },
      "right": {
        "text": "Next"
      }
    }
  }
}