{
  "Card.VoltMX.NewLaunchMobApp.Intro": {
    "content": {
      "title": "歡迎來到Volt MX Iris",
      "body": "***<p> <strong>讓我開始！</strong> </p> \n <p>在這次遠足中，我們將：</p> \n <ul> \n <li>導入一個示例本機應用程序，顯示帳戶和收件人的列表。</li> \n <li>在移動設備上預覽示例應用程序。</li> \n </ul> <br/> \n 在開始之前， \n <ul> <li>從<a href='#'onClick='javascript:openURL(\"https://play.google.com/store/apps/developer?id=HCL+Software\")'> Google Play商店</a>或<a href='#'onClick='javascript:openURL(\"https://apps.apple.com/us/developer/hcl-america-inc/id392909135\")'> App Store </a>。 \n 從<a href='#'onClick='javascript:openURL(\"https://github.com/HCL-TECH-SOFTWARE/volt-mx-tutorials/raw/master/public/samples/SampleCSV.zip\")'>此處</a>下載並提取示例CSV文件。<br/>注意提取的文件的位置。</li> </ul> {27} <br/> \n <p> <strong>您準備就緒時，單擊“開始”！</strong> </p>"
    },
    "navigationBar": {
      "left": {
        "text": "以前的"
      },
      "right": {
        "text": "開始"
      }
    }
  },
  "Card.VoltMX.NewLaunchMobApp.Import": {
    "content": {
      "title": "導入本機應用",
      "body": "<ol> \n <li>從虹膜的主菜單中，導航到<strong> forge </strong>＆gt; <strong>瀏覽</strong>。<br /> <strong> volt mx Marketplace </strong> windows登錄後出現。</li> \n <li>在搜索欄上，輸入<strong>收件人移動</strong>。</li> \n <li>單擊搜索圖標<img src=\"https://i.ibb.co/gmMPVjC/search-Icon.png\" alt=\"search icon\" width=\"13\" height=\"13\" />。</li> \n <li>在出現的列表中，選擇<strong>收件人移動</strong>。<br /> <strong>收件人移動</strong>的詳細信息出現。</li> \n <li>單擊<strong>導入到工作區</strong>。<br />可能需要一些時間才能讓Iris導入應用程序。</li> \n <li>如果您之前已導入此項目，則可能會出現“覆蓋錯誤”對話框，請單擊<b> OK </b>按鈕繼續。</li> \n <li>單擊<strong>繼續</strong> \n  按鈕。</li> \n </ol>"
    },
    "navigationBar": {
      "left": {
        "text": "以前的"
      },
      "right": {
        "text": "下一個"
      }
    }
  },
  "Card.VoltMX.NewLaunchMobApp.Import1": {
    "content": {
      "title": "打開應用程序",
      "body": "***<ol> \n <li>導入應用後，出現<strong> volt mx iris </strong>對話框。<br />單擊<strong> ok ok </strong>。</li> \n <li>從虹膜的主菜單中，導航到<strong> project </strong>＆gt; <strong>打開</strong>＆gt; <strong> hcl參考架構</strong>，然後選擇<strong>收件人mobile </strong>。<br />應用程序在<strong>情節板</strong>視圖中打開。</li>。{20} \n </ol>"
    },
    "navigationBar": {
      "left": {
        "text": "以前的"
      },
      "right": {
        "text": "下一個"
      }
    }
  },
  "Card.VoltMX.NewLaunchMobApp.explore": {
    "content": {
      "title": "探索應用程序",
      "body": "<p>導入應用程序後，您可以探索應用程序中的不同表單。</p> \n <p>您可以在兩個不同的視圖中查看表單：<strong>故事板</strong>視圖和<strong> design </strong>視圖。</p> \n <p>＆nbsp; </p> \n <p>應用程序在<strong>故事板</strong>視圖中打開。 您可以查看應用程序內部的不同表單以及情節板視圖中表單之間的連接。</p> \n <br/> \n <p>以查看每個窗口小部件的<strong>屬性</strong>以一個形式，雙擊任何表單以在<strong>設計視圖</strong>中打開表單。 您還可以選擇<strong>設計＆nbsp; </strong>選項卡以導航到設計視圖。</p>"
    },
    "navigationBar": {
      "left": {
        "text": "以前的"
      },
      "right": {
        "text": "下一個"
      }
    }
  },
  "Card.VoltMX.NewLaunchMobApp.explore1": {
    "content": {
      "title": "探索應用程序",
      "body": "<p>在<strong>設計視圖</strong>中，要查看應用程序中的不同表單，導航到<strong> project </strong> explorer，然後展開<strong> Mobile </strong>＆gt; <strong>表格</strong>。</p> \n <p>＆nbsp; </p> \n <p>您可以在應用程序中看到六個表單。 單擊每個表單，看看畫布顯示了什麼。</p>"
    },
    "navigationBar": {
      "left": {
        "text": "以前的"
      },
      "right": {
        "text": "下一個"
      }
    }
  },
  "Card.VoltMX.LaunchYourFirstMobileAppV9.addUser": {
    "content": {
      "title": "添加示例用戶",
      "body": "<ol> \n <li>來自<strong> data＆amp; 服務</strong> <strong>＆nbsp; </strong>面板在畫布的右上角，展開＆nbsp; <strong> project Services </strong>。</li> \n <li>右鍵單擊<strong> userauthentication </strong>，然後選擇<strong> edit </strong>。 <strong>編輯身份服務</strong>窗口出現。</li> \n <li>單擊<strong>導入用戶</strong>。 <strong>導入用戶</strong>窗口出現。</li> \n <li>單擊<strong>選擇文件</strong>。 出現窗口資源管理器。</li> \n <li>導航到<strong> exportusers.csv </strong>文件的位置，選擇文件，然後單擊<strong> Open </strong>。</li> \n <li>單擊<strong>導入</strong>。</li> \n <li>等待導入的用戶成功出現。</li> \n <li>關閉<strong>編輯身份服務</strong>窗口。</li> \n </ol>"
    },
    "navigationBar": {
      "left": {
        "text": "以前的"
      },
      "right": {
        "text": "下一個"
      }
    }
  },
  "Card.VoltMX.NewLaunchMobApp.appViewer": {
    "content": {
      "title": "Volt MX應用程序",
      "body": "***<ol> \n <li>使用USB電纜將您的<strong>移動</strong>設備連接到計算機。<br />對於Android移動設備，請確保將USB的用戶設置為<strong>傳輸文件</strong>。<br /> {7} 對於iOS移動設備，請確保在您的設備和計算機之間建立<strong>信任</strong>。</li> \n <li>在您的<strong>移動</strong>設備上啟動<strong> volt mx app </strong>。</li> \n <li>選擇<strong> USB </strong>選項卡。 <br />在成功的連接上，<strong>伏特mx iris </strong>在您的計算機上顯示成功提示。</li> \n <li>從主菜單中，選擇<strong>構建</strong>。</li> \n <li>單擊<strong>實時預覽設置</strong>。</li> \n </ol>"
    },
    "navigationBar": {
      "left": {
        "text": "以前的"
      },
      "right": {
        "text": "下一個"
      }
    }
  },
  "Card.VoltMX.NewLaunchMobApp.publish": {
    "content": {
      "title": "運行應用程序",
      "body": "<ol> \n <li>從<strong> Live Preview設置</strong>窗口，在<strong>本機</strong>下，選中<strong>移動</strong>設備的OS旁邊的框 app。<br />例如，<strong> ios </strong>和<strong> android </strong>。<br />確保您對所有其他平台和通道的複選框都沒有選擇。</li> \n <li>單擊<strong>保存＆amp; 運行</strong>。<br />可能需要一些時間才能讓Iris運行該應用程序。<br /> <strong> Live Preview已準備就緒</strong>窗口。</li> \n </ol>"
    },
    "navigationBar": {
      "left": {
        "text": "以前的"
      },
      "right": {
        "text": "下一個"
      }
    }
  },
  "Card.VoltMX.NewLaunchMobApp.launch": {
    "content": {
      "title": "啟動該應用程序",
      "body": "<p>在您的<strong> volt Mx App </strong>上，單擊<strong>啟動</strong>。<br />您可以看到<strong>應用程序名稱</strong>輸入框。 如果有一個輸入框，請輸入<strong>收件人mobile </strong>＆nbsp;然後單擊<strong>啟動</strong>。</p>"
    },
    "navigationBar": {
      "left": {
        "text": "以前的"
      },
      "right": {
        "text": "下一個"
      }
    }
  },
  "Card.VoltMX.NewLaunchMobApp.Viewing": {
    "content": {
      "title": "查看應用程序",
      "body": "<p>您現在可以在<strong>移動</strong>設備上查看應用程序。</p> \n <ol> \n <li>在您的應用中輸入以下登錄憑據： \n <ul style=\"list-style-type: disc\"> \n <li>用戶名：<strong> john.doe@woodburn.com </strong> </li> \n <li>密碼：<strong> voltmx@123 </strong> </li> \n </ul> \n </li> \n <li>單擊<strong>登錄</strong>。 <br /> <strong>帳戶列表</strong>出現。</li> \n <li>單擊<strong>收件人</strong>。 <br /> <strong>收件人列表</strong>＆nbsp;出現。</li> \n </ol> \n <p>在收件人列表頁面中，您可以執行以下操作：</p> \n <ul style=\"list-style-type: disc\"> \n <li>單擊添加<strong>（+）</strong>，以將a＆nbsp;收件人添加到您的帳戶中。</li> \n <li> select＆nbsp;列表中的收件人以查看其詳細信息。</li> \n <li>從詳細信息頁面中，您可以編輯或刪除收件人。</li> \n </ul> \n <p>退出<strong>移動應用</strong>，從左到右滑動兩個手指，或搖動移動設備，然後單擊<strong>退出App </strong>。</p>"
    },
    "navigationBar": {
      "left": {
        "text": "以前的"
      },
      "right": {
        "text": "下一個"
      }
    }
  },
  "Card.VoltMX.NewLaunchMobApp.done": {
    "content": {
      "title": "恭喜",
      "body": "<p>您已經成功：</p> \n <ul> \n <li> <strong>導入移動應用</strong> </li> \n <li> <strong>使用Volt MX App </strong> </li>在移動設備上啟動了該應用程序 \n </ul> \n <p>要學習如何自己創建此應用程序，請查看下一個徒步旅行：<a class=\"tour-link\" tour=\"a617eft5-7ca8-4ard-8eu8-94cdean5\"> <br/> <strong> 2。 從集合</strong> </a> </p>創建UI"
    },
    "navigationBar": {
      "left": {
        "text": "以前的"
      },
      "right": {
        "text": "完畢"
      }
    }
  }
}