{
  "Card.VoltMX.NewLaunchMobApp.Intro": {
    "content": {
      "title": "欢迎来到Volt MX Iris",
      "body": "***<p> <strong>让我开始！</strong> </p> \n <p>在这次远足中，我们将：</p> \n <ul> \n <li>导入一个示例本机应用程序，显示帐户和收件人的列表。</li> \n <li>在移动设备上预览示例应用程序。</li> \n </ul> <br/> \n 在开始之前， \n <ul> <li>从<a href='#'onClick='javascript:openURL(\"https://play.google.com/store/apps/developer?id=HCL+Software\")'> Google Play商店</a>或<a href='#'onClick='javascript:openURL(\"https://apps.apple.com/us/developer/hcl-america-inc/id392909135\")'> App Store </a>。 \n 从<a href='#'onClick='javascript:openURL(\"https://github.com/HCL-TECH-SOFTWARE/volt-mx-tutorials/raw/master/public/samples/SampleCSV.zip\")'>此处</a>下载并提取示例CSV文件。<br/>注意提取的文件的位置。</li> </ul> {27} <br/> \n <p> <strong>您准备就绪时，单击“开始”！</strong> </p>"
    },
    "navigationBar": {
      "left": {
        "text": "以前的"
      },
      "right": {
        "text": "开始"
      }
    }
  },
  "Card.VoltMX.NewLaunchMobApp.Import": {
    "content": {
      "title": "导入本机应用",
      "body": "<ol> \n <li>从虹膜的主菜单中，导航到<strong> forge </strong>＆gt; <strong>浏览</strong>。<br /> <strong> volt mx Marketplace </strong> windows登录后出现。</li> \n <li>在搜索栏上，输入<strong>收件人移动</strong>。</li> \n <li>单击搜索图标<img src=\"https://i.ibb.co/gmMPVjC/search-Icon.png\" alt=\"search icon\" width=\"13\" height=\"13\" />。</li> \n <li>在出现的列表中，选择<strong>收件人移动</strong>。<br /> <strong>收件人移动</strong>的详细信息出现。</li> \n <li>单击<strong>导入到工作区</strong>。<br />可能需要一些时间才能让Iris导入应用程序。</li> \n <li>如果您之前已导入此项目，则可能会出现“覆盖错误”对话框，请单击<b> OK </b>按钮继续。</li> \n <li>单击<strong>继续</strong> \n  按钮。</li> \n </ol>"
    },
    "navigationBar": {
      "left": {
        "text": "以前的"
      },
      "right": {
        "text": "下一个"
      }
    }
  },
  "Card.VoltMX.NewLaunchMobApp.Import1": {
    "content": {
      "title": "打开应用程序",
      "body": "***<ol> \n <li>导入应用后，出现<strong> volt mx iris </strong>对话框。<br />单击<strong> ok ok </strong>。</li> \n <li>从虹膜的主菜单中，导航到<strong> project </strong>＆gt; <strong>打开</strong>＆gt; <strong> hcl参考架构</strong>，然后选择<strong>收件人mobile </strong>。<br />应用程序在<strong>情节板</strong>视图中打开。</li>。{20} \n </ol>"
    },
    "navigationBar": {
      "left": {
        "text": "以前的"
      },
      "right": {
        "text": "下一个"
      }
    }
  },
  "Card.VoltMX.NewLaunchMobApp.explore": {
    "content": {
      "title": "探索应用程序",
      "body": "<p>导入应用程序后，您可以探索应用程序中的不同表单。</p> \n <p>您可以在两个不同的视图中查看表单：<strong>故事板</strong>视图和<strong> design </strong>视图。</p> \n <p>＆nbsp; </p> \n <p>应用程序在<strong>故事板</strong>视图中打开。 您可以查看应用程序内部的不同表单以及情节板视图中表单之间的连接。</p> \n <br/> \n <p>以查看每个窗口小部件的<strong>属性</strong>以一个形式，双击任何表单以在<strong>设计视图</strong>中打开表单。 您还可以选择<strong>设计＆nbsp; </strong>选项卡以导航到设计视图。</p>"
    },
    "navigationBar": {
      "left": {
        "text": "以前的"
      },
      "right": {
        "text": "下一个"
      }
    }
  },
  "Card.VoltMX.NewLaunchMobApp.explore1": {
    "content": {
      "title": "探索应用程序",
      "body": "<p>在<strong>设计视图</strong>中，要查看应用程序中的不同表单，导航到<strong> project </strong> explorer，然后展开<strong> Mobile </strong>＆gt; <strong>表格</strong>。</p> \n <p>＆nbsp; </p> \n <p>您可以在应用程序中看到六个表单。 单击每个表单，看看画布显示了什么。</p>"
    },
    "navigationBar": {
      "left": {
        "text": "以前的"
      },
      "right": {
        "text": "下一个"
      }
    }
  },
  "Card.VoltMX.LaunchYourFirstMobileAppV9.addUser": {
    "content": {
      "title": "添加示例用户",
      "body": "<ol> \n <li>来自<strong> data＆amp; 服务</strong> <strong>＆nbsp; </strong>面板在画布的右上角，展开＆nbsp; <strong> project Services </strong>。</li> \n <li>右键单击<strong> userauthentication </strong>，然后选择<strong> edit </strong>。 <strong>编辑身份服务</strong>窗口出现。</li> \n <li>单击<strong>导入用户</strong>。 <strong>导入用户</strong>窗口出现。</li> \n <li>单击<strong>选择文件</strong>。 出现窗口资源管理器。</li> \n <li>导航到<strong> exportusers.csv </strong>文件的位置，选择文件，然后单击<strong> Open </strong>。</li> \n <li>单击<strong>导入</strong>。</li> \n <li>等待导入的用户成功出现。</li> \n <li>关闭<strong>编辑身份服务</strong>窗口。</li> \n </ol>"
    },
    "navigationBar": {
      "left": {
        "text": "以前的"
      },
      "right": {
        "text": "下一个"
      }
    }
  },
  "Card.VoltMX.NewLaunchMobApp.appViewer": {
    "content": {
      "title": "Volt MX应用程序",
      "body": "***<ol> \n <li>使用USB电缆将您的<strong>移动</strong>设备连接到计算机。<br />对于Android移动设备，请确保将USB的用户设置为<strong>传输文件</strong>。<br /> {7} 对于iOS移动设备，请确保在您的设备和计算机之间建立<strong>信任</strong>。</li> \n <li>在您的<strong>移动</strong>设备上启动<strong> volt mx app </strong>。</li> \n <li>选择<strong> USB </strong>选项卡。 <br />在成功的连接上，<strong>伏特mx iris </strong>在您的计算机上显示成功提示。</li> \n <li>从主菜单中，选择<strong>构建</strong>。</li> \n <li>单击<strong>实时预览设置</strong>。</li> \n </ol>"
    },
    "navigationBar": {
      "left": {
        "text": "以前的"
      },
      "right": {
        "text": "下一个"
      }
    }
  },
  "Card.VoltMX.NewLaunchMobApp.publish": {
    "content": {
      "title": "运行应用程序",
      "body": "<ol> \n <li>从<strong> Live Preview设置</strong>窗口，在<strong>本机</strong>下，选中<strong>移动</strong>设备的OS旁边的框 app。<br />例如，<strong> ios </strong>和<strong> android </strong>。<br />确保您对所有其他平台和通道的复选框都没有选择。</li> \n <li>单击<strong>保存＆amp; 运行</strong>。<br />可能需要一些时间才能让Iris运行该应用程序。<br /> <strong> Live Preview已准备就绪</strong>窗口。</li> \n </ol>"
    },
    "navigationBar": {
      "left": {
        "text": "以前的"
      },
      "right": {
        "text": "下一个"
      }
    }
  },
  "Card.VoltMX.NewLaunchMobApp.launch": {
    "content": {
      "title": "启动该应用程序",
      "body": "<p>在您的<strong> volt Mx App </strong>上，单击<strong>启动</strong>。<br />您可以看到<strong>应用程序名称</strong>输入框。 如果有一个输入框，请输入<strong>收件人mobile </strong>＆nbsp;然后单击<strong>启动</strong>。</p>"
    },
    "navigationBar": {
      "left": {
        "text": "以前的"
      },
      "right": {
        "text": "下一个"
      }
    }
  },
  "Card.VoltMX.NewLaunchMobApp.Viewing": {
    "content": {
      "title": "查看应用程序",
      "body": "<p>您现在可以在<strong>移动</strong>设备上查看应用程序。</p> \n <ol> \n <li>在您的应用中输入以下登录凭据： \n <ul style=\"list-style-type: disc\"> \n <li>用户名：<strong> john.doe@woodburn.com </strong> </li> \n <li>密码：<strong> voltmx@123 </strong> </li> \n </ul> \n </li> \n <li>单击<strong>登录</strong>。 <br /> <strong>帐户列表</strong>出现。</li> \n <li>单击<strong>收件人</strong>。 <br /> <strong>收件人列表</strong>＆nbsp;出现。</li> \n </ol> \n <p>在收件人列表页面中，您可以执行以下操作：</p> \n <ul style=\"list-style-type: disc\"> \n <li>单击添加<strong>（+）</strong>，以将a＆nbsp;收件人添加到您的帐户中。</li> \n <li> select＆nbsp;列表中的收件人以查看其详细信息。</li> \n <li>从详细信息页面中，您可以编辑或删除收件人。</li> \n </ul> \n <p>退出<strong>移动应用</strong>，从左到右滑动两个手指，或摇动移动设备，然后单击<strong>退出App </strong>。</p>"
    },
    "navigationBar": {
      "left": {
        "text": "以前的"
      },
      "right": {
        "text": "下一个"
      }
    }
  },
  "Card.VoltMX.NewLaunchMobApp.done": {
    "content": {
      "title": "恭喜",
      "body": "<p>您已经成功：</p> \n <ul> \n <li> <strong>导入移动应用</strong> </li> \n <li> <strong>使用Volt MX App </strong> </li>在移动设备上启动了该应用程序 \n </ul> \n <p>要学习如何自己创建此应用程序，请查看下一个徒步旅行：<a class=\"tour-link\" tour=\"a617eft5-7ca8-4ard-8eu8-94cdean5\"> <br/> <strong> 2。 从集合</strong> </a> </p>创建UI"
    },
    "navigationBar": {
      "left": {
        "text": "以前的"
      },
      "right": {
        "text": "完毕"
      }
    }
  }
}