{
    "kuid": "7f69detc-63a3-41r6-85ua-cf28bfn3",
    "id": "Kony.FirstApp.openapp",
    "content": {
        "title": "Kony Quantum App <sup><span hk-tooltip='Formerly known as Kony Visualizer App Viewer'><img src=\"https://i.ibb.co/Dfkmg6k/Button-Info-icon.png\" alt=\"Button-Info-icon\" width=\"10\" height=\"10\" /></span></sup>",
        "body": "<ol>\n<li>Connect your <strong>mobile</strong> device to your computer using a USB cable.<br />For Android mobile device, ensure that the use of USB is set as <strong>Transfer files</strong>.<br />For iOS mobile device, ensure that a <strong>trust</strong> has been established between your device and your computer.</li>\n<li>Launch the <strong>Kony Quantum App</strong> on your <strong>mobile</strong> device.</li>\n<li>Select the <strong>USB</strong> tab.</li>\n<li>On a successful connection, <strong>Visualizer</strong> on your computer shows a success prompt.</li>\n</ol>"
    },
    "pointer": {
        "direction": "left",
        "element": "",
        "type": "none"
    },
    "navigationType": "manual",
    "navigationBar": {
        "left": {
            "text": "Previous",
            "enable": true,
            "hide": false
        },
        "right": {
            "text": "Next",
            "enable": true,
            "hide": false
        }
    },
    "navigationCondition": "",
    "position": "BOTTOM_RIGHT",
    "meta": {
        "Creator": "Rashmi Menon",
        "CreatedOn": "Thu, 31 Jan 2019 07:04:11 GMT"
    },
    "context": []
}