{
  "kuid": "eae522t2-41a4-4cr8-b3u0-496dd8n6",
  "id": "VoltMX.addLoginServiceV9.TestLogin",
  "content": {
    "title": "Test the Service of your App",
    "body": "<ol>\n<li>On the&nbsp;<strong>Configure Identity Service </strong>window, click&nbsp;<strong>TEST LOGIN</strong>.</li>\n<li>Enter the&nbsp;<strong>User ID </strong>(email) and the&nbsp;<strong>Password </strong>you have created.</li>\n<ul style=\"list-style-type: disc\">\n<li>Email/Username:<strong> john.doe@woodburn.com</strong></li>\n<li>Password:<strong> VoltMX@123</strong></li></ul>\n<li>Click&nbsp;<strong>SIGN IN</strong>.</li>\n<li>Close the&nbsp;<strong>Configure Identity Service</strong>&nbsp;window to add the service to your application.</li>\n</ol>"
  },
  "pointer": {
    "direction": "left",
    "element": "",
    "type": "none"
  },
  "navigationType": "manual",
  "navigationBar": {
    "left": {
      "text": "Previous",
      "enable": true,
      "hide": false
    },
    "right": {
      "text": "Next",
      "enable": true,
      "hide": false
    }
  },
  "navigationCondition": "",
  "position": "BOTTOM_RIGHT",
  "meta": {
    "Creator": "Rashmi Menon",
    "CreatedOn": "Wed, 18 Dec 2019 09:17:13 GMT"
  },
  "context": [],
  "localization": {
    "en-us": {
      "content": {
        "title": "Test the Service of your App",
        "body": "<ol>\n<li>On the&nbsp;<strong>Configure Identity Service </strong>window, click&nbsp;<strong>TEST LOGIN</strong>.</li>\n<li>Enter the&nbsp;<strong>User ID </strong>(email) and the&nbsp;<strong>Password </strong>you have created.</li>\n<ul style=\"list-style-type: disc\">\n<li>Email/Username:<strong> john.doe@woodburn.com</strong></li>\n<li>Password:<strong> VoltMX@123</strong></li></ul>\n<li>Click&nbsp;<strong>SIGN IN</strong>.</li>\n<li>Close the&nbsp;<strong>Configure Identity Service</strong>&nbsp;window to add the service to your application.</li>\n</ol>"
      },
      "navigationBar": {
        "left": {
          "text": "Previous"
        },
        "right": {
          "text": "Next"
        }
      }
    },
    "zh-cn": {
      "content": {
        "title": "测试您的应用程序的服务",
        "body": "<ol> \n <li>在＆nbsp; <strong>配置身份服务</strong>窗口，单击＆nbsp; <strong> test login </strong>。</li> \n <li>输入＆nbsp; <strong>用户ID </strong>（电子邮件）和＆nbsp; <strong>密码</strong>您已经创建了。</li> \n <ul style=\"list-style-type: disc\"> \n <li>电子邮件/用户名：<strong> john.doe@woodburn.com </strong> </li> \n <li>密码：<strong> voltmx@123 </strong> </li> </ul> \n <li>单击＆nbsp; <strong>在</strong>中登录。</li> \n <li>关闭＆nbsp; <strong>配置身份服务</strong>＆nbsp;窗口以将服务添加到您的应用程序中。</li> \n </ol>"
      },
      "navigationBar": {
        "left": {
          "text": "以前的"
        },
        "right": {
          "text": "下一个"
        }
      }
    },
    "zh-tw": {
      "content": {
        "title": "測試您的應用程序的服務",
        "body": "<ol> \n <li>在＆nbsp; <strong>配置身份服務</strong>窗口，單擊＆nbsp; <strong> test login </strong>。</li> \n <li>輸入＆nbsp; <strong>用戶ID </strong>（電子郵件）和＆nbsp; <strong>密碼</strong>您已經創建了。</li> \n <ul style=\"list-style-type: disc\"> \n <li>電子郵件/用戶名：<strong> john.doe@woodburn.com </strong> </li> \n <li>密碼：<strong> voltmx@123 </strong> </li> </ul> \n <li>單擊＆nbsp; <strong>在</strong>中登錄。</li> \n <li>關閉＆nbsp; <strong>配置身份服務</strong>＆nbsp;窗口以將服務添加到您的應用程序中。</li> \n </ol>"
      },
      "navigationBar": {
        "left": {
          "text": "以前的"
        },
        "right": {
          "text": "下一個"
        }
      }
    }
  }
}