{
    "kuid": "a61306t7-dfad-40r0-b6uf-07fad7n3",
    "id": "VoltMX.UseStorageServiceV9.addUI",
    "content": {
        "title": "Add Data to the Form",
        "body": "<ol>\n<li>From the <strong>Data &amp; Services</strong> panel, expand <strong>Project Services</strong> &gt; <strong>sampleStorage</strong> &gt; <strong>employee</strong>, and select <strong>get</strong>.</li>\n<li>Drop <strong>get</strong> from the Data &amp; Services panel on to the <strong>frmDetails</strong> form on the canvas. <br />The <strong>What would you like to generate?</strong> window appears.</li>\n<li>Select <strong>List &amp; Details Using Response</strong>.</li>\n<li>Click <strong>OK</strong>.<br />You can view the data on the form on canvas.</li>\n</ol>"
    },
    "pointer": {
        "direction": "right",
        "element": {
            "module": "datapanel",
            "itemType": "dp_tree_entry",
            "context": {},
            "path": "PROJECT SERVICES\\Objects\\sampleStorage"
        },
        "type": "default"
    },
    "navigationType": "manual",
    "navigationBar": {
        "left": {
            "text": "Previous",
            "enable": true,
            "hide": false
        },
        "right": {
            "text": "Next",
            "enable": true,
            "hide": false
        }
    },
    "navigationCondition": "",
    "position": "BOTTOM_RIGHT",
    "meta": {
        "Creator": "Rashmi Menon",
        "CreatedOn": "Wed, 27 Nov 2019 10:16:53 GMT"
    },
    "context": []
}