{
  "Tour.UnderstandIdentityServicesV9": "Description of Tour",
  "Hike.VoltMX.IdentityServicesV9": "Description of hike",
  "Card.VoltMX.IdentityServicesV9.LoginUI": {
    "content": {
      "title": "Add a Login Screen",
      "body": "<p>The <b>Default Library</b> tab contains pre-bundled UI components to help design forms.</p> \n<ol>\n    <li>From the bottom-left of the Iris, navigate to the <strong>Default Library</strong>.</li>\n    <li>Next to the <strong>Default Library</strong>, you will see the <strong>My Libraries</strong> tab and a search icon. Click the search icon 🔍.</li>\n    <li>In the search bar that appears, enter <strong>ACMELogin</strong>.</li>\n    <li>Drag and drop the <strong>ACMELogin</strong> component onto the <strong>frmLogin</strong> form on your canvas.</li>\n    <li>Click <strong>Yes</strong> when prompted to import sample data. The login form is ready.</li>\n</ol>"
    },
    "navigationBar": {
      "left": {
        "text": "Previous"
      },
      "right": {
        "text": "Next"
      }
    }
  },
  "Card.VoltMX.IdentityServicesV9.addService": {
    "content": {
      "title": "Link the Identity Service to the Form",
      "body": "<p>An identity service is used to authenticate users.</p>\n<ol>\n<li>From the <strong>Data & Services</strong> panel on the top right of your canvas, expand <strong>Sample Services</strong> &gt; <strong>MicrosoftActiveDirectory</strong>. <br /> Notice the <strong>login</strong> and the <strong>logout</strong> operations.</li>\n<li>Drag and drop the <strong>login</strong> operation onto the <strong>Login</strong> button on the <strong>frmLogin</strong> form on your canvas.</li>\n<li>From the list of actions, select <strong>Action: onClick</strong>.</li>\n<li>Click <strong>Save</strong>.</li>\n</ol>"
    },
    "navigationBar": {
      "left": {
        "text": "Previous"
      },
      "right": {
        "text": "Next"
      }
    }
  },
  "Card.VoltMX.IdentityServicesV9.appviewer": {
    "content": {
      "title": "Volt MX App",
      "body": "<ol>\n<li>Connect your <b>mobile</b> to your computer using a USB cable.<br />\nFor Android devices, make sure you use USB to <b>Transfer Files</b>.</li>\n<li>Launch <b>Volt MX App</b> on your <b>mobile</b>.</li>\n<li>Select the <b>USB</b> tab.</li>\n<li>On successful connection, <b>Iris</b> on your computer shows a success prompt.<br />\nAt the same time, the USB icon turns green on your <b>Volt MX App</b>.</li>\n</ol>"
    },
    "navigationBar": {
      "left": {
        "text": "Previous"
      },
      "right": {
        "text": "Next"
      }
    }
  },
  "Card.VoltMX.IdentityServicesV9.dataPanel": {
    "content": {
      "title": "Data & Services Panel",
      "body": "<p>Select the <strong>Data &amp; Services</strong> tab on the top-right of your canvas. It opens the <strong>Data &amp; Services</strong> panel.</p>\n<p>The <strong>Data &amp; Services</strong> panel has <strong>Sample Services</strong> and <strong>Project Services</strong>.</p>\n<ul>\n<li><strong>Sample Services</strong>: These are the pre-bundled services with the sample data to help you get started.</li>\n<li><strong>Project Services</strong>: These are the services which are used by this project. <br />You can create and configure new Volt MX Foundry services under <strong>Project Services</strong>.</li>\n</ul>"
    },
    "navigationBar": {
      "left": {
        "text": "Previous"
      },
      "right": {
        "text": "Next"
      }
    }
  },
  "Card.VoltMX.IdentityServicesV9.done": {
    "content": {
      "title": "Congratulations",
      "body": "<p>You have successfully:</p>\n<ul>\n<li><strong>Created a Login screen</strong></li>\n<li><strong>Associated with a sample identity services</strong></li>\n<li><strong>Launched the app in Volt MX App and checked for the success scenario</strong></li>\n</ul>"
    },
    "navigationBar": {
      "left": {
        "text": "Previous"
      },
      "right": {
        "text": "Done"
      }
    }
  },
  "Card.VoltMX.IdentityServicesV9.explore": {
    "content": {
      "title": "View the App",
      "body": "<ol>\n<li>On your <b>Volt MX App</b>, click <strong>Launch</strong>.<br /> If you are prompted to provide the application name, enter <strong>SampleLogin</strong> and click <strong>Launch</strong>.</li>\n<li>Use the following sample user credentials for a successful login\n<ul>\n<li>Username: <b>testuser@samples.woodburn.com</b></li>\n<li>Password: <b>test@123</b></li>\n</ul>\n</li>\n<li>To <strong>Exit</strong> the preview, swipe two fingers from left to right or shake your mobile.</li>\n</ol>"
    },
    "navigationBar": {
      "left": {
        "text": "Previous"
      },
      "right": {
        "text": "Next"
      }
    }
  },
  "Card.VoltMX.IdentityServicesV9.mapping": {
    "content": {
      "title": "Mapping Form UI to the Services",
      "body": "<ol>\n<li>From the <strong>Data &amp; Services</strong> panel on the top right of your canvas, expand <strong>Project Services</strong> &gt; <strong>MicrosoftActiveDirectory</strong> &gt; <strong>login</strong> &gt; <strong>Request</strong>.</li>\n<li>Drag and drop the <strong>userid</strong> parameter from the <strong>Data &amp; Services</strong> panel onto the <strong>Username </strong>text field on your canvas.</li>\n<li>Drag and drop the <strong>password</strong> parameter from the <strong>Data &amp; Services</strong> panel onto the <strong>Password </strong>text field on your canvas.</li>\n</ol>\n<p>You have now mapped:</p>\n<ul>\n<li><strong> userid</strong> parameter to the text in <strong>tbxUsername</strong> text field</li>\n<li><strong>password</strong> parameter to the text in <strong>tbxPassword</strong> text field</li>\n</ul>"
    },
    "navigationBar": {
      "left": {
        "text": "Previous"
      },
      "right": {
        "text": "Next"
      }
    }
  },
  "Card.VoltMX.IdentityServicesV9.rename": {
    "content": {
      "title": "Rename the Form",
      "body": "<ol>\n<li>In the <strong>Storyboard</strong> view, above the new Form, click <strong>Form1</strong>.</li>\n<li>Rename the form from <strong>Form1</strong> to <strong>frmLogin</strong>.</li>\n<li>To add widgets to the form, double-click on the form to open the form in <strong>Design </strong>view.</li>\n</ol>"
    },
    "navigationBar": {
      "left": {
        "text": "Previous"
      },
      "right": {
        "text": "Next"
      }
    }
  },
  "Card.VoltMX.IdentityServicesV9.run": {
    "content": {
      "title": "Run the App",
      "body": "<ol><li>From the <b>Live Preview Settings</b> window, under <b>Native</b>, select the checkboxes next to the OS of the mobile/tablet on which you are going to view the app. <br/>For example: <b>iOS </b> and <b>Android</b>.<br/>Make sure you have unselected all the other platforms and channels.</li>\n<li>Click <b>Save & Run</b>.<br/> It may take some time for Iris to show the <b>Live Preview is ready</b> window.</ol>"
    },
    "navigationBar": {
      "left": {
        "text": "Previous"
      },
      "right": {
        "text": "Next"
      }
    }
  },
  "Card.VoltMX.IdentityServicesV9.settings": {
    "content": {
      "title": "Settings for Live Preview",
      "body": "<ol><li>From the main menu, select <b>Build</b>.</li>\n<li>Click <b>Live Preview Settings</b>.</li>"
    },
    "navigationBar": {
      "left": {
        "text": "Previous"
      },
      "right": {
        "text": "Next"
      }
    }
  },
  "Card.VoltMX.UnderstandIdentityServicesV9.Intro": {
    "content": {
      "title": "Understanding Identity Service",
      "body": "<b>Let’s get started!</b><br >\n<br/>In this hike, we will:<ul>\n<li>Create a login screen</li>\n<li>Add authentication to the login screen  using Identity Service</li></ul>\n\n<br/>Before you get started, install the <b>Volt MX App</b> on your mobile  device, from the <a href='#'onClick='javascript:openURL(\"https://play.google.com/store/apps/developer?id=HCL+Software \")'> Google Play Store </a> or the <a href='#'onClick='javascript:openURL(\"https://apps.apple.com/us/developer/hcl-america-inc/id392909135 \")'> App store</a>.<br/><br/>"
    },
    "navigationBar": {
      "left": {
        "text": "Previous"
      },
      "right": {
        "text": "Next"
      }
    }
  },
  "Card.VoltMX.UnderstandIdentityServicesV9.NewProject1": {
    "content": {
      "title": "Create a New Project",
      "body": "<ol>\n<li>Navigate to <strong>Project</strong> &gt; <strong>New Project</strong>.</li>\n<li>From the <strong>What do you want to start with now? </strong>window, select <strong>Native App</strong>.</li>\n<li>Click <strong>Next</strong>.<br/>The <b>You started with a Native App</b> window opens. </li>\n</ol>"
    },
    "navigationBar": {
      "left": {
        "text": "Previous"
      },
      "right": {
        "text": "Next"
      }
    }
  },
  "Card.VoltMX.UnderstandIdentityServicesV9.NewProject2": {
    "content": {
      "title": "Create a New Project",
      "body": "<ol>\n<li>Under <strong>Project Name</strong>, enter <strong>SampleLogin</strong>.</li>\n<li>Click <strong>Create</strong>.<br />A new application is created with one flex form. <br />The application opens in the <strong>Storyboard </strong>view.</li>\n</ol>"
    },
    "navigationBar": {
      "left": {
        "text": "Previous"
      },
      "right": {
        "text": "Next"
      }
    }
  }
}