{
  "Tour.UnderstandIdentityServicesV9": {
    "description": "旅遊描述"
  },
  "Hike.VoltMX.IdentityServicesV9": {
    "description": "徒步說明"
  },
  "Card.VoltMX.IdentityServicesV9.addService": {
    "content": {
      "title": "將身份服務鏈接到表單",
      "body": "<p>身份服務用於對用戶進行身份驗證。</p>\n<ol>\n<li>來自<strong>數據和服務</strong>畫布右上角的面板，展開<strong>示例服務</strong>&gt;<strong>MicrosoftActiveDirectory</strong>. <br />注意<strong>登錄</strong>和<strong>註銷</strong>操作。</li>\n<li>拖放<strong>登錄</strong>操作<strong>登錄</strong>按鈕<strong>frmLogin</strong>在畫布上形成。</li>\n<li>從操作列表中，選擇<strong>動作：onClick</strong>.</li>\n<li>點擊<strong>保存</strong>.</li>\n</ol>"
    },
    "navigationBar": {
      "left": {
        "text": "上一個"
      },
      "right": {
        "text": "下一個"
      }
    }
  },
  "Card.VoltMX.IdentityServicesV9.appviewer": {
    "content": {
      "title": "Volt MX 應用程序",
      "body": "<ol>\n<li>連接您的<b>手機</b>使用 USB 電纜連接到您的計算機。<br />對於Android設備，請確保您使用USB<b>傳輸文件</b>.</li>\n<li>啟動<b>Volt MX 應用程序</b>在你的<b>手機</b>.</li>\n<li>選擇<b>USB</b>選項卡。</li>\n<li>連接成功後，<b>虹膜</b>在您的計算機上顯示成功提示。<br />同時，USB 圖標在您的<b>Volt MX 應用程序</b>.</li>\n</ol>"
    },
    "navigationBar": {
      "left": {
        "text": "上一個"
      },
      "right": {
        "text": "下一個"
      }
    }
  },
  "Card.VoltMX.IdentityServicesV9.dataPanel": {
    "content": {
      "title": "數據和服務面板",
      "body": "<p>選擇<strong>數據&amp;服務</strong>畫布右上角的選項卡。它打開<strong>數據&amp;服務</strong>面板。</p>\n<p><strong>數據&amp;服務</strong>面板有<strong>示例服務</strong>和<strong>項目服務</strong>.</p>\n<ul>\n<li><strong>示例服務</strong>: 這些是帶有示例數據的預捆綁服務，可幫助您入門。</li>\n<li><strong>項目服務</strong> : 這些是這個項目使用的服務。<br />您可以在下面創建和配置新的 Volt MX Foundry 服務<strong>項目服務</strong>.</li>\n</ul>"
    },
    "navigationBar": {
      "left": {
        "text": "上一個"
      },
      "right": {
        "text": "下一個"
      }
    }
  },
  "Card.VoltMX.IdentityServicesV9.done": {
    "content": {
      "title": " 恭喜",
      "body": "<p>您已成功：</p>\n<ul>\n<li><strong>創建登錄屏幕</strong></li>\n<li><strong>與樣本身份服務相關聯</strong></li>\n<li><strong> 在 Volt MX App 中啟動應用程序並檢查成功場景</strong></li>\n</ul>"
    },
    "navigationBar": {
      "left": {
        "text": "上一個"
      },
      "right": {
        "text": "完成"
      }
    }
  },
  "Card.VoltMX.IdentityServicesV9.explore": {
    "content": {
      "title": "查看應用",
      "body": "<ol>\n<li>在你的<b>Volt MX 應用程序</b>，點擊<strong>啟動</strong>.<br />如果提示您提供應用程序名稱，請輸入<strong>樣品登錄</strong>然後點擊<strong>啟動</strong>.</li>\n<li>使用以下示例用戶憑據成功登錄<ul>\n<li>用戶名：<b>testuser@samples.woodburn.com</b></li>\n<li>密碼：<b>測試@123</b></li>\n</ul>\n</li>\n<li> 到<strong>退出</strong>預覽，從左向右滑動兩根手指或搖動手機。</li>\n</ol>"
    },
    "navigationBar": {
      "left": {
        "text": "上一個"
      },
      "right": {
        "text": "下一個"
      }
    }
  },
  "Card.VoltMX.IdentityServicesV9.LoginUI": {
    "content": {
      "title": "添加登錄屏幕",
      "body": "<p><b>默認庫</b>選項卡包含預捆綁的 UI 組件以幫助設計表單。</p> \n<ol>\n <li>來自<b>默認庫</b>畫布左下角的標籤，搜索<b>登錄</b>.<br >搜索結果列出了示例登錄屏幕。</li>\n<li>拖放<b>ACMELogin</b>組件到<b>frmLogin</b>在畫布上形成。<br >登錄表單已準備就緒。</li></ol>"
    },
    "navigationBar": {
      "left": {
        "text": "上一個"
      },
      "right": {
        "text": "下一個"
      }
    }
  },
  "Card.VoltMX.IdentityServicesV9.mapping": {
    "content": {
      "title": "將表單 UI 映射到服務",
      "body": "<ol>\n<li>來自<strong>數據&amp;服務</strong>畫布右上角的面板，展開<strong>項目服務</strong>&gt;<strong>身份</strong>&gt;<strong>MicrosoftActiveDirectory</strong>&gt;<strong>登錄</strong>&gt;<strong>請求</strong>.</li>\n<li>拖放<strong>用戶ID</strong>參數來自<strong>數據&amp;服務</strong>面板上<strong>用戶名</strong>畫布上的文本字段。</li>\n<li>拖放<strong>密碼</strong>參數來自<strong>數據&amp;服務</strong>面板上<strong>密碼</strong>畫布上的文本字段。</li>\n</ol>\n<p>您現在已經映射：</p>\n<ul>\n<li><strong>用戶ID</strong> 中文本的參數<strong>tbx用戶名</strong>文本字段</li>\n<li><strong>密碼</strong> 中文本的參數<strong>tbx密碼</strong>文本字段</li>\n</ul>"
    },
    "navigationBar": {
      "left": {
        "text": "上一個"
      },
      "right": {
        "text": "下一個"
      }
    }
  },
  "Card.VoltMX.IdentityServicesV9.rename": {
    "content": {
      "title": "重命名表單",
      "body": "<ol>\n<li>在<strong>故事板</strong>查看，在新表單上方，單擊<strong>Form1</strong>.</li>\n<li>重命名表單<strong>frmLogin</strong>.</li>\n<li>要向表單添加小部件，請雙擊表單以在<strong>設計</strong>查看。</li>\n</ol>"
    },
    "navigationBar": {
      "left": {
        "text": "上一個"
      },
      "right": {
        "text": "下一個"
      }
    }
  },
  "Card.VoltMX.IdentityServicesV9.run": {
    "content": {
      "title": "運行應用程序",
      "body": "<ol><li>來自<b>實時預覽設置</b>窗下<b>本地</b> 選中您要在其上查看應用程序的手機/平板電腦操作系統旁邊的複選框。<br/>例如：<b>iOS</b>和<b>安卓</b>.<br/>確保您已取消選擇所有其他平台和頻道。</li>\n<li>點擊<b>保存並運行</b>.<br/> Iris 可能需要一些時間才能顯示<b>實時預覽已準備就緒</b>窗口。</ol>"
    },
    "navigationBar": {
      "left": {
        "text": "上一個"
      },
      "right": {
        "text": "下一個"
      }
    }
  },
  "Card.VoltMX.IdentityServicesV9.settings": {
    "content": {
      "title": "實時預覽設置",
      "body": "<ol><li>從主菜單中，選擇<b>構建</b>.</li>\n<li>點擊<b>實時預覽設置</b>.</li>"
    },
    "navigationBar": {
      "left": {
        "text": "上一個"
      },
      "right": {
        "text": "下一個"
      }
    }
  },
  "Card.VoltMX.UnderstandIdentityServicesV9.Intro": {
    "content": {
      "title": "了解身份服務",
      "body": "<b>讓我們開始吧！</b><br >\n<br/> 在這次徒步旅行中，我們將：<ul>\n<li>創建登錄屏幕</li>\n<li>使用身份服務向登錄屏幕添加身份驗證</li></ul>\n\n<br/>開始之前，請安裝<b>Volt MX 應用程序</b>在您的移動設備上，從<a href='#'onClick='javascript:openURL(\"https://play.google.com/store/apps/developer?id=HCL+Software \")'>Google Play 商店</a>或<a href='#'onClick='javascript:openURL(\"https://apps.apple.com/us/developer/hcl-america-inc/id392909135 \")'>應用商店</a>.<br/><br/>"
    },
    "navigationBar": {
      "left": {
        "text": "上一個"
      },
      "right": {
        "text": "下一個"
      }
    }
  },
  "Card.VoltMX.UnderstandIdentityServicesV9.NewProject1": {
    "content": {
      "title": "創建一個新項目",
      "body": "<ol>\n<li>導航到<strong>項目</strong>&gt;<strong>新項目</strong>.</li>\n<li>來自<strong> 你現在想從什麼開始？</strong>窗口，選擇<strong>本機應用程序</strong>.</li>\n<li>點擊<strong>下一個</strong>.<br/><b>您從本機應用程序開始</b>窗口打開。</li>\n</ol>"
    },
    "navigationBar": {
      "left": {
        "text": "上一個"
      },
      "right": {
        "text": "下一個"
      }
    }
  },
  "Card.VoltMX.UnderstandIdentityServicesV9.NewProject2": {
    "content": {
      "title": "創建一個新項目",
      "body": "<ol>\n<li>下<strong>項目名稱</strong>，輸入<strong>樣品登錄</strong>.</li>\n<li>點擊<strong>創建</strong>.<br />使用一個 flex 表單創建了一個新應用程序。<br />應用程序在<strong>故事板</strong>查看。</li>\n</ol>"
    },
    "navigationBar": {
      "left": {
        "text": "上一個"
      },
      "right": {
        "text": "下一個"
      }
    }
  }
}