{
  "kuid": "3ee172tb-4ba2-4dr6-afue-ef5596nc",
  "id": "VoltMX.CreateEmailIdCompV9.addCustom",
  "content": {
    "title": "Add Custom Events to the Component",
    "body": "<ol>\n<li>From the upper-left corner of Iris, in the <b>Templates</b> explorer, expand <b>Components</b> and select the \n component <b>userEntry.emailField [1.0.0]</b>. </li>\n<li> From the upper-right corner of Iris, in the <b>Properties</b> panel, click <b>Action</b>, and then, click <b>Manage Events</b>.</li>\n<li>From the <b>Manage Events</b> window, select the <b>Custom</b> tab, and then  click the Add icon <img src=\"https://i.ibb.co/m0gc2rs/add-icon.png\" alt=\"add icon\" width=\"13\"\n         height=\"13\">. </li>\n<li>Under <b>Raised Events</b>, enter <b>onValidationSuccess</b>.</li>\n<li>Click the Add icon <img src=\"https://i.ibb.co/m0gc2rs/add-icon.png\" alt=\"add icon\" width=\"13\"\n         height=\"13\"> again. Under <b>Raised Events</b>, enter <b>onValidationFailed</b>. </li>\n<li>Click <b>Apply</b>.</li>\n</ol>"
  },
  "pointer": {
    "direction": "left",
    "element": {
      "module": "projectexplorer",
      "css_selector": ".KMenu li:nth-child(5) ul li div[kwidgettype='Label']"
    },
    "type": "default"
  },
  "navigationType": "manual",
  "navigationBar": {
    "left": {
      "text": "Previous",
      "enable": true,
      "hide": false
    },
    "right": {
      "text": "Next",
      "enable": true,
      "hide": false
    }
  },
  "navigationCondition": "",
  "position": "BOTTOM_RIGHT",
  "meta": {
    "Creator": "Rashmi Menon",
    "CreatedOn": "Tue, 26 Nov 2019 06:25:40 GMT"
  },
  "context": [],
  "localization": {
    "en-us": {
      "content": {
        "title": "Add Custom Events to the Component",
        "body": "<ol>\n<li>From the upper-left corner of Iris, in the <b>Templates</b> explorer, expand <b>Components</b> and select the \n component <b>userEntry.emailField [1.0.0]</b>. </li>\n<li> From the upper-right corner of Iris, in the <b>Properties</b> panel, click <b>Action</b>, and then, click <b>Manage Events</b>.</li>\n<li>From the <b>Manage Events</b> window, select the <b>Custom</b> tab, and then  click the Add icon <img src=\"https://i.ibb.co/m0gc2rs/add-icon.png\" alt=\"add icon\" width=\"13\"\n         height=\"13\">. </li>\n<li>Under <b>Raised Events</b>, enter <b>onValidationSuccess</b>.</li>\n<li>Click the Add icon <img src=\"https://i.ibb.co/m0gc2rs/add-icon.png\" alt=\"add icon\" width=\"13\"\n         height=\"13\"> again. Under <b>Raised Events</b>, enter <b>onValidationFailed</b>. </li>\n<li>Click <b>Apply</b>.</li>\n</ol>"
      },
      "navigationBar": {
        "left": {
          "text": "Previous"
        },
        "right": {
          "text": "Next"
        }
      }
    },
    "zh-cn": {
      "content": {
        "title": "将自定义事件添加到组件",
        "body": "***<ol> \n <li>从iris的上左角，在<b>模板</b>探索器中，展开<b>组件</b>，然后选择一个 \n  组件<b> userentry.emailfield [1.0.0] </b>。 </li> \n <li>从Iris的上右角，在<b>属性</b>面板中，单击<b> action </b>，然后单击<b>管理事件</b>。</li>。{16} \n <li>从<b>管理事件</b>窗口，选择<b>自定义</b>选项卡，然后单击添加图标<img src=\"https://i.ibb.co/m0gc2rs/add-icon.png\" alt=\"add icon\" width=\"13\"\n         height=\"13\">。 </li> \n <li>在<b>凸起事件</b>下，输入<b> onValidationsUccess </b>。</li> \n <li>再次单击添加图标<img src=\"https://i.ibb.co/m0gc2rs/add-icon.png\" alt=\"add icon\" width=\"13\"\n         height=\"13\">。 在<b>提出事件</b>下，输入<b> onValidationFailed </b>。 </li> \n <li>单击<b>应用</b>。</li> \n </ol>"
      },
      "navigationBar": {
        "left": {
          "text": "以前的"
        },
        "right": {
          "text": "下一个"
        }
      }
    },
    "zh-tw": {
      "content": {
        "title": "將自定義事件添加到組件",
        "body": "***<ol> \n <li>從iris的上左角，在<b>模板</b>探索器中，展開<b>組件</b>，然後選擇一個 \n  組件<b> userentry.emailfield [1.0.0] </b>。 </li> \n <li>從Iris的上右角，在<b>屬性</b>面板中，單擊<b> action </b>，然後單擊<b>管理事件</b>。</li>。{16} \n <li>從<b>管理事件</b>窗口，選擇<b>自定義</b>選項卡，然後單擊添加圖標<img src=\"https://i.ibb.co/m0gc2rs/add-icon.png\" alt=\"add icon\" width=\"13\"\n         height=\"13\">。 </li> \n <li>在<b>凸起事件</b>下，輸入<b> onValidationsUccess </b>。</li> \n <li>再次單擊添加圖標<img src=\"https://i.ibb.co/m0gc2rs/add-icon.png\" alt=\"add icon\" width=\"13\"\n         height=\"13\">。 在<b>提出事件</b>下，輸入<b> onValidationFailed </b>。 </li> \n <li>單擊<b>應用</b>。</li> \n </ol>"
      },
      "navigationBar": {
        "left": {
          "text": "以前的"
        },
        "right": {
          "text": "下一個"
        }
      }
    }
  }
}