{
  "kuid": "e2e5a3tc-cea0-42r7-87ub-2a97c3nd",
  "id": "VoltMX.IntroductiontoSegmentV9.renameForm",
  "content": {
    "title": "Rename the Form",
    "body": "<ol>\n<li>In the <strong>Storyboard</strong> view, above the new Form, click <strong>Form1</strong>.</li>\n<li>Rename the form from <b>From1</b> to <strong>frmList</strong>.</li>\n<li>To add widgets to the form, double-click on the form to open the form in <strong>Design </strong>view.</li>\n</ol>"
  },
  "pointer": {
    "direction": "left",
    "element": {
      "module": "appcanvas",
      "paneId": "ac-area-one"
    },
    "type": "default"
  },
  "navigationType": "manual",
  "navigationBar": {
    "left": {
      "text": "Previous",
      "enable": true,
      "hide": false
    },
    "right": {
      "text": "Next",
      "enable": true,
      "hide": false
    }
  },
  "navigationCondition": "",
  "position": "BOTTOM_RIGHT",
  "meta": {
    "Creator": "Rashmi Menon",
    "CreatedOn": "Mon, 25 Nov 2019 10:10:17 GMT"
  },
  "context": [],
  "localization": {
    "en-us": {
      "content": {
        "title": "Rename the Form",
        "body": "<ol>\n<li>In the <strong>Storyboard</strong> view, above the new Form, click <strong>Form1</strong>.</li>\n<li>Rename the form from <b>From1</b> to <strong>frmList</strong>.</li>\n<li>To add widgets to the form, double-click on the form to open the form in <strong>Design </strong>view.</li>\n</ol>"
      },
      "navigationBar": {
        "left": {
          "text": "Previous"
        },
        "right": {
          "text": "Next"
        }
      }
    },
    "zh-cn": {
      "content": {
        "title": "重命名表格",
        "body": "<ol> \n <li>在<strong>故事板</strong>视图中，在新表单上方，单击<strong> form1 </strong>。</li> \n <li>从1 </b>重命名<b>到<strong> frmlist </strong>的表单。</li> \n <li>将小部件添加到表单中，双击表单上以打开<strong> design </strong>视图中的表单。</li> \n </ol>"
      },
      "navigationBar": {
        "left": {
          "text": "以前的"
        },
        "right": {
          "text": "下一个"
        }
      }
    },
    "zh-tw": {
      "content": {
        "title": "重命名表格",
        "body": "<ol> \n <li>在<strong>故事板</strong>視圖中，在新表單上方，單擊<strong> form1 </strong>。</li> \n <li>從1 </b>重命名<b>到<strong> frmlist </strong>的表單。</li> \n <li>將小部件添加到表單中，雙擊表單上以打開<strong> design </strong>視圖中的表單。</li> \n </ol>"
      },
      "navigationBar": {
        "left": {
          "text": "以前的"
        },
        "right": {
          "text": "下一個"
        }
      }
    }
  }
}