{
  "kuid": "26932at0-a4a2-4cr4-b7ue-85b75cnf",
  "id": "VoltMX.VoltMXOrientationV9.PropertiesPanel",
  "content": {
    "title": "Properties Panel",
    "body": "<p>The <strong>Properties </strong>panel lets you change the layout and the look and feel of the forms and widgets on the <strong>Canvas</strong>.</p>"
  },
  "pointer": {
    "direction": "top",
    "element": {
      "module": "propertieswindow",
      "itemType": "pw-tab"
    },
    "type": "default"
  },
  "navigationType": "manual",
  "navigationBar": {
    "left": {
      "text": "Previous",
      "enable": true,
      "hide": false
    },
    "right": {
      "text": "Next",
      "enable": true,
      "hide": false
    }
  },
  "navigationCondition": "",
  "position": "BOTTOM_RIGHT",
  "meta": {
    "Creator": "Rashmi Menon",
    "CreatedOn": "Mon, 25 Nov 2019 06:59:32 GMT"
  },
  "context": [],
  "localization": {
    "en-us": {
      "content": {
        "title": "Properties Panel",
        "body": "<p>The <strong>Properties </strong>panel lets you change the layout and the look and feel of the forms and widgets on the <strong>Canvas</strong>.</p>"
      },
      "navigationBar": {
        "left": {
          "text": "Previous"
        },
        "right": {
          "text": "Next"
        }
      }
    },
    "zh-cn": {
      "content": {
        "title": "属性面板",
        "body": "<p> <strong> properties </strong>面板可让您更改<strong> canvas </strong>上表单和小部件的布局和外观和感觉。</p>"
      },
      "navigationBar": {
        "left": {
          "text": "以前的"
        },
        "right": {
          "text": "下一个"
        }
      }
    },
    "zh-tw": {
      "content": {
        "title": "屬性面板",
        "body": "<p> <strong> properties </strong>面板可讓您更改<strong> canvas </strong>上表單和小部件的佈局和外觀和感覺。</p>"
      },
      "navigationBar": {
        "left": {
          "text": "以前的"
        },
        "right": {
          "text": "下一個"
        }
      }
    }
  }
}