{
    "kuid": "3d1a2dt7-b4ac-4dra-81u0-6c56fan5",
    "id": "VoltMX.NewLaunchMobApp.Intro",
    "content": {
        "title": "Welcome to Volt MX Iris",
        "body": "<p><strong>Let&rsquo;s get started!</strong></p>\n<p>In this hike, we will:</p>\n<ul>\n<li>Import a sample native app that shows lists of Accounts and Recipients</li>\n<li>Preview the sample app on a mobile device</li>\n</ul><br/>\nBefore you get started,\n<ul><li>Install the <b>Volt MX App</b> on your mobile  device from the <a href='#'onClick='javascript:openURL(\"https://play.google.com/store/apps/developer?id=HCL+Software\")'>Google Play Store</a> or the <a href='#'onClick='javascript:openURL(\"https://apps.apple.com/us/developer/hcl-america-inc/id392909135\")'>App Store</a>.</li><li>\nDownload and extract the sample csv file from <a href='#'onClick='javascript:openURL(\"https://github.com/HCL-TECH-SOFTWARE/volt-mx-tutorials/raw/master/public/samples/SampleCSV.zip\")'>here</a>.<br/>Note the location of the extracted file.</li></ul><br/>\n<p><strong>When you are ready, click Start!</strong></p>"
    },
    "pointer": {
        "direction": "left",
        "element": "",
        "type": "none"
    },
    "navigationType": "manual",
    "navigationBar": {
        "left": {
            "text": "Previous",
            "enable": false,
            "hide": true
        },
        "right": {
            "text": "Start",
            "enable": true,
            "hide": false
        }
    },
    "navigationCondition": "",
    "position": "CENTER",
    "meta": {
        "Creator": "Prem Garudadri",
        "CreatedOn": "Wed, 18 Dec 2019 09:11:39 GMT"
    },
    "context": []
}