{
  "kuid": "dcbff4t9-fca6-42r1-a4ud-d77cc5ne",
  "id": "VoltMX.AuthApp.ConfigureActions",
  "content": {
    "title": "Configure new Actions",
    "body": "<ol>\n<li>From the <strong>Action Editor</strong> canvas, under <strong>(INVOKE SERVICE) (name: UserAuthentication2$login)</strong> select <strong>Success</strong>.</li>\n<li>From the left menu of the <strong>Action Editor</strong>, under the <strong>General</strong> section, select <strong>Navigate to Form</strong>.</li>\n<li>From the right pane of the <strong>Action Editor</strong>, select <strong>frmAccount</strong>.</li>\n<li>Click <strong>Save</strong>.</li>\n</ol>"
  },
  "pointer": {
    "direction": "left",
    "element": "",
    "type": "none"
  },
  "navigationType": "manual",
  "navigationBar": {
    "left": {
      "text": "Previous",
      "enable": true,
      "hide": false
    },
    "right": {
      "text": "Next",
      "enable": true,
      "hide": false
    }
  },
  "navigationCondition": "",
  "position": "BOTTOM_LEFT",
  "meta": {
    "Creator": "Deepti Ravula",
    "CreatedOn": "Thu, 19 Dec 2019 06:55:15 GMT"
  },
  "context": [],
  "localization": {
    "en-us": {
      "content": {
        "title": "Configure new Actions",
        "body": "<ol>\n<li>From the <strong>Action Editor</strong> canvas, under <strong>(INVOKE SERVICE) (name: UserAuthentication2$login)</strong> select <strong>Success</strong>.</li>\n<li>From the left menu of the <strong>Action Editor</strong>, under the <strong>General</strong> section, select <strong>Navigate to Form</strong>.</li>\n<li>From the right pane of the <strong>Action Editor</strong>, select <strong>frmAccount</strong>.</li>\n<li>Click <strong>Save</strong>.</li>\n</ol>"
      },
      "navigationBar": {
        "left": {
          "text": "Previous"
        },
        "right": {
          "text": "Next"
        }
      }
    },
    "zh-cn": {
      "content": {
        "title": "配置新操作",
        "body": "***<ol> \n <li>来自<strong>操作编辑器</strong> canvas，in <strong>（Invoke Service）（name：userauthentication2 $ login）</strong> select <strong> Success Success </strong>。</li> {8} \n <li>从<strong>操作编辑器的左菜单</strong>下，在<strong>常规</strong> e节下，选择<strong>导航至form </strong>。</li>。{16} \n <li>从<strong>动作编辑器的右窗格</strong>，选择<strong> frmaccount </strong>。</li> \n <li>单击<strong>保存</strong>。</li> \n </ol>"
      },
      "navigationBar": {
        "left": {
          "text": "以前的"
        },
        "right": {
          "text": "下一个"
        }
      }
    },
    "zh-tw": {
      "content": {
        "title": "配置新操作",
        "body": "***<ol> \n <li>來自<strong>操作編輯器</strong> canvas，in <strong>（Invoke Service）（name：userauthentication2 $ login）</strong> select <strong> Success Success </strong>。</li> {8} \n <li>從<strong>操作編輯器的左菜單</strong>下，在<strong>常規</strong> e節下，選擇<strong>導航至form </strong>。</li>。{16} \n <li>從<strong>動作編輯器的右窗格</strong>，選擇<strong> frmaccount </strong>。</li> \n <li>單擊<strong>保存</strong>。</li> \n </ol>"
      },
      "navigationBar": {
        "left": {
          "text": "以前的"
        },
        "right": {
          "text": "下一個"
        }
      }
    }
  }
}