{
    "kuid": "20cc11t1-0ca9-4er1-a7uc-6950c8na",
    "id": "VoltMX.IntroFlexLayoutV9.AddFlexContainer",
    "content": {
        "title": "Add a Header to the FlexForm",
        "body": "<ol>\n<li>From the bottom-left of the Iris, navigate to the <b>Default Library</b>.</li><li>Next to the <b>Default Library</b>, you will see the <b>My Libraries</b> tab and a search icon. Click the search icon <img src=\"https://i.ibb.co/gmMPVjC/search-Icon.png\" alt=\"search icon\" width=\"13\" height=\"13\" />.</li><li>In the search bar that appears, enter <b>FlexContainer</b>.</li><li>From the results, under <b>Default</b>, find <b>FlexContainer</b>.</li>\n<li>Drag and drop the <strong>FlexContainer</strong> widget onto the <strong>frmFlexLayout</strong> form on the canvas.</li>\n<li>From the <b>Project</b> explorer, expand <b>Mobile</b> &gt; <b>Forms</b> &gt; <b>frmFlexLayout</b>.</li>\n<li>Right-click on the flex container named as <b>FlexContainerXXXX</b> under <b>frmFlexLayout</b> and rename the flex container from <b>FlexContainerXXXX</b> to <b>flxHeader</b>.</li>\n</ol>"
    },
    "pointer": {
        "direction": "left",
        "element": {
            "module": "konylibrary",
            "path": "default-body\\widgets\\default\\FlexContainer"
        },
        "type": "default"
    },
    "navigationType": "manual",
    "navigationBar": {
        "left": {
            "text": "Previous",
            "enable": true,
            "hide": false
        },
        "right": {
            "text": "Next",
            "enable": true,
            "hide": false
        }
    },
    "navigationCondition": "",
    "position": "BOTTOM_RIGHT",
    "meta": {
        "Creator": "Rashmi Menon",
        "CreatedOn": "Mon, 25 Nov 2019 07:55:11 GMT"
    },
    "context": []
}