{
  "kuid": "2bd3d5t7-a1a1-4ar4-b5u3-acaf34nd",
  "id": "VoltMX.IntroductiontoNFIV9.addUi",
  "content": {
    "title": "Add a Button Widget",
    "body": "<ol>\n    <li>From the bottom-left of the Iris, navigate to the <strong>Default Library</strong>.</li>\n    <li>Next to the <strong>Default Library</strong>, you will see the <strong>My Libraries</strong> tab and a search icon. Click the search icon 🔍.</li>\n    <li>In the search bar that appears, enter <strong>Button</strong>.</li>\n    <li>From the results, under <strong>Default</strong>, find <strong>Button</strong>.</li>\n    <li>Drag and drop <strong>Button</strong> widget onto the <strong>devicesSettings</strong> form on the canvas.</li>\n    <li>From the upper-left corner of Iris, in the <strong>Project</strong> explorer, expand <strong>Mobile</strong> &gt; <strong>Forms</strong> &gt;<strong> deviceSettings.</strong></li>\n    <li>Right-click on the button named as ButtonXXXXX under <strong>deviceSettings</strong> and rename the button from ButtonXXXXX to <strong>btnSettings</strong>.</li>\n    </ol>"
  },
  "pointer": {
    "direction": "left",
    "element": {
      "module": "konylibrary",
      "css_selector": "#frmKonyLib_libTabPaneSearchIcon"
    },
    "type": "default",
    "isfixed": false
  },
  "navigationType": "manual",
  "navigationBar": {
    "left": {
      "text": "Previous",
      "enable": true,
      "hide": false
    },
    "right": {
      "text": "Next",
      "enable": true,
      "hide": false
    }
  },
  "navigationCondition": "",
  "position": "BOTTOM_RIGHT",
  "meta": {
    "Creator": "Rashmi Menon",
    "CreatedOn": "Wed, 27 Nov 2019 11:48:27 GMT"
  },
  "context": [],
  "localization": {
    "en-us": {
      "content": {
        "title": "Add a Button Widget",
        "body": "<ol>\n    <li>From the bottom-left of the Iris, navigate to the <strong>Default Library</strong>.</li>\n    <li>Next to the <strong>Default Library</strong>, you will see the <strong>My Libraries</strong> tab and a search icon. Click the search icon 🔍.</li>\n    <li>In the search bar that appears, enter <strong>Button</strong>.</li>\n    <li>From the results, under <strong>Default</strong>, find <strong>Button</strong>.</li>\n    <li>Drag and drop <strong>Button</strong> widget onto the <strong>devicesSettings</strong> form on the canvas.</li>\n    <li>From the upper-left corner of Iris, in the <strong>Project</strong> explorer, expand <strong>Mobile</strong> &gt; <strong>Forms</strong> &gt;<strong> deviceSettings.</strong></li>\n    <li>Right-click on the button named as ButtonXXXXX under <strong>deviceSettings</strong> and rename the button from ButtonXXXXX to <strong>btnSettings</strong>.</li>\n    </ol>"
      },
      "navigationBar": {
        "left": {
          "text": "Previous"
        },
        "right": {
          "text": "Next"
        }
      }
    },
    "zh-cn": {
      "content": {
        "title": "添加一个按钮小部件",
        "body": "<ol> \n     <li>从虹膜的左下左下，导航到<strong>默认库</strong>。</li> \n     <li> <strong>默认库</strong>旁边，您将看到<strong>我的库</strong> tab和搜索图标。 单击搜索图标🔍。</li> \n     <li>在出现的搜索栏中，输入<strong>按钮</strong>。</li> \n     <li>从结果中，在<strong>默认</strong>下，查找<strong> button </strong>。</li> \n     <li>拖动<strong>按钮</strong>窗口小部件上<strong> devicessettings </strong>在画布上形式。</li> \n     <li>从Iris的上左角，在<strong> Project </strong> explorer中，展开<strong> Mobile </strong>＆gt; <strong> forms </strong>＆gt; <strong> deceseteTtings。</strong> </li> \n     <li>右键单击<strong> decectionEttings </strong>下的按钮，命名为buttonxxxxx，然后将按钮从buttonxxxxx重命名为<strong> btnsettings </strong>。</li>。 \n     </ol>"
      },
      "navigationBar": {
        "left": {
          "text": "以前的"
        },
        "right": {
          "text": "下一个"
        }
      }
    },
    "zh-tw": {
      "content": {
        "title": "添加一個按鈕小部件",
        "body": "<ol> \n     <li>從虹膜的左下左下，導航到<strong>默認庫</strong>。</li> \n     <li> <strong>默認庫</strong>旁邊，您將看到<strong>我的庫</strong> tab和搜索圖標。 單擊搜索圖標🔍。</li> \n     <li>在出現的搜索欄中，輸入<strong>按鈕</strong>。</li> \n     <li>從結果中，在<strong>默認</strong>下，查找<strong> button </strong>。</li> \n     <li>拖動<strong>按鈕</strong>窗口小部件上<strong> devicessettings </strong>在畫布上形式。</li> \n     <li>從Iris的上左角，在<strong> Project </strong> explorer中，展開<strong> Mobile </strong>＆gt; <strong> forms </strong>＆gt; <strong> deceseteTtings。</strong> </li> \n     <li>右鍵單擊<strong> decectionEttings </strong>下的按鈕，命名為buttonxxxxx，然後將按鈕從buttonxxxxx重命名為<strong> btnsettings </strong>。</li>。 \n     </ol>"
      },
      "navigationBar": {
        "left": {
          "text": "以前的"
        },
        "right": {
          "text": "下一個"
        }
      }
    }
  }
}