{
    "kuid": "2bd3d5t7-a1a1-4ar4-b5u3-acaf34nd",
    "id": "VoltMX.IntroductiontoNFIV9.addUi",
    "content": {
        "title": "Add a Button Widget",
        "body": "<ol>\n    <li>From the bottom-left of the Iris, navigate to the <strong>Default Library</strong>.</li>\n    <li>Next to the <strong>Default Library</strong>, you will see the <strong>My Libraries</strong> tab and a search icon. Click the search icon(icon placeholder).</li>\n    <li>In the search bar that appears, enter <strong>Button</strong>.</li>\n    <li>From the results, under <strong>Default</strong>, find <strong>Button</strong>.</li>\n    <li>Drag and drop <strong>Button</strong> widget onto the <strong>devicesSettings</strong> form on the canvas.</li>\n    <li>From the upper-left corner of Iris, in the <strong>Project</strong> explorer, expand <strong>Mobile</strong> &gt; <strong>Forms</strong> &gt;<strong> deviceSettings.</strong></li>\n    <li>Right-click on the button named as ButtonXXXXX under <strong>deviceSettings</strong> and rename the button from ButtonXXXXX to <strong>btnSettings</strong>.</li>\n    </ol>"
    },
    "pointer": {
        "direction": "left",
        "element": {
            "module": "konylibrary",
            "css_selector": "#frmKonyLib_libTabPaneSearchIcon"
        },
        "type": "default",
        "isfixed": false
    },
    "navigationType": "manual",
    "navigationBar": {
        "left": {
            "text": "Previous",
            "enable": true,
            "hide": false
        },
        "right": {
            "text": "Next",
            "enable": true,
            "hide": false
        }
    },
    "navigationCondition": "",
    "position": "BOTTOM_RIGHT",
    "meta": {
        "Creator": "Rashmi Menon",
        "CreatedOn": "Wed, 27 Nov 2019 11:48:27 GMT"
    },
    "context": []
}