{
  "kuid": "6bbd1dt0-e2ab-44r2-86uf-cf4f9an3",
  "id": "VoltMX.AssignDatatotheSegmentV9.run",
  "content": {
    "title": "Run the App",
    "body": "<ol><li>Connect the <strong>mobile</strong> device to the computer with a USB cable.</li>\n<li>Open <strong>Volt MX App</strong> on your <strong>mobile</strong> device.</li>\n<li>Select the <strong>USB </strong>tab.<strong><br /></strong></li>\n<li>From the left navigation bar on your Iris, click <strong>Run</strong>.</li>\n<li>Enter the name <strong>EmployeeList </strong>and click <strong>Launch</strong>.<br /> You can see the Employee List with an image, name, designation and department.</li>\n</ol>"
  },
  "pointer": {
    "direction": "left",
    "element": {
      "module": "shortcutbar",
      "itemId": "frmKonyLib_preview"
    },
    "type": "default"
  },
  "navigationType": "manual",
  "navigationBar": {
    "left": {
      "text": "Previous",
      "enable": true,
      "hide": false
    },
    "right": {
      "text": "Next",
      "enable": true,
      "hide": false
    }
  },
  "navigationCondition": "",
  "position": "CENTER",
  "meta": {
    "Creator": "Rashmi Menon",
    "CreatedOn": "Mon, 25 Nov 2019 11:24:05 GMT"
  },
  "context": [],
  "localization": {
    "en-us": {
      "content": {
        "title": "Run the App",
        "body": "<ol><li>Connect the <strong>mobile</strong> device to the computer with a USB cable.</li>\n<li>Open <strong>Volt MX App</strong> on your <strong>mobile</strong> device.</li>\n<li>Select the <strong>USB </strong>tab.<strong><br /></strong></li>\n<li>From the left navigation bar on your Iris, click <strong>Run</strong>.</li>\n<li>Enter the name <strong>EmployeeList </strong>and click <strong>Launch</strong>.<br /> You can see the Employee List with an image, name, designation and department.</li>\n</ol>"
      },
      "navigationBar": {
        "left": {
          "text": "Previous"
        },
        "right": {
          "text": "Next"
        }
      }
    },
    "zh-cn": {
      "content": {
        "title": "运行应用程序",
        "body": "***<ol> <li>使用USB电缆将<strong>移动</strong>设备连接到计算机。</li> \n <li>在您的<strong>移动</strong>设备上打开<strong> volt mx app </strong>。</li> \n <li>选择<strong> usb </strong> tab。<strong> <br /> </strong> </li> {17} \n <li>从虹膜上的左导航栏中，单击<strong>运行</strong>。</li> \n <li>输入名称<strong> applyeList </strong>，然后单击<strong>启动</strong>。<br />您可以看到带有图像，名称，名称和部门的员工列表。</li> \n </ol>"
      },
      "navigationBar": {
        "left": {
          "text": "以前的"
        },
        "right": {
          "text": "下一个"
        }
      }
    },
    "zh-tw": {
      "content": {
        "title": "運行應用程序",
        "body": "***<ol> <li>使用USB電纜將<strong>移動</strong>設備連接到計算機。</li> \n <li>在您的<strong>移動</strong>設備上打開<strong> volt mx app </strong>。</li> \n <li>選擇<strong> usb </strong> tab。<strong> <br /> </strong> </li> {17} \n <li>從虹膜上的左導航欄中，單擊<strong>運行</strong>。</li> \n <li>輸入名稱<strong> applyeList </strong>，然後單擊<strong>啟動</strong>。<br />您可以看到帶有圖像，名稱，名稱和部門的員工列表。</li> \n </ol>"
      },
      "navigationBar": {
        "left": {
          "text": "以前的"
        },
        "right": {
          "text": "下一個"
        }
      }
    }
  }
}