{
  "kuid": "67e799t7-7fa0-42r1-b2u0-756feana",
  "id": "VoltMX.IntroductiontoNFIV9.openApp",
  "content": {
    "title": "Connect your Mobile Device",
    "body": "Connect your Android mobile device to your computer using a USB cable.<br />Ensure that the use of USB is set as <strong>Transfer</strong> <strong>files</strong>."
  },
  "pointer": {
    "direction": "left",
    "element": "",
    "type": "none"
  },
  "navigationType": "manual",
  "navigationBar": {
    "left": {
      "text": "Previous",
      "enable": true,
      "hide": false
    },
    "right": {
      "text": "Next",
      "enable": true,
      "hide": false
    }
  },
  "navigationCondition": "",
  "position": "CENTER",
  "meta": {
    "Creator": "Rashmi Menon",
    "CreatedOn": "Wed, 27 Nov 2019 11:59:51 GMT"
  },
  "context": [],
  "localization": {
    "en-us": {
      "content": {
        "title": "Connect your Mobile Device",
        "body": "Connect your Android mobile device to your computer using a USB cable.<br />Ensure that the use of USB is set as <strong>Transfer</strong> <strong>files</strong>."
      },
      "navigationBar": {
        "left": {
          "text": "Previous"
        },
        "right": {
          "text": "Next"
        }
      }
    },
    "zh-cn": {
      "content": {
        "title": "连接移动设备",
        "body": "***使用USB电缆将Android移动设备连接到计算机。<br />确保将USB的使用设置为<strong>传输</strong> <strong> {3}文件</strong>。"
      },
      "navigationBar": {
        "left": {
          "text": "以前的"
        },
        "right": {
          "text": "下一个"
        }
      }
    },
    "zh-tw": {
      "content": {
        "title": "連接移動設備",
        "body": "***使用USB電纜將Android移動設備連接到計算機。<br />確保將USB的使用設置為<strong>傳輸</strong> <strong> {3}文件</strong>。"
      },
      "navigationBar": {
        "left": {
          "text": "以前的"
        },
        "right": {
          "text": "下一個"
        }
      }
    }
  }
}