{
    "kuid": "c8fb89t7-f1ac-4er2-8bu6-f33e69n4",
    "id": "kony.CreateEmailIdCompV9.NewProject2",
    "content": {
        "title": "Create a New Project",
        "body": "<ol>\n<li>Under <strong>Project Name</strong>, enter <strong>CreateComponent</strong>.</li>\n<li>Click <strong>Create</strong>.<br />A new application is created with one flex form. <br />The application opens in the <strong>Storyboard </strong>view.</li>\n</ol>"
    },
    "pointer": {
        "direction": "left",
        "element": "",
        "type": "none"
    },
    "navigationType": "manual",
    "navigationBar": {
        "left": {
            "text": "Previous",
            "enable": true,
            "hide": false
        },
        "right": {
            "text": "Next",
            "enable": true,
            "hide": false
        }
    },
    "navigationCondition": "",
    "position": "BOTTOM_RIGHT",
    "meta": {
        "Creator": "Rashmi Menon",
        "CreatedOn": "Tue, 26 Nov 2019 05:45:19 GMT"
    },
    "context": []
}