{
    "kuid": "f75543t2-23ac-4dr5-98u8-30e967nd",
    "id": "VoltMX.CreateUIRWV9.uiPayees",
    "content": {
        "title": "UI of Recipients List Form",
        "body": "<ol>\n<li>From the bottom-left corner of Iris, navigate to the <strong>Default Library</strong>.</li>\n<li>In the search bar that appears, enter <strong>RecipientList</strong>.</li>\n<li>From the results, under <strong>RecipientsWeb </strong>collection, select <strong>RecipientList</strong>.</li>\n<li>Drag the <strong>RecipientList </strong>collection onto <strong>frmRecipients</strong> on the canvas.</li> <li>From the top of the Iris canvas, select the <b>Design</b> tab open the forms in the <b>Design</b> view.</li>\n</ol>"
    },
    "pointer": {
        "direction": "left",
        "element": {
            "module": "konylibrary"
        },
        "type": "default"
    },
    "navigationType": "manual",
    "navigationBar": {
        "left": {
            "text": "Previous",
            "enable": true,
            "hide": false
        },
        "right": {
            "text": "Next",
            "enable": true,
            "hide": false
        }
    },
    "navigationCondition": "",
    "position": "BOTTOM_RIGHT",
    "meta": {
        "Creator": "Prem Garudadri",
        "CreatedOn": "Wed, 18 Dec 2019 16:23:40 GMT"
    },
    "context": []
}