{
  "kuid": "f75543t2-23ac-4dr5-98u8-30e967nd",
  "id": "VoltMX.CreateUIRWV9.uiPayees",
  "content": {
    "title": "UI of Recipients List Form",
    "body": "<ol>\n<li>From the bottom-left corner of Iris, navigate to the <strong>Default Library</strong>.</li>\n<li>In the search bar that appears, enter <strong>RecipientList</strong>.</li>\n<li>From the results, under <strong>RecipientsWeb </strong>collection, select <strong>RecipientList</strong>.</li>\n<li>Drag the <strong>RecipientList </strong>collection onto <strong>frmRecipients</strong> on the canvas.</li> <li>From the top of the Iris canvas, select the <b>Design</b> tab open the forms in the <b>Design</b> view.</li>\n</ol>"
  },
  "pointer": {
    "direction": "left",
    "element": {
      "module": "konylibrary",
      "css_selector": "div[class *='viztabActivelia']"
    },
    "type": "default"
  },
  "navigationType": "manual",
  "navigationBar": {
    "left": {
      "text": "Previous",
      "enable": true,
      "hide": false
    },
    "right": {
      "text": "Next",
      "enable": true,
      "hide": false
    }
  },
  "navigationCondition": "",
  "position": "BOTTOM_RIGHT",
  "meta": {
    "Creator": "Prem Garudadri",
    "CreatedOn": "Wed, 18 Dec 2019 16:23:40 GMT"
  },
  "context": [],
  "localization": {
    "en-us": {
      "content": {
        "title": "UI of Recipients List Form",
        "body": "<ol>\n<li>From the bottom-left corner of Iris, navigate to the <strong>Default Library</strong>.</li>\n<li>In the search bar that appears, enter <strong>RecipientList</strong>.</li>\n<li>From the results, under <strong>RecipientsWeb </strong>collection, select <strong>RecipientList</strong>.</li>\n<li>Drag the <strong>RecipientList </strong>collection onto <strong>frmRecipients</strong> on the canvas.</li> <li>From the top of the Iris canvas, select the <b>Design</b> tab open the forms in the <b>Design</b> view.</li>\n</ol>"
      },
      "navigationBar": {
        "left": {
          "text": "Previous"
        },
        "right": {
          "text": "Next"
        }
      }
    },
    "zh-cn": {
      "content": {
        "title": "收件人列表的UI表格",
        "body": "***<ol> \n <li>从虹膜的左下角，导航到<strong>默认库</strong>。</li> \n <li>在出现的搜索栏中，输入<strong> conterientList </strong>。</li> \n <li>从结果中，在<strong> contoctientsWeb </strong>集合下，选择<strong> conterientList </strong>。</li> \n <li>将<strong> conterientList </strong>收集到<strong> frmrecipients </strong>在画布上。 <b>设计</b>视图中的表单。</li> \n </ol>"
      },
      "navigationBar": {
        "left": {
          "text": "以前的"
        },
        "right": {
          "text": "下一个"
        }
      }
    },
    "zh-tw": {
      "content": {
        "title": "收件人列表的UI表格",
        "body": "***<ol> \n <li>從虹膜的左下角，導航到<strong>默認庫</strong>。</li> \n <li>在出現的搜索欄中，輸入<strong> conterientList </strong>。</li> \n <li>從結果中，在<strong> contoctientsWeb </strong>集合下，選擇<strong> conterientList </strong>。</li> \n <li>將<strong> conterientList </strong>收集到<strong> frmrecipients </strong>在畫布上。 <b>設計</b>視圖中的表單。</li> \n </ol>"
      },
      "navigationBar": {
        "left": {
          "text": "以前的"
        },
        "right": {
          "text": "下一個"
        }
      }
    }
  }
}