{
  "kuid": "83ce24t3-4bab-44r2-96u3-1b1b37n8",
  "id": "VoltMX.AddCreatePayeeWeb_v9.createPayeeForm",
  "content": {
    "title": "Creating the Add Recipient Screen",
    "body": "<ol>\n<li>From the <strong>Project</strong> explorer, expand <strong>Responsive Web / Desktop</strong> &gt; <strong>Forms</strong>.</li>\n<li>Right-click <strong>Forms</strong> and select <strong>New Form</strong>.</li><li>Right-click <strong>Form1</strong> and select <strong>Rename</strong>.</li>\n<li>Rename the form from <strong>Form1</strong> to <strong>frmAddRecipient</strong>.</li>\n</ol>"
  },
  "pointer": {
    "direction": "left",
    "element": {
      "module": "projectexplorer",
      "path": "project-body\\project\\Responsive Web / Desktop\\Forms"
    },
    "type": "default"
  },
  "navigationType": "manual",
  "navigationBar": {
    "left": {
      "text": "Previous",
      "enable": true,
      "hide": false
    },
    "right": {
      "text": "Next",
      "enable": true,
      "hide": false
    }
  },
  "navigationCondition": "",
  "position": "BOTTOM_RIGHT",
  "meta": {
    "Creator": "Rashmi Menon",
    "CreatedOn": "Tue, 25 Feb 2020 04:52:10 GMT"
  },
  "context": [],
  "localization": {
    "en-us": {
      "content": {
        "title": "Creating the Add Recipient Screen",
        "body": "<ol>\n<li>From the <strong>Project</strong> explorer, expand <strong>Responsive Web / Desktop</strong> &gt; <strong>Forms</strong>.</li>\n<li>Right-click <strong>Forms</strong> and select <strong>New Form</strong>.</li><li>Right-click <strong>Form1</strong> and select <strong>Rename</strong>.</li>\n<li>Rename the form from <strong>Form1</strong> to <strong>frmAddRecipient</strong>.</li>\n</ol>"
      },
      "navigationBar": {
        "left": {
          "text": "Previous"
        },
        "right": {
          "text": "Next"
        }
      }
    },
    "zh-cn": {
      "content": {
        "title": "创建添加收件人屏幕",
        "body": "***<ol> \n <li>从<strong> project </strong>探索器，展开<strong>响应web / desktop </strong>＆gt; <strong>表格</strong>。</li> \n <li>右键单击<strong> form </strong>，然后选择<strong>新表单</strong>。</li> <li> {15}右键单击<strong> form1 </strong>，然后选择<strong> rename </strong>。 </li> \n <li>将表单从<strong> form1 </strong>重命名为<strong> frmaddrecipient </strong>。</li> \n </ol>"
      },
      "navigationBar": {
        "left": {
          "text": "以前的"
        },
        "right": {
          "text": "下一个"
        }
      }
    },
    "zh-tw": {
      "content": {
        "title": "創建添加收件人屏幕",
        "body": "***<ol> \n <li>從<strong> project </strong>探索器，展開<strong>響應web / desktop </strong>＆gt; <strong>表格</strong>。</li> \n <li>右鍵單擊<strong> form </strong>，然後選擇<strong>新表單</strong>。</li> <li> {15}右鍵單擊<strong> form1 </strong>，然後選擇<strong> rename </strong>。 </li> \n <li>將表單從<strong> form1 </strong>重命名為<strong> frmaddrecipient </strong>。</li> \n </ol>"
      },
      "navigationBar": {
        "left": {
          "text": "以前的"
        },
        "right": {
          "text": "下一個"
        }
      }
    }
  }
}