{
    "kuid": "83ce24t3-4bab-44r2-96u3-1b1b37n8",
    "id": "VoltMX.AddCreatePayeeWeb_v9.createPayeeForm",
    "content": {
        "title": "Creating the Add Recipient Screen",
        "body": "<ol>\n<li>From the <strong>Project</strong> explorer, expand <strong>Responsive Web / Desktop</strong> &gt; <strong>Forms</strong>.</li>\n<li>Right-click <strong>Forms</strong> and select <strong>New Form</strong>.</li><li>Right-click <strong>Form1</strong> and select Rename.</li>\n<li>Rename the new form1 <strong>frmAddRecipient</strong>.</li>\n</ol>"
    },
    "pointer": {
        "direction": "left",
        "element": {
            "module": "projectexplorer",
            "path": "project-body\\project\\Responsive Web / Desktop\\Forms"
        },
        "type": "default"
    },
    "navigationType": "manual",
    "navigationBar": {
        "left": {
            "text": "Previous",
            "enable": true,
            "hide": false
        },
        "right": {
            "text": "Next",
            "enable": true,
            "hide": false
        }
    },
    "navigationCondition": "",
    "position": "BOTTOM_RIGHT",
    "meta": {
        "Creator": "Rashmi Menon",
        "CreatedOn": "Tue, 25 Feb 2020 04:52:10 GMT"
    },
    "context": []
}