{
  "kuid": "3bbce9t7-c3a3-4dra-b6u5-5ab682nc",
  "id": "VoltMX.ConnectAppServWebV9.Intro",
  "content": {
    "title": "Connect App UI to Services",
    "body": "<p>In this hike, we will:</p>\n<ul>\n<li>Connect services with the Account form</li>\n<li>Connect services with the&nbsp;Recipient&nbsp;form</li>\n</ul>\n<p>&nbsp;</p>\n<p>Before you get started, complete the hike:</p>\n<ol><b>\n<li><a class=\"tour-link\" tour=\"705a94tb-faa0-47r7-a1ud-31b3dbnf\">Launch your Responsive Web App</a></li><li><a class=\"tour-link\" tour=\"220f01t3-bda6-40r0-92uf-56631bnb\">Create UI from Collections</a></li><li><a class=\"tour-link\" tour=\"5e1da5td-37a0-44r6-beu6-374c3cn1\">Add Authentication to the App</a></li>\n<li><a class=\"tour-link\" tour=\"a851b9t8-75a9-4ara-88ud-946004n9\">Creating Services for a Web App</a></li></b>\n</ol>\n<p>&nbsp;</p>\n<p>Ensure that you open the same project that you have created in the hikes 2 above.</p>\n<p>To open a closed project, from the main menu, navigate to <strong>Project</strong> &gt; <strong>Open</strong> &gt; <strong>HCL Reference Architecture</strong> &gt; <strong>RecipientsWebApp2</strong>.</p>\n<p>&nbsp;</p>\n<p><strong>When you are ready, click Start!</strong></p>"
  },
  "pointer": {
    "direction": "left",
    "element": "",
    "type": "none"
  },
  "navigationType": "manual",
  "navigationBar": {
    "left": {
      "text": "Previous",
      "enable": false,
      "hide": true
    },
    "right": {
      "text": "Start",
      "enable": true,
      "hide": false
    }
  },
  "navigationCondition": "",
  "position": "CENTER",
  "meta": {
    "Creator": "Prem Garudadri",
    "CreatedOn": "Thu, 19 Dec 2019 05:23:03 GMT"
  },
  "context": [],
  "localization": {
    "en-us": {
      "content": {
        "title": "Connect App UI to Services",
        "body": "<p>In this hike, we will:</p>\n<ul>\n<li>Connect services with the Account form</li>\n<li>Connect services with the&nbsp;Recipient&nbsp;form</li>\n</ul>\n<p>&nbsp;</p>\n<p>Before you get started, complete the hike:</p>\n<ol><b>\n<li><a class=\"tour-link\" tour=\"705a94tb-faa0-47r7-a1ud-31b3dbnf\">Launch your Responsive Web App</a></li><li><a class=\"tour-link\" tour=\"220f01t3-bda6-40r0-92uf-56631bnb\">Create UI from Collections</a></li><li><a class=\"tour-link\" tour=\"5e1da5td-37a0-44r6-beu6-374c3cn1\">Add Authentication to the App</a></li>\n<li><a class=\"tour-link\" tour=\"a851b9t8-75a9-4ara-88ud-946004n9\">Creating Services for a Web App</a></li></b>\n</ol>\n<p>&nbsp;</p>\n<p>Ensure that you open the same project that you have created in the hikes 2 above.</p>\n<p>To open a closed project, from the main menu, navigate to <strong>Project</strong> &gt; <strong>Open</strong> &gt; <strong>HCL Reference Architecture</strong> &gt; <strong>RecipientsWebApp2</strong>.</p>\n<p>&nbsp;</p>\n<p><strong>When you are ready, click Start!</strong></p>"
      },
      "navigationBar": {
        "left": {
          "text": "Previous"
        },
        "right": {
          "text": "Start"
        }
      }
    },
    "zh-cn": {
      "content": {
        "title": "将应用程序UI连接到服务",
        "body": "***<p>在这次远足中，我们将：</p> \n <ul> \n <li>将服务与帐户表格</li>连接服务 \n <li>将服务与＆nbsp;收件人</li>连接 \n </ul> \n <p>＆nbsp; </p> \n <p>在开始之前，完成远足：</p> \n <ol> <b> \n <li> <a class=\"tour-link\" tour=\"705a94tb-faa0-47r7-a1ud-31b3dbnf\">启动响应式Web应用</a> </li> <li> <a class=\"tour-link\" tour=\"220f01t3-bda6-40r0-92uf-56631bnb\"> {19} {19}从集合</a> </li> {21} <li> {22} <a class=\"tour-link\" tour=\"5e1da5td-37a0-44r6-beu6-374c3cn1\"> {23}添加身份验证 \n <li> <a class=\"tour-link\" tour=\"a851b9t8-75a9-4ara-88ud-946004n9\">为Web应用创建服务</a> </li> </b> \n </ol> \n <p>＆nbsp; </p> \n <p>确保您打开与上面徒步旅行2中创建的相同项目。</p> \n <p>从主菜单中打开一个封闭的项目，导航至<strong> project </strong>＆gt; <strong>打开</strong>＆gt; <strong> HCl参考架构</strong>＆gt; <strong> coverientsWebapp2 </strong>。</p> \n <p>＆nbsp; </p> \n <p> <strong>您准备就绪时，单击“开始”！</strong> </p>"
      },
      "navigationBar": {
        "left": {
          "text": "以前的"
        },
        "right": {
          "text": "开始"
        }
      }
    },
    "zh-tw": {
      "content": {
        "title": "將應用程序UI連接到服務",
        "body": "***<p>在這次遠足中，我們將：</p> \n <ul> \n <li>將服務與帳戶表格</li>連接服務 \n <li>將服務與＆nbsp;收件人</li>連接 \n </ul> \n <p>＆nbsp; </p> \n <p>在開始之前，完成遠足：</p> \n <ol> <b> \n <li> <a class=\"tour-link\" tour=\"705a94tb-faa0-47r7-a1ud-31b3dbnf\">啟動響應式Web應用</a> </li> <li> <a class=\"tour-link\" tour=\"220f01t3-bda6-40r0-92uf-56631bnb\"> {19} {19}從集合</a> </li> {21} <li> {22} <a class=\"tour-link\" tour=\"5e1da5td-37a0-44r6-beu6-374c3cn1\"> {23}添加身份驗證 \n <li> <a class=\"tour-link\" tour=\"a851b9t8-75a9-4ara-88ud-946004n9\">為Web應用創建服務</a> </li> </b> \n </ol> \n <p>＆nbsp; </p> \n <p>確保您打開與上面徒步旅行2中創建的相同項目。</p> \n <p>從主菜單中打開一個封閉的項目，導航至<strong> project </strong>＆gt; <strong>打開</strong>＆gt; <strong> HCl參考架構</strong>＆gt; <strong> coverientsWebapp2 </strong>。</p> \n <p>＆nbsp; </p> \n <p> <strong>您準備就緒時，單擊“開始”！</strong> </p>"
      },
      "navigationBar": {
        "left": {
          "text": "以前的"
        },
        "right": {
          "text": "開始"
        }
      }
    }
  }
}