{
    "kuid": "c70a72ta-42ac-47rc-adu8-c30eeanb",
    "id": "VoltMX.CreateDetailsScreen_v9.successAlert2",
    "content": {
        "title": "Success Alert",
        "body": "<ol>\n<li>From the <strong>Action Editor </strong>left menu, under the <strong>Function</strong> section, select <strong>Add Snippet</strong>.</li>\n<li>In the right pane of the <strong>Action Editor</strong>, type the following code:<br /><span style=\"background-color: #999999;\">self.view.forceLayout();</span></li>\n<li>From the <strong>Action Editor </strong>left menu, under the <strong>General</strong> section, select <strong>Navigate to Form</strong>.</li>\n<li>From the right pane of the <strong>Action Editor</strong>, select <strong>frmRecipients</strong>.</li>\n<li>Click <strong>Save</strong>.</li>\n</ol>"
    },
    "pointer": {
        "direction": "left",
        "element": "",
        "type": "none"
    },
    "navigationType": "manual",
    "navigationBar": {
        "left": {
            "text": "Previous",
            "enable": true,
            "hide": false
        },
        "right": {
            "text": "Next",
            "enable": true,
            "hide": false
        }
    },
    "navigationCondition": "",
    "position": "BOTTOM_RIGHT",
    "meta": {
        "Creator": "Rashmi Menon",
        "CreatedOn": "Fri, 21 Feb 2020 10:34:12 GMT"
    },
    "context": []
}