{
  "kuid": "3d2345te-c3a0-4fr6-91ub-189dbcn4",
  "id": "VoltMX.IntroductiontoSegmentV9.done",
  "content": {
    "title": "Congratulations",
    "body": "<b>Congratulations</b>\n<br/>You have successfully:<ul>\n<li>Created a list form</li>\n<li>Added widgets to the list form</li>\n<li>Added data corresponding to the widgets</li>\n<li>Viewed the application in your mobile device</li></ul><br/>\nTo learn how to add data to your segment, check out the hike: <a class=\"tour-link\" tour=\"06a5e8td-11a4-41r7-bbua-0696bane\"><b>Assign Data to Segments</b></a>."
  },
  "pointer": {
    "direction": "left",
    "element": "",
    "type": "none"
  },
  "navigationType": "manual",
  "navigationBar": {
    "left": {
      "text": "Previous",
      "enable": true,
      "hide": false
    },
    "right": {
      "text": "Done",
      "enable": true,
      "hide": false
    }
  },
  "navigationCondition": "",
  "position": "CENTER",
  "meta": {
    "Creator": "Rashmi Menon",
    "CreatedOn": "Mon, 25 Nov 2019 10:24:24 GMT"
  },
  "context": [],
  "localization": {
    "en-us": {
      "content": {
        "title": "Congratulations",
        "body": "<b>Congratulations</b>\n<br/>You have successfully:<ul>\n<li>Created a list form</li>\n<li>Added widgets to the list form</li>\n<li>Added data corresponding to the widgets</li>\n<li>Viewed the application in your mobile device</li></ul><br/>\nTo learn how to add data to your segment, check out the hike: <a class=\"tour-link\" tour=\"06a5e8td-11a4-41r7-bbua-0696bane\"><b>Assign Data to Segments</b></a>."
      },
      "navigationBar": {
        "left": {
          "text": "Previous"
        },
        "right": {
          "text": "Done"
        }
      }
    },
    "zh-cn": {
      "content": {
        "title": "恭喜",
        "body": "<b>恭喜</b> \n <br/>您已经成功：<ul> \n <li>创建了一个列表表单</li> \n <li>将小部件添加到列表表格</li> \n <li>添加了与小部件相对应的数据</li> \n <li>在您的移动设备</li> </ul> <br/>中查看了应用程序 \n 要了解如何将数据添加到细分市场中，请查看远足：<a class=\"tour-link\" tour=\"06a5e8td-11a4-41r7-bbua-0696bane\"> <b>将数据分配给段</b> </a>。"
      },
      "navigationBar": {
        "left": {
          "text": "以前的"
        },
        "right": {
          "text": "完毕"
        }
      }
    },
    "zh-tw": {
      "content": {
        "title": "恭喜",
        "body": "<b>恭喜</b> \n <br/>您已經成功：<ul> \n <li>創建了一個列表表單</li> \n <li>將小部件添加到列表表格</li> \n <li>添加了與小部件相對應的數據</li> \n <li>在您的移動設備</li> </ul> <br/>中查看了應用程序 \n 要了解如何將數據添加到細分市場中，請查看遠足：<a class=\"tour-link\" tour=\"06a5e8td-11a4-41r7-bbua-0696bane\"> <b>將數據分配給段</b> </a>。"
      },
      "navigationBar": {
        "left": {
          "text": "以前的"
        },
        "right": {
          "text": "完畢"
        }
      }
    }
  }
}