{
  "kuid": "8811cftd-12ae-4er3-aeu8-c61186n5",
  "id": "VoltMX.IntroductiontoNFIV9.NewProject1",
  "content": {
    "title": "Create a New Project",
    "body": "<ol>\n<li>From the main menu navigate to <strong>Project</strong> &gt; <strong>New Project</strong>.</li>\n<li>From the <strong>What do you want to start with now? </strong>window, select <strong>Native App</strong>.</li>\n<li>Click <strong>Next</strong>.<br/>The <b>You started with a Native App</b> window opens. </li>\n</ol>"
  },
  "pointer": {
    "direction": "left",
    "element": "",
    "type": "none"
  },
  "navigationType": "manual",
  "navigationBar": {
    "left": {
      "text": "Previous",
      "enable": true,
      "hide": false
    },
    "right": {
      "text": "Next",
      "enable": true,
      "hide": false
    }
  },
  "navigationCondition": "",
  "position": "BOTTOM_RIGHT",
  "meta": {
    "Creator": "Rashmi Menon",
    "CreatedOn": "Wed, 27 Nov 2019 11:46:24 GMT"
  },
  "context": [],
  "localization": {
    "en-us": {
      "content": {
        "title": "Create a New Project",
        "body": "<ol>\n<li>From the main menu navigate to <strong>Project</strong> &gt; <strong>New Project</strong>.</li>\n<li>From the <strong>What do you want to start with now? </strong>window, select <strong>Native App</strong>.</li>\n<li>Click <strong>Next</strong>.<br/>The <b>You started with a Native App</b> window opens. </li>\n</ol>"
      },
      "navigationBar": {
        "left": {
          "text": "Previous"
        },
        "right": {
          "text": "Next"
        }
      }
    },
    "zh-cn": {
      "content": {
        "title": "创建一个新项目",
        "body": "<ol> \n <li>从主菜单导航至<strong> project </strong>＆gt; <strong>新项目</strong>。</li> \n <li>来自<strong>您现在想从什么开始？ </strong>窗口，选择<strong>本机应用</strong>。</li> \n <li>单击<strong> Next </strong>。<br/> <b>您从本机应用程序</b>窗口打开。 </li> \n </ol>"
      },
      "navigationBar": {
        "left": {
          "text": "以前的"
        },
        "right": {
          "text": "下一个"
        }
      }
    },
    "zh-tw": {
      "content": {
        "title": "創建一個新項目",
        "body": "<ol> \n <li>從主菜單導航至<strong> project </strong>＆gt; <strong>新項目</strong>。</li> \n <li>來自<strong>您現在想從什麼開始？ </strong>窗口，選擇<strong>本機應用</strong>。</li> \n <li>單擊<strong> Next </strong>。<br/> <b>您從本機應用程序</b>窗口打開。 </li> \n </ol>"
      },
      "navigationBar": {
        "left": {
          "text": "以前的"
        },
        "right": {
          "text": "下一個"
        }
      }
    }
  }
}