{
    "kuid": "7f69d5t9-50ac-4er4-b0u5-e70ea6n3",
    "id": "VoltMX.AssignDatatotheSegmentV9.uiLabel",
    "content": {
        "title": "Assign Position to the Label",
        "body": "<ol>\n<li>From the <strong>Properties</strong> panel, navigate to the <strong>Look</strong> tab.</li>\n<li>Under the <strong>Flex</strong> section, enter the following values:\n<ul>\n<li>Left: <strong>165 Dp</strong></li>\n<li>Center Y: <strong>50%</strong></li>\n</ul>\n</li>\n</ol>"
    },
    "pointer": {
        "direction": "right",
        "element": {
            "module": "propertieswindow",
            "css_selector": ".kcell ul li div[id ='frmKonyLib_Look_A']"
        },
        "type": "default"
    },
    "navigationType": "manual",
    "navigationBar": {
        "left": {
            "text": "Previous",
            "enable": true,
            "hide": false
        },
        "right": {
            "text": "Next",
            "enable": true,
            "hide": false
        }
    },
    "navigationCondition": "",
    "position": "BOTTOM_RIGHT",
    "meta": {
        "Creator": "Rashmi Menon",
        "CreatedOn": "Mon, 25 Nov 2019 11:01:00 GMT"
    },
    "context": []
}