{
    "kuid": "bcab82t6-63a9-48r5-b4u7-c85dc4n5",
    "id": "VoltMX.NFIBarcodeV9.connectDevice",
    "content": {
        "title": "Connect your Mobile Device",
        "body": "Connect your mobile device to your computer using a USB cable.<br /><br/>For an Android mobile device, ensure that the use of USB is set as <strong>Transfer</strong> <strong>files</strong>."
    },
    "pointer": {
        "direction": "left",
        "element": "",
        "type": "none"
    },
    "navigationType": "manual",
    "navigationBar": {
        "left": {
            "text": "Previous",
            "enable": true,
            "hide": false
        },
        "right": {
            "text": "Next",
            "enable": true,
            "hide": false
        }
    },
    "navigationCondition": "",
    "position": "CENTER",
    "meta": {
        "Creator": "Rashmi Menon",
        "CreatedOn": "Thu, 28 Nov 2019 04:43:34 GMT"
    },
    "context": []
}