{
  "kuid": "999a66td-b1a4-45r1-9eue-9714b7nb",
  "id": "VoltMX.AddCreatePayeeWeb_v9.uiForm",
  "content": {
    "title": "UI for Adding Recipients",
    "body": "<ol>\n<li>From the bottom-left panel of Iris, navigate to<strong> Default Library</strong>.</li>\n<li>Next to the <strong>Default Library</strong>, you will see the tab for <strong>My Libraries</strong> and a search icon.<br />Click the search icon.</li>\n<li>In the search bar that appears, enter <strong>AddRecipient</strong>.</li>\n<li>Under the <strong>RecipientsWeb</strong> section, select <strong>AddRecipient </strong>and drop it onto <strong>frmAddRecipient</strong> on the canvas.</li>\n<li>On the <strong>Resolved Conflicts</strong> dialog box, click <strong>Close</strong>.</li>\n</ol>"
  },
  "pointer": {
    "direction": "left",
    "element": {
      "module": "konylibrary"
    },
    "type": "default"
  },
  "navigationType": "manual",
  "navigationBar": {
    "left": {
      "text": "Previous",
      "enable": true,
      "hide": false
    },
    "right": {
      "text": "Next",
      "enable": true,
      "hide": false
    }
  },
  "navigationCondition": "",
  "position": "BOTTOM_RIGHT",
  "meta": {
    "Creator": "Rashmi Menon",
    "CreatedOn": "Tue, 25 Feb 2020 04:54:40 GMT"
  },
  "context": [],
  "localization": {
    "en-us": {
      "content": {
        "title": "UI for Adding Recipients",
        "body": "<ol>\n<li>From the bottom-left panel of Iris, navigate to<strong> Default Library</strong>.</li>\n<li>Next to the <strong>Default Library</strong>, you will see the tab for <strong>My Libraries</strong> and a search icon.<br />Click the search icon.</li>\n<li>In the search bar that appears, enter <strong>AddRecipient</strong>.</li>\n<li>Under the <strong>RecipientsWeb</strong> section, select <strong>AddRecipient </strong>and drop it onto <strong>frmAddRecipient</strong> on the canvas.</li>\n<li>On the <strong>Resolved Conflicts</strong> dialog box, click <strong>Close</strong>.</li>\n</ol>"
      },
      "navigationBar": {
        "left": {
          "text": "Previous"
        },
        "right": {
          "text": "Next"
        }
      }
    },
    "zh-cn": {
      "content": {
        "title": "UI添加收件人",
        "body": "<ol> \n <li>从Iris的左下面板中，导航到<strong>默认库</strong>。</li> \n <li> <strong>默认库</strong>旁边，您将看到<strong>我的库</strong>和搜索图标的选项卡。<br />单击搜索图标。</li> \n <li>在出现的搜索栏中，输入<strong> addRecipient </strong>。</li> \n <li>在<strong> conterientsWeb </strong>章节下，选择<strong> addRecipient </strong>，然后将其放在<strong> frmaddrecipient </strong>上。</li>。 \n <li>在<strong>解决冲突</strong>对话框上，单击<strong>关闭</strong>。</li> \n </ol>"
      },
      "navigationBar": {
        "left": {
          "text": "以前的"
        },
        "right": {
          "text": "下一个"
        }
      }
    },
    "zh-tw": {
      "content": {
        "title": "UI添加收件人",
        "body": "<ol> \n <li>從Iris的左下面板中，導航到<strong>默認庫</strong>。</li> \n <li> <strong>默認庫</strong>旁邊，您將看到<strong>我的庫</strong>和搜索圖標的選項卡。<br />單擊搜索圖標。</li> \n <li>在出現的搜索欄中，輸入<strong> addRecipient </strong>。</li> \n <li>在<strong> conterientsWeb </strong>章節下，選擇<strong> addRecipient </strong>，然後將其放在<strong> frmaddrecipient </strong>上。</li>。 \n <li>在<strong>解決衝突</strong>對話框上，單擊<strong>關閉</strong>。</li> \n </ol>"
      },
      "navigationBar": {
        "left": {
          "text": "以前的"
        },
        "right": {
          "text": "下一個"
        }
      }
    }
  }
}