{
  "kuid": "8303b4tc-d7a7-4cr7-96u8-056bban5",
  "id": "VoltMX.IntroductiontoNFIV9.addCode",
  "content": {
    "title": "Add Code to the Controller",
    "body": "<ol>\n    <li>Download the code that implements the NFI from <a href='#'onClick='javascript:openURL(\"https://github.com/HCL-TECH-SOFTWARE/volt-mx-tutorials/raw/master/public/samples/NFIpositioncode.zip\")'>here</a>.</li>\n    <li>Open the downloaded file and copy its contents.</li>\n    <li>From the <strong>Project </strong>explorer, expand <strong>Mobile </strong>&gt; <strong>Controllers</strong>.</li>\n    <li>Select <strong>deviceSettingsController</strong>.<br />The file opens in edit mode on the canvas.</li>\n    <li>Delete all the existing code in the file <strong>deviceSettingsController</strong>.</li>\n    <li>Enter the copied code in <strong>deviceSettingsController</strong>.</li>\n    <li>From the main menu, navigate to <strong>Project</strong> and select <strong>Save All</strong>.</li>\n    </ol>"
  },
  "pointer": {
    "direction": "left",
    "element": {
      "module": "projectexplorer",
      "path": "project-body\\project\\Mobile\\Controllers"
    },
    "type": "default",
    "isfixed": true
  },
  "navigationType": "manual",
  "navigationBar": {
    "left": {
      "text": "Previous",
      "enable": true,
      "hide": false
    },
    "right": {
      "text": "Next",
      "enable": true,
      "hide": false
    }
  },
  "navigationCondition": "",
  "position": "BOTTOM_RIGHT",
  "meta": {
    "Creator": "Rashmi Menon",
    "CreatedOn": "Wed, 27 Nov 2019 11:49:55 GMT"
  },
  "context": [],
  "localization": {
    "en-us": {
      "content": {
        "title": "Add Code to the Controller",
        "body": "<ol>\n    <li>Download the code that implements the NFI from <a href='#'onClick='javascript:openURL(\"https://github.com/HCL-TECH-SOFTWARE/volt-mx-tutorials/raw/master/public/samples/NFIpositioncode.zip\")'>here</a>.</li>\n    <li>Open the downloaded file and copy its contents.</li>\n    <li>From the <strong>Project </strong>explorer, expand <strong>Mobile </strong>&gt; <strong>Controllers</strong>.</li>\n    <li>Select <strong>deviceSettingsController</strong>.<br />The file opens in edit mode on the canvas.</li>\n    <li>Delete all the existing code in the file <strong>deviceSettingsController</strong>.</li>\n    <li>Enter the copied code in <strong>deviceSettingsController</strong>.</li>\n    <li>From the main menu, navigate to <strong>Project</strong> and select <strong>Save All</strong>.</li>\n    </ol>"
      },
      "navigationBar": {
        "left": {
          "text": "Previous"
        },
        "right": {
          "text": "Next"
        }
      }
    },
    "zh-cn": {
      "content": {
        "title": "将代码添加到控制器",
        "body": "<ol> \n     <li>下载从<a href='#'onClick='javascript:openURL(\"https://github.com/HCL-TECH-SOFTWARE/volt-mx-tutorials/raw/master/public/samples/NFIpositioncode.zip\")'>在此处</a>的代码。</li> \n     <li>打开下载的文件并复制其内容。</li> \n     <li>从<strong> project </strong>探索器，展开<strong>移动</strong>＆gt; <strong>控制器</strong>。</li> \n     <li>选择<strong> deviceetsettingscontroller </strong>。<br />文件在画布上以编辑模式打开。</li> \n     <li>删除文件<strong> devesiceettingscontroller </strong>中的所有现有代码。</li> \n     <li>在<strong> deviceettingscontroller </strong>中输入复制的代码。</li> \n     <li>从主菜单中，导航到<strong> project </strong>，然后选择<strong>保存所有</strong>。</li> \n     </ol>"
      },
      "navigationBar": {
        "left": {
          "text": "以前的"
        },
        "right": {
          "text": "下一个"
        }
      }
    },
    "zh-tw": {
      "content": {
        "title": "將代碼添加到控制器",
        "body": "<ol> \n     <li>下載從<a href='#'onClick='javascript:openURL(\"https://github.com/HCL-TECH-SOFTWARE/volt-mx-tutorials/raw/master/public/samples/NFIpositioncode.zip\")'>在此處</a>的代碼。</li> \n     <li>打開下載的文件並複制其內容。</li> \n     <li>從<strong> project </strong>探索器，展開<strong>移動</strong>＆gt; <strong>控制器</strong>。</li> \n     <li>選擇<strong> deviceetsettingscontroller </strong>。<br />文件在畫布上以編輯模式打開。</li> \n     <li>刪除文件<strong> devesiceettingscontroller </strong>中的所有現有代碼。</li> \n     <li>在<strong> deviceettingscontroller </strong>中輸入複製的代碼。</li> \n     <li>從主菜單中，導航到<strong> project </strong>，然後選擇<strong>保存所有</strong>。</li> \n     </ol>"
      },
      "navigationBar": {
        "left": {
          "text": "以前的"
        },
        "right": {
          "text": "下一個"
        }
      }
    }
  }
}