{
    "kuid": "8303b4tc-d7a7-4cr7-96u8-056bban5",
    "id": "VoltMX.IntroductiontoNFIV9.addCode",
    "content": {
        "title": "Add Code to the Controller",
        "body": "<ol>\n<li>Download the code that implements the NFI from <a href='#'onClick='javascript:openURL(\"https://github.com/HCL-TECH-SOFTWARE/volt-mx-tutorials/raw/master/public/samples/NFIpositioncode.zip\")'>here</a>.</li>\n<li>Open the downloaded file and copy its contents.</li>\n<li>From the <strong>Project </strong>explorer, expand <strong>Mobile </strong>&gt; <strong>Controllers</strong>.</li>\n<li>Select <strong>deviceSettingsController</strong>.<br />The file opens in edit mode on the canvas.</li>\n<li>Enter the copied code in <strong>deviceSettingsController</strong>.</li><li>From the main menu, navigate to <b>Project</b> and select <b>Save All</b>.</li>\n</ol>"
    },
    "pointer": {
        "direction": "left",
        "element": {
            "module": "projectexplorer",
            "path": "project-body\\project\\Mobile\\Controllers"
        },
        "type": "default",
        "isfixed": true
    },
    "navigationType": "manual",
    "navigationBar": {
        "left": {
            "text": "Previous",
            "enable": true,
            "hide": false
        },
        "right": {
            "text": "Next",
            "enable": true,
            "hide": false
        }
    },
    "navigationCondition": "",
    "position": "BOTTOM_RIGHT",
    "meta": {
        "Creator": "Rashmi Menon",
        "CreatedOn": "Wed, 27 Nov 2019 11:49:55 GMT"
    },
    "context": []
}