{
  "Tour.IntroductiontoSegmentV9": {
    "description": "旅游描述"
  },
  "Hike.VoltMX.IntroductiontoSegmentV9": {
    "description": "徒步说明"
  },
  "Card.VoltMX.IntroductiontoSegmentV9.addImage": {
    "content": {
      "title": "将图像小部件添加到段",
      "body": "<ol>\n<li>从虹膜的左下角，导航到<strong>默认库</strong>选项卡。</li>\n<li> 旁边<strong>默认库</strong> ，你会看到<strong>我的图书馆</strong>选项卡和搜索图标<img src=\"https://i.ibb.co/gmMPVjC/search-Icon.png\" alt=\"search icon\" width=\"14\" height=\"14\" />。单击搜索图标。</li>\n<li>在出现的搜索栏中，输入<strong>图像</strong>.</li>\n<li>从结果来看，在<strong>默认</strong>，选择<strong>图像</strong>.</li>\n<li>拖动<strong>图像</strong>小部件到<strong>雇员段</strong>在画布上。</li>\n<li>来自<strong>项目</strong>资源管理器，右键单击新图像并选择<strong>重命名</strong>.</li>\n<li>重命名图像<strong>employeeImage</strong>.</li>\n</ol>"
    },
    "navigationBar": {
      "left": {
        "text": "上一个"
      },
      "right": {
        "text": "下一个"
      }
    }
  },
  "Card.VoltMX.IntroductiontoSegmentV9.addLabel": {
    "content": {
      "title": "将标签小部件添加到段",
      "body": "<ol>\n<li>从虹膜的左下角，导航到<strong>默认库</strong>选项卡。</li>\n<li> 旁边<strong>默认库</strong> ，你会看到<strong>我的图书馆</strong>选项卡和搜索图标<img src=\"https://i.ibb.co/gmMPVjC/search-Icon.png\" alt=\"search icon\" width=\"14\" height=\"14\" />。单击搜索图标。</li>\n<li>在出现的搜索栏中，输入<strong>标签</strong>.</li>\n<li>从结果来看，在<strong>默认</strong>，选择<strong>标签</strong>.</li>\n<li>拖动<strong>标签</strong>小部件到<strong>雇员段</strong>在画布上。</li>\n<li>来自<strong>项目</strong>资源管理器，右键单击新标签并选择<strong>重命名</strong>.</li>\n<li>重命名标签<strong>员工姓名</strong>.</li>\n</ol>"
    },
    "navigationBar": {
      "left": {
        "text": "上一个"
      },
      "right": {
        "text": "下一个"
      }
    }
  },
  "Card.VoltMX.IntroductiontoSegmentV9.done": {
    "content": {
      "title": " 恭喜",
      "body": "<b> 恭喜</b>\n<br/>您已成功：<ul>\n<li>创建了一个列表表单</li>\n<li>向列表表单添加小部件</li>\n<li> 添加了对应于小部件的数据</li>\n<li>在您的移动设备中查看应用程序</li></ul><br/>要了解如何在您的细分市场中使用模板，请查看加息：<a class=\"tour-link\" tour=\"c99652td-06a5-43ra-87u4-9e8895n7\"><b>段模板简介</b></a> . <br/>要了解如何向您的细分市场添加数据，请查看加息：<a class=\"tour-link\" tour=\"06a5e8td-11a4-41r7-bbua-0696bane\"><b>将数据分配给段</b></a>。"
    },
    "navigationBar": {
      "left": {
        "text": "上一个"
      },
      "right": {
        "text": "完成"
      }
    }
  },
  "Card.VoltMX.IntroductiontoSegmentV9.DragandDrop": {
    "content": {
      "title": "向 FlexForm 添加 Segment 小部件",
      "body": "<ol>\n<li>从 Iris 的左下角，导航到<strong>默认库</strong>.</li>\n<li> 旁边<strong>默认库</strong> ，你会看到<strong>我的图书馆</strong>选项卡和搜索图标<img src=\"https://i.ibb.co/gmMPVjC/search-Icon.png\" alt=\"search icon\" width=\"14\" height=\"14\" />。单击搜索图标。</li>\n<li>在出现的搜索栏中，输入<strong>段</strong>.</li>\n<li>从结果来看，在<strong>默认</strong>，选择<strong>段</strong>.</li>\n<li>拖动<strong>段</strong>小部件到<strong>frmList</strong>在画布上。</li>\n<li>来自<strong>项目</strong>资源管理器，右键单击新段并选择<strong>重命名</strong>.</li>\n<li>重命名段<strong>雇员段</strong>.</li>\n</ol>"
    },
    "navigationBar": {
      "left": {
        "text": "上一个"
      },
      "right": {
        "text": "下一个"
      }
    }
  },
  "Card.VoltMX.IntroductiontoSegmentV9.Intro": {
    "content": {
      "title": "段介绍",
      "body": "<b>让我们开始吧！</b><br/>在这次徒步旅行中，我们将：<br/>\n<ul><li>创建一个带有 Segment 小部件的表单</li>\n<li>将数据分配给 Segment 小部件</li>\n<li>改变Segment行的高度</li>\n</ul>\n<br/>\n<b>准备好后，单击开始！</b>"
    },
    "navigationBar": {
      "left": {
        "text": "上一个"
      },
      "right": {
        "text": "开始"
      }
    }
  },
  "Card.VoltMX.IntroductiontoSegmentV9.livePreview": {
    "content": {
      "title": "实时预览设置",
      "body": "<ol><li>从主菜单中，选择<b>构建</b>.\n</li><li>点击<b>实时预览设置</b>.</li></ol>"
    },
    "navigationBar": {
      "left": {
        "text": "上一个"
      },
      "right": {
        "text": "下一个"
      }
    }
  },
  "Card.VoltMX.IntroductiontoSegmentV9.masterData1": {
    "content": {
      "title": "将数据添加到段",
      "body": "<ol><li> 在<b>一般</b>部分，导航到属性<b>主数据</b>.</li><li>点击<b>编辑</b>.</li></ol>"
    },
    "navigationBar": {
      "left": {
        "text": "上一个"
      },
      "right": {
        "text": "下一个"
      }
    }
  },
  "Card.VoltMX.IntroductiontoSegmentV9.masterData2": {
    "content": {
      "title": "通过主数据将图像分配给行",
      "body": "<ol>\n<li>点击<strong>全部删除</strong></li>\n<li>点击<strong>添加</strong>两次。<br />您可以看到在此窗口中添加了三行。</li>\n<li> 在<strong>employeeImage</strong>栏目，点击图片选择<img style=\"width: 20px; height: 20px;\" src=\"https://i.ibb.co/s236vKF/ellipsis.png\" alt=\"ellipsis\" border=\"1\" />按钮。<br />出现应用程序中添加的所有图像的列表。</li>\n<li>选择任何图像。</li>\n<li>点击<strong>好的</strong>.</li>\n<li> 重复以上三步，将图片添加到剩下的两行。</li>\n</ol>"
    },
    "navigationBar": {
      "left": {
        "text": "上一个"
      },
      "right": {
        "text": "下一个"
      }
    }
  },
  "Card.VoltMX.IntroductiontoSegmentV9.masterData3": {
    "content": {
      "title": "将文本数据分配给段",
      "body": "<ol>\n<li> 在<strong>员工姓名</strong>列，为每一行提供以下值：<ul>\n<li>尼古拉·纳什</li>\n<li>加文格兰特</li>\n<li>信仰罗素</li>\n</ul>\n</li>\n<li>点击<strong>申请</strong>.</li>\n</ol>"
    },
    "navigationBar": {
      "left": {
        "text": "上一个"
      },
      "right": {
        "text": "下一个"
      }
    }
  },
  "Card.VoltMX.IntroductiontoSegmentV9.NewProject1": {
    "content": {
      "title": "创建一个新项目",
      "body": "<ol>\n<li>导航到<strong>项目</strong>&gt;<strong>新项目</strong>.</li>\n<li>来自<strong> 你现在想从什么开始？</strong>窗口，选择<strong>本机应用程序</strong>.</li>\n<li>点击<strong>下一个</strong>.<br/><b>您从本机应用程序开始</b>窗口打开。</li>\n</ol>"
    },
    "navigationBar": {
      "left": {
        "text": "上一个"
      },
      "right": {
        "text": "下一个"
      }
    }
  },
  "Card.VoltMX.IntroductiontoSegmentV9.NewProject2": {
    "content": {
      "title": "创建一个新项目",
      "body": "<ol>\n<li>下<strong>项目名称</strong>，输入<strong>雇员名单</strong>.</li>\n<li>点击<strong>创建</strong>.<br />使用一个 FlexForm 创建一个新应用程序。<br />应用程序在<strong>故事板</strong>查看。</li>\n</ol>"
    },
    "navigationBar": {
      "left": {
        "text": "上一个"
      },
      "right": {
        "text": "下一个"
      }
    }
  },
  "Card.VoltMX.IntroductiontoSegmentV9.openapp": {
    "content": {
      "title": "Volt MX 应用程序",
      "body": "<ol><li>连接您的<b>手机</b>使用 USB 电缆将设备连接到您的计算机。<br/> 对于Android移动设备，确保使用USB<b>传输文件</b>.<br/> 对于 iOS 移动设备，请确保<b>信任</b>已在您的设备和计算机之间建立。</li>\n<li>启动<b>Volt MX 应用程序</b>在你的<b>手机</b>设备。</li><li>选择<b>USB</b>选项卡。<li>连接成功后，<b>虹膜</b>在您的计算机上显示成功提示。</li></ol>"
    },
    "navigationBar": {
      "left": {
        "text": "上一个"
      },
      "right": {
        "text": "下一个"
      }
    }
  },
  "Card.VoltMX.IntroductiontoSegmentV9.renameForm": {
    "content": {
      "title": "重命名表单",
      "body": "<ol>\n<li>在<strong>故事板</strong>查看，在新表单上方，单击<strong>Form1</strong>.</li>\n<li>重命名表单<strong>frmList</strong>.</li>\n<li>要向表单添加小部件，请双击表单以在<strong>设计</strong>查看。</li>\n</ol>"
    },
    "navigationBar": {
      "left": {
        "text": "上一个"
      },
      "right": {
        "text": "下一个"
      }
    }
  },
  "Card.VoltMX.IntroductiontoSegmentV9.rowHgt": {
    "content": {
      "title": "改变段的行高",
      "body": "<ol><li>在画布上，单击线段<b>雇员段</b>.</li><li>来自<b>属性</b>面板，导航到<b>段</b>选项卡。</li><li> 在<b>一般</b> 部分，分配以下值：<br/>行高：<b>150 Dp</b>.</li></ol>"
    },
    "navigationBar": {
      "left": {
        "text": "上一个"
      },
      "right": {
        "text": "下一个"
      }
    }
  },
  "Card.VoltMX.IntroductiontoSegmentV9.run": {
    "content": {
      "title": "运行应用程序",
      "body": "<ol><li>来自<b>实时预览设置</b>窗下<b>本地</b> ，选中您要在其上查看应用程序的移动设备的操作系统旁边的复选框。<br/>例如：<b>iOS</b>和<b>安卓</b>.<br/>确保您已取消选中所有其他平台和频道的复选框。</li>\n<li>点击<b>保存并运行</b>.<br/> Iris 可能需要一些时间才能显示<b>实时预览已准备就绪</b>窗口。</ol>"
    },
    "navigationBar": {
      "left": {
        "text": "上一个"
      },
      "right": {
        "text": "下一个"
      }
    }
  },
  "Card.VoltMX.IntroductiontoSegmentV9.sknLabel": {
    "content": {
      "title": "标签的用户界面",
      "body": "<ol><li>来自<b>属性</b>面板，导航到<b>皮肤</b>选项卡。</li>\n<li> 在<b>字体</b> 部分，分配以下值：<br/>尺寸：<b>100%</b></li></ol>"
    },
    "navigationBar": {
      "left": {
        "text": "上一个"
      },
      "right": {
        "text": "下一个"
      }
    }
  },
  "Card.VoltMX.IntroductiontoSegmentV9.uichange": {
    "content": {
      "title": "配置段布局",
      "body": "<ol>\n<li>来自<strong>属性</strong>面板，转到<strong>看</strong>选项卡。</li>\n<li> 在<strong>弹性</strong> 部分，配置以下更改：<ul>\n<li>左：<strong>0dp</strong></li>\n<li>顶部：<strong>0dp</strong></li>\n<li>宽度：<strong>100%</strong></li>\n<li>身高：<strong>100%</strong></li>\n</ul>\n</li>\n</ol>"
    },
    "navigationBar": {
      "left": {
        "text": "上一个"
      },
      "right": {
        "text": "下一个"
      }
    }
  },
  "Card.VoltMX.IntroductiontoSegmentV9.uiImage": {
    "content": {
      "title": "为图像分配位置",
      "body": "<ol><li>来自<b>属性</b>面板，导航到<b>看</b>选项卡。</li>\n<li> 在<b>弹性</b> 部分，分配以下值：<ul>\n<li>左：<b>14 Dp</b></li>\n<li>宽度：<b>96 Dp</b></li>\n<li>身高：<b>93 Dp</b></li>\n<li>中心Y：<b>50%</b></li></ul></li></ol>"
    },
    "navigationBar": {
      "left": {
        "text": "上一个"
      },
      "right": {
        "text": "下一个"
      }
    }
  },
  "Card.VoltMX.IntroductiontoSegmentV9.uiLabel": {
    "content": {
      "title": "为标签分配位置",
      "body": "<ol><li>来自<b>属性</b>面板，导航到<b>看</b>选项卡。</li>\n<li> 在<b>弹性</b> 部分，分配以下值：<ul>\n<li>左：<b>165 Dp</b></li>\n<li>顶部：<b>23 Dp</b></li>\n<li>宽度：<b>220 Dp</b></li>\n<li>身高：<b>22 Dp</b></li></ul></li></ol>"
    },
    "navigationBar": {
      "left": {
        "text": "上一个"
      },
      "right": {
        "text": "下一个"
      }
    }
  },
  "Card.VoltMX.IntroductiontoSegmentV9.view": {
    "content": {
      "title": "查看应用",
      "body": "<ol><li>在你的<b>Volt MX 应用程序</b>，点击<b>启动</b>.</li>\n<li>您可能会看到<b>应用程序名称</b>文本框。如果有文本框，输入<b>雇员名单</b>然后点击<b>启动</b>.</li>\n<li>带有列表的表单出现。</li>\n<li> 到<b>退出</b>您的应用程序<b>手机</b>设备，从左向右滑动两根手指或摇动手机或平板电脑并单击<b>退出应用</b>. </li></ol>"
    },
    "navigationBar": {
      "left": {
        "text": "上一个"
      },
      "right": {
        "text": "下一个"
      }
    }
  }
}