{
  "Card.VoltMX.IntroductiontoSegmentV9.Intro": {
    "content": {
      "title": "細分簡介",
      "body": "<b>讓我們開始！</b> <br/> \n 在這次遠足中，我們將：<br/> \n <ul> <li>創建一個用段窗口</li>的表單 \n <li>將數據分配給段窗口小部件</li> \n <li>更改段</li>的行的高度 \n </ul> \n <br/> \n <b>準備就緒時，單擊“開始”！</b>"
    },
    "navigationBar": {
      "left": {
        "text": "以前的"
      },
      "right": {
        "text": "開始"
      }
    }
  },
  "Card.VoltMX.IntroductiontoSegmentV9.NewProject1": {
    "content": {
      "title": "創建一個新項目",
      "body": "<ol> \n <li>導航至<strong> project </strong>＆gt; <strong>新項目</strong>。</li> \n <li>來自<strong>您現在想從什麼開始？ </strong>窗口，選擇<strong>本機應用</strong>。</li> \n <li>單擊<strong> Next </strong>。<br/> <b>您從本機應用程序</b>窗口打開。 </li> \n </ol>"
    },
    "navigationBar": {
      "left": {
        "text": "以前的"
      },
      "right": {
        "text": "下一個"
      }
    }
  },
  "Card.VoltMX.IntroductiontoSegmentV9.NewProject2": {
    "content": {
      "title": "創建一個新項目",
      "body": "<ol> \n <li> <strong>項目名稱</strong>，enter <strong> apployelist </strong>。</li> \n <li>單擊<strong>創建</strong>。<br />使用一個FlexForm創建一個新應用程序。 <br />應用程序在<strong>故事板</strong>視圖中打開。</li> \n </ol>"
    },
    "navigationBar": {
      "left": {
        "text": "以前的"
      },
      "right": {
        "text": "下一個"
      }
    }
  },
  "Card.VoltMX.IntroductiontoSegmentV9.renameForm": {
    "content": {
      "title": "重命名表格",
      "body": "<ol> \n <li>在<strong>故事板</strong>視圖中，在新表單上方，單擊<strong> form1 </strong>。</li> \n <li>從1 </b>重命名<b>到<strong> frmlist </strong>的表單。</li> \n <li>將小部件添加到表單中，雙擊表單上以打開<strong> design </strong>視圖中的表單。</li> \n </ol>"
    },
    "navigationBar": {
      "left": {
        "text": "以前的"
      },
      "right": {
        "text": "下一個"
      }
    }
  },
  "Card.VoltMX.IntroductiontoSegmentV9.DragandDrop": {
    "content": {
      "title": "在FlexForm中添加一個段的小部件",
      "body": "***<ol> \n <li>從虹膜的左下角，導航到<strong>默認庫</strong>。</li> \n <li> <strong>默認庫</strong>旁邊，您將看到<strong>我的庫</strong> tab和搜索圖標<img src=\"https://i.ibb.co/gmMPVjC/search-Icon.png\" alt=\"search icon\" width=\"14\" height=\"14\" />。 單擊搜索圖標。</li> \n <li>在出現的搜索欄中，輸入<strong>段</strong>。</li> \n <li>從結果中，在<strong>默認</strong>下，選擇<strong>段</strong>。</li> \n <li>將<strong>段</strong>窗口拖到<strong> frmlist </strong>上的畫布上。</li> \n <li>從<strong> project </strong>探索器，展開<b>移動</b>＆gt; <b>表格</b>＆gt; <b> frmlist </b>。</li> \n <li>在<b> frmlist </b>下的片段上的右鍵單擊，稱為<b> semgentxxxx </b>，選擇<b>重rename </b>，然後重命名<b> SegmentXXX </b> {46}的段 } \n </ol>"
    },
    "navigationBar": {
      "left": {
        "text": "以前的"
      },
      "right": {
        "text": "下一個"
      }
    }
  },
  "Card.VoltMX.IntroductiontoSegmentV9.uichange": {
    "content": {
      "title": "配置細分佈局",
      "body": "<ol> \n <li>來自<strong>屬性</strong>面板，轉到<strong> LOOK </strong> TAB。</li> \n <li>在<strong> flex </strong>部分下，配置以下更改： \n <ul> \n <li>左：<strong> 0dp </strong> </li> \n <li>頂部：<strong> 0dp </strong> </li> \n <li>寬度：<strong> 100％</strong> </li> \n <li>高度：<strong> 100％</strong> </li> \n </ul> \n </li> \n </ol>"
    },
    "navigationBar": {
      "left": {
        "text": "以前的"
      },
      "right": {
        "text": "下一個"
      }
    }
  },
  "Card.VoltMX.IntroductiontoSegmentV9.addImage": {
    "content": {
      "title": "將圖像小部件添加到細分",
      "body": "***<ol> \n <li>從虹膜的左下角，導航到<strong>默認庫</strong> tab。</li> \n <li> <strong>默認庫</strong>旁邊，您將看到<strong>我的庫</strong> tab和搜索圖標<img src=\"https://i.ibb.co/gmMPVjC/search-Icon.png\" alt=\"search icon\" width=\"14\" height=\"14\" />。 單擊搜索圖標。</li> \n <li>在出現的搜索欄中，輸入<strong> image </strong>。</li> \n <li>從結果中，在<strong>默認</strong>下，選擇<strong> image </strong>。</li> \n <li>將<strong> image </strong>窗口小部件拖到<strong> amployeesegry </strong>上。</li> \n <li>從<strong> project </strong>探索器，展開<b>移動</b>＆gt; <b>表格</b>＆gt; <b> frmlist </b>＆gt; <b> imployeesegresgresgent </b>。</li> \n <li>右鍵單擊的圖像稱為<b> imagexxxx </b>，在<b> amployeesegresgr </b>下，select <b>重命名</b>，然後從<b> imagexxxx </b>到{48}重命名image 49}僱員</strong>。</li> \n </ol>"
    },
    "navigationBar": {
      "left": {
        "text": "以前的"
      },
      "right": {
        "text": "下一個"
      }
    }
  },
  "Card.VoltMX.IntroductiontoSegmentV9.uiImage": {
    "content": {
      "title": "將位置分配給圖像",
      "body": "***<ol> <li>從<b> properties </b>面板，導航到<b> look </b> tab。</li> \n <li>在<b> flex </b>部分下，分配以下值：<ul> \n <li>左：<b> 14 dp </b> </li> \n <li>寬度：<b> 96 dp </b> </li> \n <li>高度：<b> 93 dp </b> </li> \n <li>中心y：<b> 50％</b> </li> </ul> </li> </ol> {29}"
    },
    "navigationBar": {
      "left": {
        "text": "以前的"
      },
      "right": {
        "text": "下一個"
      }
    }
  },
  "Card.VoltMX.IntroductiontoSegmentV9.addLabel": {
    "content": {
      "title": "將標籤小部件添加到細分",
      "body": "***<ol> \n <li>從虹膜的左下角，導航到<strong>默認庫</strong> tab。</li> \n <li> <strong>默認庫</strong>旁邊，您將看到<strong>我的庫</strong> tab和搜索圖標<img src=\"https://i.ibb.co/gmMPVjC/search-Icon.png\" alt=\"search icon\" width=\"14\" height=\"14\" />。 單擊搜索圖標。</li> \n <li>在出現的搜索欄中，輸入<strong> label </strong>。</li> \n <li>從結果中，在<strong>默認</strong>下，選擇<strong> label </strong>。</li> \n <li>將<strong> label </strong> widtget拖到<strong> amploeEsegry </strong>上的畫布上。</li> \n <li>從<strong> project </strong>探索器，展開<b>移動</b>＆gt; <b>表格</b>＆gt; <b> frmlist </b>＆gt; <b> imployeesegresgresgent </b>。</li> \n <li>右鍵單擊的圖像右鍵單擊為<b> labelxxxx </b>，在<b> applyeEsegry </b>下，選擇<b>重命名</b>，然後從<b> labelxxx </b>中重命名圖像 49} simplyEname </strong>。 \n </ol>"
    },
    "navigationBar": {
      "left": {
        "text": "以前的"
      },
      "right": {
        "text": "下一個"
      }
    }
  },
  "Card.VoltMX.IntroductiontoSegmentV9.uiLabel": {
    "content": {
      "title": "將位置分配給標籤",
      "body": "***<ol> <li>從<b> properties </b>面板，導航到<b> look </b> tab。</li> \n <li>在<b> flex </b>部分下，分配以下值：<ul> \n <li>左：<b> 165 dp </b> </li> \n <li>頂部：<b> 23 dp </b> </li> \n <li>寬度：<b> 220 dp </b> </li> \n <li>高度：<b> 22 dp </b> </li> </ul> </li> {28} </ol>"
    },
    "navigationBar": {
      "left": {
        "text": "以前的"
      },
      "right": {
        "text": "下一個"
      }
    }
  },
  "Card.VoltMX.IntroductiontoSegmentV9.sknLabel": {
    "content": {
      "title": "標籤的UI",
      "body": "<ol> <li>從<b> properties </b>面板，導航到<b> skin </b> tab。</li> \n <li>在<b> fonts </b>部分下，分配以下值：<br/> \n 尺寸：<b> 100％</b> </li> </ol>"
    },
    "navigationBar": {
      "left": {
        "text": "以前的"
      },
      "right": {
        "text": "下一個"
      }
    }
  },
  "Card.VoltMX.IntroductiontoSegmentV9.rowHgt": {
    "content": {
      "title": "更改段的行高度",
      "body": "***<ol> <li>從<b> project </b>面板，展開<b>移動</b>＆gt; <b>表格</b>＆gt; <b> frmlist </b>，從<b> properties </b>面板中選擇<b> amploeEsegriant </b>。 19}在<b>常規</b>部分下，分配以下值：<br/>行高：<b> 150 dp </b>。</li> </ol>"
    },
    "navigationBar": {
      "left": {
        "text": "以前的"
      },
      "right": {
        "text": "下一個"
      }
    }
  },
  "Card.VoltMX.IntroductiontoSegmentV9.masterData1": {
    "content": {
      "title": "將數據添加到細分市場",
      "body": "***<ol> <li>在<b>常規</b>部分下，導航到屬性<b> master data </b>。 }"
    },
    "navigationBar": {
      "left": {
        "text": "以前的"
      },
      "right": {
        "text": "下一個"
      }
    }
  },
  "Card.VoltMX.IntroductiontoSegmentV9.masterData2": {
    "content": {
      "title": "通過主數據分配圖像",
      "body": "<ol> \n <li>單擊<strong>刪除所有</strong> </li> \n <li>單擊<strong>添加</strong>兩次。<br />您可以看到在此窗口中添加了三個行。</li> \n <li>在<strong>僱員</strong>列下，單擊圖像選擇<img style=\"width: 20px; height: 20px;\" src=\"https://i.ibb.co/s236vKF/ellipsis.png\" alt=\"ellipsis\" border=\"1\" />按鈕。<br />出現在應用程序中添加的所有圖像的列表。</li> \n <li>選擇任何圖像。</li> \n <li>單擊<strong> ok </strong>。</li> \n <li>重複上述三個步驟，將圖像添加到其餘兩個行中。</li> \n </ol>"
    },
    "navigationBar": {
      "left": {
        "text": "以前的"
      },
      "right": {
        "text": "下一個"
      }
    }
  },
  "Card.VoltMX.IntroductiontoSegmentV9.masterData3": {
    "content": {
      "title": "將文本數據分配給細分",
      "body": "<ol> \n <li>在<strong> applyeename </strong>列下，為每一行提供以下值： \n <ul> \n <li> nicola nash </li> \n <li> Gavin Grant </li> \n <li>信仰羅素</li> \n </ul> \n </li> \n <li>單擊<strong>應用</strong>。</li> \n </ol>"
    },
    "navigationBar": {
      "left": {
        "text": "以前的"
      },
      "right": {
        "text": "下一個"
      }
    }
  },
  "Card.VoltMX.IntroductiontoSegmentV9.openapp": {
    "content": {
      "title": "Volt MX應用程序",
      "body": "***<ol> <li>使用USB電纜將您的<b>移動</b>設備連接到計算機。<br/>對於Android移動設備，請確保使用USB的使用為<b>傳輸文件</b>。{7 }對於iOS移動設備，請確保在您的設備和計算機之間建立了<b>信任</b>。</li> \n <li>在您的<b>移動</b>設備上啟動<b> volt mx app </b>。</li> <li>選擇<b> usb </b> tab。 \n <li>在成功的連接上，計算機上的<b> iris </b>顯示成功提示。</li> </ol>"
    },
    "navigationBar": {
      "left": {
        "text": "以前的"
      },
      "right": {
        "text": "下一個"
      }
    }
  },
  "Card.VoltMX.IntroductiontoSegmentV9.livePreview": {
    "content": {
      "title": "實時預覽設置",
      "body": "<ol> <li>從主菜單中，選擇<b>構建</b>。 \n </li> <li>單擊<b> live預覽設置</b>。</li> </ol>"
    },
    "navigationBar": {
      "left": {
        "text": "以前的"
      },
      "right": {
        "text": "下一個"
      }
    }
  },
  "Card.VoltMX.IntroductiontoSegmentV9.run": {
    "content": {
      "title": "運行應用程序",
      "body": "<ol> <li>從<b> Live Preview設置</b>窗口，在<b>本機</b>下，選擇要查看應用程序的移動設備OS旁邊的複選框。 <br/>例如：<b> ios </b>和<b> android </b>。<br/>確保您未選擇所有其他平台和通道的複選框。</li> \n <li>單擊<b>保存＆運行</b>。<br/>可能需要一些時間才能讓Iris顯示<b> Live Preview已準備就緒</b>窗口。</ol>"
    },
    "navigationBar": {
      "left": {
        "text": "以前的"
      },
      "right": {
        "text": "下一個"
      }
    }
  },
  "Card.VoltMX.IntroductiontoSegmentV9.view": {
    "content": {
      "title": "查看應用程序",
      "body": "<ol> <li>在您的<b> volt mx app </b>上，單擊<b>啟動</b>。</li> \n <li>您可能會看到<b>應用程序名稱</b>文本框。 如果有一個文本框，請輸入<b> applayerist </b>，然後單擊<b>啟動</b>。</li> \n <li>出現帶有列表的表單。</li> \n <li>到<b>退出</b>您的<b>移動</b>設備上的應用程序，從左到右滑動兩個手指，或搖動手機或平板電腦，然後單擊<b> Exit App </b>。 </li> </ol>"
    },
    "navigationBar": {
      "left": {
        "text": "以前的"
      },
      "right": {
        "text": "下一個"
      }
    }
  },
  "Card.VoltMX.IntroductiontoSegmentV9.done": {
    "content": {
      "title": "恭喜",
      "body": "<b>恭喜</b> \n <br/>您已經成功：<ul> \n <li>創建了一個列表表單</li> \n <li>將小部件添加到列表表格</li> \n <li>添加了與小部件相對應的數據</li> \n <li>在您的移動設備</li> </ul> <br/>中查看了應用程序 \n 要了解如何將數據添加到細分市場中，請查看遠足：<a class=\"tour-link\" tour=\"06a5e8td-11a4-41r7-bbua-0696bane\"> <b>將數據分配給段</b> </a>。"
    },
    "navigationBar": {
      "left": {
        "text": "以前的"
      },
      "right": {
        "text": "完畢"
      }
    }
  }
}