{
  "Card.VoltMX.IntroductiontoSegmentV9.Intro": {
    "content": {
      "title": "细分简介",
      "body": "<b>让我们开始！</b> <br/> \n 在这次远足中，我们将：<br/> \n <ul> <li>创建一个用段窗口</li>的表单 \n <li>将数据分配给段窗口小部件</li> \n <li>更改段</li>的行的高度 \n </ul> \n <br/> \n <b>准备就绪时，单击“开始”！</b>"
    },
    "navigationBar": {
      "left": {
        "text": "以前的"
      },
      "right": {
        "text": "开始"
      }
    }
  },
  "Card.VoltMX.IntroductiontoSegmentV9.NewProject1": {
    "content": {
      "title": "创建一个新项目",
      "body": "<ol> \n <li>导航至<strong> project </strong>＆gt; <strong>新项目</strong>。</li> \n <li>来自<strong>您现在想从什么开始？ </strong>窗口，选择<strong>本机应用</strong>。</li> \n <li>单击<strong> Next </strong>。<br/> <b>您从本机应用程序</b>窗口打开。 </li> \n </ol>"
    },
    "navigationBar": {
      "left": {
        "text": "以前的"
      },
      "right": {
        "text": "下一个"
      }
    }
  },
  "Card.VoltMX.IntroductiontoSegmentV9.NewProject2": {
    "content": {
      "title": "创建一个新项目",
      "body": "<ol> \n <li> <strong>项目名称</strong>，enter <strong> apployelist </strong>。</li> \n <li>单击<strong>创建</strong>。<br />使用一个FlexForm创建一个新应用程序。 <br />应用程序在<strong>故事板</strong>视图中打开。</li> \n </ol>"
    },
    "navigationBar": {
      "left": {
        "text": "以前的"
      },
      "right": {
        "text": "下一个"
      }
    }
  },
  "Card.VoltMX.IntroductiontoSegmentV9.renameForm": {
    "content": {
      "title": "重命名表格",
      "body": "<ol> \n <li>在<strong>故事板</strong>视图中，在新表单上方，单击<strong> form1 </strong>。</li> \n <li>从1 </b>重命名<b>到<strong> frmlist </strong>的表单。</li> \n <li>将小部件添加到表单中，双击表单上以打开<strong> design </strong>视图中的表单。</li> \n </ol>"
    },
    "navigationBar": {
      "left": {
        "text": "以前的"
      },
      "right": {
        "text": "下一个"
      }
    }
  },
  "Card.VoltMX.IntroductiontoSegmentV9.DragandDrop": {
    "content": {
      "title": "在FlexForm中添加一个段的小部件",
      "body": "***<ol> \n <li>从虹膜的左下角，导航到<strong>默认库</strong>。</li> \n <li> <strong>默认库</strong>旁边，您将看到<strong>我的库</strong> tab和搜索图标<img src=\"https://i.ibb.co/gmMPVjC/search-Icon.png\" alt=\"search icon\" width=\"14\" height=\"14\" />。 单击搜索图标。</li> \n <li>在出现的搜索栏中，输入<strong>段</strong>。</li> \n <li>从结果中，在<strong>默认</strong>下，选择<strong>段</strong>。</li> \n <li>将<strong>段</strong>窗口拖到<strong> frmlist </strong>上的画布上。</li> \n <li>从<strong> project </strong>探索器，展开<b>移动</b>＆gt; <b>表格</b>＆gt; <b> frmlist </b>。</li> \n <li>在<b> frmlist </b>下的片段上的右键单击，称为<b> semgentxxxx </b>，选择<b>重rename </b>，然后重命名<b> SegmentXXX </b> {46}的段 } \n </ol>"
    },
    "navigationBar": {
      "left": {
        "text": "以前的"
      },
      "right": {
        "text": "下一个"
      }
    }
  },
  "Card.VoltMX.IntroductiontoSegmentV9.uichange": {
    "content": {
      "title": "配置细分布局",
      "body": "<ol> \n <li>来自<strong>属性</strong>面板，转到<strong> LOOK </strong> TAB。</li> \n <li>在<strong> flex </strong>部分下，配置以下更改： \n <ul> \n <li>左：<strong> 0dp </strong> </li> \n <li>顶部：<strong> 0dp </strong> </li> \n <li>宽度：<strong> 100％</strong> </li> \n <li>高度：<strong> 100％</strong> </li> \n </ul> \n </li> \n </ol>"
    },
    "navigationBar": {
      "left": {
        "text": "以前的"
      },
      "right": {
        "text": "下一个"
      }
    }
  },
  "Card.VoltMX.IntroductiontoSegmentV9.addImage": {
    "content": {
      "title": "将图像小部件添加到细分",
      "body": "***<ol> \n <li>从虹膜的左下角，导航到<strong>默认库</strong> tab。</li> \n <li> <strong>默认库</strong>旁边，您将看到<strong>我的库</strong> tab和搜索图标<img src=\"https://i.ibb.co/gmMPVjC/search-Icon.png\" alt=\"search icon\" width=\"14\" height=\"14\" />。 单击搜索图标。</li> \n <li>在出现的搜索栏中，输入<strong> image </strong>。</li> \n <li>从结果中，在<strong>默认</strong>下，选择<strong> image </strong>。</li> \n <li>将<strong> image </strong>窗口小部件拖到<strong> amployeesegry </strong>上。</li> \n <li>从<strong> project </strong>探索器，展开<b>移动</b>＆gt; <b>表格</b>＆gt; <b> frmlist </b>＆gt; <b> imployeesegresgresgent </b>。</li> \n <li>右键单击的图像称为<b> imagexxxx </b>，在<b> amployeesegresgr </b>下，select <b>重命名</b>，然后从<b> imagexxxx </b>到{48}重命名image 49}雇员</strong>。</li> \n </ol>"
    },
    "navigationBar": {
      "left": {
        "text": "以前的"
      },
      "right": {
        "text": "下一个"
      }
    }
  },
  "Card.VoltMX.IntroductiontoSegmentV9.uiImage": {
    "content": {
      "title": "将位置分配给图像",
      "body": "***<ol> <li>从<b> properties </b>面板，导航到<b> look </b> tab。</li> \n <li>在<b> flex </b>部分下，分配以下值：<ul> \n <li>左：<b> 14 dp </b> </li> \n <li>宽度：<b> 96 dp </b> </li> \n <li>高度：<b> 93 dp </b> </li> \n <li>中心y：<b> 50％</b> </li> </ul> </li> </ol> {29}"
    },
    "navigationBar": {
      "left": {
        "text": "以前的"
      },
      "right": {
        "text": "下一个"
      }
    }
  },
  "Card.VoltMX.IntroductiontoSegmentV9.addLabel": {
    "content": {
      "title": "将标签小部件添加到细分",
      "body": "***<ol> \n <li>从虹膜的左下角，导航到<strong>默认库</strong> tab。</li> \n <li> <strong>默认库</strong>旁边，您将看到<strong>我的库</strong> tab和搜索图标<img src=\"https://i.ibb.co/gmMPVjC/search-Icon.png\" alt=\"search icon\" width=\"14\" height=\"14\" />。 单击搜索图标。</li> \n <li>在出现的搜索栏中，输入<strong> label </strong>。</li> \n <li>从结果中，在<strong>默认</strong>下，选择<strong> label </strong>。</li> \n <li>将<strong> label </strong> widtget拖到<strong> amploeEsegry </strong>上的画布上。</li> \n <li>从<strong> project </strong>探索器，展开<b>移动</b>＆gt; <b>表格</b>＆gt; <b> frmlist </b>＆gt; <b> imployeesegresgresgent </b>。</li> \n <li>右键单击的图像右键单击为<b> labelxxxx </b>，在<b> applyeEsegry </b>下，选择<b>重命名</b>，然后从<b> labelxxx </b>中重命名图像 49} simplyEname </strong>。 \n </ol>"
    },
    "navigationBar": {
      "left": {
        "text": "以前的"
      },
      "right": {
        "text": "下一个"
      }
    }
  },
  "Card.VoltMX.IntroductiontoSegmentV9.uiLabel": {
    "content": {
      "title": "将位置分配给标签",
      "body": "***<ol> <li>从<b> properties </b>面板，导航到<b> look </b> tab。</li> \n <li>在<b> flex </b>部分下，分配以下值：<ul> \n <li>左：<b> 165 dp </b> </li> \n <li>顶部：<b> 23 dp </b> </li> \n <li>宽度：<b> 220 dp </b> </li> \n <li>高度：<b> 22 dp </b> </li> </ul> </li> {28} </ol>"
    },
    "navigationBar": {
      "left": {
        "text": "以前的"
      },
      "right": {
        "text": "下一个"
      }
    }
  },
  "Card.VoltMX.IntroductiontoSegmentV9.sknLabel": {
    "content": {
      "title": "标签的UI",
      "body": "<ol> <li>从<b> properties </b>面板，导航到<b> skin </b> tab。</li> \n <li>在<b> fonts </b>部分下，分配以下值：<br/> \n 尺寸：<b> 100％</b> </li> </ol>"
    },
    "navigationBar": {
      "left": {
        "text": "以前的"
      },
      "right": {
        "text": "下一个"
      }
    }
  },
  "Card.VoltMX.IntroductiontoSegmentV9.rowHgt": {
    "content": {
      "title": "更改段的行高度",
      "body": "***<ol> <li>从<b> project </b>面板，展开<b>移动</b>＆gt; <b>表格</b>＆gt; <b> frmlist </b>，从<b> properties </b>面板中选择<b> amploeEsegriant </b>。 19}在<b>常规</b>部分下，分配以下值：<br/>行高：<b> 150 dp </b>。</li> </ol>"
    },
    "navigationBar": {
      "left": {
        "text": "以前的"
      },
      "right": {
        "text": "下一个"
      }
    }
  },
  "Card.VoltMX.IntroductiontoSegmentV9.masterData1": {
    "content": {
      "title": "将数据添加到细分市场",
      "body": "***<ol> <li>在<b>常规</b>部分下，导航到属性<b> master data </b>。 }"
    },
    "navigationBar": {
      "left": {
        "text": "以前的"
      },
      "right": {
        "text": "下一个"
      }
    }
  },
  "Card.VoltMX.IntroductiontoSegmentV9.masterData2": {
    "content": {
      "title": "通过主数据分配图像",
      "body": "<ol> \n <li>单击<strong>删除所有</strong> </li> \n <li>单击<strong>添加</strong>两次。<br />您可以看到在此窗口中添加了三个行。</li> \n <li>在<strong>雇员</strong>列下，单击图像选择<img style=\"width: 20px; height: 20px;\" src=\"https://i.ibb.co/s236vKF/ellipsis.png\" alt=\"ellipsis\" border=\"1\" />按钮。<br />出现在应用程序中添加的所有图像的列表。</li> \n <li>选择任何图像。</li> \n <li>单击<strong> ok </strong>。</li> \n <li>重复上述三个步骤，将图像添加到其余两个行中。</li> \n </ol>"
    },
    "navigationBar": {
      "left": {
        "text": "以前的"
      },
      "right": {
        "text": "下一个"
      }
    }
  },
  "Card.VoltMX.IntroductiontoSegmentV9.masterData3": {
    "content": {
      "title": "将文本数据分配给细分",
      "body": "<ol> \n <li>在<strong> applyeename </strong>列下，为每一行提供以下值： \n <ul> \n <li> nicola nash </li> \n <li> Gavin Grant </li> \n <li>信仰罗素</li> \n </ul> \n </li> \n <li>单击<strong>应用</strong>。</li> \n </ol>"
    },
    "navigationBar": {
      "left": {
        "text": "以前的"
      },
      "right": {
        "text": "下一个"
      }
    }
  },
  "Card.VoltMX.IntroductiontoSegmentV9.openapp": {
    "content": {
      "title": "Volt MX应用程序",
      "body": "***<ol> <li>使用USB电缆将您的<b>移动</b>设备连接到计算机。<br/>对于Android移动设备，请确保使用USB的使用为<b>传输文件</b>。{7 }对于iOS移动设备，请确保在您的设备和计算机之间建立了<b>信任</b>。</li> \n <li>在您的<b>移动</b>设备上启动<b> volt mx app </b>。</li> <li>选择<b> usb </b> tab。 \n <li>在成功的连接上，计算机上的<b> iris </b>显示成功提示。</li> </ol>"
    },
    "navigationBar": {
      "left": {
        "text": "以前的"
      },
      "right": {
        "text": "下一个"
      }
    }
  },
  "Card.VoltMX.IntroductiontoSegmentV9.livePreview": {
    "content": {
      "title": "实时预览设置",
      "body": "<ol> <li>从主菜单中，选择<b>构建</b>。 \n </li> <li>单击<b> live预览设置</b>。</li> </ol>"
    },
    "navigationBar": {
      "left": {
        "text": "以前的"
      },
      "right": {
        "text": "下一个"
      }
    }
  },
  "Card.VoltMX.IntroductiontoSegmentV9.run": {
    "content": {
      "title": "运行应用程序",
      "body": "<ol> <li>从<b> Live Preview设置</b>窗口，在<b>本机</b>下，选择要查看应用程序的移动设备OS旁边的复选框。 <br/>例如：<b> ios </b>和<b> android </b>。<br/>确保您未选择所有其他平台和通道的复选框。</li> \n <li>单击<b>保存＆运行</b>。<br/>可能需要一些时间才能让Iris显示<b> Live Preview已准备就绪</b>窗口。</ol>"
    },
    "navigationBar": {
      "left": {
        "text": "以前的"
      },
      "right": {
        "text": "下一个"
      }
    }
  },
  "Card.VoltMX.IntroductiontoSegmentV9.view": {
    "content": {
      "title": "查看应用程序",
      "body": "<ol> <li>在您的<b> volt mx app </b>上，单击<b>启动</b>。</li> \n <li>您可能会看到<b>应用程序名称</b>文本框。 如果有一个文本框，请输入<b> applayerist </b>，然后单击<b>启动</b>。</li> \n <li>出现带有列表的表单。</li> \n <li>到<b>退出</b>您的<b>移动</b>设备上的应用程序，从左到右滑动两个手指，或摇动手机或平板电脑，然后单击<b> Exit App </b>。 </li> </ol>"
    },
    "navigationBar": {
      "left": {
        "text": "以前的"
      },
      "right": {
        "text": "下一个"
      }
    }
  },
  "Card.VoltMX.IntroductiontoSegmentV9.done": {
    "content": {
      "title": "恭喜",
      "body": "<b>恭喜</b> \n <br/>您已经成功：<ul> \n <li>创建了一个列表表单</li> \n <li>将小部件添加到列表表格</li> \n <li>添加了与小部件相对应的数据</li> \n <li>在您的移动设备</li> </ul> <br/>中查看了应用程序 \n 要了解如何将数据添加到细分市场中，请查看远足：<a class=\"tour-link\" tour=\"06a5e8td-11a4-41r7-bbua-0696bane\"> <b>将数据分配给段</b> </a>。"
    },
    "navigationBar": {
      "left": {
        "text": "以前的"
      },
      "right": {
        "text": "完毕"
      }
    }
  }
}