{
    "kuid": "6a69b9d8-a4fb-48b5-b615-8af8b930",
    "id": "Kony.AuthApp.SelectLogin1",
    "content": {
        "title": "Map the Login Operation",
        "body": "<ol>\n<li>From the <strong>Data</strong> panel, expand <strong>Sample Services</strong> &gt; <strong>MicrosoftActiveDirectory</strong>, and select <strong>login</strong>.</li>\n<li>Drag <strong>login</strong> on to the <strong>Login</strong> button of the form: <strong>frmLogin</strong>.<br />It may take some time for Visualizer to add the service to your app.</li>\n<li>From the list of actions, select <strong>Action: onClick</strong>.</li>\n</ol>"
    },
    "pointer": {
        "direction": "top",
        "element": {
            "module": "datapanel",
            "itemType": "dp_tab"
        },
        "type": "default"
    },
    "navigationType": "manual",
    "navigationBar": {
        "left": {
            "text": "Previous",
            "enable": true,
            "hide": false
        },
        "right": {
            "text": "Next",
            "enable": true,
            "hide": false
        }
    },
    "navigationCondition": "",
    "position": "BOTTOM_RIGHT",
    "meta": {
        "Creator": "Rashmi Menon",
        "CreatedOn": "Sat, 05 Jan 2019 04:22:11 GMT"
    },
    "context": []
}