{
  "kuid": "684f4ctb-2aaa-49r5-8eu2-d527fcne",
  "id": "VoltMX.ConnectAppServWebV9.mapping1",
  "content": {
    "title": "Map the Service Data",
    "body": "<ol>\n<li>From the <strong>Action Editor</strong> canvas, under <strong>Invoke Service</strong>, select <strong>Callback</strong>.</li>\n<li>Enter <strong>Add Mapping</strong> in the search bar and select <strong>Add Mapping</strong> under the Mapping section.<br /> The <strong>Mapping Editor</strong> window appears on the right pane of the <strong>Action Editor</strong>.</li>\n<li>From the left pane of the <strong>Mapping Editor</strong>, expand <strong>Services</strong> &gt; <strong>Service-AccountStorage2$Accounts$get</strong>, and select <strong>records{collection}</strong>.</li>\n<li>From the right pane of the <strong>Mapping Editor</strong>, expand <strong>Forms </strong>&gt; <strong>frmAccount</strong> &gt; <strong>Segment-segAccountList</strong> &gt; <strong>masterdatamap</strong>, and select <strong>rowData{collection}</strong>.</li><li>Expand both <strong>records{collection}</strong> and <strong>rowData{collection}</strong>.</li>\n<li>Kindly check, all mapping is successfully performed before moving to the next card.</li>\n</ol>"
  },
  "pointer": {
    "direction": "left",
    "element": {
      "module": "actioneditor",
      "css_selector": ".KMenu li ul li ul li table td div.actionBubble1"
    },
    "type": "default"
  },
  "navigationType": "manual",
  "navigationBar": {
    "left": {
      "text": "Previous",
      "enable": true,
      "hide": false
    },
    "right": {
      "text": "Next",
      "enable": true,
      "hide": false
    }
  },
  "navigationCondition": "",
  "position": "CENTER",
  "meta": {
    "Creator": "Prem Garudadri",
    "CreatedOn": "Thu, 19 Dec 2019 05:53:43 GMT"
  },
  "context": [],
  "localization": {
    "en-us": {
      "content": {
        "title": "Map the Service Data",
        "body": "<ol>\n<li>From the <strong>Action Editor</strong> canvas, under <strong>Invoke Service</strong>, select <strong>Callback</strong>.</li>\n<li>Enter <strong>Add Mapping</strong> in the search bar and select <strong>Add Mapping</strong> under the Mapping section.<br /> The <strong>Mapping Editor</strong> window appears on the right pane of the <strong>Action Editor</strong>.</li>\n<li>From the left pane of the <strong>Mapping Editor</strong>, expand <strong>Services</strong> &gt; <strong>Service-AccountStorage2$Accounts$get</strong>, and select <strong>records{collection}</strong>.</li>\n<li>From the right pane of the <strong>Mapping Editor</strong>, expand <strong>Forms </strong>&gt; <strong>frmAccount</strong> &gt; <strong>Segment-segAccountList</strong> &gt; <strong>masterdatamap</strong>, and select <strong>rowData{collection}</strong>.</li><li>Expand both <strong>records{collection}</strong> and <strong>rowData{collection}</strong>.</li>\n<li>Kindly check, all mapping is successfully performed before moving to the next card.</li>\n</ol>"
      },
      "navigationBar": {
        "left": {
          "text": "Previous"
        },
        "right": {
          "text": "Next"
        }
      }
    },
    "zh-cn": {
      "content": {
        "title": "映射服务数据",
        "body": "***<ol> \n <li>来自<strong>操作编辑器</strong> canvas，在<strong> Indoke Service </strong>下，选择<strong> callback </strong>。</li> \n <li> enter <strong>在搜索栏中添加映射</strong>，然后选择<strong>在映射部分下添加映射</strong>。<br /> {14} <strong>映射编辑器</strong>窗口出现在右窗格上 <strong>动作编辑器</strong>。</li> \n <li>从<strong>映射编辑器的左窗格</strong>，展开<strong> services </strong>＆gt; <strong> service-accountStorage2 $帐户$ get </strong>，然后选择<strong>记录{Collection} </strong>。</li> \n <li>从<strong>映射编辑器的右窗格</strong>，展开<strong> forms </strong>＆gt; <strong> frmaccount </strong>＆gt; <strong> segment-segaccountlist </strong>＆gt; <strong> MasterDatAmap </strong>，然后选择<strong> rowdata {Collection} </strong>。 。</li> \n <li>请检查，所有映射在移至下一张卡之前已成功执行。</li> \n </ol>"
      },
      "navigationBar": {
        "left": {
          "text": "以前的"
        },
        "right": {
          "text": "下一个"
        }
      }
    },
    "zh-tw": {
      "content": {
        "title": "映射服務數據",
        "body": "***<ol> \n <li>來自<strong>操作編輯器</strong> canvas，在<strong> Indoke Service </strong>下，選擇<strong> callback </strong>。</li> \n <li> enter <strong>在搜索欄中添加映射</strong>，然後選擇<strong>在映射部分下添加映射</strong>。<br /> {14} <strong>映射編輯器</strong>窗口出現在右窗格上 <strong>動作編輯器</strong>。</li> \n <li>從<strong>映射編輯器的左窗格</strong>，展開<strong> services </strong>＆gt; <strong> service-accountStorage2 $帳戶$ get </strong>，然後選擇<strong>記錄{Collection} </strong>。</li> \n <li>從<strong>映射編輯器的右窗格</strong>，展開<strong> forms </strong>＆gt; <strong> frmaccount </strong>＆gt; <strong> segment-segaccountlist </strong>＆gt; <strong> MasterDatAmap </strong>，然後選擇<strong> rowdata {Collection} </strong>。 。</li> \n <li>請檢查，所有映射在移至下一張卡之前已成功執行。</li> \n </ol>"
      },
      "navigationBar": {
        "left": {
          "text": "以前的"
        },
        "right": {
          "text": "下一個"
        }
      }
    }
  }
}