{
    "kuid": "aefeb6t6-9ca4-4dra-9du6-f70b73n2",
    "id": "VoltMX.CreateEmailIdCompV9.link2",
    "content": {
        "title": "Add Action to TextBox Widget for iPhone",
        "body": "<ol>\n<li>From the upper-right corner of Iris, in the <strong>Properties</strong> panel, click <strong>Action</strong>. Under <strong>iPhone</strong>, click <strong>Edit</strong> for the <strong>onEndEditing</strong> event.<br />The <strong>Action Editor</strong> window appears.</li>\n<li>From the <strong>Action Editor</strong> left menu, under <strong>Function</strong>, select <strong>Invoke Function</strong>.</li>\n<li>From the right pane of the <strong>Action Editor</strong>, under <strong>Function Name</strong>, select the <strong>onTextEdit</strong> function.</li>\n<li>Click <strong>Save</strong>.</li>\n</ol>"
    },
    "pointer": {
        "direction": "right",
        "element": {
            "module": "propertieswindow",
            "itemType": "pw-property",
            "info": {
                "propertyName": "onEndEditing",
                "sectionDOMId": "frmKonyLib_iPhoneAction",
                "tabName": "Action"
            }
        },
        "type": "default"
    },
    "navigationType": "manual",
    "navigationBar": {
        "left": {
            "text": "Previous",
            "enable": true,
            "hide": false
        },
        "right": {
            "text": "Next",
            "enable": true,
            "hide": false
        }
    },
    "navigationCondition": "",
    "position": "BOTTOM_LEFT",
    "meta": {
        "Creator": "Rashmi Menon",
        "CreatedOn": "Tue, 26 Nov 2019 06:37:31 GMT"
    },
    "context": []
}