{
  "kuid": "aefeb6t6-9ca4-4dra-9du6-f70b73n2",
  "id": "VoltMX.CreateEmailIdCompV9.link2",
  "content": {
    "title": "Add Action to TextBox Widget for iPhone",
    "body": "<ol>\n<li>From the upper-right corner of Iris, in the <strong>Properties</strong> panel, click <strong>Action</strong>. Under <strong>iPhone</strong>, click <strong>Edit</strong> for the <strong>onEndEditing</strong> event.<br />The <strong>Action Editor</strong> window appears.</li>\n<li>From the <strong>Action Editor</strong> left menu, under <strong>Function</strong>, select <strong>Invoke Function</strong>.</li>\n<li>From the right pane of the <strong>Action Editor</strong>, under <strong>Function Name</strong>, select the <strong>onTextEdit</strong> function.</li>\n<li>Click <strong>Save</strong>.</li>\n</ol>"
  },
  "pointer": {
    "direction": "right",
    "element": {
      "module": "propertieswindow",
      "itemType": "pw-property",
      "info": {
        "propertyName": "onEndEditing",
        "sectionDOMId": "frmKonyLib_iPhoneAction",
        "tabName": "Action"
      }
    },
    "type": "default"
  },
  "navigationType": "manual",
  "navigationBar": {
    "left": {
      "text": "Previous",
      "enable": true,
      "hide": false
    },
    "right": {
      "text": "Next",
      "enable": true,
      "hide": false
    }
  },
  "navigationCondition": "",
  "position": "BOTTOM_LEFT",
  "meta": {
    "Creator": "Rashmi Menon",
    "CreatedOn": "Tue, 26 Nov 2019 06:37:31 GMT"
  },
  "context": [],
  "localization": {
    "en-us": {
      "content": {
        "title": "Add Action to TextBox Widget for iPhone",
        "body": "<ol>\n<li>From the upper-right corner of Iris, in the <strong>Properties</strong> panel, click <strong>Action</strong>. Under <strong>iPhone</strong>, click <strong>Edit</strong> for the <strong>onEndEditing</strong> event.<br />The <strong>Action Editor</strong> window appears.</li>\n<li>From the <strong>Action Editor</strong> left menu, under <strong>Function</strong>, select <strong>Invoke Function</strong>.</li>\n<li>From the right pane of the <strong>Action Editor</strong>, under <strong>Function Name</strong>, select the <strong>onTextEdit</strong> function.</li>\n<li>Click <strong>Save</strong>.</li>\n</ol>"
      },
      "navigationBar": {
        "left": {
          "text": "Previous"
        },
        "right": {
          "text": "Next"
        }
      }
    },
    "zh-cn": {
      "content": {
        "title": "将操作添加到iPhone的Textbox小部件",
        "body": "***<ol> \n <li>从Iris的上右角，在<strong>属性</strong>面板中，单击<strong> action </strong>。 在<strong> iPhone </strong>下，单击<strong>编辑</strong> <strong> ondendediting </strong>事件。 \n <li>来自<strong>操作编辑器</strong>左菜单，在<strong>函数</strong>下，选择<strong> Indoke函数</strong>。</li> \n <li>从<strong>操作编辑器的右窗格</strong>，在<strong>函数名称</strong>下，选择<strong> ontextedit </strong>函数。</li> \n <li>单击<strong>保存</strong>。</li> \n </ol>"
      },
      "navigationBar": {
        "left": {
          "text": "以前的"
        },
        "right": {
          "text": "下一个"
        }
      }
    },
    "zh-tw": {
      "content": {
        "title": "將操作添加到iPhone的Textbox小部件",
        "body": "***<ol> \n <li>從Iris的上右角，在<strong>屬性</strong>面板中，單擊<strong> action </strong>。 在<strong> iPhone </strong>下，單擊<strong>編輯</strong> <strong> ondendediting </strong>事件。 \n <li>來自<strong>操作編輯器</strong>左菜單，在<strong>函數</strong>下，選擇<strong> Indoke函數</strong>。</li> \n <li>從<strong>操作編輯器的右窗格</strong>，在<strong>函數名稱</strong>下，選擇<strong> ontextedit </strong>函數。</li> \n <li>單擊<strong>保存</strong>。</li> \n </ol>"
      },
      "navigationBar": {
        "left": {
          "text": "以前的"
        },
        "right": {
          "text": "下一個"
        }
      }
    }
  }
}