{
  "kuid": "31d4f4t3-b7a6-44r1-82u1-f36b39n2",
  "id": "VoltMX.ConnectAppServWebV9.addStaticExpression",
  "content": {
    "title": "Add Static Expression in Mapping Editor",
    "body": "<ol>\n<li>From the right pane of the <strong>Mapping Editor</strong>, expand <strong>Label-lblDots</strong>, and right-click on <strong>text{string}</strong>, and select <strong>Add Expression</strong>.</li>\n<li>In the box that appears, type the following:<br /><span style=\"background-color: #999999;\"><strong> \"...\"</strong></span><br /> Click anywhere outside the box to close it.</li>\n<li>Click <strong>Save</strong>.</li>\n</ol>"
  },
  "pointer": {
    "direction": "left",
    "element": "",
    "type": "none"
  },
  "navigationType": "manual",
  "navigationBar": {
    "left": {
      "text": "Previous",
      "enable": true,
      "hide": false
    },
    "right": {
      "text": "Next",
      "enable": true,
      "hide": false
    }
  },
  "navigationCondition": "",
  "position": "CENTER",
  "meta": {
    "Creator": "Prem Garudadri",
    "CreatedOn": "Thu, 19 Dec 2019 05:55:04 GMT"
  },
  "context": [],
  "localization": {
    "en-us": {
      "content": {
        "title": "Add Static Expression in Mapping Editor",
        "body": "<ol>\n<li>From the right pane of the <strong>Mapping Editor</strong>, expand <strong>Label-lblDots</strong>, and right-click on <strong>text{string}</strong>, and select <strong>Add Expression</strong>.</li>\n<li>In the box that appears, type the following:<br /><span style=\"background-color: #999999;\"><strong> \"...\"</strong></span><br /> Click anywhere outside the box to close it.</li>\n<li>Click <strong>Save</strong>.</li>\n</ol>"
      },
      "navigationBar": {
        "left": {
          "text": "Previous"
        },
        "right": {
          "text": "Next"
        }
      }
    },
    "zh-cn": {
      "content": {
        "title": "在映射编辑器中添加静态表达式",
        "body": "***<ol> \n <li>从<strong>映射编辑器的右窗格</strong>，展开<strong> label-lblDots </strong>，然后右键单击<strong> text {string {string} </strong>，然后选择<strong> 添加表达式</strong>。</li> \n <li>在出现的框中，键入以下内容：<br /> <span style=\"background-color: #999999;\"> <strong>“ ...” </strong> </span> {16} <br /> {17}单击框外的任何地方以关闭它。</li> \n <li>单击<strong>保存</strong>。</li> \n </ol>"
      },
      "navigationBar": {
        "left": {
          "text": "以前的"
        },
        "right": {
          "text": "下一个"
        }
      }
    },
    "zh-tw": {
      "content": {
        "title": "在映射編輯器中添加靜態表達式",
        "body": "***<ol> \n <li>從<strong>映射編輯器的右窗格</strong>，展開<strong> label-lblDots </strong>，然後右鍵單擊<strong> text {string {string} </strong>，然後選擇<strong> 添加表達式</strong>。</li> \n <li>在出現的框中，鍵入以下內容：<br /> <span style=\"background-color: #999999;\"> <strong>“ ...” </strong> </span> {16} <br /> {17}單擊框外的任何地方以關閉它。</li> \n <li>單擊<strong>保存</strong>。</li> \n </ol>"
      },
      "navigationBar": {
        "left": {
          "text": "以前的"
        },
        "right": {
          "text": "下一個"
        }
      }
    }
  }
}