{
    "kuid": "07afe327-4bb6-4ced-a586-786dd320",
    "id": "Kony.FirstApp.Done",
    "content": {
        "title": "View the App",
        "body": "<ol>\n<li>On your <strong>Kony Quantum App</strong>, click <strong>Launch</strong>.</li>\n<li>You may see an <strong>Application Name</strong> text box. If there is a text box, enter <strong>EmpDirectoryMob</strong> and then click <strong>Launch</strong>.</li>\n<li>Click <strong>Login</strong> button on the form to navigate to the list form.<br />You do not need login credentials for this app. You will be adding authentication to the app in later hikes.</li>\n<li>To <strong>Exit</strong> the app on your <strong>mobile</strong> device, swipe two fingers from left to right or shake your <strong>mobile</strong> device and click <strong>Exit App</strong>.</li>\n</ol>"
    },
    "position": "TOP_RIGHT",
    "navigationType": "manual",
    "navigationCondition": "",
    "pointer": {
        "direction": "left",
        "element": "",
        "type": "none"
    },
    "navigationBar": {
        "left": {
            "text": "Previous",
            "hide": false,
            "enable": true
        },
        "right": {
            "text": "Next",
            "enable": true,
            "hide": false
        }
    }
}