{
  "kuid": "5cb414t0-a7af-4erb-80u7-5d8ffcn0",
  "id": "VoltMX.CreateEmailIdCompV9.Insert",
  "content": {
    "title": "Insert Component into the Contact Form",
    "body": "<ol>\n<li>From the upper-left corner of Iris, in the <strong>Project</strong> explorer, expand <strong>Mobile</strong> &gt; <strong>Forms</strong> and select the <strong>Contact</strong> form.</li>\n<li>Go to the <strong>Templates</strong> explorer and expand <strong>Components</strong> &gt; <strong>userEntry.emailField [1.0.0]</strong>.</li>\n<li>Right-click on the <strong>userEntry.emailField [1.0.0]</strong>  component and select<strong> Insert into</strong>.</li>\n</ol>\n<p>The component is now added to the <strong>Contact </strong>form.</p>"
  },
  "pointer": {
    "direction": "top",
    "element": {
      "module": "projectexplorer",
      "path": "project-head"
    },
    "type": "default"
  },
  "navigationType": "manual",
  "navigationBar": {
    "left": {
      "text": "Previous",
      "enable": true,
      "hide": false
    },
    "right": {
      "text": "Next",
      "enable": true,
      "hide": false
    }
  },
  "navigationCondition": "",
  "position": "BOTTOM_RIGHT",
  "meta": {
    "Creator": "Rashmi Menon",
    "CreatedOn": "Tue, 26 Nov 2019 06:18:38 GMT"
  },
  "context": [],
  "localization": {
    "en-us": {
      "content": {
        "title": "Insert Component into the Contact Form",
        "body": "<ol>\n<li>From the upper-left corner of Iris, in the <strong>Project</strong> explorer, expand <strong>Mobile</strong> &gt; <strong>Forms</strong> and select the <strong>Contact</strong> form.</li>\n<li>Go to the <strong>Templates</strong> explorer and expand <strong>Components</strong> &gt; <strong>userEntry.emailField [1.0.0]</strong>.</li>\n<li>Right-click on the <strong>userEntry.emailField [1.0.0]</strong>  component and select<strong> Insert into</strong>.</li>\n</ol>\n<p>The component is now added to the <strong>Contact </strong>form.</p>"
      },
      "navigationBar": {
        "left": {
          "text": "Previous"
        },
        "right": {
          "text": "Next"
        }
      }
    },
    "zh-cn": {
      "content": {
        "title": "将组件插入接触表格",
        "body": "<ol> \n <li>从虹膜的上左角，在<strong> project </strong> explorer中，展开<strong>移动</strong>＆gt; <strong>表格</strong>，然后选择<strong>联系</strong>表格。</li> \n <li>转到<strong>模板</strong> Explorer，然后展开<strong>组件</strong>＆gt; <strong> userentry.emailfield [1.0.0] </strong>。</li> \n <li>右键单击<strong> userentry.emailfield [1.0.0] </strong>组件，然后选择<strong>插入</strong>。</li> \n </ol> \n <p>现在将组件添加到<strong> contact </strong>表格。</p>"
      },
      "navigationBar": {
        "left": {
          "text": "以前的"
        },
        "right": {
          "text": "下一个"
        }
      }
    },
    "zh-tw": {
      "content": {
        "title": "將組件插入接觸表格",
        "body": "<ol> \n <li>從虹膜的上左角，在<strong> project </strong> explorer中，展開<strong>移動</strong>＆gt; <strong>表格</strong>，然後選擇<strong>聯繫</strong>表格。</li> \n <li>轉到<strong>模板</strong> Explorer，然後展開<strong>組件</strong>＆gt; <strong> userentry.emailfield [1.0.0] </strong>。</li> \n <li>右鍵單擊<strong> userentry.emailfield [1.0.0] </strong>組件，然後選擇<strong>插入</strong>。</li> \n </ol> \n <p>現在將組件添加到<strong> contact </strong>表格。</p>"
      },
      "navigationBar": {
        "left": {
          "text": "以前的"
        },
        "right": {
          "text": "下一個"
        }
      }
    }
  }
}