{
    "kuid": "618fdce7-0ab8-4176-94ca-76102b46",
    "id": "Kony.FirstApp.DragandDrop",
    "content": {
        "title": "UI for the List Form",
        "body": "<ol><li>From the bottom-left corner of Visualizer, navigate to the <b>Default Library</b>.</li><li>Next to the Default Library, you will see the My Libraries tab and a search icon. Click the search icon.</li><li>In the search bar that appears, enter <b>List</b>. </li><li>From the results, under <b>ToursMobileCollection</b>, select <b>List</b>. </li>\n<li> Drag the <b>List</b> collection onto <b>frmList</b> on the canvas.</li></ol>"
    },
    "position": "BOTTOM_RIGHT",
    "navigationType": "manual",
    "navigationCondition": "",
    "pointer": {
        "direction": "left",
        "element": {
            "module": "konylibrary",
            "path": "libraries-head"
        },
        "type": "default"
    },
    "navigationBar": {
        "left": {
            "text": "Previous",
            "hide": false,
            "enable": true
        },
        "right": {
            "text": "Next",
            "enable": true,
            "hide": false
        }
    }
}