{
    "kuid": "32c8456e-cf6a-4dd5-b8b9-1150269e",
    "id": "Kony.BindDataToApp.Complete",
    "content": {
        "title": "Run the App",
        "body": "<ol>\n<li>From the left navigation bar, click <strong>Run</strong>.<br />It will take some time for Visualizer to display the <strong>Live Preview is ready</strong> window.</li>\n<li>After Visualizer runs the app, on your <strong>Kony&nbsp;Quantum App</strong>, click <strong>Launch</strong>.</li>\n<li>You may see an <strong>Application Name</strong> text box. If there is a text box, enter <strong>EmpDirectoryMob</strong> and then click <strong>Launch</strong>.</li>\n<li>Click <strong>Login</strong> to view the list of all employees. <br />You do not need login credentials for this app. You will be adding authentication to the app in later hikes.</li>\n<li>To <strong>Exit</strong> the app on your <strong>mobile</strong> device, swipe two fingers from left to right or shake your <strong>mobile</strong> device and click <strong>Exit App</strong>.</li>\n</ol>"
    },
    "position": "TOP_RIGHT",
    "navigationType": "manual",
    "navigationCondition": "",
    "pointer": {
        "direction": "left",
        "element": {
            "module": "shortcutbar",
            "itemId": "frmKonyLib_preview"
        },
        "type": "default"
    },
    "navigationBar": {
        "left": {
            "text": "Previous",
            "hide": false,
            "enable": true
        },
        "right": {
            "text": "Next",
            "enable": true,
            "hide": false
        }
    }
}