{
  "kuid": "bd7c1dtc-39a6-48r5-a4u6-ca1db8na",
  "id": "VoltMX.IntroFlexLayoutV9.ChFreeFormAttr",
  "content": {
    "title": "Change Free Form Attributes",
    "body": "<ol>\n<li>From the <strong>Project</strong> explorer on the top left of your canvas, navigate to <strong>flxHeader</strong> &gt; <strong>mainContainer</strong>.</li>\n<li>From the <strong>Properties</strong> panel, expand <strong>Look</strong> &gt; <strong> Flex</strong> on the top right of your canvas.</li>\n<li>Change the <strong>Left</strong> property to <strong>60 Dp</strong>.<br />The <strong>Search1</strong> widget moves right relative to the parent FlexContainer widget.</li>\n<li>Change the <strong>Top</strong> value to <strong>59 Dp</strong>.<br />The <strong>Search1</strong> widget moves down relative to the parent FlexContainer widget.</li>\n<li>Set the <strong>Top</strong> and <strong>Left</strong> properties to <strong>0 Dp</strong>.<br />The <strong>Search1</strong> widget moves to its original position.</li>\n</ol>"
  },
  "pointer": {
    "direction": "right",
    "element": {
      "module": "propertieswindow"
    },
    "type": "default"
  },
  "navigationType": "manual",
  "navigationBar": {
    "left": {
      "text": "Previous",
      "enable": true,
      "hide": false
    },
    "right": {
      "text": "Next",
      "enable": true,
      "hide": false
    }
  },
  "navigationCondition": "",
  "position": "BOTTOM_RIGHT",
  "meta": {
    "Creator": "Rashmi Menon",
    "CreatedOn": "Mon, 25 Nov 2019 08:10:00 GMT"
  },
  "context": [],
  "localization": {
    "en-us": {
      "content": {
        "title": "Change Free Form Attributes",
        "body": "<ol>\n<li>From the <strong>Project</strong> explorer on the top left of your canvas, navigate to <strong>flxHeader</strong> &gt; <strong>mainContainer</strong>.</li>\n<li>From the <strong>Properties</strong> panel, expand <strong>Look</strong> &gt; <strong> Flex</strong> on the top right of your canvas.</li>\n<li>Change the <strong>Left</strong> property to <strong>60 Dp</strong>.<br />The <strong>Search1</strong> widget moves right relative to the parent FlexContainer widget.</li>\n<li>Change the <strong>Top</strong> value to <strong>59 Dp</strong>.<br />The <strong>Search1</strong> widget moves down relative to the parent FlexContainer widget.</li>\n<li>Set the <strong>Top</strong> and <strong>Left</strong> properties to <strong>0 Dp</strong>.<br />The <strong>Search1</strong> widget moves to its original position.</li>\n</ol>"
      },
      "navigationBar": {
        "left": {
          "text": "Previous"
        },
        "right": {
          "text": "Next"
        }
      }
    },
    "zh-cn": {
      "content": {
        "title": "更改免费形式属性",
        "body": "***<ol> \n <li>从<strong> project </strong>探索器位于画布左上方，导航至<strong> flxheader </strong>＆gt; <strong> Main -Container </strong>。</li> \n <li>从<strong> properties </strong>面板，展开<strong> look </strong>＆gt; <strong> flex </strong>在画布的右上角。</li> \n <li>将<strong>左</strong>属性更改为<strong> 60 dp </strong>。<br /> {22} <strong> search1 </strong>窗口基的窗口小部件相对于parent flexcontainer widget。</li> \n <li>将<strong>顶部</strong>的值更改为<strong> 59 dp </strong>。<br /> <strong> search1 </strong>窗口小部件相对于parent flexcontainer widget。</li> \n <li>设置<strong> top </strong>和<strong>左</strong>属性为<strong> 0 dp </strong>。 45} \n </ol>"
      },
      "navigationBar": {
        "left": {
          "text": "以前的"
        },
        "right": {
          "text": "下一个"
        }
      }
    },
    "zh-tw": {
      "content": {
        "title": "更改免費形式屬性",
        "body": "***<ol> \n <li>從<strong> project </strong>探索器位於畫布左上方，導航至<strong> flxheader </strong>＆gt; <strong> Main -Container </strong>。</li> \n <li>從<strong> properties </strong>面板，展開<strong> look </strong>＆gt; <strong> flex </strong>在畫布的右上角。</li> \n <li>將<strong>左</strong>屬性更改為<strong> 60 dp </strong>。<br /> {22} <strong> search1 </strong>窗口基的窗口小部件相對於parent flexcontainer widget。</li> \n <li>將<strong>頂部</strong>的值更改為<strong> 59 dp </strong>。<br /> <strong> search1 </strong>窗口小部件相對於parent flexcontainer widget。</li> \n <li>設置<strong> top </strong>和<strong>左</strong>屬性為<strong> 0 dp </strong>。 45} \n </ol>"
      },
      "navigationBar": {
        "left": {
          "text": "以前的"
        },
        "right": {
          "text": "下一個"
        }
      }
    }
  }
}