{
  "kuid": "1016c6t0-52ac-47r3-96ud-ca6c8cn3",
  "id": "VoltMX.CreateEmailIdCompV9.createCont2",
  "content": {
    "title": "Design the Label Widget",
    "body": "<ol><li>In the <b>Properties</b> panel, click <b>Skin</b>.</li>\n<li>Under the <b>BackGround</b> section, modify the values of the following properties:<br/>\n<ul><li>For the <b>Type</b> property, select <b>Single Color</b></li>\n<li>For the <b>Color</b> property, click the square next to it and modify the <b>#</b> value to <b>51b4ed</b></li>\n<li>For the <b>Opacity</b> property, in the text box, enter <b>100</b></li></ul></li>\n</ol>"
  },
  "pointer": {
    "direction": "top",
    "element": {
      "module": "propertieswindow",
      "itemType": "pw-tab",
      "info": {
        "tabName": "Skin"
      }
    },
    "type": "default"
  },
  "navigationType": "manual",
  "navigationBar": {
    "left": {
      "text": "Previous",
      "enable": true,
      "hide": false
    },
    "right": {
      "text": "Next",
      "enable": true,
      "hide": false
    }
  },
  "navigationCondition": "",
  "position": "BOTTOM_RIGHT",
  "meta": {
    "Creator": "Rashmi Menon",
    "CreatedOn": "Tue, 26 Nov 2019 05:51:56 GMT"
  },
  "context": [],
  "localization": {
    "en-us": {
      "content": {
        "title": "Design the Label Widget",
        "body": "<ol><li>In the <b>Properties</b> panel, click <b>Skin</b>.</li>\n<li>Under the <b>BackGround</b> section, modify the values of the following properties:<br/>\n<ul><li>For the <b>Type</b> property, select <b>Single Color</b></li>\n<li>For the <b>Color</b> property, click the square next to it and modify the <b>#</b> value to <b>51b4ed</b></li>\n<li>For the <b>Opacity</b> property, in the text box, enter <b>100</b></li></ul></li>\n</ol>"
      },
      "navigationBar": {
        "left": {
          "text": "Previous"
        },
        "right": {
          "text": "Next"
        }
      }
    },
    "zh-cn": {
      "content": {
        "title": "设计标签小部件",
        "body": "***<ol> <li>在<b> properties </b>面板中，单击<b> skin </b>。</li> \n <li>在<b>背景</b>部分下，修改以下属性的值：<br/> \n <ul> <li>对于<b> type </b>属性，选择<b>单色</b> </li> {17} \n <li>对于<b>颜色</b>属性，单击其旁边的正方形，然后将<b>＃</b>值修改为<b> 51b4ed </b> </li> {25} \n <li>对于<b>不透明度</b>属性，在文本框中，输入<b> 100 </b> </li> {31} </ul> </li> {33} \n </ol>"
      },
      "navigationBar": {
        "left": {
          "text": "以前的"
        },
        "right": {
          "text": "下一个"
        }
      }
    },
    "zh-tw": {
      "content": {
        "title": "設計標籤小部件",
        "body": "***<ol> <li>在<b> properties </b>面板中，單擊<b> skin </b>。</li> \n <li>在<b>背景</b>部分下，修改以下屬性的值：<br/> \n <ul> <li>對於<b>類型</b>屬性，選擇<b>單色</b> </li> {17} \n <li>對於<b>顏色</b>屬性，單擊其旁邊的正方形，然後將<b>＃</b>值修改為<b> 51b4ed </b> </li> {25} \n <li>對於<b>不透明度</b>屬性，在文本框中，輸入<b> 100 </b> </li> {31} </ul> </li> {33} \n </ol>"
      },
      "navigationBar": {
        "left": {
          "text": "以前的"
        },
        "right": {
          "text": "下一個"
        }
      }
    }
  }
}