{
    "kuid": "b923cft2-72ac-4dre-87u3-8e8cdbna",
    "id": "kony.CreateServicesWebV9.configurePayModel1",
    "content": {
        "title": "Configure the Payee Model",
        "body": "<ol>\n<li>Under <strong>Data Model</strong>, navigate to <strong>Recipients</strong>, and select <strong>Fields</strong>.</li><li>From the right pane, for the field <b>RecipientID</b>, under the column <b>Primary Key</b>, toggle the switch to True.\n<li>Select the check-box for <strong>SeqNo</strong>, and then click <strong>Delete</strong>.</li>\n<li>In the <strong>Delete Fields</strong> dialog, click <strong>Delete</strong>.</li>\n<li>Click <strong>Save</strong>.</li>\n</ol>"
    },
    "pointer": {
        "direction": "left",
        "element": "",
        "type": "none"
    },
    "navigationType": "manual",
    "navigationBar": {
        "left": {
            "text": "Previous",
            "enable": true,
            "hide": false
        },
        "right": {
            "text": "Next",
            "enable": true,
            "hide": false
        }
    },
    "navigationCondition": "",
    "position": "BOTTOM_RIGHT",
    "meta": {
        "Creator": "Rashmi Menon",
        "CreatedOn": "Thu, 19 Dec 2019 06:28:28 GMT"
    },
    "context": []
}