{
  "kuid": "7318fdt2-c0a9-46rc-bau0-c44395nb",
  "id": "VoltMX.ShareAndPreviewAppMobileV9.doneHike",
  "content": {
    "title": "Congratulations",
    "body": "<p>You&rsquo;ve successfully: </p>\n<ul>\n<li><strong>Published the app to the cloud and created an app viewer code</strong></li>\n<li><strong>Previewed the app on  Volt MX App using the app viewer code</strong></li>\n</ul>\n<p>You can <strong>share</strong> the  Volt MX App Viewer code with your stakeholders for further review and collaboration.</p>"
  },
  "pointer": {
    "direction": "left",
    "element": "",
    "type": "none"
  },
  "navigationType": "manual",
  "navigationBar": {
    "left": {
      "text": "Previous",
      "enable": true,
      "hide": false
    },
    "right": {
      "text": "Next",
      "enable": true,
      "hide": false
    }
  },
  "navigationCondition": "",
  "position": "CENTER",
  "meta": {
    "Creator": "Rashmi Menon",
    "CreatedOn": "Wed, 26 Feb 2020 09:06:23 GMT"
  },
  "context": [],
  "localization": {
    "en-us": {
      "content": {
        "title": "Congratulations",
        "body": "<p>You&rsquo;ve successfully: </p>\n<ul>\n<li><strong>Published the app to the cloud and created an app viewer code</strong></li>\n<li><strong>Previewed the app on  Volt MX App using the app viewer code</strong></li>\n</ul>\n<p>You can <strong>share</strong> the  Volt MX App Viewer code with your stakeholders for further review and collaboration.</p>"
      },
      "navigationBar": {
        "left": {
          "text": "Previous"
        },
        "right": {
          "text": "Next"
        }
      }
    },
    "zh-cn": {
      "content": {
        "title": "恭喜",
        "body": "<p>您成功地：</p> \n <ul> \n <li> <strong>将应用程序发布到云中，并创建了一个应用程序查看器代码</strong> </li> \n <li> <strong>使用应用程序代码</strong> </li>在Volt MX应用程序上预览了该应用程序 \n </ul> \n <p>您可以<strong>共享</strong> Volt MX App查看器代码与您的利益相关者进行进一步审核和协作。</p>"
      },
      "navigationBar": {
        "left": {
          "text": "以前的"
        },
        "right": {
          "text": "下一个"
        }
      }
    },
    "zh-tw": {
      "content": {
        "title": "恭喜",
        "body": "<p>您成功地：</p> \n <ul> \n <li> <strong>將應用程序發佈到雲中，並創建了一個應用程序查看器代碼</strong> </li> \n <li> <strong>使用應用程序代碼</strong> </li>在Volt MX應用程序上預覽了該應用程序 \n </ul> \n <p>您可以<strong>共享</strong> Volt MX App查看器代碼與您的利益相關者進行進一步審核和協作。</p>"
      },
      "navigationBar": {
        "left": {
          "text": "以前的"
        },
        "right": {
          "text": "下一個"
        }
      }
    }
  }
}