{
    "kuid": "0d64e4t7-51a5-4cr6-8eua-a3afc1n2",
    "id": "VoltMX.IntroFlexLayoutV9.ChVerticalFlow",
    "content": {
        "title": "Change the FlexContainer to Vertical Flow",
        "body": "<ol>\n<li>From the <strong>Project</strong> explorer on the top left of your canvas, select <strong>flxHeader</strong>.</li>\n<li>From the <strong>Properties </strong>panel, navigate to the <strong>FlexContainer</strong> tab &gt; <strong>General</strong> section on the top right of your canvas.</li>\n<li>Change the <strong>Layout Type</strong> property to <strong>Flow Vertical</strong>.<br />The widgets are arranged one below the other on the canvas.</li>\n</ol>"
    },
    "pointer": {
        "direction": "top",
        "element": {
            "module": "propertieswindow",
            "itemType": "pw-tab",
            "info": {
                "tabName": "FlexContainer"
            }
        },
        "type": "default"
    },
    "navigationType": "manual",
    "navigationBar": {
        "left": {
            "text": "Previous",
            "enable": true,
            "hide": false
        },
        "right": {
            "text": "Next",
            "enable": true,
            "hide": false
        }
    },
    "navigationCondition": "",
    "position": "BOTTOM_RIGHT",
    "meta": {
        "Creator": "Rashmi Menon",
        "CreatedOn": "Mon, 25 Nov 2019 08:11:12 GMT"
    },
    "context": []
}