{
    "kuid": "cdc899t8-34af-4dra-bbuf-0cd9e9nb",
    "id": "VoltMX.AddaSalesforceServiceV9.appviewer",
    "content": {
        "title": "Volt MX App",
        "body": "<ol>\n<li>Connect your <b>mobile</b> to your computer using a USB cable.<br />\nFor Android devices, make sure you use USB to <b>Transfer Files</b>.</li>\n<li>Launch the <b>Volt MX App</b> on your <b>mobile</b>.</li>\n<li>Select the <b>USB</b> tab.</li>\n<li>On a successful connection, <b>Iris</b> on your computer shows a success promptly.<br />\nAt the same time, the USB icon turns green on your <b>Volt MX App</b>.</li>\n</ol>"
    },
    "pointer": {
        "direction": "left",
        "element": "",
        "type": "none"
    },
    "navigationType": "manual",
    "navigationBar": {
        "left": {
            "text": "Previous",
            "enable": true,
            "hide": false
        },
        "right": {
            "text": "Next",
            "enable": true,
            "hide": false
        }
    },
    "navigationCondition": "",
    "position": "CENTER",
    "meta": {
        "Creator": "Rashmi Menon",
        "CreatedOn": "Wed, 27 Nov 2019 08:56:56 GMT"
    },
    "context": []
}