{
  "kuid": "97ba41t0-a1a0-4erb-bau8-cc69a2nc",
  "id": "VoltMX.VoltMXOrientationV9.view",
  "content": {
    "title": "Different Views of Volt MX Iris",
    "body": "<p>Once the application is imported successfully, you can explore the different forms in the application.</p>\n<p>The application first opens in the <strong>Storyboard</strong> view. You can view the different forms inside the app and their connections in this view.</p>\n<p>To view the <strong>Properties</strong> of each widget in a form, double click on any form to go to the <strong>Design</strong> View. You can also select the <strong>Design</strong> tab to navigate to the <strong>Design</strong> view.</p>"
  },
  "pointer": {
    "direction": "top",
    "element": {
      "module": "appcanvas",
      "itemType": "ac-tab",
      "css_selector": "div[class ='view-switch-tabs']"
    },
    "type": "default"
  },
  "navigationType": "manual",
  "navigationBar": {
    "left": {
      "text": "Previous",
      "enable": true,
      "hide": false
    },
    "right": {
      "text": "Next",
      "enable": true,
      "hide": false
    }
  },
  "navigationCondition": "",
  "position": "BOTTOM_RIGHT",
  "meta": {
    "Creator": "Rashmi Menon",
    "CreatedOn": "Mon, 25 Nov 2019 06:55:49 GMT"
  },
  "context": [],
  "localization": {
    "en-us": {
      "content": {
        "title": "Different Views of Volt MX Iris",
        "body": "<p>Once the application is imported successfully, you can explore the different forms in the application.</p>\n<p>The application first opens in the <strong>Storyboard</strong> view. You can view the different forms inside the app and their connections in this view.</p>\n<p>To view the <strong>Properties</strong> of each widget in a form, double click on any form to go to the <strong>Design</strong> View. You can also select the <strong>Design</strong> tab to navigate to the <strong>Design</strong> view.</p>"
      },
      "navigationBar": {
        "left": {
          "text": "Previous"
        },
        "right": {
          "text": "Next"
        }
      }
    },
    "zh-cn": {
      "content": {
        "title": "Volt MX Iris的不同视图",
        "body": "<p>成功导入应用程序后，您可以探索应用程序中的不同表单。</p> \n <p>应用程序首先在<strong>故事板</strong>视图中打开。 您可以在此视图中查看应用程序中的不同表单及其连接。</p> \n <p>查看每个窗口小部件的<strong>属性</strong>以形式，双击任何表单以转到<strong>设计</strong>视图。 您还可以选择<strong>设计</strong>选项卡以导航到<strong>设计</strong>视图。</p>"
      },
      "navigationBar": {
        "left": {
          "text": "以前的"
        },
        "right": {
          "text": "下一个"
        }
      }
    },
    "zh-tw": {
      "content": {
        "title": "Volt MX Iris的不同視圖",
        "body": "<p>成功導入應用程序後，您可以探索應用程序中的不同表單。</p> \n <p>應用程序首先在<strong>故事板</strong>視圖中打開。 您可以在此視圖中查看應用程序中的不同表單及其連接。</p> \n <p>查看每個窗口小部件的<strong>屬性</strong>以形式，雙擊任何表單以轉到<strong>設計</strong>視圖。 您還可以選擇<strong>設計</strong>選項卡以導航到<strong>設計</strong>視圖。</p>"
      },
      "navigationBar": {
        "left": {
          "text": "以前的"
        },
        "right": {
          "text": "下一個"
        }
      }
    }
  }
}