{
    "kuid": "f0c388t3-faae-4dre-bbu7-bfa659n1",
    "id": "VoltMX.IntroductiontoNFIV9.addUI2",
    "content": {
        "title": "Design the Button Widget",
        "body": "<ol>\n<li>From the upper-right corner of Iris, in the<strong> Properties </strong>panel, click <strong>Look</strong></li>\n<li>Modify the value of the following properties:\n<ul>\n<li>Under the <strong>Appearance </strong>section, <strong>Text: Access Device Settings</strong></li>\n<li>Under the <strong>Flex </strong>section, <strong>Center X: 50% </strong></li>\n<li>Under the <strong>Flex </strong>section, <strong>Center Y</strong>: <strong>50% </strong></li>\n</ul>\n</li>\n</ol>"
    },
    "pointer": {
        "direction": "top",
        "element": {
            "module": "propertieswindow",
            "itemType": "pw-tab"
        },
        "type": "default"
    },
    "navigationType": "manual",
    "navigationBar": {
        "left": {
            "text": "Previous",
            "enable": true,
            "hide": false
        },
        "right": {
            "text": "Next",
            "enable": true,
            "hide": false
        }
    },
    "navigationCondition": "",
    "position": "BOTTOM_RIGHT",
    "meta": {
        "Creator": "Rashmi Menon",
        "CreatedOn": "Wed, 27 Nov 2019 11:49:03 GMT"
    },
    "context": []
}