{
  "kuid": "f0c388t3-faae-4dre-bbu7-bfa659n1",
  "id": "VoltMX.IntroductiontoNFIV9.addUI2",
  "content": {
    "title": "Design the Button Widget",
    "body": "<ol>\n<li>From the upper-right corner of Iris, in the<strong> Properties </strong>panel, click <strong>Look</strong>.</li>\n<li>Modify the value of the following properties:\n<ul>\n<li>Under the <strong>Appearance </strong>section, <strong>Text: Access Device Settings</strong></li>\n<li>Under the <strong>Flex </strong>section, <strong>Center X: 50% </strong></li>\n<li>Under the <strong>Flex </strong>section, <strong>Center Y</strong>: <strong>50% </strong></li>\n</ul>\n</li>\n</ol>"
  },
  "pointer": {
    "direction": "top",
    "element": {
      "module": "propertieswindow",
      "itemType": "pw-tab"
    },
    "type": "default"
  },
  "navigationType": "manual",
  "navigationBar": {
    "left": {
      "text": "Previous",
      "enable": true,
      "hide": false
    },
    "right": {
      "text": "Next",
      "enable": true,
      "hide": false
    }
  },
  "navigationCondition": "",
  "position": "BOTTOM_RIGHT",
  "meta": {
    "Creator": "Rashmi Menon",
    "CreatedOn": "Wed, 27 Nov 2019 11:49:03 GMT"
  },
  "context": [],
  "localization": {
    "en-us": {
      "content": {
        "title": "Design the Button Widget",
        "body": "<ol>\n<li>From the upper-right corner of Iris, in the<strong> Properties </strong>panel, click <strong>Look</strong>.</li>\n<li>Modify the value of the following properties:\n<ul>\n<li>Under the <strong>Appearance </strong>section, <strong>Text: Access Device Settings</strong></li>\n<li>Under the <strong>Flex </strong>section, <strong>Center X: 50% </strong></li>\n<li>Under the <strong>Flex </strong>section, <strong>Center Y</strong>: <strong>50% </strong></li>\n</ul>\n</li>\n</ol>"
      },
      "navigationBar": {
        "left": {
          "text": "Previous"
        },
        "right": {
          "text": "Next"
        }
      }
    },
    "zh-cn": {
      "content": {
        "title": "设计按钮小部件",
        "body": "***<ol> \n <li>从iris的右上角，在<strong> properties </strong>面板中，单击<strong> look </strong>。</li> \n <li>修改以下属性的值： \n <ul> \n <li>在<strong>外观</strong>部分，<strong>文本：访问设备设置</strong> </li> \n <li>在<strong> flex </strong>部分，<strong>中心x：50％</strong> </li> {20} \n <li>在<strong> flex </strong>部分，<strong>中心y </strong>：<strong> 50％</strong> </li> {28} \n </ul> \n </li> \n </ol>"
      },
      "navigationBar": {
        "left": {
          "text": "以前的"
        },
        "right": {
          "text": "下一个"
        }
      }
    },
    "zh-tw": {
      "content": {
        "title": "設計按鈕小部件",
        "body": "***<ol> \n <li>從iris的右上角，在<strong> properties </strong>面板中，單擊<strong> look </strong>。</li> \n <li>修改以下屬性的值： \n <ul> \n <li>在<strong>外觀</strong>部分，<strong>文本：訪問設備設置</strong> </li> \n <li>在<strong> flex </strong>部分，<strong>中心x：50％</strong> </li> {20} \n <li>在<strong> flex </strong>部分，<strong>中心y </strong>：<strong> 50％</strong> </li> {28} \n </ul> \n </li> \n </ol>"
      },
      "navigationBar": {
        "left": {
          "text": "以前的"
        },
        "right": {
          "text": "下一個"
        }
      }
    }
  }
}