{
    "kuid": "c37048tb-0aa6-43r5-a9u0-a5a63cn7",
    "id": "kony.EditPayeeWeb_v9.updateOp1",
    "content": {
        "title": "Mapping the Update Operation",
        "body": "<ol>\n<li>In the <strong>Action Editor </strong>window, from the left pane of the mapping editor, expand <strong>Forms </strong>&gt;<strong> frmEditRecipient</strong>.</li>\n<li>From the right pane of the mapping editor, expand <strong>Services </strong>&gt;<strong> RecipientStorage$Recipients$update</strong>.</li>\n<li>In the mapping editor, map the following UI elements to the service parameters:<br />\n<ul>\n<li>From the left pane expand<strong> Label - lblPayeeID</strong> and select<strong> text {string}.<br /></strong> From the right pane select <strong>RecipientID {number}</strong>.<br />Visualizer displays an alert regarding a mismatch of data types, click <strong>OK</strong>.</li>\n</ul>\n</li>\n</ol>"
    },
    "pointer": {
        "direction": "left",
        "element": "",
        "type": "none"
    },
    "navigationType": "manual",
    "navigationBar": {
        "left": {
            "text": "Previous",
            "enable": true,
            "hide": false
        },
        "right": {
            "text": "Next",
            "enable": true,
            "hide": false
        }
    },
    "navigationCondition": "",
    "position": "BOTTOM_RIGHT",
    "meta": {
        "Creator": "Rashmi Menon",
        "CreatedOn": "Fri, 28 Feb 2020 05:52:25 GMT"
    },
    "context": []
}