{
    "kuid": "fd618ctc-54ae-41rd-8bu3-c0b13bn1",
    "id": "VoltMX.CreateEmailIdCompV9.passThroughEvent",
    "content": {
        "title": "Add Pass Through Events to the Components",
        "body": "<ol>\n<li>From the upper-left corner of Iris, in the <strong>Templates</strong> explorer, expand <strong>Components</strong> &gt; <strong>userEntry.emailField [1.0.0]</strong> and select the <strong>txtEmailID</strong> textbox.</li>\n<li>From the upper-right corner of Iris, in the <strong>Properties</strong> panel, click <strong>Action</strong>.</li>\n<li>Right-click on the <strong>onTouchEnd</strong> event, and select <strong>Add Event to Component</strong>.</li>\n</ol>"
    },
    "pointer": {
        "direction": "left",
        "element": {
            "module": "projectexplorer",
            "css_selector": ".KMenu li ul li ul li ul li div[class *='ktable kwt100 middleleftalign']"
        },
        "type": "default"
    },
    "navigationType": "manual",
    "navigationBar": {
        "left": {
            "text": "Previous",
            "enable": true,
            "hide": false
        },
        "right": {
            "text": "Next",
            "enable": true,
            "hide": false
        }
    },
    "navigationCondition": "",
    "position": "BOTTOM_RIGHT",
    "meta": {
        "Creator": "Rashmi Menon",
        "CreatedOn": "Tue, 26 Nov 2019 06:24:16 GMT"
    },
    "context": []
}