{
    "kuid": "695243t1-83a7-46re-81u8-2a7ebdn4",
    "id": "VoltMX.EditPayeeWeb_v9.updateOp2",
    "content": {
        "title": "Mapping UI Elements to UI",
        "body": "<ul>\n<li>From the left pane expand <strong>TextField - tbxFirstName</strong> and select<strong> text</strong> <strong>{string}</strong>.<br />From the right pane select <strong>FirstName {string}</strong>.</li>\n<li>From the left pane expand<strong> TextField - tbxLastName</strong> and select<strong> text {string}</strong>.<br />From the right pane select <strong>LastName {string}</strong>.</li>\n<li>From the left pane expand<strong> TextField - tbxNickName</strong> and select<strong> text {string}</strong>.<br /> From the right pane select <strong>Nick Name {string}</strong>.</li>\n<li>From the left pane expand<strong> TextField - tbxPhone</strong> and select<strong> text {string}</strong>. <br />From the right pane select <strong>Phone {string}</strong>.</li>\n<li>The mapping is successfully.</li>\n</ul>"
    },
    "pointer": {
        "direction": "left",
        "element": "",
        "type": "none"
    },
    "navigationType": "manual",
    "navigationBar": {
        "left": {
            "text": "Previous",
            "enable": true,
            "hide": false
        },
        "right": {
            "text": "Next",
            "enable": true,
            "hide": false
        }
    },
    "navigationCondition": "",
    "position": "BOTTOM_RIGHT",
    "meta": {
        "Creator": "Rashmi Menon",
        "CreatedOn": "Fri, 28 Feb 2020 05:53:23 GMT"
    },
    "context": []
}