{
  "kuid": "b0eed8t1-b3ae-47r9-84u1-b73566n0",
  "id": "VoltMX.CreateEmailIdCompV9.customProp",
  "content": {
    "title": "Add Custom Properties to the Component",
    "body": "<ol>\n<li>From the upper-left corner of Iris, in the <b>Templates</b> explorer, expand <b>Components</b> and select the <b>userEntry.emailField [1.0.0]</b> component. </li>\n<li>From the upper-right corner of Iris, in the <b>Properties</b> panel, go to the <b>Component</b> tab, and click <b>Manage Properties</b>.</li>\n<li>From the <b>Manage Properties</b> window, select the <b>Custom</b> tab, and click the Add icon <img src=\"https://i.ibb.co/m0gc2rs/add-icon.png\" alt=\"add icon\" width=\"13\"\n         height=\"13\">.\n <li>Modify the values of the following properties:</br>\n<ul><li>Property Name: <b>minCharlength</b></li>\n<li>Display Name: <b>Minimum Character Length</b></li>\n<li>Property Type: <b>Integer</b></li>\n<li>Default Value: <b>3</b></li>\n<li>Group: <b>General</b></li>\n<li>Read / Write: <b>Write</b></li></ul></li> \n<li>Click <b>Apply</b>. </li>\n</ol>"
  },
  "pointer": {
    "direction": "left",
    "element": {
      "module": "projectexplorer",
      "css_selector": ".KMenu li:nth-child(5) ul li div[kwidgettype='Label']"
    },
    "type": "default"
  },
  "navigationType": "manual",
  "navigationBar": {
    "left": {
      "text": "Previous",
      "enable": true,
      "hide": false
    },
    "right": {
      "text": "Next",
      "enable": true,
      "hide": false
    }
  },
  "navigationCondition": "",
  "position": "BOTTOM_RIGHT",
  "meta": {
    "Creator": "Rashmi Menon",
    "CreatedOn": "Tue, 26 Nov 2019 06:22:07 GMT"
  },
  "context": [],
  "localization": {
    "en-us": {
      "content": {
        "title": "Add Custom Properties to the Component",
        "body": "<ol>\n<li>From the upper-left corner of Iris, in the <b>Templates</b> explorer, expand <b>Components</b> and select the <b>userEntry.emailField [1.0.0]</b> component. </li>\n<li>From the upper-right corner of Iris, in the <b>Properties</b> panel, go to the <b>Component</b> tab, and click <b>Manage Properties</b>.</li>\n<li>From the <b>Manage Properties</b> window, select the <b>Custom</b> tab, and click the Add icon <img src=\"https://i.ibb.co/m0gc2rs/add-icon.png\" alt=\"add icon\" width=\"13\"\n         height=\"13\">.\n <li>Modify the values of the following properties:</br>\n<ul><li>Property Name: <b>minCharlength</b></li>\n<li>Display Name: <b>Minimum Character Length</b></li>\n<li>Property Type: <b>Integer</b></li>\n<li>Default Value: <b>3</b></li>\n<li>Group: <b>General</b></li>\n<li>Read / Write: <b>Write</b></li></ul></li> \n<li>Click <b>Apply</b>. </li>\n</ol>"
      },
      "navigationBar": {
        "left": {
          "text": "Previous"
        },
        "right": {
          "text": "Next"
        }
      }
    },
    "zh-cn": {
      "content": {
        "title": "将自定义属性添加到组件",
        "body": "***<ol> \n <li>从Iris的上左角，在<b>模板</b>探索器中，展开<b>组件</b>，然后选择<b> userentry.email.email.email.emailfield [1.0.0] </b>组件。 </li> \n <li>从iris的上右角，在<b>属性</b>面板中，转到<b> component </b> tab，然后单击<b>管理属性</b>。</li>。{16} \n <li>从<b>管理属性</b>窗口，选择<b>自定义</b>选项卡，然后单击添加图标<img src=\"https://i.ibb.co/m0gc2rs/add-icon.png\" alt=\"add icon\" width=\"13\"\n         height=\"13\">。 \n  <li>修改以下属性的值：</br> \n <ul> <li>属性名称：<b> mincharlength </b> </li> \n <li>显示名称：<b>最小字符长度</b> </li> \n <li>属性类型：<b> Integer </b> </li> \n <li>默认值：<b> 3 </b> </li> \n <li>组：<b>常规</b> </li> \n <li>读 /写：<b>写</b> </li> </ul> </li> \n <li>单击<b>应用</b>。 </li> \n </ol>"
      },
      "navigationBar": {
        "left": {
          "text": "以前的"
        },
        "right": {
          "text": "下一个"
        }
      }
    },
    "zh-tw": {
      "content": {
        "title": "將自定義屬性添加到組件",
        "body": "***<ol> \n <li>從Iris的上左角，在<b>模板</b>探索器中，展開<b>組件</b>，然後選擇<b> userentry.email.email.email.emailfield [1.0.0] </b>組件。 </li> \n <li>從iris的上右角，在<b>屬性</b>面板中，轉到<b> component </b> tab，然後單擊<b>管理屬性</b>。</li>。{16} \n <li>從<b>管理屬性</b>窗口，選擇<b>自定義</b>選項卡，然後單擊添加圖標<img src=\"https://i.ibb.co/m0gc2rs/add-icon.png\" alt=\"add icon\" width=\"13\"\n         height=\"13\">。 \n  <li>修改以下屬性的值：</br> \n <ul> <li>屬性名稱：<b> mincharlength </b> </li> \n <li>顯示名稱：<b>最小字符長度</b> </li> \n <li>屬性類型：<b> Integer </b> </li> \n <li>默認值：<b> 3 </b> </li> \n <li>組：<b>常規</b> </li> \n <li>讀 /寫：<b>寫</b> </li> </ul> </li> \n <li>單擊<b>應用</b>。 </li> \n </ol>"
      },
      "navigationBar": {
        "left": {
          "text": "以前的"
        },
        "right": {
          "text": "下一個"
        }
      }
    }
  }
}