{
    "kuid": "662647fe-9a87-40a6-913d-5537ef2f",
    "id": "Kony.BindDataToApp.intro",
    "content": {
        "title": "Introduction to Services",
        "body": "<b>Let’s get started!</b><br/>In this hike, we will: <br/>\n<ul><li>Integrate data sources by using data services</li>\n<li> Connect services with the List form</li>\n</ul><br/>\n Before getting started, complete these hikes:<ol><li><a class=\"tour-link\" tour=\"9a890157-717d-42ec-9140-c37dbdd7\"><b>Import & Launch a Native App</b></a></li><li><a class=\"tour-link\" tour=\"3f3935dc-8c50-4cc3-81a9-b0b9235f\"><b>Create UI from Collections</b></a></li></ol><br/> Ensure that you open the same project that you have created in the previous hikes.<br/>To open a closed project,  from the main menu, navigate to <b>Project</b> > <b>Open</b> > <b>Kony Reference Architecture</b> > <b>EmpDirectoryMob</b>.<br/><br/>\n<b>When you are ready, click Start!</b>"
    },
    "position": "CENTER",
    "navigationType": "manual",
    "navigationCondition": "",
    "pointer": {
        "direction": "left",
        "element": "",
        "type": "none"
    },
    "navigationBar": {
        "left": {
            "text": "Previous",
            "hide": true,
            "enable": false
        },
        "right": {
            "text": "Start",
            "enable": true,
            "hide": false
        }
    }
}