{
    "kuid": "847ded5b-d77b-4748-bad4-e2755606",
    "id": "Kony.AuthApp.NavigateToForm",
    "content": {
        "title": "Configure the Actions",
        "body": "<ol>\n<li>From the <strong>Action Editor</strong> canvas, under <strong>Call Identity Service: MicrosoftActiveDirectory$login</strong> select <strong>Success</strong>.</li>\n<li>From the left menu of the <strong>Action Editor</strong>, under <strong>Navigation</strong>, select <strong>Navigate to Form</strong>.</li>\n<li>From the lower pane of the <strong>Action Editor</strong>, select the form <strong>frmList</strong>.</li>\n<li>Click <strong>OK</strong>.<br />If you do not see an OK button, click Next and move to the next card.</li>\n</ol>"
    },
    "position": "BOTTOM_RIGHT",
    "navigationType": "manual",
    "navigationCondition": "",
    "pointer": {
        "direction": "left",
        "element": {
            "module": "actioneditor",
            "itemType": "ae-action-type",
            "info": {
                "actionType": "Navigate to Form"
            }
        },
        "type": "default"
    },
    "navigationBar": {
        "left": {
            "text": "Previous",
            "hide": false,
            "enable": true
        },
        "right": {
            "text": "Next",
            "enable": true,
            "hide": false
        }
    }
}