{
  "kuid": "47ddd1tb-5da0-45r5-8cu2-c72b22nf",
  "id": "VoltMX.IntroductiontoSegmentV9.uichange",
  "content": {
    "title": "Configure the Segment Layout",
    "body": "<ol>\n<li>From the <strong>Properties</strong> panel, go to the <strong>Look</strong> tab.</li>\n<li>Under the <strong>Flex</strong> section, configure the following changes:\n<ul>\n<li>Left: <strong>0dp</strong></li>\n<li>Top: <strong>0dp</strong></li>\n<li>Width: <strong>100%</strong></li>\n<li>Height: <strong>100%</strong></li>\n</ul>\n</li>\n</ol>"
  },
  "pointer": {
    "direction": "right",
    "element": {
      "module": "propertieswindow"
    },
    "type": "default"
  },
  "navigationType": "manual",
  "navigationBar": {
    "left": {
      "text": "Previous",
      "enable": true,
      "hide": false
    },
    "right": {
      "text": "Next",
      "enable": true,
      "hide": false
    }
  },
  "navigationCondition": "",
  "position": "BOTTOM_RIGHT",
  "meta": {
    "Creator": "Rashmi Menon",
    "CreatedOn": "Mon, 25 Nov 2019 10:12:25 GMT"
  },
  "context": [],
  "localization": {
    "en-us": {
      "content": {
        "title": "Configure the Segment Layout",
        "body": "<ol>\n<li>From the <strong>Properties</strong> panel, go to the <strong>Look</strong> tab.</li>\n<li>Under the <strong>Flex</strong> section, configure the following changes:\n<ul>\n<li>Left: <strong>0dp</strong></li>\n<li>Top: <strong>0dp</strong></li>\n<li>Width: <strong>100%</strong></li>\n<li>Height: <strong>100%</strong></li>\n</ul>\n</li>\n</ol>"
      },
      "navigationBar": {
        "left": {
          "text": "Previous"
        },
        "right": {
          "text": "Next"
        }
      }
    },
    "zh-cn": {
      "content": {
        "title": "配置细分布局",
        "body": "<ol> \n <li>来自<strong>属性</strong>面板，转到<strong> LOOK </strong> TAB。</li> \n <li>在<strong> flex </strong>部分下，配置以下更改： \n <ul> \n <li>左：<strong> 0dp </strong> </li> \n <li>顶部：<strong> 0dp </strong> </li> \n <li>宽度：<strong> 100％</strong> </li> \n <li>高度：<strong> 100％</strong> </li> \n </ul> \n </li> \n </ol>"
      },
      "navigationBar": {
        "left": {
          "text": "以前的"
        },
        "right": {
          "text": "下一个"
        }
      }
    },
    "zh-tw": {
      "content": {
        "title": "配置細分佈局",
        "body": "<ol> \n <li>來自<strong>屬性</strong>面板，轉到<strong> LOOK </strong> TAB。</li> \n <li>在<strong> flex </strong>部分下，配置以下更改： \n <ul> \n <li>左：<strong> 0dp </strong> </li> \n <li>頂部：<strong> 0dp </strong> </li> \n <li>寬度：<strong> 100％</strong> </li> \n <li>高度：<strong> 100％</strong> </li> \n </ul> \n </li> \n </ol>"
      },
      "navigationBar": {
        "left": {
          "text": "以前的"
        },
        "right": {
          "text": "下一個"
        }
      }
    }
  }
}