{
  "kuid": "e68f4btb-e5a2-45r5-b1u7-433c2ana",
  "id": "VoltMX.AssignDatatotheSegmentV9.mapServices",
  "content": {
    "title": "Map Services to UI Elements",
    "body": "<ol>\n<li>From the top-right corner of the <strong>Action Editor </strong>canvas, select <strong>Design View</strong>.</li>\n<li>Navigate to <strong>Invoke Service name: EmployeeServices$employees$get</strong> &gt; <strong>Callback </strong>&gt;&nbsp;<strong>IF</strong><strong> employees.opstatus is equal to 0</strong> and select <strong>Add Mapping</strong>.<br /><strong>Mapping Editor </strong>opens on the right pane of the <strong>Action Editor</strong>.</li>\n<li>On the left pane of the <strong>Mapping Editor</strong>, expand <strong>Services </strong>&gt; <strong>Service &ndash; EmployeeServices$employees$get</strong></li>\n<li>On the right pane of the <strong>Mapping Editor</strong>, expand <strong>Forms </strong>&gt; <strong>frmList </strong>&gt; <strong>Segment-employeeSegment</strong> &gt; <strong>masterdatamap</strong>.</li>\n</ol>"
  },
  "pointer": {
    "direction": "top",
    "element": {
      "module": "actioneditor",
      "css_selector": "input[class *='aeViewTypeSequenceElement']"
    },
    "type": "default"
  },
  "navigationType": "manual",
  "navigationBar": {
    "left": {
      "text": "Previous",
      "enable": true,
      "hide": false
    },
    "right": {
      "text": "Next",
      "enable": true,
      "hide": false
    }
  },
  "navigationCondition": "",
  "position": "BOTTOM_LEFT",
  "meta": {
    "Creator": "Rashmi Menon",
    "CreatedOn": "Mon, 25 Nov 2019 11:08:06 GMT"
  },
  "context": [],
  "localization": {
    "en-us": {
      "content": {
        "title": "Map Services to UI Elements",
        "body": "<ol>\n<li>From the top-right corner of the <strong>Action Editor </strong>canvas, select <strong>Design View</strong>.</li>\n<li>Navigate to <strong>Invoke Service name: EmployeeServices$employees$get</strong> &gt; <strong>Callback </strong>&gt;&nbsp;<strong>IF</strong><strong> employees.opstatus is equal to 0</strong> and select <strong>Add Mapping</strong>.<br /><strong>Mapping Editor </strong>opens on the right pane of the <strong>Action Editor</strong>.</li>\n<li>On the left pane of the <strong>Mapping Editor</strong>, expand <strong>Services </strong>&gt; <strong>Service &ndash; EmployeeServices$employees$get</strong></li>\n<li>On the right pane of the <strong>Mapping Editor</strong>, expand <strong>Forms </strong>&gt; <strong>frmList </strong>&gt; <strong>Segment-employeeSegment</strong> &gt; <strong>masterdatamap</strong>.</li>\n</ol>"
      },
      "navigationBar": {
        "left": {
          "text": "Previous"
        },
        "right": {
          "text": "Next"
        }
      }
    },
    "zh-cn": {
      "content": {
        "title": "映射服务到UI元素",
        "body": "***<ol> \n <li>从<strong>动作编辑器的顶角</strong>画布，选择<strong>设计视图</strong>。</li> \n <li>导航至<strong>调用服务名称：雇员$雇员$ get </strong>＆gt; <strong>回调</strong>＆gt;＆nbsp; <strong>如果</strong> <strong> apply.opstatus.opstatus等于0 </strong>，然后选择<strong>添加mapping </strong>。 </strong>在<strong>动作编辑器</strong>的右窗格上打开。</li> \n <li>在<strong>映射编辑器</strong>的左窗格上，展开<strong> services </strong>＆gt; <strong>服务＆ndash; 员工服务$员工$ get </strong> </li> \n <li>在<strong>映射编辑器</strong>的右窗格上，展开<strong> forms </strong>＆gt; <strong> frmlist </strong>＆gt; <strong> segment-employeEsement </strong>＆gt; <strong> MasterDataMap </strong>。</li> \n </ol>"
      },
      "navigationBar": {
        "left": {
          "text": "以前的"
        },
        "right": {
          "text": "下一个"
        }
      }
    },
    "zh-tw": {
      "content": {
        "title": "映射服務到UI元素",
        "body": "***<ol> \n <li>從<strong>動作編輯器的頂角</strong>畫布，選擇<strong>設計視圖</strong>。</li> \n <li>導航至<strong>調用服務名稱：僱員$僱員$ get </strong>＆gt; <strong>回調</strong>＆gt;＆nbsp; <strong>如果</strong> <strong> apply.opstatus.opstatus等於0 </strong>，然後選擇<strong>添加mapping </strong>。 </strong>在<strong>動作編輯器</strong>的右窗格上打開。</li> \n <li>在<strong>映射編輯器</strong>的左窗格上，展開<strong> services </strong>＆gt; <strong>服務＆ndash; 員工服務$員工$ get </strong> </li> \n <li>在<strong>映射編輯器</strong>的右窗格上，展開<strong> forms </strong>＆gt; <strong> frmlist </strong>＆gt; <strong> segment-employeEsement </strong>＆gt; <strong> MasterDataMap </strong>。</li> \n </ol>"
      },
      "navigationBar": {
        "left": {
          "text": "以前的"
        },
        "right": {
          "text": "下一個"
        }
      }
    }
  }
}