{
    "kuid": "e68f4btb-e5a2-45r5-b1u7-433c2ana",
    "id": "VoltMX.AssignDatatotheSegmentV9.mapServices",
    "content": {
        "title": "Map Services to UI Elements",
        "body": "<ol>\n<li>From the top-right corner of the <strong>Action Editor </strong>canvas, select <strong>Design View</strong>.</li>\n<li>Navigate to <strong>Invoke Service name: EmployeeServices$employees$get</strong> &gt; <strong>Callback </strong>&gt;&nbsp;<strong>IF</strong><strong> employees.opstatus is equal to 0</strong> and select <strong>Add Mapping</strong>.<br /><strong>Mapping Editor </strong>opens on the right pane of the <strong>Action Editor</strong>.</li>\n<li>On the left pane of the <strong>Mapping Editor</strong>, expand <strong>Services </strong>&gt; <strong>Service &ndash; EmployeeServices$employees$get</strong></li>\n<li>On the right pane of the <strong>Mapping Editor</strong>, expand <strong>Forms </strong>&gt; <strong>frmList </strong>&gt; <strong>Segment-employeeSegment</strong> &gt; <strong>masterdatamap</strong>.</li>\n</ol>"
    },
    "pointer": {
        "direction": "left",
        "element": "",
        "type": "none"
    },
    "navigationType": "manual",
    "navigationBar": {
        "left": {
            "text": "Previous",
            "enable": true,
            "hide": false
        },
        "right": {
            "text": "Next",
            "enable": true,
            "hide": false
        }
    },
    "navigationCondition": "",
    "position": "BOTTOM_LEFT",
    "meta": {
        "Creator": "Rashmi Menon",
        "CreatedOn": "Mon, 25 Nov 2019 11:08:06 GMT"
    },
    "context": []
}