{
  "kuid": "da78c6t2-0aa9-4crb-9eub-0d96e2n3",
  "id": "VoltMX.ConnectAppServWebV9.onNavfuncPay",
  "content": {
    "title": "preShow Event in Recipients Form",
    "body": "<ol>\n<li>From the <strong>Project</strong> explorer, navigate to <strong>Responsive Web / Desktop</strong> &gt; <strong>Forms</strong> and select <strong>frmRecipients</strong>.</li>\n<li>From the top-right corner of the Iris, navigate to <strong>Properties </strong>panel and select the <strong>Action</strong> tab.</li>\n<li>Under the <strong>General </strong>section, for the <strong>preShow</strong> event, click <strong>Edit</strong>.<br /> The <strong>Action Editor </strong>window appears.</li>\n</ol>"
  },
  "pointer": {
    "direction": "left",
    "element": {
      "module": "projectexplorer",
      "path": "project-body\\project\\Responsive Web / Desktop"
    },
    "type": "default"
  },
  "navigationType": "manual",
  "navigationBar": {
    "left": {
      "text": "Previous",
      "enable": true,
      "hide": false
    },
    "right": {
      "text": "Next",
      "enable": true,
      "hide": false
    }
  },
  "navigationCondition": "",
  "position": "BOTTOM_LEFT",
  "meta": {
    "Creator": "Prem Garudadri",
    "CreatedOn": "Thu, 19 Dec 2019 05:57:20 GMT"
  },
  "context": [],
  "localization": {
    "en-us": {
      "content": {
        "title": "preShow Event in Recipients Form",
        "body": "<ol>\n<li>From the <strong>Project</strong> explorer, navigate to <strong>Responsive Web / Desktop</strong> &gt; <strong>Forms</strong> and select <strong>frmRecipients</strong>.</li>\n<li>From the top-right corner of the Iris, navigate to <strong>Properties </strong>panel and select the <strong>Action</strong> tab.</li>\n<li>Under the <strong>General </strong>section, for the <strong>preShow</strong> event, click <strong>Edit</strong>.<br /> The <strong>Action Editor </strong>window appears.</li>\n</ol>"
      },
      "navigationBar": {
        "left": {
          "text": "Previous"
        },
        "right": {
          "text": "Next"
        }
      }
    },
    "zh-cn": {
      "content": {
        "title": "以接收者形式的预售活动",
        "body": "***<ol> \n <li>从<strong> project </strong>探索器，导航到<strong>响应web / desktop </strong>＆gt; <strong>表格</strong>并选择<strong> frmrecipient </strong>。</li> \n <li>从虹膜的右上角，导航到<strong>属性</strong>面板，然后选择<strong>操作</strong> tab。</li> \n <li>在<strong>常规</strong>部分下，对于<strong> preshow </strong>事件，单击<strong> edit </strong>。 27} \n </ol>"
      },
      "navigationBar": {
        "left": {
          "text": "以前的"
        },
        "right": {
          "text": "下一个"
        }
      }
    },
    "zh-tw": {
      "content": {
        "title": "以接收者形式的預售活動",
        "body": "***<ol> \n <li>從<strong> project </strong>探索器，導航到<strong>響應web / desktop </strong>＆gt; <strong>表格</strong>並選擇<strong> frmrecipient </strong>。</li> \n <li>從虹膜的右上角，導航到<strong>屬性</strong>面板，然後選擇<strong>操作</strong> tab。</li> \n <li>在<strong>常規</strong>部分下，對於<strong> preshow </strong>事件，單擊<strong> edit </strong>。 27} \n </ol>"
      },
      "navigationBar": {
        "left": {
          "text": "以前的"
        },
        "right": {
          "text": "下一個"
        }
      }
    }
  }
}