{
    "kuid": "64e581te-daa2-41r8-b6ud-ce047dnc",
    "id": "VoltMX.AuthApp.CreateRepository",
    "content": {
        "title": "Create a User Repository",
        "body": "<ol>\n<li>From the&nbsp;<strong>Data &amp; Services </strong>panel on the top right of your canvas, expand&nbsp;<strong>Project Services</strong>.</li>\n<li>Click&nbsp;<strong>Configure New </strong>to get a list of prepacked services.</li>\n<li>Under the&nbsp;<strong>Authenticate </strong>category, select&nbsp;<strong>User Repository</strong>.<br /> The<strong> Configure Identity Service</strong>&nbsp;window appears.</li>\n<li>Enter the name of the service&nbsp;<strong>UserAuthentication</strong>.</li>\n<li>Click&nbsp;<strong>Save</strong>.</li>\n</ol>"
    },
    "pointer": {
        "direction": "right",
        "element": {
            "module": "datapanel",
            "itemType": "dp_tree_entry",
            "context": {},
            "path": "PROJECT SERVICES"
        },
        "type": "default"
    },
    "navigationType": "manual",
    "navigationBar": {
        "left": {
            "text": "Previous",
            "enable": true,
            "hide": false
        },
        "right": {
            "text": "Next",
            "enable": true,
            "hide": false
        }
    },
    "navigationCondition": "",
    "position": "BOTTOM_RIGHT",
    "meta": {
        "Creator": "Deepti Ravula",
        "CreatedOn": "Thu, 19 Dec 2019 06:33:50 GMT"
    },
    "context": []
}