{
  "kuid": "64e581te-daa2-41r8-b6ud-ce047dnc",
  "id": "VoltMX.AuthApp.CreateRepository",
  "content": {
    "title": "Create a User Repository",
    "body": "<ol>\n<li>From the&nbsp;<strong>Data &amp; Services </strong>panel on the top right of your Iris, expand&nbsp;<strong>Project Services</strong>.</li>\n<li>Click&nbsp;<strong>Configure New </strong>to get a list of prepacked services.</li>\n<li>Under the&nbsp;<strong>Authenticate </strong>category, select&nbsp;<strong>User Repository</strong>.<br /> The<strong> Configure Identity Service</strong>&nbsp;window appears.</li>\n<li>Enter the name of the service&nbsp;<strong>UserAuthentication2</strong>.</br></li>\n<li>Click&nbsp;<strong>Save</strong>.</li>\n</ol>"
  },
  "pointer": {
    "direction": "right",
    "element": {
      "module": "datapanel",
      "itemType": "dp_tree_entry",
      "context": {},
      "path": "PROJECT SERVICES"
    },
    "type": "default"
  },
  "navigationType": "manual",
  "navigationBar": {
    "left": {
      "text": "Previous",
      "enable": true,
      "hide": false
    },
    "right": {
      "text": "Next",
      "enable": true,
      "hide": false
    }
  },
  "navigationCondition": "",
  "position": "BOTTOM_RIGHT",
  "meta": {
    "Creator": "Deepti Ravula",
    "CreatedOn": "Thu, 19 Dec 2019 06:33:50 GMT"
  },
  "context": [],
  "localization": {
    "en-us": {
      "content": {
        "title": "Create a User Repository",
        "body": "<ol>\n<li>From the&nbsp;<strong>Data &amp; Services </strong>panel on the top right of your Iris, expand&nbsp;<strong>Project Services</strong>.</li>\n<li>Click&nbsp;<strong>Configure New </strong>to get a list of prepacked services.</li>\n<li>Under the&nbsp;<strong>Authenticate </strong>category, select&nbsp;<strong>User Repository</strong>.<br /> The<strong> Configure Identity Service</strong>&nbsp;window appears.</li>\n<li>Enter the name of the service&nbsp;<strong>UserAuthentication2</strong>.</br></li>\n<li>Click&nbsp;<strong>Save</strong>.</li>\n</ol>"
      },
      "navigationBar": {
        "left": {
          "text": "Previous"
        },
        "right": {
          "text": "Next"
        }
      }
    },
    "zh-cn": {
      "content": {
        "title": "创建一个用户存储库",
        "body": "***<ol> \n <li>来自＆nbsp; <strong> data＆amp; 服务</strong>面板在虹膜的右上角，展开＆nbsp; <strong> project Services </strong>。</li> \n <li>单击＆nbsp; <strong>配置新</strong>以获取预装服务的列表。</li> \n <li>在＆nbsp; <strong>认证</strong>类别中，select＆nbsp; <strong>用户存储库</strong>。<br /> <strong> {17}配置身份服务</strong>＆nbsp; window出现。 \n <li>输入服务的名称＆nbsp; <strong> userauthentication2 </strong>。</br> </li> \n <li>单击＆nbsp; <strong>保存</strong>。</li> \n </ol>"
      },
      "navigationBar": {
        "left": {
          "text": "以前的"
        },
        "right": {
          "text": "下一个"
        }
      }
    },
    "zh-tw": {
      "content": {
        "title": "創建一個用戶存儲庫",
        "body": "***<ol> \n <li>來自＆nbsp; <strong> data＆amp; 服務</strong>面板在虹膜的右上角，展開＆nbsp; <strong> project Services </strong>。</li> \n <li>單擊＆nbsp; <strong>配置新</strong>以獲取預裝服務的列表。</li> \n <li>在＆nbsp; <strong>認證</strong>類別中，select＆nbsp; <strong>用戶存儲庫</strong>。<br /> <strong> {17}配置身份服務</strong>＆nbsp; window出現。 \n <li>輸入服務的名稱＆nbsp; <strong> userauthentication2 </strong>。</br> </li> \n <li>單擊＆nbsp; <strong>保存</strong>。</li> \n </ol>"
      },
      "navigationBar": {
        "left": {
          "text": "以前的"
        },
        "right": {
          "text": "下一個"
        }
      }
    }
  }
}