{
    "kuid": "d7b355t1-87a1-47r4-8cua-c73734n3",
    "id": "VoltMX.createUIMobV9.addNav5",
    "content": {
        "title": "Add Navigation from Recipients Form",
        "body": "<ol>\n<li>From the <strong>Project </strong>explorer, expand to <strong>Mobile</strong> &gt; <strong>Forms</strong> &gt; <strong>frmRecipients.</strong>&nbsp;</li>\n<li> Expand to <strong>flexRecipientList</strong> &gt; <strong>flexFooter</strong> and select <strong>flxAccounts</strong>.</li>\n<li>From the <strong>Properties</strong> panel, navigate to the <strong>Action </strong> tab.</li>\n<li>For the <strong>onClick </strong>event, click <strong>Edit</strong>.<br />The <strong>Action Editor </strong>window appears.</li>\n</ol>"
    },
    "pointer": {
        "direction": "left",
        "element": {
            "module": "projectexplorer",
            "path": "project-body\\project\\Mobile\\Forms"
        },
        "type": "default"
    },
    "navigationType": "manual",
    "navigationBar": {
        "left": {
            "text": "Previous",
            "enable": true,
            "hide": false
        },
        "right": {
            "text": "Next",
            "enable": true,
            "hide": false
        }
    },
    "navigationCondition": "",
    "position": "BOTTOM_RIGHT",
    "meta": {
        "Creator": "Rashmi Menon",
        "CreatedOn": "Wed, 18 Dec 2019 08:21:16 GMT"
    },
    "context": []
}