{
  "kuid": "d7b355t1-87a1-47r4-8cua-c73734n3",
  "id": "VoltMX.createUIMobV9.addNav5",
  "content": {
    "title": "Add Navigation from Recipients Form",
    "body": "<ol>\n<li>From the <strong>Project </strong>explorer, expand to <strong>Mobile</strong> &gt; <strong>Forms</strong> &gt; <strong>frmRecipients.</strong>&nbsp;</li>\n<li> Expand to <strong>flexRecipientList</strong> &gt; <strong>flexFooter</strong> and select <strong>flxAccounts</strong>.</li>\n<li>From the <strong>Properties</strong> panel, navigate to the <strong>Action </strong> tab.</li>\n<li>For the <strong>onClick </strong>event, click <strong>Edit</strong>.<br />The <strong>Action Editor </strong>window appears.</li>\n</ol>"
  },
  "pointer": {
    "direction": "left",
    "element": {
      "module": "projectexplorer",
      "path": "project-body\\project\\Mobile\\Forms"
    },
    "type": "default"
  },
  "navigationType": "manual",
  "navigationBar": {
    "left": {
      "text": "Previous",
      "enable": true,
      "hide": false
    },
    "right": {
      "text": "Next",
      "enable": true,
      "hide": false
    }
  },
  "navigationCondition": "",
  "position": "BOTTOM_RIGHT",
  "meta": {
    "Creator": "Rashmi Menon",
    "CreatedOn": "Wed, 18 Dec 2019 08:21:16 GMT"
  },
  "context": [],
  "localization": {
    "en-us": {
      "content": {
        "title": "Add Navigation from Recipients Form",
        "body": "<ol>\n<li>From the <strong>Project </strong>explorer, expand to <strong>Mobile</strong> &gt; <strong>Forms</strong> &gt; <strong>frmRecipients.</strong>&nbsp;</li>\n<li> Expand to <strong>flexRecipientList</strong> &gt; <strong>flexFooter</strong> and select <strong>flxAccounts</strong>.</li>\n<li>From the <strong>Properties</strong> panel, navigate to the <strong>Action </strong> tab.</li>\n<li>For the <strong>onClick </strong>event, click <strong>Edit</strong>.<br />The <strong>Action Editor </strong>window appears.</li>\n</ol>"
      },
      "navigationBar": {
        "left": {
          "text": "Previous"
        },
        "right": {
          "text": "Next"
        }
      }
    },
    "zh-cn": {
      "content": {
        "title": "添加收件人表格的导航",
        "body": "***<ol> \n <li>从<strong> project </strong>探索器，扩展到<strong>移动</strong>＆gt; <strong>表格</strong>＆gt; <strong> frmrecipient。</strong>＆nbsp; </li> \n <li>展开至<strong> FlexRecipientList </strong>＆gt; <strong> flexfooter </strong>并选择<strong> flxAccounts </strong>。</li> \n <li>从<strong> properties </strong>面板，导航到<strong> action </strong> tab。</li> \n <li>对于<strong> onClick </strong>事件，单击<strong> edit </strong>。<br /> <strong> action Editor </strong>窗口出现。 \n </ol>"
      },
      "navigationBar": {
        "left": {
          "text": "以前的"
        },
        "right": {
          "text": "下一个"
        }
      }
    },
    "zh-tw": {
      "content": {
        "title": "添加收件人表格的導航",
        "body": "***<ol> \n <li>從<strong> project </strong>探索器，擴展到<strong>移動</strong>＆gt; <strong>表格</strong>＆gt; <strong> frmrecipient。</strong>＆nbsp; </li> \n <li>展開至<strong> FlexRecipientList </strong>＆gt; <strong> flexfooter </strong>並選擇<strong> flxAccounts </strong>。</li> \n <li>從<strong> properties </strong>面板，導航到<strong> action </strong> tab。</li> \n <li>對於<strong> onClick </strong>事件，單擊<strong> edit </strong>。<br /> <strong> action Editor </strong>窗口出現。 \n </ol>"
      },
      "navigationBar": {
        "left": {
          "text": "以前的"
        },
        "right": {
          "text": "下一個"
        }
      }
    }
  }
}