{
  "kuid": "b98477ta-30ae-4dr0-8bu9-6fc14cn5",
  "id": "VoltMX.CreateServicesWebV9.publish",
  "content": {
    "title": "Publish the Services",
    "body": "<ol>\n<li>On the <strong>Data &amp; Services</strong> panel, next to the <b>Refresh</b> button, click the menu option.</li>\n<li>Select <strong>Publish Project Services</strong>.<br /> It may take some time for Iris to publish the service.</li>\n</ol>"
  },
  "pointer": {
    "direction": "right",
    "element": {
      "css_selector": "#frmKonyLib_dpContextMenuOptions"
    },
    "type": "default"
  },
  "navigationType": "manual",
  "navigationBar": {
    "left": {
      "text": "Previous",
      "enable": true,
      "hide": false
    },
    "right": {
      "text": "Next",
      "enable": true,
      "hide": false
    }
  },
  "navigationCondition": "",
  "position": "BOTTOM_RIGHT",
  "meta": {
    "Creator": "Rashmi Menon",
    "CreatedOn": "Thu, 19 Dec 2019 06:30:43 GMT"
  },
  "context": [],
  "localization": {
    "en-us": {
      "content": {
        "title": "Publish the Services",
        "body": "<ol>\n<li>On the <strong>Data &amp; Services</strong> panel, next to the <b>Refresh</b> button, click the menu option.</li>\n<li>Select <strong>Publish Project Services</strong>.<br /> It may take some time for Iris to publish the service.</li>\n</ol>"
      },
      "navigationBar": {
        "left": {
          "text": "Previous"
        },
        "right": {
          "text": "Next"
        }
      }
    },
    "zh-cn": {
      "content": {
        "title": "发布服务",
        "body": "<ol> \n <li>在<strong> data＆amp; 服务</strong>面板，<b>刷新</b>按钮旁边，单击菜单选项。</li> \n <li>选择<strong>发布项目服务</strong>。<br />可能需要一些时间才能让Iris发布服务。</li> \n </ol>"
      },
      "navigationBar": {
        "left": {
          "text": "以前的"
        },
        "right": {
          "text": "下一个"
        }
      }
    },
    "zh-tw": {
      "content": {
        "title": "發布服務",
        "body": "<ol> \n <li>在<strong> data＆amp; 服務</strong>面板，<b>刷新</b>按鈕旁邊，單擊菜單選項。</li> \n <li>選擇<strong>發布項目服務</strong>。<br />可能需要一些時間才能讓Iris發布服務。</li> \n </ol>"
      },
      "navigationBar": {
        "left": {
          "text": "以前的"
        },
        "right": {
          "text": "下一個"
        }
      }
    }
  }
}