{
  "kuid": "d1d364t1-83af-41rc-88u7-b94ccdn3",
  "id": "VoltMX.UserRepositoryAuthV9.last",
  "content": {
    "title": "Congratulations",
    "body": "You have successfully:<ul><b>\n<li>Created an app with Volt MX User Repository as an authentication source</li>\n<li>Added users to the repository</li>\n<li>Accessed the app using the login credentials from Volt MX User Repository</li></b></ul>\nFor more details on <b>Volt MX User Repository</b> visit Volt MX documentation<br>\n<a href='#' onClick='javascript:openURL(\"https://opensource.hcltechsw.com/volt-mx-docs/docs/documentation/Foundry/voltmx_foundry_release_notes/Content/V9_New_Features.html#identity\")'>Volt MX User Repository</a>"
  },
  "pointer": {
    "direction": "left",
    "element": "",
    "type": "none"
  },
  "navigationType": "manual",
  "navigationBar": {
    "left": {
      "text": "Previous",
      "enable": true,
      "hide": false
    },
    "right": {
      "text": "Done",
      "enable": true,
      "hide": false
    }
  },
  "navigationCondition": "",
  "position": "CENTER",
  "meta": {
    "Creator": "Rashmi Menon",
    "CreatedOn": "Wed, 27 Nov 2019 08:12:53 GMT"
  },
  "context": [],
  "localization": {
    "en-us": {
      "content": {
        "title": "Congratulations",
        "body": "You have successfully:<ul><b>\n<li>Created an app with Volt MX User Repository as an authentication source</li>\n<li>Added users to the repository</li>\n<li>Accessed the app using the login credentials from Volt MX User Repository</li></b></ul>\nFor more details on <b>Volt MX User Repository</b> visit Volt MX documentation<br>\n<a href='#' onClick='javascript:openURL(\"https://opensource.hcltechsw.com/volt-mx-docs/docs/documentation/Foundry/voltmx_foundry_release_notes/Content/V9_New_Features.html#identity\")'>Volt MX User Repository</a>"
      },
      "navigationBar": {
        "left": {
          "text": "Previous"
        },
        "right": {
          "text": "Done"
        }
      }
    },
    "zh-cn": {
      "content": {
        "title": "恭喜",
        "body": "您已经成功：<ul> <b> \n <li>用Volt MX用户存储库创建一个应用程序作为身份验证源</li> \n <li>将用户添加到存储库</li> \n <li>使用Volt MX用户存储库中的登录凭证访问该应用程序</li> </b> </ul> \n 有关<b> Volt MX用户存储库的更多详细信息</b>访问Volt MX文档<br> \n <a href='#' onClick='javascript:openURL(\"https://opensource.hcltechsw.com/volt-mx-docs/docs/documentation/Foundry/voltmx_foundry_release_notes/Content/V9_New_Features.html#identity\")'> Volt MX用户存储库</a>"
      },
      "navigationBar": {
        "left": {
          "text": "以前的"
        },
        "right": {
          "text": "完毕"
        }
      }
    },
    "zh-tw": {
      "content": {
        "title": "恭喜",
        "body": "您已經成功：<ul> <b> \n <li>用Volt MX用戶存儲庫創建一個應用程序作為身份驗證源</li> \n <li>將用戶添加到存儲庫</li> \n <li>使用Volt MX用戶存儲庫中的登錄憑證訪問該應用程序</li> </b> </ul> \n 有關<b> Volt MX用戶存儲庫的更多詳細信息</b>訪問Volt MX文檔<br> \n <a href='#' onClick='javascript:openURL(\"https://opensource.hcltechsw.com/volt-mx-docs/docs/documentation/Foundry/voltmx_foundry_release_notes/Content/V9_New_Features.html#identity\")'> Volt MX用戶存儲庫</a>"
      },
      "navigationBar": {
        "left": {
          "text": "以前的"
        },
        "right": {
          "text": "完畢"
        }
      }
    }
  }
}