{
    "kuid": "2455cbta-98a3-4drc-80u7-9aedd2na",
    "id": "VoltMX.ConnectAppUItoDataMob_v9.mappingUI1",
    "content": {
        "title": "Mapping Services to UI Elements",
        "body": "<ul>\n<li>From the left pane of the Mapping Editor, select <strong>LastName{string}</strong>.<br />From the right pane of the Mapping Editor, expand <strong>Label-lblLastName</strong> and select <strong>text{string}</strong>.</li>\n<li>From the left pane of the Mapping Editor, select <strong>Phone{string}</strong>.<br />From the right pane of the Mapping Editor, expand <strong>Label-lblPhoneNumber</strong> and select <strong>text{string}</strong>.</li>\n</ul>"
    },
    "pointer": {
        "direction": "left",
        "element": "",
        "type": "none"
    },
    "navigationType": "manual",
    "navigationBar": {
        "left": {
            "text": "Previous",
            "enable": true,
            "hide": false
        },
        "right": {
            "text": "Next",
            "enable": true,
            "hide": false
        }
    },
    "navigationCondition": "",
    "position": "BOTTOM_RIGHT",
    "meta": {
        "Creator": "Rashmi Menon",
        "CreatedOn": "Mon, 23 Mar 2020 08:57:05 GMT"
    },
    "context": []
}