{
  "kuid": "2455cbta-98a3-4drc-80u7-9aedd2na",
  "id": "VoltMX.ConnectAppUItoDataMob_v9.mappingUI1",
  "content": {
    "title": "Mapping Services to UI Elements",
    "body": "<ul>\n<li>From the left pane of the Mapping Editor, select <strong>LastName{string}</strong>.<br />From the right pane of the Mapping Editor, expand <strong>Label-lblLastName</strong> and select <strong>text{string}</strong>.</li>\n<li>From the left pane of the Mapping Editor, select <strong>Phone{string}</strong>.<br />From the right pane of the Mapping Editor, expand <strong>Label-lblPhoneNumber</strong> and select <strong>text{string}</strong>.</li>\n</ul>"
  },
  "pointer": {
    "direction": "left",
    "element": "",
    "type": "none"
  },
  "navigationType": "manual",
  "navigationBar": {
    "left": {
      "text": "Previous",
      "enable": true,
      "hide": false
    },
    "right": {
      "text": "Next",
      "enable": true,
      "hide": false
    }
  },
  "navigationCondition": "",
  "position": "BOTTOM_RIGHT",
  "meta": {
    "Creator": "Rashmi Menon",
    "CreatedOn": "Mon, 23 Mar 2020 08:57:05 GMT"
  },
  "context": [],
  "localization": {
    "en-us": {
      "content": {
        "title": "Mapping Services to UI Elements",
        "body": "<ul>\n<li>From the left pane of the Mapping Editor, select <strong>LastName{string}</strong>.<br />From the right pane of the Mapping Editor, expand <strong>Label-lblLastName</strong> and select <strong>text{string}</strong>.</li>\n<li>From the left pane of the Mapping Editor, select <strong>Phone{string}</strong>.<br />From the right pane of the Mapping Editor, expand <strong>Label-lblPhoneNumber</strong> and select <strong>text{string}</strong>.</li>\n</ul>"
      },
      "navigationBar": {
        "left": {
          "text": "Previous"
        },
        "right": {
          "text": "Next"
        }
      }
    },
    "zh-cn": {
      "content": {
        "title": "将服务映射到UI元素",
        "body": "***<ul> \n <li>从映射编辑器的左窗格中，选择<strong> lastName {string} </strong> {3}。 } text {string} </strong>。</li> \n <li>从映射编辑器的左窗格中，选择<strong> phone {string} </strong>。 } text {string} </strong>。</li> \n </ul>"
      },
      "navigationBar": {
        "left": {
          "text": "以前的"
        },
        "right": {
          "text": "下一个"
        }
      }
    },
    "zh-tw": {
      "content": {
        "title": "將服務映射到UI元素",
        "body": "***<ul> \n <li>從映射編輯器的左窗格中，選擇<strong> lastName {string} </strong> {3}。 } text {string} </strong>。</li> \n <li>從映射編輯器的左窗格中，選擇<strong> phone {string} </strong>。 } text {string} </strong>。</li> \n </ul>"
      },
      "navigationBar": {
        "left": {
          "text": "以前的"
        },
        "right": {
          "text": "下一個"
        }
      }
    }
  }
}