{
  "kuid": "d63369t2-d9ac-41r9-90ub-8ea6b0n6",
  "id": "VoltMX.createUIMobV9.addUIlogin",
  "content": {
    "title": "UI for Login Form",
    "body": "<ol>\n<li>From the left of the Iris canvas, navigate to the <strong>Default Library</strong>.</li>\n<li>Click the search icon.</li>\n<li>In the search bar that appears, enter <strong>UserLogin</strong>.</li>\n<li>From the results, under <strong>RecipientsMobile</strong>, find <strong>UserLogin</strong>.</li>\n<li>Drag the <strong>UserLogin </strong>collection onto the <strong>frmLogin</strong> form on the canvas.</li>\n</ol>"
  },
  "pointer": {
    "direction": "left",
    "element": {
      "module": "konylibrary",
      "path": "default-head"
    },
    "type": "default"
  },
  "navigationType": "manual",
  "navigationBar": {
    "left": {
      "text": "Previous",
      "enable": true,
      "hide": false
    },
    "right": {
      "text": "Next",
      "enable": true,
      "hide": false
    }
  },
  "navigationCondition": "",
  "position": "BOTTOM_RIGHT",
  "meta": {
    "Creator": "Rashmi Menon",
    "CreatedOn": "Wed, 18 Dec 2019 06:54:07 GMT"
  },
  "context": [],
  "localization": {
    "en-us": {
      "content": {
        "title": "UI for Login Form",
        "body": "<ol>\n<li>From the left of the Iris canvas, navigate to the <strong>Default Library</strong>.</li>\n<li>Click the search icon.</li>\n<li>In the search bar that appears, enter <strong>UserLogin</strong>.</li>\n<li>From the results, under <strong>RecipientsMobile</strong>, find <strong>UserLogin</strong>.</li>\n<li>Drag the <strong>UserLogin </strong>collection onto the <strong>frmLogin</strong> form on the canvas.</li>\n</ol>"
      },
      "navigationBar": {
        "left": {
          "text": "Previous"
        },
        "right": {
          "text": "Next"
        }
      }
    },
    "zh-cn": {
      "content": {
        "title": "UI登录表单",
        "body": "<ol> \n <li>从虹膜画布的左侧，导航到<strong>默认库</strong>。</li> \n <li>单击搜索图标。</li> \n <li>在出现的搜索栏中，输入<strong> userLogin </strong>。</li> \n <li>从结果中，在<strong> colectients mobile </strong>下，查找<strong> userLogin </strong>。</li> \n <li>将<strong> userLogin </strong>集合拖到<strong> frmlogin </strong>形式上。</li> \n </ol>"
      },
      "navigationBar": {
        "left": {
          "text": "以前的"
        },
        "right": {
          "text": "下一个"
        }
      }
    },
    "zh-tw": {
      "content": {
        "title": "UI登錄表單",
        "body": "<ol> \n <li>從虹膜畫布的左側，導航到<strong>默認庫</strong>。</li> \n <li>單擊搜索圖標。</li> \n <li>在出現的搜索欄中，輸入<strong> userLogin </strong>。</li> \n <li>從結果中，在<strong> colectients mobile </strong>下，查找<strong> userLogin </strong>。</li> \n <li>將<strong> userLogin </strong>集合拖到<strong> frmlogin </strong>形式上。</li> \n </ol>"
      },
      "navigationBar": {
        "left": {
          "text": "以前的"
        },
        "right": {
          "text": "下一個"
        }
      }
    }
  }
}